match_id,season,date,kickoff_time,kickoff_timezone,kickoff_time_source,home_team,away_team,home_goals,away_goals,result,official_home_goals,official_away_goals,official_result,match_status,model_eligible,home_ht_goals,away_ht_goals,home_shots,away_shots,home_shots_on_target,away_shots_on_target,home_fouls,away_fouls,home_corners,away_corners,home_yellow_cards,away_yellow_cards,home_red_cards,away_red_cards,source_provider,source_file,source_row,tff_match_id
862ceb5342c7afa96cce9ae0892988aed45c6d538fc95b2b95c2e9149813719a,2017-18,2017-08-11,21:45,Europe/Istanbul,tff_archive,Istanbul Basaksehir,Bursaspor,1,0,H,,,,played,True,1,0,5,4,3,1,15,9,0,3,1,1,0,0,football_data,data/raw/football_data/2017-18.csv,2,180340
f47c182dcad0f8c740786e368bc87e017e31e0666ad669fdbc4d3690e86c6272,2017-18,2017-08-12,20:00,Europe/Istanbul,tff_archive,Akhisarspor,Sivasspor,1,0,H,,,,played,True,0,0,9,5,3,1,17,15,3,4,3,2,0,0,football_data,data/raw/football_data/2017-18.csv,3,180336
662b4d00f2b03e4f74b22092f6d1cee2cd4d09b79e9a2c26036c6893e9f8fb40,2017-18,2017-08-12,20:00,Europe/Istanbul,tff_archive,Genclerbirligi,Karabukspor,1,1,D,,,,played,True,1,1,6,6,3,1,20,19,4,1,2,3,0,0,football_data,data/raw/football_data/2017-18.csv,5,180341
04a2a56a234962384b9bde6459e3ad2c84a65b200d65c0b44b68a049361cc772,2017-18,2017-08-12,21:45,Europe/Istanbul,tff_archive,Alanyaspor,Kasimpasa,1,3,A,,,,played,True,1,2,16,7,7,3,12,23,5,3,2,4,0,0,football_data,data/raw/football_data/2017-18.csv,4,180339
fc6e35acba4ffa65c87a95e5d404b7be6c960772a535f90c067d87651a82b4da,2017-18,2017-08-12,21:45,Europe/Istanbul,tff_archive,Goztepe,Fenerbahce,2,2,D,,,,played,True,1,1,6,8,4,5,20,12,0,4,4,1,0,0,football_data,data/raw/football_data/2017-18.csv,6,180343
3b697c7f503a847f7be09bdbdd6190f1bb8a9bf845ff18d6feb6abcd3bff8c55,2017-18,2017-08-13,20:00,Europe/Istanbul,tff_archive,Trabzonspor,Konyaspor,2,1,H,,,,played,True,1,1,9,11,6,4,20,20,1,6,4,2,0,0,football_data,data/raw/football_data/2017-18.csv,8,180342
f5b38741a4ff629f85c9ef1c67ed7f292636545d19f122c0344be7ef90ffcf8c,2017-18,2017-08-13,20:00,Europe/Istanbul,tff_archive,Yeni Malatyaspor,Osmanlispor,3,1,H,,,,played,True,1,0,10,9,6,5,14,13,3,5,1,3,0,1,football_data,data/raw/football_data/2017-18.csv,9,180338
995da7099d13005547ba3e0a0c3a24591b42620f8b132b927ca6c75a533fae1c,2017-18,2017-08-13,21:45,Europe/Istanbul,tff_archive,Besiktas,Antalyaspor,2,0,H,,,,played,True,1,0,9,6,5,2,23,16,3,3,3,4,0,0,football_data,data/raw/football_data/2017-18.csv,7,180337
31cac31637b5ecc93440782a1431a0bc3f96aeb06d2bdd63f03d941fbee4f871,2017-18,2017-08-14,21:45,Europe/Istanbul,tff_archive,Galatasaray,Kayserispor,4,1,H,,,,played,True,3,1,13,6,8,2,14,18,2,2,2,4,0,1,football_data,data/raw/football_data/2017-18.csv,10,180335
fd9c5edc309eafaf4521484eb57f40a2d160744abf363164ddbfb34808cae861,2017-18,2017-08-18,21:45,Europe/Istanbul,tff_archive,Kasimpasa,Besiktas,2,2,D,,,,played,True,1,2,7,11,4,5,14,20,4,4,4,2,0,0,football_data,data/raw/football_data/2017-18.csv,11,180351
6a9e29f27256b091a903a8b15d0d384e0bab8fa32a2a09c2867a87226769b2ef,2017-18,2017-08-19,19:00,Europe/Istanbul,tff_archive,Karabukspor,Istanbul Basaksehir,3,1,H,,,,played,True,2,1,8,4,3,2,14,8,5,1,2,1,0,0,football_data,data/raw/football_data/2017-18.csv,13,180346
068ef5aca3d15d5e0f8304b1e94f72e20887b1b262966b9eeb500002420e15a9,2017-18,2017-08-19,19:45,Europe/Istanbul,tff_archive,Bursaspor,Alanyaspor,3,2,H,,,,played,True,2,0,11,11,6,6,16,15,1,2,2,2,0,0,football_data,data/raw/football_data/2017-18.csv,12,180347
313670e986a3991e8d6f73c5427d302559ccccffe55653e53c47cd7d932964c2,2017-18,2017-08-19,21:45,Europe/Istanbul,tff_archive,Osmanlispor,Galatasaray,1,3,A,,,,played,True,0,2,7,8,4,6,16,17,4,5,2,2,0,0,football_data,data/raw/football_data/2017-18.csv,14,180349
1b9e0c080e81d33a0de613295a472625aeafc9df9c195e589966fca062aaa0b3,2017-18,2017-08-19,21:45,Europe/Istanbul,tff_archive,Sivasspor,Yeni Malatyaspor,2,0,H,,,,played,True,1,0,8,8,2,2,19,16,4,7,3,2,0,0,football_data,data/raw/football_data/2017-18.csv,15,180344
a19ebad32879c6c884b6db5d5b11e8ae6afabc668f9d5f1ca5a21fd5cb24c311,2017-18,2017-08-20,20:00,Europe/Istanbul,tff_archive,Kayserispor,Goztepe,1,0,H,,,,played,True,1,0,6,8,2,4,15,19,3,5,3,1,0,0,football_data,data/raw/football_data/2017-18.csv,18,180350
74f55cae3819920dd85d8fc94398887f8d637fc9fdc1ad040ba00464622f507f,2017-18,2017-08-20,21:45,Europe/Istanbul,tff_archive,Antalyaspor,Akhisarspor,2,2,D,,,,played,True,1,1,7,10,3,4,15,10,3,4,3,2,0,0,football_data,data/raw/football_data/2017-18.csv,16,180348
9698f66022b2dcc2d675dc6712a4bd5b2424334c707d046c67cc0dc37112c297,2017-18,2017-08-20,21:45,Europe/Istanbul,tff_archive,Fenerbahce,Trabzonspor,2,2,D,,,,played,True,1,1,8,5,3,3,17,28,4,9,2,4,0,0,football_data,data/raw/football_data/2017-18.csv,17,180352
1c2ca7763da8a063a62c894149c6aa13e9382b328727d0d5a217d55b714921e5,2017-18,2017-08-21,21:45,Europe/Istanbul,tff_archive,Konyaspor,Genclerbirligi,3,0,H,,,,played,True,2,0,9,6,6,3,14,15,1,2,1,1,0,0,football_data,data/raw/football_data/2017-18.csv,19,180345
3d6a22e41162236e75e2983d63465ae1efc55f5e5a2f795573d38edab8951a8d,2017-18,2017-08-25,21:45,Europe/Istanbul,tff_archive,Alanyaspor,Karabukspor,1,1,D,,,,played,True,0,1,6,12,3,6,9,27,9,2,1,5,0,0,football_data,data/raw/football_data/2017-18.csv,20,180355
96d6b509aed4f8e1530f3bfae28f41d9e609317c9415d9d4c22f8a2b2e4b3040,2017-18,2017-08-25,21:45,Europe/Istanbul,tff_archive,Galatasaray,Sivasspor,3,0,H,,,,played,True,1,0,9,6,6,2,20,11,6,5,3,0,0,0,football_data,data/raw/football_data/2017-18.csv,21,180356
68f829ce050ac68dd1ca5ce73b0c7d0553861e0f0106f4537b4aa2ac87795425,2017-18,2017-08-26,19:45,Europe/Istanbul,tff_archive,Besiktas,Bursaspor,2,1,H,,,,played,True,1,1,11,3,7,2,17,12,8,4,2,3,0,0,football_data,data/raw/football_data/2017-18.csv,22,180358
667f78a7ecc92440631efae34d7a714eb56a5e6f175ab81103624bbde1f24db6,2017-18,2017-08-26,19:45,Europe/Istanbul,tff_archive,Yeni Malatyaspor,Antalyaspor,1,1,D,,,,played,True,0,1,9,8,5,5,13,18,10,1,3,2,0,0,football_data,data/raw/football_data/2017-18.csv,25,180354
1b2eee99f1711bccbd77c50455e70842a425d3884499d15625cce3e49f163c85,2017-18,2017-08-26,21:45,Europe/Istanbul,tff_archive,Goztepe,Trabzonspor,3,2,H,,,,played,True,2,2,15,10,9,2,18,18,3,4,2,4,0,0,football_data,data/raw/football_data/2017-18.csv,23,180353
461a823f1fd527847bcf2fb5e531fc2d8e2481d386138cffbbea461e02ced591,2017-18,2017-08-26,21:45,Europe/Istanbul,tff_archive,Kayserispor,Osmanlispor,2,2,D,,,,played,True,1,1,8,13,4,4,13,9,6,3,5,1,1,1,football_data,data/raw/football_data/2017-18.csv,24,180360
17f473a60ad24104645ca4fb9f313cf8601ee39309ee2ede183723861aedf988,2017-18,2017-08-27,19:45,Europe/Istanbul,tff_archive,Istanbul Basaksehir,Konyaspor,2,1,H,,,,played,True,0,0,9,8,6,4,19,12,6,7,4,5,0,1,football_data,data/raw/football_data/2017-18.csv,27,180361
1f719683b6688f809b149ccd5dceaa2ef335c4a6469cda82ca649107558e7b97,2017-18,2017-08-27,21:45,Europe/Istanbul,tff_archive,Akhisarspor,Kasimpasa,2,1,H,,,,played,True,0,0,10,9,5,3,8,14,4,3,3,3,1,0,football_data,data/raw/football_data/2017-18.csv,26,180357
c55aac71b353b7790adf86918a60e0421a91ac9392a1aabedfe83ac0ac9a1afc,2017-18,2017-08-27,21:45,Europe/Istanbul,tff_archive,Genclerbirligi,Fenerbahce,1,2,A,,,,played,True,1,1,5,9,2,3,13,12,8,3,3,4,2,0,football_data,data/raw/football_data/2017-18.csv,28,180359
450201120b51d2c072eb5d68f0eefb141da9a1952c6716551934a1c9e73e579d,2017-18,2017-09-09,17:00,Europe/Istanbul,tff_archive,Karabukspor,Besiktas,0,1,A,,,,played,True,0,0,13,12,5,6,18,15,3,4,3,4,0,1,football_data,data/raw/football_data/2017-18.csv,30,180365
b253b5072e86e142ee75244aa15b24a71e68fc436d0f5a3055fda5b0b0808015,2017-18,2017-09-09,17:00,Europe/Istanbul,tff_archive,Sivasspor,Kayserispor,0,2,A,,,,played,True,0,1,6,7,2,4,13,18,6,4,2,2,0,0,football_data,data/raw/football_data/2017-18.csv,32,180367
0e17ab4ed98b0548d4120cf3a1faec6ff4e29a7283662c0c2c577b8b6147b58a,2017-18,2017-09-09,20:00,Europe/Istanbul,tff_archive,Fenerbahce,Istanbul Basaksehir,2,3,A,,,,played,True,1,2,8,9,2,7,17,12,5,3,2,4,0,0,football_data,data/raw/football_data/2017-18.csv,29,180370
a35a4af351d834bafd2d6db4d399ac1455474484533a7dc4a372959dfcbd2379,2017-18,2017-09-09,20:00,Europe/Istanbul,tff_archive,Konyaspor,Alanyaspor,0,2,A,,,,played,True,0,1,12,12,6,6,12,11,12,5,3,2,0,0,football_data,data/raw/football_data/2017-18.csv,31,180369
c65902d9bd4a3dcc96e25162efe54b2dce91b21924a13750e6b9b2f79952cc88,2017-18,2017-09-10,17:00,Europe/Istanbul,tff_archive,Osmanlispor,Goztepe,0,2,A,,,,played,True,0,2,13,6,4,5,14,15,3,4,1,1,0,0,football_data,data/raw/football_data/2017-18.csv,35,180368
5aabd930ea0b4250706f1dca7dcc1b410418d766440edcab8b29771a26c9c21a,2017-18,2017-09-10,17:00,Europe/Istanbul,tff_archive,Trabzonspor,Genclerbirligi,3,1,H,,,,played,True,0,1,14,7,5,3,15,21,4,5,4,7,0,0,football_data,data/raw/football_data/2017-18.csv,36,180364
51690286e80fee4535f64b2e536e7e0a52b13b0a06410767e231e459b9472ba0,2017-18,2017-09-10,20:00,Europe/Istanbul,tff_archive,Antalyaspor,Galatasaray,1,1,D,,,,played,True,0,1,7,6,4,1,11,18,10,0,0,1,0,0,football_data,data/raw/football_data/2017-18.csv,33,180363
be739a06c4248a2ae81880295ed07201506f8b17f1a2dacd5fe2fffab7259318,2017-18,2017-09-10,20:00,Europe/Istanbul,tff_archive,Bursaspor,Akhisarspor,3,0,H,,,,played,True,0,0,12,14,5,6,6,10,4,7,2,1,0,0,football_data,data/raw/football_data/2017-18.csv,34,180362
47686142f3bdf4d1468a3aa37fe015e446449292173b9b8f8f75e5cf96ed88b8,2017-18,2017-09-11,20:00,Europe/Istanbul,tff_archive,Kasimpasa,Yeni Malatyaspor,3,2,H,,,,played,True,1,1,10,6,4,4,15,13,3,7,3,2,0,0,football_data,data/raw/football_data/2017-18.csv,37,180366
4af034c4fd07b94577333da692a0b56713c04b9c3105d7276ef66e1795c373ec,2017-18,2017-09-15,20:00,Europe/Istanbul,tff_archive,Kayserispor,Antalyaspor,2,0,H,,,,played,True,1,0,8,4,3,2,6,11,5,5,2,5,0,0,football_data,data/raw/football_data/2017-18.csv,38,180373
01efdf9f2df441f62cd508577f1f8ade3c69025240e53668b9e5bf9a3f715d32,2017-18,2017-09-16,17:00,Europe/Istanbul,tff_archive,Yeni Malatyaspor,Bursaspor,2,4,A,,,,played,True,0,2,11,7,3,4,8,18,5,3,3,3,0,0,football_data,data/raw/football_data/2017-18.csv,41,180375
d1310d7b12cd87299d5d43dfb663a00367ba43914196769efe66ca0d94b48722,2017-18,2017-09-16,20:00,Europe/Istanbul,tff_archive,Akhisarspor,Karabukspor,2,1,H,,,,played,True,1,1,8,7,3,4,15,18,2,3,2,3,0,0,football_data,data/raw/football_data/2017-18.csv,39,180376
37e1ac5ea51b06fa6bb2b82444b9ce28760854cdac670c826d11289fb3ff2e8f,2017-18,2017-09-16,20:00,Europe/Istanbul,tff_archive,Galatasaray,Kasimpasa,2,0,H,,,,played,True,1,0,14,7,8,2,14,11,11,2,1,4,0,0,football_data,data/raw/football_data/2017-18.csv,40,180371
9b5a99565801af872cf0cc3abb3fa70b131962137a143a373057a13bd70e5ff7,2017-18,2017-09-17,17:00,Europe/Istanbul,tff_archive,Istanbul Basaksehir,Trabzonspor,2,2,D,,,,played,True,1,1,11,6,6,3,18,22,4,0,5,2,0,0,football_data,data/raw/football_data/2017-18.csv,43,180379
489802818527b468bff03fb3c836be6ec7467ba97a77a94c0bd58943118ff79d,2017-18,2017-09-17,17:00,Europe/Istanbul,tff_archive,Osmanlispor,Sivasspor,2,4,A,,,,played,True,2,4,10,15,5,8,9,17,6,7,2,6,0,0,football_data,data/raw/football_data/2017-18.csv,45,180372
bd3cb582f8ff39c286e98ac82e6881bdc2f185554f4a610dc986bd186af9153f,2017-18,2017-09-17,20:00,Europe/Istanbul,tff_archive,Alanyaspor,Fenerbahce,1,4,A,,,,played,True,1,2,6,12,2,8,12,14,3,6,0,3,0,0,football_data,data/raw/football_data/2017-18.csv,42,180378
6211199fde108742f122c95a5bb704282c4409e6c2ca0f8c0fa8d659e27feff8,2017-18,2017-09-17,20:00,Europe/Istanbul,tff_archive,Goztepe,Genclerbirligi,3,2,H,,,,played,True,2,1,12,10,8,6,13,18,5,6,3,4,0,0,football_data,data/raw/football_data/2017-18.csv,44,180374
721e33d0b65de52ddb2fbf776be00166ecad5d9055cdbab65af64b2825cde7d7,2017-18,2017-09-18,20:00,Europe/Istanbul,tff_archive,Besiktas,Konyaspor,2,0,H,,,,played,True,1,0,16,11,9,3,8,12,3,2,2,2,0,0,football_data,data/raw/football_data/2017-18.csv,46,180377
e0477d4188b5c7f397713363af6d18f11933bcbf99ea66dd091cdc0636392150,2017-18,2017-09-22,20:00,Europe/Istanbul,tff_archive,Trabzonspor,Alanyaspor,3,4,A,,,,played,True,3,1,12,10,3,5,17,7,5,5,4,4,0,0,football_data,data/raw/football_data/2017-18.csv,47,180387
474017ec282d4596a530e4e671af8628842106468640d4c1a235bd277d2a9b84,2017-18,2017-09-23,14:00,Europe/Istanbul,tff_archive,Konyaspor,Akhisarspor,2,0,H,,,,played,True,1,0,8,9,4,3,15,15,2,6,2,2,0,0,football_data,data/raw/football_data/2017-18.csv,50,180388
2a32e8cde8ba8ee1f064bd41794d41c7070f7202349f469b19a2bde5ce53bc96,2017-18,2017-09-23,16:30,Europe/Istanbul,tff_archive,Genclerbirligi,Istanbul Basaksehir,1,0,H,,,,played,True,0,0,10,7,6,2,19,17,3,3,3,2,0,0,football_data,data/raw/football_data/2017-18.csv,49,180386
356174b0298477a80894bc5e9cf93abbfea7f3fe5d9893550e3679e9cc7bdb67,2017-18,2017-09-23,19:30,Europe/Istanbul,tff_archive,Fenerbahce,Besiktas,2,1,H,,,,played,True,1,0,9,8,3,3,22,16,5,8,3,9,2,3,football_data,data/raw/football_data/2017-18.csv,48,180382
54be7ae49d44305f448e827078794dfff9a37f92232442a5adce531cd4da274f,2017-18,2017-09-24,14:00,Europe/Istanbul,tff_archive,Karabukspor,Yeni Malatyaspor,2,4,A,,,,played,True,0,3,12,6,5,5,24,12,4,4,2,2,0,0,football_data,data/raw/football_data/2017-18.csv,52,180383
2cf1b1b293d8a197ac4b6dc8b630b3e05754e7b82995c7465b4b2dd2abc992a2,2017-18,2017-09-24,14:00,Europe/Istanbul,tff_archive,Sivasspor,Goztepe,2,3,A,,,,played,True,1,2,7,11,4,8,7,14,6,2,0,1,1,0,football_data,data/raw/football_data/2017-18.csv,54,180381
4cda776f374b2193ad5a3b6992d0b43a6ec77dded361f403d1f33ad9c84622fd,2017-18,2017-09-24,16:30,Europe/Istanbul,tff_archive,Kasimpasa,Kayserispor,1,1,D,,,,played,True,1,0,10,7,5,4,17,11,2,5,1,1,0,0,football_data,data/raw/football_data/2017-18.csv,53,180385
793e9cadbdfecb5772afcefb254062ea8841aeab71c89106b1913c4e573caff6,2017-18,2017-09-24,19:30,Europe/Istanbul,tff_archive,Bursaspor,Galatasaray,1,2,A,,,,played,True,1,0,7,11,5,6,11,15,6,9,0,2,0,0,football_data,data/raw/football_data/2017-18.csv,51,180384
920a223590ca5bd6ac02fd02847d22be77423eea15b55523ff974bb3d7186d82,2017-18,2017-09-25,20:00,Europe/Istanbul,tff_archive,Antalyaspor,Osmanlispor,3,0,H,,,,played,True,2,0,7,9,6,4,22,15,4,3,4,3,1,0,football_data,data/raw/football_data/2017-18.csv,55,180380
96ec8a09c1977806f5be04be536055ad8c22fa2ddf1c5df6cc8fdf46fe080932,2017-18,2017-09-29,20:00,Europe/Istanbul,tff_archive,Akhisarspor,Fenerbahce,1,0,H,,,,played,True,0,0,8,5,3,1,19,16,3,3,3,5,0,2,football_data,data/raw/football_data/2017-18.csv,56,180393
ed8aa75544d66cb4a3aac89fa12000b3a742c4f27f1842fb5305435ad56b4148,2017-18,2017-09-30,14:00,Europe/Istanbul,tff_archive,Osmanlispor,Kasimpasa,3,0,H,,,,played,True,2,0,10,4,6,0,20,19,4,3,2,2,0,0,football_data,data/raw/football_data/2017-18.csv,59,180395
71cff73d2ce2ce655905b376b657aad1ebdc493eb3c49576499f9d9069c89d6d,2017-18,2017-09-30,14:00,Europe/Istanbul,tff_archive,Sivasspor,Antalyaspor,3,1,H,,,,played,True,3,0,8,14,4,7,16,22,4,3,2,5,1,0,football_data,data/raw/football_data/2017-18.csv,60,180391
1e1e16a9790b59a33faca7da09385cd32f1b95e033e0529bf673be0f246cf9bb,2017-18,2017-09-30,16:30,Europe/Istanbul,tff_archive,Kayserispor,Bursaspor,3,1,H,,,,played,True,1,1,9,7,4,2,12,11,5,7,1,2,0,0,football_data,data/raw/football_data/2017-18.csv,58,180396
a3e885839f482d38f0e527c01461ce27a2d672814be22bef5f0ea637eb88f040,2017-18,2017-09-30,19:30,Europe/Istanbul,tff_archive,Galatasaray,Karabukspor,3,2,H,,,,played,True,2,1,12,7,7,5,12,9,8,3,4,3,0,0,football_data,data/raw/football_data/2017-18.csv,57,180389
58f4a46071254417c78b851f65a386a38a952342f2886c9573bf2ee08472ec58,2017-18,2017-10-01,14:00,Europe/Istanbul,tff_archive,Yeni Malatyaspor,Konyaspor,1,1,D,,,,played,True,0,1,4,6,1,2,15,22,3,2,5,2,1,0,football_data,data/raw/football_data/2017-18.csv,64,180392
83ad09641cd133b7bde894365b7155912c087dcde1544f4912415caddda25fe4,2017-18,2017-10-01,16:30,Europe/Istanbul,tff_archive,Alanyaspor,Genclerbirligi,4,1,H,,,,played,True,2,0,13,6,7,3,9,20,2,4,2,4,1,0,football_data,data/raw/football_data/2017-18.csv,61,180394
af31055efbac2444baa5711df6aee7518fc84b2b92732dacec16067d43bd6b91,2017-18,2017-10-01,19:30,Europe/Istanbul,tff_archive,Besiktas,Trabzonspor,2,2,D,,,,played,True,1,1,9,10,3,7,17,20,1,4,4,4,0,0,football_data,data/raw/football_data/2017-18.csv,62,180390
00677c6379b094ecf450d797a95a9191025ba417c2d7d36b04c36f7c80521f48,2017-18,2017-10-01,19:30,Europe/Istanbul,tff_archive,Goztepe,Istanbul Basaksehir,1,2,A,,,,played,True,0,2,15,5,7,3,11,11,8,4,0,0,0,0,football_data,data/raw/football_data/2017-18.csv,63,180397
e46727b07be495f8cf8818984ce0f77a3c13f4e1439cfd2e9c1090823c107430,2017-18,2017-10-13,20:00,Europe/Istanbul,tff_archive,Genclerbirligi,Besiktas,2,1,H,,,,played,True,1,0,9,8,5,2,20,10,4,9,3,0,0,1,football_data,data/raw/football_data/2017-18.csv,65,180405
70078a4dfdbe4427ffbd6064bb501bacc800a3fa86835aa9fdabd9a627ccbeb0,2017-18,2017-10-14,14:00,Europe/Istanbul,tff_archive,Karabukspor,Kayserispor,1,0,H,,,,played,True,0,0,6,11,5,5,26,15,4,5,5,1,1,0,football_data,data/raw/football_data/2017-18.csv,68,180401
9049d88a57917ae74a08b7bcc6ec7874142ed413bce72a3550c769220d442091,2017-18,2017-10-14,16:30,Europe/Istanbul,tff_archive,Antalyaspor,Goztepe,1,3,A,,,,played,True,1,2,10,11,5,4,12,13,5,2,4,3,1,0,football_data,data/raw/football_data/2017-18.csv,66,180403
5dde8fd571b33bd13da416c6e50ecfe9e0ce61d6e13a7528797a9706f9f31bfb,2017-18,2017-10-14,16:30,Europe/Istanbul,tff_archive,Istanbul Basaksehir,Alanyaspor,2,1,H,,,,played,True,1,1,10,12,6,7,10,10,6,4,2,1,0,0,football_data,data/raw/football_data/2017-18.csv,67,180404
5e664e7bcfda78d2418706ee990c14ac34f94217ada636c7f1b07da20e3e0283,2017-18,2017-10-14,19:30,Europe/Istanbul,tff_archive,Konyaspor,Galatasaray,0,2,A,,,,played,True,0,0,5,6,0,4,10,8,6,5,2,1,0,0,football_data,data/raw/football_data/2017-18.csv,69,180406
44751dd92176bf937f2a6c58fb12d73ea7cd2151d20e9b2ac53771081376e155,2017-18,2017-10-15,14:00,Europe/Istanbul,tff_archive,Kasimpasa,Sivasspor,2,3,A,,,,played,True,1,0,8,11,3,5,15,17,6,5,4,4,0,0,football_data,data/raw/football_data/2017-18.csv,71,180402
0eeaf93c0290ef39152c712e5e42285cc0bc947ffe1e65ebe5cf6729dfac7949,2017-18,2017-10-15,16:30,Europe/Istanbul,tff_archive,Trabzonspor,Akhisarspor,1,6,A,,,,played,True,0,3,8,12,3,8,12,11,6,2,1,2,0,0,football_data,data/raw/football_data/2017-18.csv,72,180400
eae95a4940ed902280524cbb629b35e6203aa781b73f512f474db37abefe8fe5,2017-18,2017-10-15,19:30,Europe/Istanbul,tff_archive,Fenerbahce,Yeni Malatyaspor,3,1,H,,,,played,True,3,0,16,7,10,2,21,14,7,4,1,1,0,0,football_data,data/raw/football_data/2017-18.csv,70,180398
d747a5fda9d117d1f9d07cd0ea8efe14ab4f6c55ad77d2162b70c4c4a68feee8,2017-18,2017-10-16,20:00,Europe/Istanbul,tff_archive,Bursaspor,Osmanlispor,3,1,H,,,,played,True,2,1,7,8,3,4,14,13,5,8,2,4,1,0,football_data,data/raw/football_data/2017-18.csv,73,180399
fee9511711498c635eab3510d426ab5cb5682d402f780c3d91a1ab322b29d5c4,2017-18,2017-10-20,20:00,Europe/Istanbul,tff_archive,Antalyaspor,Kasimpasa,2,1,H,,,,played,True,1,1,13,8,8,2,17,14,6,5,4,5,0,1,football_data,data/raw/football_data/2017-18.csv,74,180408
37e8de56b19f668c31d913d6c83c9487c13ec9b7ce05b0583922dae99e039dd5,2017-18,2017-10-20,20:00,Europe/Istanbul,tff_archive,Goztepe,Alanyaspor,3,3,D,,,,played,True,1,0,10,9,4,5,12,15,4,9,1,5,0,0,football_data,data/raw/football_data/2017-18.csv,75,180415
ef175067118686b6ac40981ce26b28f4672f56b816ffaf5bdd3d70f4f52fd32c,2017-18,2017-10-21,14:00,Europe/Istanbul,tff_archive,Osmanlispor,Karabukspor,3,0,H,,,,played,True,0,0,9,8,5,4,11,17,2,5,2,1,0,0,football_data,data/raw/football_data/2017-18.csv,77,180414
1f80b274800afda62aa13f847a8d541c4f3779c2f0f36a7b015e8870fe587fc7,2017-18,2017-10-21,16:30,Europe/Istanbul,tff_archive,Akhisarspor,Genclerbirligi,3,3,D,,,,played,True,1,3,6,5,4,5,14,14,2,3,0,3,0,1,football_data,data/raw/football_data/2017-18.csv,76,180407
535b824fd9dab007f3ebe6aeb51df130db82f9c9933f0e5b3c3a7207b02b3bba,2017-18,2017-10-21,19:30,Europe/Istanbul,tff_archive,Yeni Malatyaspor,Trabzonspor,1,0,H,,,,played,True,1,0,10,9,2,4,18,17,5,2,3,5,0,2,football_data,data/raw/football_data/2017-18.csv,78,180411
092f13aee712361a237d2108559bc1f1f730883a144d556eba1c088bc0f347e7,2017-18,2017-10-22,14:00,Europe/Istanbul,tff_archive,Sivasspor,Bursaspor,0,0,D,,,,played,True,0,0,10,9,3,3,12,13,5,4,1,2,0,0,football_data,data/raw/football_data/2017-18.csv,81,180413
317a6d516d05742555c62f47ca5ca04c42079b4fb035f207d94d049e10e19822,2017-18,2017-10-22,16:30,Europe/Istanbul,tff_archive,Kayserispor,Konyaspor,2,1,H,,,,played,True,0,0,19,8,8,4,15,7,4,3,0,2,0,0,football_data,data/raw/football_data/2017-18.csv,80,180409
a1a856607e8d3ec7731336b6220dbf2df0997c7f06f68343f0fabd5e9ccd1717,2017-18,2017-10-22,19:30,Europe/Istanbul,tff_archive,Galatasaray,Fenerbahce,0,0,D,,,,played,True,0,0,10,4,7,0,20,14,8,6,5,2,1,0,football_data,data/raw/football_data/2017-18.csv,79,180410
c1deecb979c09b9ba8b4a768f6bd38c357a674ed03c09c77764b0fe29eb015ad,2017-18,2017-10-23,20:04,Europe/Istanbul,tff_archive,Besiktas,Istanbul Basaksehir,1,1,D,,,,played,True,0,0,13,9,3,5,12,12,9,5,5,2,0,0,football_data,data/raw/football_data/2017-18.csv,82,180412
6d3de71b71d81bc7be0ea43c9636ba94ad867446eb35f217e607e087441ef32b,2017-18,2017-10-27,20:00,Europe/Istanbul,tff_archive,Kasimpasa,Goztepe,3,1,H,,,,played,True,1,0,14,6,6,2,11,9,5,3,1,0,0,0,football_data,data/raw/football_data/2017-18.csv,83,180421
11186d2d169a633a494f3ab369ff3eb67b5d96bb88370aec76297706b2efb667,2017-18,2017-10-28,14:00,Europe/Istanbul,tff_archive,Genclerbirligi,Yeni Malatyaspor,0,1,A,,,,played,True,0,0,5,6,1,2,16,12,2,4,1,4,1,0,football_data,data/raw/football_data/2017-18.csv,86,180416
323b01259de2b15acad24778ff6811e2667612484c08992725d3d9f5420a49b9,2017-18,2017-10-28,16:30,Europe/Istanbul,tff_archive,Istanbul Basaksehir,Akhisarspor,2,1,H,,,,played,True,1,0,8,7,4,4,6,11,5,2,2,3,0,0,football_data,data/raw/football_data/2017-18.csv,85,180423
89d5672fd2910ccb3ed959a27f35ca8b703b9e9a37e513057a4c89ec54d75168,2017-18,2017-10-28,19:30,Europe/Istanbul,tff_archive,Alanyaspor,Besiktas,1,2,A,,,,played,True,1,1,7,11,3,5,17,9,7,11,3,1,0,0,football_data,data/raw/football_data/2017-18.csv,84,180422
bc8350baa8ff553e291e26c44d839fde173b80c710de898ec9b5f43a7c344732,2017-18,2017-10-29,14:00,Europe/Istanbul,tff_archive,Karabukspor,Sivasspor,0,1,A,,,,played,True,0,0,11,3,4,1,12,15,11,1,4,0,0,0,football_data,data/raw/football_data/2017-18.csv,88,180419
82734f3f32f0a007a24036749f0ced8fba9ab7e11a6a5d8b645ec5c3812b7be4,2017-18,2017-10-29,14:00,Europe/Istanbul,tff_archive,Konyaspor,Osmanlispor,1,0,H,,,,played,True,0,0,5,2,2,1,14,9,8,2,2,2,0,0,football_data,data/raw/football_data/2017-18.csv,89,180417
75c5bf08d0f65fa891fa11e3891825daea6b41a0158786a84baca5857e9edcbb,2017-18,2017-10-29,16:30,Europe/Istanbul,tff_archive,Bursaspor,Antalyaspor,4,0,H,,,,played,True,1,0,8,5,6,1,9,9,4,5,0,0,0,1,football_data,data/raw/football_data/2017-18.csv,87,180420
3ba304ea4b9511e549a8fecce709e3578f5b6849cdf9dc0adb1309dee98b7f83,2017-18,2017-10-29,19:30,Europe/Istanbul,tff_archive,Trabzonspor,Galatasaray,2,1,H,,,,played,True,0,0,12,3,6,2,15,20,4,2,0,5,1,2,football_data,data/raw/football_data/2017-18.csv,90,180424
4fa1e30f9c4bde85e5ed9a9a4c04dd3ba15647b90d27f3b585ee5a6fd53761a6,2017-18,2017-10-30,20:00,Europe/Istanbul,tff_archive,Fenerbahce,Kayserispor,3,3,D,,,,played,True,1,1,12,7,5,4,13,14,6,6,3,1,0,0,football_data,data/raw/football_data/2017-18.csv,91,180418
f1e37cc3630eaa1aa23e3a92bd1e7fa9d0f372e47d75c0ec8a1c04f74cbc757a,2017-18,2017-11-03,20:00,Europe/Istanbul,tff_archive,Galatasaray,Genclerbirligi,5,1,H,,,,played,True,2,0,15,8,8,5,13,16,4,7,1,5,0,0,football_data,data/raw/football_data/2017-18.csv,92,180428
f07e6611372c9208cf5943dd3a24439be03b10f57a24aa93002d019228f40534,2017-18,2017-11-04,14:00,Europe/Istanbul,tff_archive,Kasimpasa,Bursaspor,2,2,D,,,,played,True,2,0,13,13,9,5,7,12,1,4,2,3,1,0,football_data,data/raw/football_data/2017-18.csv,94,180431
7f83978880fb01fa8313cb29a5894639b545c52aa7f9170a93454f63957ea3f2,2017-18,2017-11-04,14:00,Europe/Istanbul,tff_archive,Kayserispor,Trabzonspor,0,0,D,,,,played,True,0,0,11,3,4,0,10,25,9,1,2,3,0,0,football_data,data/raw/football_data/2017-18.csv,95,180433
8b668489c453db2cada42daf1f244fac9e4a78e63a9a049120b32d4ea4200758,2017-18,2017-11-04,16:30,Europe/Istanbul,tff_archive,Antalyaspor,Karabukspor,2,1,H,,,,played,True,1,0,12,10,10,3,15,11,3,9,3,2,0,1,football_data,data/raw/football_data/2017-18.csv,93,180425
da81a664bbcf9fe926b06888c1095f4146a47fe7df61b83a2bf3241612aea76d,2017-18,2017-11-04,19:30,Europe/Istanbul,tff_archive,Osmanlispor,Fenerbahce,1,1,D,,,,played,True,0,1,12,5,5,4,8,21,6,11,2,5,0,0,football_data,data/raw/football_data/2017-18.csv,96,180432
e248ddd39a7f7ba630e185ac3155bcb83af885c0085bcc1563229c5d15ee2d67,2017-18,2017-11-05,14:00,Europe/Istanbul,tff_archive,Akhisarspor,Alanyaspor,0,4,A,,,,played,True,0,2,5,14,4,7,10,13,3,6,2,2,0,0,football_data,data/raw/football_data/2017-18.csv,97,180430
18ac7dbe04befb79e81f97241c7c063fc911e32f3e8444f5d0d7f0b5e2774fe9,2017-18,2017-11-05,16:30,Europe/Istanbul,tff_archive,Yeni Malatyaspor,Istanbul Basaksehir,0,2,A,,,,played,True,0,1,7,10,2,4,14,14,2,8,1,2,0,0,football_data,data/raw/football_data/2017-18.csv,100,180429
d9c47e7f0f04e98b02c7d347083a93360010123faf0abfb752c6ad5ba9084d6a,2017-18,2017-11-05,19:30,Europe/Istanbul,tff_archive,Goztepe,Besiktas,1,3,A,,,,played,True,0,1,8,15,7,6,15,15,8,3,1,1,1,0,football_data,data/raw/football_data/2017-18.csv,98,180427
7492f8a25810525d0741f111efff1f79ee1616d6e432afe21716f5bacc1a66b8,2017-18,2017-11-05,19:30,Europe/Istanbul,tff_archive,Sivasspor,Konyaspor,2,1,H,,,,played,True,1,1,13,9,11,5,11,17,7,2,0,2,0,0,football_data,data/raw/football_data/2017-18.csv,99,180426
f6c33de3245847e0ee448cbf3cf8a81ae4a61143a40544526960c1bf8e111201,2017-18,2017-11-17,20:00,Europe/Istanbul,tff_archive,Besiktas,Akhisarspor,0,0,D,,,,played,True,0,0,14,4,4,3,16,15,11,5,4,6,0,1,football_data,data/raw/football_data/2017-18.csv,101,180440
b74dd5be5a355d573988645703b7e0aebf8ec6e6e5a93ba8603339aefd9ab8bc,2017-18,2017-11-18,14:00,Europe/Istanbul,tff_archive,Bursaspor,Goztepe,0,0,D,,,,played,True,0,0,11,9,2,2,4,16,11,5,0,3,0,0,football_data,data/raw/football_data/2017-18.csv,102,180439
deea86fc5bbb3a4cb0f7611d54938793ed4d0849dd7016c3ee1614e20b57fe96,2017-18,2017-11-18,16:30,Europe/Istanbul,tff_archive,Konyaspor,Antalyaspor,1,1,D,,,,played,True,0,0,15,9,5,3,8,9,7,5,2,2,0,0,football_data,data/raw/football_data/2017-18.csv,104,180436
0ba8c830126715f58c534974399eff3bef83f87f957f0e0b5747165d6bd59c64,2017-18,2017-11-18,19:30,Europe/Istanbul,tff_archive,Istanbul Basaksehir,Galatasaray,5,1,H,,,,played,True,2,0,6,12,5,6,10,9,4,5,0,2,0,0,football_data,data/raw/football_data/2017-18.csv,103,180441
2dee33f0fc8dbaffc1deb658115b9cd4ddb811cb7f9c6533db45cef00356db68,2017-18,2017-11-19,14:00,Europe/Istanbul,tff_archive,Alanyaspor,Yeni Malatyaspor,1,0,H,,,,played,True,0,0,8,9,5,6,17,12,8,2,1,2,0,0,football_data,data/raw/football_data/2017-18.csv,105,180434
ae3dab2d61a66ec416de36f3ea2a8306802baf5d5428b249d7970c3b83d3e7a3,2017-18,2017-11-19,14:00,Europe/Istanbul,tff_archive,Genclerbirligi,Kayserispor,1,2,A,,,,played,True,1,1,9,10,3,6,16,19,4,8,0,3,0,0,football_data,data/raw/football_data/2017-18.csv,107,180435
96c437dd1474243ab9e1779b7e90a15d3d7b7b5ee01e26f2c3747a2bbfcb3b99,2017-18,2017-11-19,16:30,Europe/Istanbul,tff_archive,Trabzonspor,Osmanlispor,4,3,H,,,,played,True,2,2,17,7,10,5,16,12,6,4,4,4,0,0,football_data,data/raw/football_data/2017-18.csv,108,180442
8be68ff7b67eea6f56cc2598b5f190b334a56d9f510298a97c689e91cb74944a,2017-18,2017-11-19,19:30,Europe/Istanbul,tff_archive,Fenerbahce,Sivasspor,4,1,H,,,,played,True,1,0,11,4,6,1,15,15,8,3,3,6,0,1,football_data,data/raw/football_data/2017-18.csv,106,180437
09a64eb51217fdbe5d72053744b1d6b9e14b383de02d167c4417091b6883d851,2017-18,2017-11-20,20:00,Europe/Istanbul,tff_archive,Karabukspor,Kasimpasa,0,2,A,,,,played,True,0,0,9,6,2,4,12,11,6,4,1,3,0,0,football_data,data/raw/football_data/2017-18.csv,109,180438
fb08b776a2dec825cdf30a2a7380200f82da856e6ef2ae4d37fcd8a414a13fc6,2017-18,2017-11-24,20:00,Europe/Istanbul,tff_archive,Osmanlispor,Genclerbirligi,2,0,H,,,,played,True,1,0,4,9,3,2,19,11,1,9,1,1,0,0,football_data,data/raw/football_data/2017-18.csv,110,180445
3f802b3367a9b0d6e338a3f81ad14c6a668799a249efc91e36754c209c3f8521,2017-18,2017-11-25,14:00,Europe/Istanbul,tff_archive,Goztepe,Akhisarspor,2,0,H,,,,played,True,0,0,10,5,7,0,12,11,12,2,2,1,0,0,football_data,data/raw/football_data/2017-18.csv,112,180451
1fe72d4d05628888314fb6b5d17ac0e6a4dd31b0838ba934c4480ef9d9b7b4e3,2017-18,2017-11-25,16:30,Europe/Istanbul,tff_archive,Yeni Malatyaspor,Besiktas,0,0,D,,,,played,True,0,0,8,6,3,4,14,16,3,9,2,1,0,0,football_data,data/raw/football_data/2017-18.csv,113,180446
ce69e11dc99ed08a2b931e66937b1b1aebf046baf2ac7e72f39d63bddf4c2259,2017-18,2017-11-25,19:30,Europe/Istanbul,tff_archive,Galatasaray,Alanyaspor,2,0,H,,,,played,True,1,0,13,3,9,0,19,16,9,3,1,5,0,0,football_data,data/raw/football_data/2017-18.csv,111,180443
13514f0e5c0c9935b8b1dac4858a90b205873ede5c4d226615db925acd8f9fdd,2017-18,2017-11-26,14:00,Europe/Istanbul,tff_archive,Bursaspor,Karabukspor,2,1,H,,,,played,True,2,0,8,11,4,4,13,16,6,7,3,4,0,0,football_data,data/raw/football_data/2017-18.csv,115,180447
0ca5592ad106b174db4f6550b2e7a042ef80e81c8b7e4f8b1d2034b0c6852355,2017-18,2017-11-26,14:00,Europe/Istanbul,tff_archive,Sivasspor,Trabzonspor,1,2,A,,,,played,True,1,1,11,6,5,3,12,14,6,3,3,3,0,0,football_data,data/raw/football_data/2017-18.csv,117,180444
aff8660a98585fdb75f5b118e90485d2d46af8480a5c01beaba50fc36d2408c8,2017-18,2017-11-26,16:30,Europe/Istanbul,tff_archive,Kasimpasa,Konyaspor,2,1,H,,,,played,True,1,0,11,11,7,1,8,12,4,4,2,0,0,0,football_data,data/raw/football_data/2017-18.csv,116,180448
cb51d0a8df77c672b100329e555941e14d024029c7890c0b01d29afa37f97274,2017-18,2017-11-26,19:30,Europe/Istanbul,tff_archive,Antalyaspor,Fenerbahce,0,1,A,,,,played,True,0,1,6,12,4,6,13,17,3,0,1,2,0,0,football_data,data/raw/football_data/2017-18.csv,114,180449
7499bf0eab3b172e4f4cd2932b1ba34c554bf8b470c30e6cae73fc8f92ccc3ee,2017-18,2017-11-27,20:00,Europe/Istanbul,tff_archive,Kayserispor,Istanbul Basaksehir,1,1,D,,,,played,True,1,1,8,3,4,1,8,12,1,5,3,1,0,0,football_data,data/raw/football_data/2017-18.csv,118,180450
0285bb460d1c87d056534fd5d4fdb3bb050da342b160176bb505657c9e3119c7,2017-18,2017-12-02,14:00,Europe/Istanbul,tff_archive,Akhisarspor,Yeni Malatyaspor,0,0,D,,,,played,True,0,0,2,5,0,3,23,16,5,8,0,5,0,0,football_data,data/raw/football_data/2017-18.csv,119,180452
20b386d40befa177310d59b3636a100091eb03fa33432fd902efc813adee885e,2017-18,2017-12-02,16:30,Europe/Istanbul,tff_archive,Karabukspor,Goztepe,0,1,A,,,,played,True,0,0,13,5,6,2,11,21,14,4,2,2,0,0,football_data,data/raw/football_data/2017-18.csv,121,180456
bcb85e954b4e922f9f10b4b7659055c4698f9ba9a9439bb71cd003b640a9f3d3,2017-18,2017-12-02,19:30,Europe/Istanbul,tff_archive,Besiktas,Galatasaray,3,0,H,,,,played,True,0,0,19,6,9,4,8,18,9,2,3,3,0,0,football_data,data/raw/football_data/2017-18.csv,120,180453
70ea5dbca282c89f64599818b79199c90630419522a19caf3032e78bbf9c1320,2017-18,2017-12-03,14:00,Europe/Istanbul,tff_archive,Genclerbirligi,Sivasspor,4,0,H,,,,played,True,1,0,11,9,8,4,15,9,6,6,4,1,0,0,football_data,data/raw/football_data/2017-18.csv,124,180459
60cd1aab70a073fc5756fc253403ec16dc19b931248b7f94919343e90ba13d0d,2017-18,2017-12-03,14:00,Europe/Istanbul,tff_archive,Konyaspor,Bursaspor,0,3,A,,,,played,True,0,3,20,7,11,5,14,11,9,1,2,1,0,0,football_data,data/raw/football_data/2017-18.csv,125,180454
355680397aba169efc45f04f8cd819e0ae7739b682435c26449c40cfb4658e66,2017-18,2017-12-03,16:30,Europe/Istanbul,tff_archive,Istanbul Basaksehir,Osmanlispor,1,0,H,,,,played,True,0,0,14,7,7,2,9,19,4,2,2,3,0,0,football_data,data/raw/football_data/2017-18.csv,122,180458
1fee730eb080e55ac5760225b7e7315efd1b9657d6fcccb8690d70b63d1a5a04,2017-18,2017-12-03,19:30,Europe/Istanbul,tff_archive,Fenerbahce,Kasimpasa,4,2,H,,,,played,True,1,1,14,7,8,3,15,14,3,3,3,1,0,0,football_data,data/raw/football_data/2017-18.csv,123,180455
b4bd2f0baa0d9e7d2ad3074f7e4db9252add42a1cded6d1c377492bfd4eddd39,2017-18,2017-12-04,20:00,Europe/Istanbul,tff_archive,Alanyaspor,Kayserispor,1,2,A,,,,played,True,0,1,6,8,5,5,13,10,2,9,5,3,1,0,football_data,data/raw/football_data/2017-18.csv,126,180457
71fd5d04ccb949b1f6c1375988c75fe1db77b9186c2e582f5cef4940dba9c152,2017-18,2017-12-04,20:00,Europe/Istanbul,tff_archive,Trabzonspor,Antalyaspor,3,0,H,,,,played,True,1,0,6,9,5,3,15,17,1,5,3,3,0,0,football_data,data/raw/football_data/2017-18.csv,127,180460
f79843e13f96653c8279a66934f840a92a2233a4fe3689d42f67afc9b122e727,2017-18,2017-12-08,20:00,Europe/Istanbul,tff_archive,Bursaspor,Fenerbahce,0,1,A,,,,played,True,0,0,5,8,2,4,16,13,2,5,2,3,0,0,football_data,data/raw/football_data/2017-18.csv,128,180465
77aef6548732518f076a54c4654be4d43009f59e17a5c755cf1ef0beeca1a3c6,2017-18,2017-12-09,14:00,Europe/Istanbul,tff_archive,Kasimpasa,Trabzonspor,0,3,A,,,,played,True,0,1,7,8,6,7,15,16,6,4,2,1,0,0,football_data,data/raw/football_data/2017-18.csv,131,180462
428ede4fc7cff3f14637672e2e9569fb3b9d1885ee766d0f10aece69ffa20726,2017-18,2017-12-09,14:00,Europe/Istanbul,tff_archive,Yeni Malatyaspor,Goztepe,2,3,A,,,,played,True,1,3,14,5,6,4,13,14,3,5,3,2,0,0,football_data,data/raw/football_data/2017-18.csv,132,180464
c26be73a3cb8b134231d0cc84bc8ca9345cd5a5e1ad63824ddf20a20f5f2eb63,2017-18,2017-12-09,16:30,Europe/Istanbul,tff_archive,Antalyaspor,Genclerbirligi,1,1,D,,,,played,True,0,0,8,5,3,4,17,20,2,6,1,4,0,0,football_data,data/raw/football_data/2017-18.csv,129,180466
79f146d05607c642aaa6ca13715f0243fb7773436c60dcb4f1841fc074e6d3af,2017-18,2017-12-09,19:30,Europe/Istanbul,tff_archive,Galatasaray,Akhisarspor,4,2,H,,,,played,True,0,2,13,5,6,2,11,8,4,1,3,4,1,1,football_data,data/raw/football_data/2017-18.csv,130,180461
dea8fdfa153f68ea8bf8d5edd58124b2c13b0385ab8ade5a51de0fdf65a44fa0,2017-18,2017-12-10,14:00,Europe/Istanbul,tff_archive,Osmanlispor,Alanyaspor,3,0,H,,,,played,True,3,0,10,13,7,9,22,6,1,9,3,2,0,0,football_data,data/raw/football_data/2017-18.csv,134,180463
e8a5b1500556e6c40c507ff09cadd626ef03bcc8e5f1b8253e102cf1186d6791,2017-18,2017-12-10,16:30,Europe/Istanbul,tff_archive,Sivasspor,Istanbul Basaksehir,1,0,H,,,,played,True,1,0,7,12,5,5,18,10,2,5,4,4,1,0,football_data,data/raw/football_data/2017-18.csv,135,180467
4dec5de32dc9da9982a977f39edbd3cb2e2302282febfe1cbbd55a8748c557bb,2017-18,2017-12-10,19:30,Europe/Istanbul,tff_archive,Kayserispor,Besiktas,1,1,D,,,,played,True,1,1,6,14,3,4,11,8,0,6,5,1,1,0,football_data,data/raw/football_data/2017-18.csv,133,180468
8e3f60492830b5cf0dc9bf06eddb4383183350f3df25bfc2545cb41bc6aa9c3f,2017-18,2017-12-11,20:00,Europe/Istanbul,tff_archive,Konyaspor,Karabukspor,2,0,H,,,,played,True,1,0,12,7,6,1,13,16,3,2,3,4,0,0,football_data,data/raw/football_data/2017-18.csv,136,180469
a6844acd3ca9b407aacb3854e23e26443bbd647f5d10712b5b32da280e7f0cc7,2017-18,2017-12-16,14:00,Europe/Istanbul,tff_archive,Genclerbirligi,Kasimpasa,0,0,D,,,,played,True,0,0,8,4,4,1,13,12,7,5,2,1,0,0,football_data,data/raw/football_data/2017-18.csv,138,180471
636e68f4d5ebb63ceb56185a198e56ab8b402adc1ccd4c69ad8053d8f3e3d144,2017-18,2017-12-16,16:30,Europe/Istanbul,tff_archive,Alanyaspor,Sivasspor,1,1,D,,,,played,True,0,0,7,9,5,4,11,17,2,2,2,1,0,0,football_data,data/raw/football_data/2017-18.csv,137,180476
8ad461463b25af16c1bc3e4e475903a76df9ebe2b0a55f337caaca7fbce41683,2017-18,2017-12-16,19:30,Europe/Istanbul,tff_archive,Trabzonspor,Bursaspor,1,0,H,,,,played,True,0,0,14,2,2,1,15,15,4,5,3,1,0,0,football_data,data/raw/football_data/2017-18.csv,139,180478
ae4bf774031c4f130185b72e5a1339a3b8086f2753b1ffddc3f6405059a7762e,2017-18,2017-12-17,14:00,Europe/Istanbul,tff_archive,Akhisarspor,Kayserispor,0,2,A,,,,played,True,0,1,4,5,2,3,16,16,6,3,3,1,0,0,football_data,data/raw/football_data/2017-18.csv,140,180475
63ab37c335a0375fd159b56291326cc4035379855e09cf44d5533b6464ba1194,2017-18,2017-12-17,14:00,Europe/Istanbul,tff_archive,Istanbul Basaksehir,Antalyaspor,4,1,H,,,,played,True,0,1,22,7,16,3,14,12,11,0,3,1,0,0,football_data,data/raw/football_data/2017-18.csv,142,180477
f0d397150e71986bdc8a6707a3dc6f637632304b1d8233ae0bc5a6fc99250b32,2017-18,2017-12-17,16:30,Europe/Istanbul,tff_archive,Yeni Malatyaspor,Galatasaray,2,1,H,,,,played,True,2,0,7,6,5,2,14,18,2,8,2,0,0,0,football_data,data/raw/football_data/2017-18.csv,143,180474
252a116d47e139b1cc935803d9d2da55fa9c997d97489beaf57271f4e950f475,2017-18,2017-12-17,19:30,Europe/Istanbul,tff_archive,Besiktas,Osmanlispor,5,1,H,,,,played,True,2,0,18,8,10,4,19,14,12,3,1,3,0,0,football_data,data/raw/football_data/2017-18.csv,141,180470
1cbf7ad6e334b8dce32c84ee2be9f3b65022f4a99b208fac46a9046006f517b3,2017-18,2017-12-18,20:00,Europe/Istanbul,tff_archive,Fenerbahce,Karabukspor,2,0,H,,,,played,True,0,0,9,7,5,4,16,20,10,6,4,6,0,0,football_data,data/raw/football_data/2017-18.csv,144,180473
d51a6e096735b4eb19cc50d5118ef94f2d4402b406a6bb40cba5cd82b8b0cd50,2017-18,2017-12-18,20:00,Europe/Istanbul,tff_archive,Goztepe,Konyaspor,1,0,H,,,,played,True,1,0,12,10,9,3,16,15,3,7,2,3,0,0,football_data,data/raw/football_data/2017-18.csv,145,180472
893cb59805b7dd4d9ceafba8ee152c65744df5372353857d6055facdca02d30a,2017-18,2017-12-22,20:00,Europe/Istanbul,tff_archive,Antalyaspor,Alanyaspor,3,1,H,,,,played,True,1,1,17,9,11,2,17,16,10,5,5,2,0,0,football_data,data/raw/football_data/2017-18.csv,146,180480
7d5377928a58bc05ebc2a5f05a081ec7558a28fb2ca3f9f625718510dbbed809,2017-18,2017-12-23,14:00,Europe/Istanbul,tff_archive,Bursaspor,Genclerbirligi,1,1,D,,,,played,True,0,0,8,5,3,3,16,30,7,2,2,4,0,0,football_data,data/raw/football_data/2017-18.csv,147,180483
b198871f510275deedce6f115ac3cd0afdeaabb0c61f7cdb1ef04869cee43686,2017-18,2017-12-23,16:30,Europe/Istanbul,tff_archive,Sivasspor,Besiktas,2,1,H,,,,played,True,1,1,10,17,6,8,9,10,2,15,1,0,0,0,football_data,data/raw/football_data/2017-18.csv,149,180485
38c5936396bc16ed3b1d58112dcaa812c14ea1d556003e1b3faf1911b175fe7f,2017-18,2017-12-23,19:30,Europe/Istanbul,tff_archive,Konyaspor,Fenerbahce,1,1,D,,,,played,True,0,0,7,12,3,9,7,12,2,7,4,0,0,0,football_data,data/raw/football_data/2017-18.csv,148,180487
d35019d9852981268d585dd00b7ab457e64cd699aeae684edcc339b17c08d9a3,2017-18,2017-12-24,14:00,Europe/Istanbul,tff_archive,Karabukspor,Trabzonspor,1,1,D,,,,played,True,0,0,10,8,4,4,22,14,5,5,6,2,0,0,football_data,data/raw/football_data/2017-18.csv,151,180482
42d77461d2cc35fda501c12b33d21b84e9f312db9cafcaecbacc1abd968a2272,2017-18,2017-12-24,14:00,Europe/Istanbul,tff_archive,Kayserispor,Yeni Malatyaspor,0,1,A,,,,played,True,0,1,11,5,7,4,9,14,5,2,2,4,0,0,football_data,data/raw/football_data/2017-18.csv,153,180481
302f1db10594a6bd6a71f58cf5277e280976bd1ce04bbc1fdf6f9570245ddfe3,2017-18,2017-12-24,16:30,Europe/Istanbul,tff_archive,Kasimpasa,Istanbul Basaksehir,1,2,A,,,,played,True,1,1,9,16,6,9,13,14,4,3,3,1,0,0,football_data,data/raw/football_data/2017-18.csv,152,180484
3627822c72d058cf583c4fcb31d886a0495dccd78b1e7af1827d4feff694f631,2017-18,2017-12-24,19:30,Europe/Istanbul,tff_archive,Galatasaray,Goztepe,3,1,H,,,,played,True,1,1,12,6,7,5,17,9,3,3,4,2,0,0,football_data,data/raw/football_data/2017-18.csv,150,180479
b7d2866708ab1e8a53f1c5944ddf8190718220e34bcf36e7a797c3edc43a60ec,2017-18,2017-12-25,20:00,Europe/Istanbul,tff_archive,Osmanlispor,Akhisarspor,3,2,H,,,,played,True,1,1,16,6,11,3,19,17,2,3,2,4,0,1,football_data,data/raw/football_data/2017-18.csv,154,180486
bc7718e46442fe39cef63f585c11d82d5625589789771041ef283e9f8887f0a4,2017-18,2018-01-19,20:00,Europe/Istanbul,tff_archive,Kasimpasa,Alanyaspor,3,2,H,,,,played,True,1,2,13,6,9,2,11,8,10,3,3,1,0,1,football_data,data/raw/football_data/2017-18.csv,155,180492
7638fd34952b5f04ca436c2844203fb7ee68dcc96b78239ae6278cb9eecc5c83,2017-18,2018-01-20,13:30,Europe/Istanbul,tff_archive,Karabukspor,Genclerbirligi,0,2,A,,,,played,True,0,0,7,10,3,3,17,20,7,2,2,3,0,0,football_data,data/raw/football_data/2017-18.csv,157,180494
8790d2e460f2516c82aac3cce0e33dc0616c4067d045010f3f7e8e21559dd592,2017-18,2018-01-20,16:00,Europe/Istanbul,tff_archive,Osmanlispor,Yeni Malatyaspor,0,0,D,,,,played,True,0,0,7,8,4,5,12,10,5,4,1,1,0,0,football_data,data/raw/football_data/2017-18.csv,158,180491
0118c117464b0db6a944b55b2a010a9a3337d6fd97a28d033fd9dcb37db3953e,2017-18,2018-01-20,19:00,Europe/Istanbul,tff_archive,Fenerbahce,Goztepe,2,1,H,,,,played,True,1,0,7,5,2,3,17,11,9,4,3,4,0,0,football_data,data/raw/football_data/2017-18.csv,156,180496
945703b661d6dd5a81f7c0b34d5c979a54d018c168257a83dbea59c4da28a957,2017-18,2018-01-21,13:30,Europe/Istanbul,tff_archive,Konyaspor,Trabzonspor,2,2,D,,,,played,True,0,0,7,13,5,5,11,15,6,1,4,4,1,1,football_data,data/raw/football_data/2017-18.csv,161,180495
18abaf9b8f12b76584cfd226d4d68423334f1c953546f940eea1d3b9bc0049d8,2017-18,2018-01-21,13:30,Europe/Istanbul,tff_archive,Sivasspor,Akhisarspor,1,1,D,,,,played,True,0,0,12,5,3,4,14,23,4,2,3,3,0,1,football_data,data/raw/football_data/2017-18.csv,162,180489
d809acec224255ca78ae45369d715271c30b8f3c0395f8358ba9ab8e80f514f2,2017-18,2018-01-21,16:00,Europe/Istanbul,tff_archive,Bursaspor,Istanbul Basaksehir,0,3,A,,,,played,True,0,1,3,5,1,4,12,12,6,3,2,3,0,0,football_data,data/raw/football_data/2017-18.csv,160,180493
5a1e9e0a62daf0da386d7794c7737192f979413304fd9e3eb066c5452029cc4b,2017-18,2018-01-21,19:00,Europe/Istanbul,tff_archive,Antalyaspor,Besiktas,1,2,A,,,,played,True,1,1,7,11,3,6,12,16,5,9,2,1,0,0,football_data,data/raw/football_data/2017-18.csv,159,180490
08aeef287dabc613641fab9967c5fc23bbb5cff2b900edeb8da3fd46f5b49541,2017-18,2018-01-22,20:00,Europe/Istanbul,tff_archive,Kayserispor,Galatasaray,1,3,A,,,,played,True,0,2,10,12,6,5,17,16,7,2,2,0,0,0,football_data,data/raw/football_data/2017-18.csv,163,180488
f4fc014c03ba955203402b497bcb66c6a0e06e5b770495c01ddd218cab54249c,2017-18,2018-01-26,20:00,Europe/Istanbul,tff_archive,Besiktas,Kasimpasa,2,1,H,,,,played,True,2,0,12,9,7,5,18,14,5,4,3,2,0,0,football_data,data/raw/football_data/2017-18.csv,164,180504
1484287f289f2b6039002b1e8bce99204cc2af79d101e3ea3d65bd62af9dd0e5,2017-18,2018-01-26,20:00,Europe/Istanbul,tff_archive,Genclerbirligi,Konyaspor,2,1,H,,,,played,True,0,1,9,5,4,3,10,27,0,5,3,3,1,0,football_data,data/raw/football_data/2017-18.csv,165,180498
0b4beebfbe3ac12af99576d1fef847dbb358b8e595e24bb62715d598ded2eba3,2017-18,2018-01-27,13:30,Europe/Istanbul,tff_archive,Alanyaspor,Bursaspor,3,1,H,,,,played,True,1,1,10,5,5,3,15,21,5,3,1,3,0,0,football_data,data/raw/football_data/2017-18.csv,166,180500
5eb1b1fa2a3124bf6498bb7e62390b97df1237e112d69dfdbf0e6203cad8ce23,2017-18,2018-01-27,16:00,Europe/Istanbul,tff_archive,Goztepe,Kayserispor,1,1,D,,,,played,True,0,1,10,2,5,1,11,25,2,1,1,7,0,2,football_data,data/raw/football_data/2017-18.csv,168,180503
c6da76c7ad50c191ea1cc8a71c31d2924620406c4a6e056b2e4cff571851a1a3,2017-18,2018-01-27,19:00,Europe/Istanbul,tff_archive,Galatasaray,Osmanlispor,2,0,H,,,,played,True,1,0,18,7,7,1,12,11,6,6,0,1,0,0,football_data,data/raw/football_data/2017-18.csv,167,180502
dc2801debb4d111e72dcc6c8e8e655f37eb273c8ca4df1b5915a490d1805ad6d,2017-18,2018-01-28,13:34,Europe/Istanbul,tff_archive,Yeni Malatyaspor,Sivasspor,1,0,H,,,,played,True,0,0,8,11,1,5,19,19,7,6,4,2,0,0,football_data,data/raw/football_data/2017-18.csv,171,180497
cd95b049ab8f8ef57d50386553c1f686683b69a22dd615fe8f6a702240930426,2017-18,2018-01-28,16:00,Europe/Istanbul,tff_archive,Akhisarspor,Antalyaspor,1,1,D,,,,played,True,0,1,10,2,5,1,15,16,11,0,3,4,0,0,football_data,data/raw/football_data/2017-18.csv,169,180501
423047e75321769a448114906fb28f055f184e96816c64ec861cc20677624910,2017-18,2018-01-28,19:00,Europe/Istanbul,tff_archive,Trabzonspor,Fenerbahce,1,1,D,,,,played,True,0,0,7,11,2,6,15,21,2,11,2,3,0,0,football_data,data/raw/football_data/2017-18.csv,170,180505
e516c912bfc514561dc52495bfbec48f3c83a28f7d242e7997b9c93a021222be,2017-18,2018-01-29,20:00,Europe/Istanbul,tff_archive,Istanbul Basaksehir,Karabukspor,5,0,H,,,,played,True,5,0,17,4,13,2,6,6,5,0,0,1,0,0,football_data,data/raw/football_data/2017-18.csv,172,180499
0c6d95fbbb79f5769a3d22769c110d32cea5b63843dc56f89cee9638ecb685fb,2017-18,2018-02-02,20:00,Europe/Istanbul,tff_archive,Bursaspor,Besiktas,2,2,D,,,,played,True,2,1,7,13,5,9,22,16,6,6,4,2,0,0,football_data,data/raw/football_data/2017-18.csv,173,180511
708ead233d4aecfeddbd08dddb7b33e25a6ac4391f75812a768012112d5765ba,2017-18,2018-02-03,13:30,Europe/Istanbul,tff_archive,Karabukspor,Alanyaspor,1,0,H,,,,played,True,0,0,6,7,4,3,14,13,8,5,6,2,0,0,football_data,data/raw/football_data/2017-18.csv,176,180508
fb0f56803cb0e66ab5db2320a3fc6237b8d174771add40ed3ebb43da6087c9d3,2017-18,2018-02-03,16:00,Europe/Istanbul,tff_archive,Antalyaspor,Yeni Malatyaspor,3,1,H,,,,played,True,1,1,9,4,5,2,26,12,6,1,2,2,0,1,football_data,data/raw/football_data/2017-18.csv,174,180507
ee634d637ea647d619c0d09e51f97e4fd33e2309c212bb3afc2562d5ec56e4c6,2017-18,2018-02-03,19:00,Europe/Istanbul,tff_archive,Fenerbahce,Genclerbirligi,2,2,D,,,,played,True,0,1,15,6,4,1,16,18,4,3,3,6,0,0,football_data,data/raw/football_data/2017-18.csv,175,180512
8eb23fe30ca411afb2fb7e3f773ec295382904aac1d30f64161820f0d12f6e82,2017-18,2018-02-04,13:30,Europe/Istanbul,tff_archive,Kasimpasa,Akhisarspor,2,0,H,,,,played,True,0,0,11,7,6,2,15,10,6,4,1,1,0,0,football_data,data/raw/football_data/2017-18.csv,177,180510
45c06600e2d39d7793b58de47929203711aee38047f1ae62a2eb21effd42c628,2017-18,2018-02-04,13:30,Europe/Istanbul,tff_archive,Osmanlispor,Kayserispor,0,1,A,,,,played,True,0,1,13,8,4,3,15,15,8,1,2,2,0,0,football_data,data/raw/football_data/2017-18.csv,179,180513
3391584db265f99bcf85317f4ba54ffa5dcca944bc496d381917ab25aff08c59,2017-18,2018-02-04,16:00,Europe/Istanbul,tff_archive,Konyaspor,Istanbul Basaksehir,1,1,D,,,,played,True,0,1,11,5,4,3,14,10,7,7,2,3,0,1,football_data,data/raw/football_data/2017-18.csv,178,180514
a990e66394e6e0d86e6456807d6c9fa8f494a9f9776ce086034427d66791daa5,2017-18,2018-02-04,19:00,Europe/Istanbul,tff_archive,Sivasspor,Galatasaray,2,1,H,,,,played,True,1,0,7,12,3,4,16,10,3,5,2,2,0,0,football_data,data/raw/football_data/2017-18.csv,180,180509
67b3d17a0422a1f0a0bdc5299cf2ab7fcbf2bbba6d7a1bced24fa6d678506c87,2017-18,2018-02-05,20:00,Europe/Istanbul,tff_archive,Trabzonspor,Goztepe,0,0,D,,,,played,True,0,0,17,6,9,4,13,28,6,3,3,5,0,0,football_data,data/raw/football_data/2017-18.csv,181,180506
c8412ea6d3339b504bfdcfe25d841916d51f71a4f24f69df33dd7ce554bb672b,2017-18,2018-02-09,20:00,Europe/Istanbul,tff_archive,Yeni Malatyaspor,Kasimpasa,1,1,D,,,,played,True,1,1,6,7,5,2,14,19,10,1,2,3,0,0,football_data,data/raw/football_data/2017-18.csv,182,180519
406488cad99b6e8022566a0030b48051ce71cd0028485a83976eb64aad13c5d3,2017-18,2018-02-10,13:30,Europe/Istanbul,tff_archive,Goztepe,Osmanlispor,3,3,D,,,,played,True,2,1,9,13,5,7,13,13,3,6,4,4,0,0,football_data,data/raw/football_data/2017-18.csv,185,180521
5c8eb464e799337f2dd2fb9865270e650ab3f94cedf9e5095bac687fea8a9be4,2017-18,2018-02-10,16:00,Europe/Istanbul,tff_archive,Genclerbirligi,Trabzonspor,0,0,D,,,,played,True,0,0,13,9,9,1,14,19,7,5,1,2,0,0,football_data,data/raw/football_data/2017-18.csv,184,180517
3c3c6fcc616d1d573aef8bfa2f538987b1466bf098972dd140b326a1dcb3d0ac,2017-18,2018-02-10,19:00,Europe/Istanbul,tff_archive,Besiktas,Karabukspor,5,0,H,,,,played,True,2,0,20,4,13,1,14,14,7,5,3,1,0,0,football_data,data/raw/football_data/2017-18.csv,183,180518
0159f53a4d722c35e54a79d0da3c1dc9afbf41e37667b71e316051ed1a3a52b1,2017-18,2018-02-11,13:30,Europe/Istanbul,tff_archive,Akhisarspor,Bursaspor,1,0,H,,,,played,True,1,0,9,7,3,3,19,22,3,3,5,2,0,0,football_data,data/raw/football_data/2017-18.csv,186,180515
35ae06b27767411f459186077346fffdc24afb3ad3cd69caf1eae36a3996042c,2017-18,2018-02-11,13:30,Europe/Istanbul,tff_archive,Kayserispor,Sivasspor,1,1,D,,,,played,True,0,0,8,5,3,1,17,12,7,3,4,2,0,0,football_data,data/raw/football_data/2017-18.csv,189,180520
055f35c170be931e75d01a6aef4c1058fb53752ee28a65e621dbfca9ba1f7ac1,2017-18,2018-02-11,16:00,Europe/Istanbul,tff_archive,Alanyaspor,Konyaspor,1,2,A,,,,played,True,1,2,23,4,11,4,12,10,18,1,4,5,0,1,football_data,data/raw/football_data/2017-18.csv,187,180522
32eb16740da32afd4fb3917633549f1e7e01f1e518e763b87fc09865d467b9f3,2017-18,2018-02-11,19:00,Europe/Istanbul,tff_archive,Istanbul Basaksehir,Fenerbahce,0,2,A,,,,played,True,0,1,4,12,2,4,9,14,5,3,2,0,0,0,football_data,data/raw/football_data/2017-18.csv,188,180523
8f095bbcfea70ef323d87d8b2c6c6b7b634733157f30368bfd75e52670b50924,2017-18,2018-02-12,20:00,Europe/Istanbul,tff_archive,Galatasaray,Antalyaspor,3,0,H,,,,played,True,3,0,9,8,5,2,20,15,8,3,2,3,1,0,football_data,data/raw/football_data/2017-18.csv,190,180516
6cf3cda4cef0a73497248e638ea3564224ab92bd3c8b53582325583a095bf0d5,2017-18,2018-02-16,20:00,Europe/Istanbul,tff_archive,Konyaspor,Besiktas,1,1,D,,,,played,True,0,1,7,13,4,8,19,16,3,8,3,6,0,0,football_data,data/raw/football_data/2017-18.csv,191,180530
9ae8f6a7a5df702c54d25275a646625940234a28dc875934e32cb6f6378cc25d,2017-18,2018-02-17,13:30,Europe/Istanbul,tff_archive,Antalyaspor,Kayserispor,2,1,H,,,,played,True,0,0,14,4,9,2,12,12,5,5,3,1,0,0,football_data,data/raw/football_data/2017-18.csv,192,180526
e7cea10f2487a15326a5f98820d46b066cfa328b1c86c1104ef01b80ecc2cc84,2017-18,2018-02-17,16:00,Europe/Istanbul,tff_archive,Sivasspor,Osmanlispor,3,2,H,,,,played,True,1,0,7,6,4,3,18,22,2,4,3,4,0,0,football_data,data/raw/football_data/2017-18.csv,194,180525
b7c786e7d18a63fd7b52b213a39bf25d8b1a04720b95123488b4a424f4cf6c83,2017-18,2018-02-17,19:00,Europe/Istanbul,tff_archive,Fenerbahce,Alanyaspor,3,0,H,,,,played,True,2,0,9,4,3,4,18,12,4,1,1,0,0,0,football_data,data/raw/football_data/2017-18.csv,193,180531
df2ee3982e936fee3cd16fe29a47cf28421536c95d9588fb9ce8e566e63b6e99,2017-18,2018-02-18,13:30,Europe/Istanbul,tff_archive,Bursaspor,Yeni Malatyaspor,0,0,D,,,,played,True,0,0,7,3,4,3,17,15,9,2,3,2,0,0,football_data,data/raw/football_data/2017-18.csv,195,180528
66c8c4744ac65146b5d8fe5f6ec775b5f747ebdde03c7ed125c7ac5a1112d160,2017-18,2018-02-18,13:30,Europe/Istanbul,tff_archive,Karabukspor,Akhisarspor,0,3,A,,,,played,True,0,1,10,6,3,5,18,12,2,1,4,2,0,0,football_data,data/raw/football_data/2017-18.csv,196,180529
1c1b488388875fd4f045d74e997fdc8389310a74cd529a97a675ec04c1d13b0c,2017-18,2018-02-18,16:00,Europe/Istanbul,tff_archive,Trabzonspor,Istanbul Basaksehir,0,1,A,,,,played,True,0,1,13,12,5,8,9,17,3,7,1,2,0,0,football_data,data/raw/football_data/2017-18.csv,198,180532
392c4ef321a07aa8bfeb3ca8f454988ee8c05557f0f587be0b4f017ad4475aac,2017-18,2018-02-18,19:00,Europe/Istanbul,tff_archive,Kasimpasa,Galatasaray,2,1,H,,,,played,True,1,1,10,10,5,8,14,19,1,10,4,3,0,0,football_data,data/raw/football_data/2017-18.csv,197,180524
a99c5042bccfea74f3b86cb834f2728a5d75536543ead80fb23d28a3ab8a851c,2017-18,2018-02-19,20:00,Europe/Istanbul,tff_archive,Genclerbirligi,Goztepe,3,0,H,,,,played,True,1,0,14,1,10,1,17,19,2,2,1,1,0,1,football_data,data/raw/football_data/2017-18.csv,199,180527
51b93db2bddd50c5cb48b30804fac1ed8b29b5045690da89983bb146a453d658,2017-18,2018-02-23,20:00,Europe/Istanbul,tff_archive,Akhisarspor,Konyaspor,3,0,H,,,,played,True,1,0,8,7,5,2,16,12,0,3,3,2,0,0,football_data,data/raw/football_data/2017-18.csv,200,180541
7e57c6f8d1e8b33e8591d1a3f9aa70b8c348febf1ad27e15cc0c0340e7565989,2017-18,2018-02-23,20:00,Europe/Istanbul,tff_archive,Galatasaray,Bursaspor,5,0,H,,,,played,True,2,0,14,3,7,0,14,13,9,0,1,0,0,1,football_data,data/raw/football_data/2017-18.csv,201,180537
9281f872b925dfb185d640320248fd7b97f7e700d1d36ce061845a08e25bcc96,2017-18,2018-02-24,16:00,Europe/Istanbul,tff_archive,Kayserispor,Kasimpasa,3,2,H,,,,played,True,1,1,12,10,5,2,9,6,7,2,2,3,0,1,football_data,data/raw/football_data/2017-18.csv,203,180538
478cfb861bc18199f1d9ac26b7f6e76e098d1c4ce41c72349a9ed23824f1b9cd,2017-18,2018-02-24,19:00,Europe/Istanbul,tff_archive,Alanyaspor,Trabzonspor,1,2,A,,,,played,True,1,0,12,8,7,4,18,15,5,7,6,4,0,0,football_data,data/raw/football_data/2017-18.csv,202,180540
8572987d73c86ff3ebd6a02b57d18abfec6ded1b4b881ce679fb323720cf31b4,2017-18,2018-02-25,13:30,Europe/Istanbul,tff_archive,Osmanlispor,Antalyaspor,0,0,D,,,,played,True,0,0,6,7,2,1,14,21,4,5,3,1,0,0,football_data,data/raw/football_data/2017-18.csv,206,180533
9d5a0ba4f2c7db59f70cb4bd1c2564b437dd857cb6fd17d918ca695ba74e8e2b,2017-18,2018-02-25,13:30,Europe/Istanbul,tff_archive,Yeni Malatyaspor,Karabukspor,3,1,H,,,,played,True,1,0,14,10,8,6,7,16,2,5,2,4,0,0,football_data,data/raw/football_data/2017-18.csv,207,180536
3fc2ebb0f6a5e20f3a13a5209c00cda880c1d5eb74b8fbabf377de16cff855a2,2017-18,2018-02-25,16:00,Europe/Istanbul,tff_archive,Goztepe,Sivasspor,1,0,H,,,,played,True,1,0,6,4,3,3,20,12,7,1,5,1,0,0,football_data,data/raw/football_data/2017-18.csv,205,180534
7eeecbf8b5eae5c477b37d929b28c8582dbff4a69d19536a20fea006f7c3b9fa,2017-18,2018-02-25,19:00,Europe/Istanbul,tff_archive,Besiktas,Fenerbahce,3,1,H,,,,played,True,0,1,15,7,6,6,15,22,6,1,3,2,0,0,football_data,data/raw/football_data/2017-18.csv,204,180535
06819101018527af4a1d7e34326a17b906048a8473c174c67aeb1676139ebff7,2017-18,2018-02-26,20:00,Europe/Istanbul,tff_archive,Istanbul Basaksehir,Genclerbirligi,1,1,D,,,,played,True,1,0,6,7,4,2,16,13,7,5,3,0,0,0,football_data,data/raw/football_data/2017-18.csv,208,180539
b202020efc3832eb68a5ce27cb2e735f3f0534b9bd20608640e691e1f114109c,2017-18,2018-03-02,20:00,Europe/Istanbul,tff_archive,Bursaspor,Kayserispor,1,0,H,,,,played,True,0,0,8,3,5,0,7,21,5,1,0,4,0,0,football_data,data/raw/football_data/2017-18.csv,209,180549
0fd52603900788557289fae75171e1d3cc618f602d571312852c96bb32a770ba,2017-18,2018-03-03,13:30,Europe/Istanbul,tff_archive,Kasimpasa,Osmanlispor,1,1,D,,,,played,True,1,1,4,9,2,4,20,12,9,3,3,5,0,0,football_data,data/raw/football_data/2017-18.csv,212,180548
f8a4842d5ef1d9b0b22c39894fc78b52e0ee3efc03eb0c9ddbe722ac7ed34c6d,2017-18,2018-03-03,16:00,Europe/Istanbul,tff_archive,Istanbul Basaksehir,Goztepe,2,0,H,,,,played,True,1,0,17,8,10,3,11,14,10,4,0,3,0,0,football_data,data/raw/football_data/2017-18.csv,210,180550
82f1c51e0400a8e0957d111fca09cd15fcc6de7b03fcef25fa076358c8068a5f,2017-18,2018-03-03,19:00,Europe/Istanbul,tff_archive,Karabukspor,Galatasaray,0,7,A,,,,played,True,0,6,7,13,1,7,9,9,4,6,2,4,0,0,football_data,data/raw/football_data/2017-18.csv,211,180542
88a429bba149448726785a2c9e0ed5eec1078ed40976053747beb339ef86673a,2017-18,2018-03-04,13:30,Europe/Istanbul,tff_archive,Genclerbirligi,Alanyaspor,0,1,A,,,,played,True,0,0,4,7,3,5,15,18,6,1,4,2,0,0,football_data,data/raw/football_data/2017-18.csv,215,180547
5e77628fb917ca19eb6866526cb48d7c4c3a61f629fed7ee57fc83a1786abf42,2017-18,2018-03-04,16:00,Europe/Istanbul,tff_archive,Konyaspor,Yeni Malatyaspor,0,1,A,,,,played,True,0,0,4,9,2,2,17,4,5,4,2,2,0,0,football_data,data/raw/football_data/2017-18.csv,216,180545
af4e86d58ddc493b4c8dda942ace8aade89165b66584b463f1d8f0923fb2deb9,2017-18,2018-03-04,19:00,Europe/Istanbul,tff_archive,Antalyaspor,Sivasspor,1,4,A,,,,played,True,0,1,16,6,7,5,10,11,6,2,3,3,0,0,football_data,data/raw/football_data/2017-18.csv,213,180544
4f727f45c99ec3208102dd0e6c5d1f83129e374b456c4157b128e23bd8ecc0fd,2017-18,2018-03-04,19:00,Europe/Istanbul,tff_archive,Fenerbahce,Akhisarspor,2,3,A,,,,played,True,0,2,12,8,5,6,14,12,9,3,0,5,0,0,football_data,data/raw/football_data/2017-18.csv,214,180546
783da54e7b5e6cf9fdf334c04ab293a0235e555d195e56d09bce168b2cf22637,2017-18,2018-03-05,20:00,Europe/Istanbul,tff_archive,Trabzonspor,Besiktas,0,2,A,,,,played,True,0,0,9,9,2,4,16,16,2,2,1,2,0,0,football_data,data/raw/football_data/2017-18.csv,217,180543
522ac7edff4791ae41c943fc81eea42da94aff97d066cd4fd1c0cfa2d252b2e4,2017-18,2018-03-09,20:00,Europe/Istanbul,tff_archive,Alanyaspor,Istanbul Basaksehir,4,1,H,,,,played,True,1,0,11,7,7,6,17,12,0,1,2,4,1,1,football_data,data/raw/football_data/2017-18.csv,218,180557
5c66363dd556c120185c7c3ad8ce2e4ddb829f07e88359437584097e2b732fc4,2017-18,2018-03-10,13:30,Europe/Istanbul,tff_archive,Sivasspor,Kasimpasa,2,2,D,,,,played,True,1,1,11,7,7,4,19,18,2,0,2,2,0,0,football_data,data/raw/football_data/2017-18.csv,221,180555
f332a9da0f350d71ec14e9348455081032cbaab5ed589358474771888b0144ee,2017-18,2018-03-10,16:00,Europe/Istanbul,tff_archive,Osmanlispor,Bursaspor,2,1,H,,,,played,True,2,0,11,7,4,3,17,17,4,8,4,3,0,0,football_data,data/raw/football_data/2017-18.csv,220,180552
93d98a0c61e6f4778c9733f0d6917b44c95e29c9ebaf91c4911d265e397afb30,2017-18,2018-03-10,19:00,Europe/Istanbul,tff_archive,Besiktas,Genclerbirligi,1,0,H,,,,played,True,0,0,17,5,7,3,13,17,9,2,3,2,0,0,football_data,data/raw/football_data/2017-18.csv,219,180558
900778d89ffead4713f908a6db6501b3ac23f051165dd47a60c6dee50f4044d6,2017-18,2018-03-11,13:30,Europe/Istanbul,tff_archive,Goztepe,Antalyaspor,2,1,H,,,,played,True,1,0,9,15,6,8,9,10,5,7,3,5,0,1,football_data,data/raw/football_data/2017-18.csv,223,180556
0f92b7d424b852c1206beb008ee65c8892535655edef719b3412843b56cff442,2017-18,2018-03-11,13:30,Europe/Istanbul,tff_archive,Kayserispor,Karabukspor,3,2,H,,,,played,True,1,1,16,4,4,3,16,11,13,2,1,3,0,1,football_data,data/raw/football_data/2017-18.csv,224,180554
3f659fb16f4cee622e82285907141f154761329e4c3ba2f2bd843c9debd9d0b7,2017-18,2018-03-11,16:03,Europe/Istanbul,tff_archive,Yeni Malatyaspor,Fenerbahce,0,2,A,,,,played,True,0,1,7,5,3,2,16,10,13,3,0,2,0,0,football_data,data/raw/football_data/2017-18.csv,225,180551
6caa421eff76879f0633da4ea60198b0fde3eb3ec7859ffe881bc216d2fc5791,2017-18,2018-03-11,19:00,Europe/Istanbul,tff_archive,Galatasaray,Konyaspor,2,1,H,,,,played,True,0,1,16,4,10,2,13,11,8,2,4,6,0,0,football_data,data/raw/football_data/2017-18.csv,222,180559
89085fb06e340f63ac97903fd80694217b712955a1d24a2723753e6c6451dc05,2017-18,2018-03-12,20:00,Europe/Istanbul,tff_archive,Akhisarspor,Trabzonspor,1,3,A,,,,played,True,0,1,9,10,5,7,14,10,8,4,4,2,1,0,football_data,data/raw/football_data/2017-18.csv,226,180553
e5cbe5b74d5183e0cb65115f57406e613dd921658e54a10824c04fc45b87a5eb,2017-18,2018-03-16,20:00,Europe/Istanbul,tff_archive,Karabukspor,Osmanlispor,0,4,A,,,,played,True,0,2,13,12,5,10,11,8,3,5,2,2,0,0,football_data,data/raw/football_data/2017-18.csv,227,180567
c93ae391c8b4f5481b17445ae62337ca1a9a67eeeb29a2e776c0d3cf5e4a998a,2017-18,2018-03-16,20:00,Europe/Istanbul,tff_archive,Kasimpasa,Antalyaspor,2,3,A,,,,played,True,0,1,14,13,8,7,9,12,9,7,2,3,1,0,football_data,data/raw/football_data/2017-18.csv,228,180561
f56be3215d61a8ad258e3b47cdd1742604c0e5be3342faec5a605fa9ee869037,2017-18,2018-03-17,13:30,Europe/Istanbul,tff_archive,Genclerbirligi,Akhisarspor,1,1,D,,,,played,True,0,1,10,7,5,6,11,15,5,6,2,1,0,0,football_data,data/raw/football_data/2017-18.csv,231,180560
56670e679d59ab3ef02215f73f50f86176bc323c1bcfda581f9ff3bed3321b8b,2017-18,2018-03-17,16:00,Europe/Istanbul,tff_archive,Bursaspor,Sivasspor,1,0,H,,,,played,True,0,0,10,8,4,6,15,18,3,5,3,2,0,0,football_data,data/raw/football_data/2017-18.csv,229,180566
07589249eb859c2086faaa3c86f9a8ee038d7e84342a139f8a1199f9f437d6ea,2017-18,2018-03-17,19:00,Europe/Istanbul,tff_archive,Fenerbahce,Galatasaray,0,0,D,,,,played,True,0,0,8,10,6,5,16,15,10,3,2,3,0,0,football_data,data/raw/football_data/2017-18.csv,230,180563
cb7dd12e757d54c066e07d4f57f60edf548622eca46bcfce8f24160cb07d26e0,2017-18,2018-03-18,13:30,Europe/Istanbul,tff_archive,Alanyaspor,Goztepe,1,1,D,,,,played,True,0,0,10,3,4,2,16,21,8,1,1,4,0,0,football_data,data/raw/football_data/2017-18.csv,232,180568
c7268f8d30cd91ac24cad4906625e165e5dee58cba24ec649f12f835ef6219d9,2017-18,2018-03-18,13:30,Europe/Istanbul,tff_archive,Konyaspor,Kayserispor,2,0,H,,,,played,True,1,0,7,1,3,0,13,13,6,4,2,2,1,1,football_data,data/raw/football_data/2017-18.csv,234,180562
0121980dd1966c40f7a5754b2bc13af8e5836badf8de2ce3e53e906d1029c554,2017-18,2018-03-18,16:00,Europe/Istanbul,tff_archive,Trabzonspor,Yeni Malatyaspor,4,1,H,,,,played,True,1,1,11,11,8,7,12,16,4,3,2,1,0,0,football_data,data/raw/football_data/2017-18.csv,235,180564
6657a4841bb1a0d65d8282a42a581ce9236fcad079476b979828ac8574d2ae1a,2017-18,2018-03-18,19:00,Europe/Istanbul,tff_archive,Istanbul Basaksehir,Besiktas,1,0,H,,,,played,True,1,0,5,12,2,2,22,13,3,10,5,4,1,0,football_data,data/raw/football_data/2017-18.csv,233,180565
0f3095cba7dec6f7f065f36fbc2ab614135bd1c819ce891cde7b42b4489fb9d7,2017-18,2018-03-30,20:00,Europe/Istanbul,tff_archive,Sivasspor,Karabukspor,1,0,H,,,,played,True,0,0,9,6,4,2,15,15,10,1,3,3,0,0,football_data,data/raw/football_data/2017-18.csv,236,180572
58e8f567e43ebe131b9cfc884ca4febf06a4b142fbf14feb655e64eab9750430,2017-18,2018-03-31,13:30,Europe/Istanbul,tff_archive,Yeni Malatyaspor,Genclerbirligi,4,1,H,,,,played,True,1,1,8,4,7,3,15,13,7,4,1,1,0,0,football_data,data/raw/football_data/2017-18.csv,239,180569
f217bb875997fe3c7bc9ebd0ea303bdeed345e71905465be9407ba36ece53070,2017-18,2018-03-31,16:00,Europe/Istanbul,tff_archive,Antalyaspor,Bursaspor,2,0,H,,,,played,True,1,0,6,5,2,0,20,15,1,7,2,1,0,0,football_data,data/raw/football_data/2017-18.csv,237,180573
402b98aaf6353b6698584668b0271c12abbd65b22db9dc7af00b3838faf81ac4,2017-18,2018-03-31,19:00,Europe/Istanbul,tff_archive,Besiktas,Alanyaspor,1,0,H,,,,played,True,1,0,7,7,2,2,21,17,6,2,5,2,0,0,football_data,data/raw/football_data/2017-18.csv,238,180575
89783c51d3d14cfbf2eab4bee57d032c007ae4eb9bd9450083eab19b2dce7592,2017-18,2018-04-01,13:30,Europe/Istanbul,tff_archive,Goztepe,Kasimpasa,0,2,A,,,,played,True,0,1,19,6,9,3,15,9,14,1,4,1,1,0,football_data,data/raw/football_data/2017-18.csv,242,180574
4c5b337ffb27413c8acf149de71741a09e26001e2683be0eca51e4474e180bcc,2017-18,2018-04-01,13:30,Europe/Istanbul,tff_archive,Osmanlispor,Konyaspor,0,0,D,,,,played,True,0,0,7,6,3,4,13,7,3,4,1,0,0,0,football_data,data/raw/football_data/2017-18.csv,243,180570
7677f9a28ad35ab4d588a81fd81ecef2f380138a0f5bf3db438786af55a79356,2017-18,2018-04-01,16:00,Europe/Istanbul,tff_archive,Akhisarspor,Istanbul Basaksehir,1,2,A,,,,played,True,1,0,9,10,4,5,19,11,2,5,1,1,1,0,football_data,data/raw/football_data/2017-18.csv,240,180576
3fd5c6a016e580fce87c9acdd5e46b013ff13e6048fef65bd021f5f92ffb557a,2017-18,2018-04-01,19:00,Europe/Istanbul,tff_archive,Galatasaray,Trabzonspor,2,1,H,,,,played,True,1,0,11,7,6,5,17,14,4,1,2,3,0,0,football_data,data/raw/football_data/2017-18.csv,241,180577
cf09b5da7ee63aca3ff777126c9f68838592caf33994febd5121061fb77b4800,2017-18,2018-04-02,20:00,Europe/Istanbul,tff_archive,Kayserispor,Fenerbahce,0,5,A,,,,played,True,0,3,8,12,3,7,9,9,7,4,2,2,0,0,football_data,data/raw/football_data/2017-18.csv,244,180571
79b40fa734a598c460f16ffcfa4914e2ac937c6f71fd0e324ee201c2ef54c91d,2017-18,2018-04-06,20:00,Europe/Istanbul,tff_archive,Istanbul Basaksehir,Yeni Malatyaspor,1,0,H,,,,played,True,1,0,6,7,2,4,16,14,5,4,1,1,0,0,football_data,data/raw/football_data/2017-18.csv,245,180582
8289595c1c79da08210b56d2df50500185686cdb5d285502adb2f1cc0a6eb808,2017-18,2018-04-07,13:30,Europe/Istanbul,tff_archive,Karabukspor,Antalyaspor,1,2,A,,,,played,True,0,1,7,8,4,4,18,15,3,4,1,0,0,0,football_data,data/raw/football_data/2017-18.csv,247,180578
3e8259812f3d4653476be225f59e03390edd57963c1c9dfd469fc194e053ea7c,2017-18,2018-04-07,16:00,Europe/Istanbul,tff_archive,Trabzonspor,Kayserispor,4,0,H,,,,played,True,0,0,12,7,7,3,13,12,6,3,1,2,0,0,football_data,data/raw/football_data/2017-18.csv,248,180586
29c651351d69b316bf1dd89787e559c8372dc28bc798e97c6cd8dc0369c426f2,2017-18,2018-04-07,19:00,Europe/Istanbul,tff_archive,Besiktas,Goztepe,5,1,H,,,,played,True,2,0,17,10,10,7,21,11,3,5,1,6,0,1,football_data,data/raw/football_data/2017-18.csv,246,180580
d1388e7137742295a98e18ef0a045791bd48daec33bae849005a097d0f877ea4,2017-18,2018-04-08,13:30,Europe/Istanbul,tff_archive,Konyaspor,Sivasspor,5,0,H,,,,played,True,1,0,12,6,7,4,13,4,4,8,2,0,0,1,football_data,data/raw/football_data/2017-18.csv,252,180579
d1f84ff9500ee2de107d3c6e3f50f36a4ce3ccc8ba3a5b0c46c3554502d7e921,2017-18,2018-04-08,16:00,Europe/Istanbul,tff_archive,Alanyaspor,Akhisarspor,3,1,H,,,,played,True,2,0,16,4,8,3,15,18,8,6,4,2,0,0,football_data,data/raw/football_data/2017-18.csv,249,180583
36cae8cab8610e4bc8fba60c3fa7728dad1c500c8d3524366b24858049bc46c6,2017-18,2018-04-08,16:00,Europe/Istanbul,tff_archive,Bursaspor,Kasimpasa,0,1,A,,,,played,True,0,1,8,4,3,1,16,13,9,0,2,2,0,0,football_data,data/raw/football_data/2017-18.csv,250,180584
92a4a03fcd31a9a12e2ad12690a47ef124e5cb2808848f8d70fa506e731a95ed,2017-18,2018-04-08,19:00,Europe/Istanbul,tff_archive,Fenerbahce,Osmanlispor,2,0,H,,,,played,True,0,0,12,6,3,1,14,11,9,2,1,2,0,0,football_data,data/raw/football_data/2017-18.csv,251,180585
7a609a7af46a6eb57abec85ce72d8f6437ea6f6e34b35a87f114f022eacafa48,2017-18,2018-04-09,20:00,Europe/Istanbul,tff_archive,Genclerbirligi,Galatasaray,1,0,H,,,,played,True,0,0,7,7,1,4,20,13,5,6,2,3,0,0,football_data,data/raw/football_data/2017-18.csv,253,180581
886ff4d38073b777424696d9a7ef065cd840b618e14997d71ea94c7fe4cefc5e,2017-18,2018-04-13,20:00,Europe/Istanbul,tff_archive,Akhisarspor,Besiktas,0,3,A,,,,played,True,0,2,7,9,2,4,18,11,4,7,0,1,0,0,football_data,data/raw/football_data/2017-18.csv,254,180593
64d388ceeb994de54be05993e5cd2f2378cc78dfb402fdf81c975d2e1416df12,2017-18,2018-04-14,13:30,Europe/Istanbul,tff_archive,Kasimpasa,Karabukspor,2,0,H,,,,played,True,0,0,11,6,6,2,20,17,7,7,1,2,0,0,football_data,data/raw/football_data/2017-18.csv,255,180591
dcfc2240b3952ac850ba07b21bba81ab703f55dbd59d5563c9360beb1ef23197,2017-18,2018-04-14,16:00,Europe/Istanbul,tff_archive,Yeni Malatyaspor,Alanyaspor,1,1,D,,,,played,True,0,0,7,5,2,3,25,17,2,5,3,2,0,0,football_data,data/raw/football_data/2017-18.csv,257,180587
f8516b71570107e595b6b2d7c60f71c0aef5a7a618ace1c470b840ba3bb21c63,2017-18,2018-04-14,19:00,Europe/Istanbul,tff_archive,Sivasspor,Fenerbahce,1,2,A,,,,played,True,0,2,6,10,4,6,14,16,2,4,3,2,0,0,football_data,data/raw/football_data/2017-18.csv,256,180590
e0bcf40f50dc99b644a284115c33b64314b563a508d3aafba6de564b38f026e7,2017-18,2018-04-15,13:30,Europe/Istanbul,tff_archive,Kayserispor,Genclerbirligi,3,2,H,,,,played,True,2,0,7,10,3,7,12,14,1,7,2,3,0,0,football_data,data/raw/football_data/2017-18.csv,261,180588
160edfcd0f3301e6a76e8f16af9f4a8bdde336d025668156d4df02230654d16c,2017-18,2018-04-15,16:00,Europe/Istanbul,tff_archive,Antalyaspor,Konyaspor,0,0,D,,,,played,True,0,0,6,6,0,1,11,15,3,6,2,2,0,0,football_data,data/raw/football_data/2017-18.csv,258,180589
28489ca625ba71731b79e5ba833741deac4edaa133c069c2775c2e728eb19b1e,2017-18,2018-04-15,16:00,Europe/Istanbul,tff_archive,Goztepe,Bursaspor,2,1,H,,,,played,True,0,0,5,5,3,2,15,17,6,5,1,4,0,0,football_data,data/raw/football_data/2017-18.csv,260,180592
6d92967be1652d80ee272a8b41c72a113d73b76618c1720bda47dbc857836110,2017-18,2018-04-15,19:00,Europe/Istanbul,tff_archive,Galatasaray,Istanbul Basaksehir,2,0,H,,,,played,True,0,0,10,4,7,2,14,15,5,1,3,3,0,0,football_data,data/raw/football_data/2017-18.csv,259,180594
91ac6033dff0b8f4288972e2bab7a028a2b27547a0c4251c745c9db9da0957bd,2017-18,2018-04-16,20:00,Europe/Istanbul,tff_archive,Osmanlispor,Trabzonspor,3,3,D,,,,played,True,0,2,16,10,6,6,16,17,6,3,0,1,0,0,football_data,data/raw/football_data/2017-18.csv,262,180595
02f2a3ba2f1f9dd3c660a0ee41e0162d85de8ddc263cae062f6b9a484fe58751,2017-18,2018-04-20,20:00,Europe/Istanbul,tff_archive,Istanbul Basaksehir,Kayserispor,3,1,H,,,,played,True,1,0,9,3,5,2,18,13,4,3,1,1,0,0,football_data,data/raw/football_data/2017-18.csv,263,180603
7ad041ffd295de10f18dbb7db94c9c9031987a62fc929a6ef9570c3868b271ad,2017-18,2018-04-21,13:30,Europe/Istanbul,tff_archive,Genclerbirligi,Osmanlispor,0,3,A,,,,played,True,0,1,6,14,3,8,20,13,4,5,2,1,0,0,football_data,data/raw/football_data/2017-18.csv,265,180598
4ce8901328ee671911014aa9e7e0981e98dcb3ca2160d8cf51d97ee4887e0a58,2017-18,2018-04-21,13:30,Europe/Istanbul,tff_archive,Karabukspor,Bursaspor,1,4,A,,,,played,True,1,2,5,8,3,6,16,21,2,3,2,4,1,0,football_data,data/raw/football_data/2017-18.csv,266,180600
172ba14932c34c5de6dc5c26a884b67c344c5edc8cc89cb2f67fbdad3246915a,2017-18,2018-04-21,16:00,Europe/Istanbul,tff_archive,Trabzonspor,Sivasspor,0,2,A,,,,played,True,0,1,14,5,9,3,14,15,6,1,2,1,0,0,football_data,data/raw/football_data/2017-18.csv,267,180597
6288d18ce81dd6ebb22db129bf3c02efdbe1f15e5403ac2523767347e1fc9ad6,2017-18,2018-04-21,19:00,Europe/Istanbul,tff_archive,Alanyaspor,Galatasaray,2,3,A,,,,played,True,1,2,7,6,6,3,20,13,6,1,3,2,0,0,football_data,data/raw/football_data/2017-18.csv,264,180596
8f3c0c814a8453f805da2ccf9f25859520224b2b7c0fbf65bab67fcc5eaad6e7,2017-18,2018-04-22,16:00,Europe/Istanbul,tff_archive,Akhisarspor,Goztepe,1,1,D,,,,played,True,1,1,7,8,2,4,14,18,3,7,2,3,0,0,football_data,data/raw/football_data/2017-18.csv,268,180604
64dd80b1565a7aefcb5b4c2ee0b8d65f1925414d0ac080085c015a71165ced6f,2017-18,2018-04-22,16:00,Europe/Istanbul,tff_archive,Konyaspor,Kasimpasa,2,0,H,,,,played,True,1,0,11,8,3,1,11,9,9,8,2,1,0,0,football_data,data/raw/football_data/2017-18.csv,270,180601
4160b781f1860aa2a1839bff8bb9db14bf0135dcc862cadecdb5e630f8a03f0e,2017-18,2018-04-22,19:00,Europe/Istanbul,tff_archive,Besiktas,Yeni Malatyaspor,3,1,H,,,,played,True,1,1,19,10,6,5,10,13,7,0,0,2,0,0,football_data,data/raw/football_data/2017-18.csv,269,180599
eaa7ff5f65f76e6283c9e5f7085327a0e605ef7e808f8c63c2e65a559a58f4a8,2017-18,2018-04-23,20:00,Europe/Istanbul,tff_archive,Fenerbahce,Antalyaspor,4,1,H,,,,played,True,2,1,13,8,6,5,9,10,7,2,1,2,0,0,football_data,data/raw/football_data/2017-18.csv,271,180602
9f8c569b15fe5c2ae4f981a23b86dddb78cb88942491a4aa8d953ba69d742d45,2017-18,2018-04-27,20:00,Europe/Istanbul,tff_archive,Goztepe,Karabukspor,5,0,H,,,,played,True,2,0,17,8,11,2,11,4,6,2,0,1,0,0,football_data,data/raw/football_data/2017-18.csv,272,180609
edb4603fc196833c904b8d932e30b97294d675d9b44151defa5c7fde5580ddcb,2017-18,2018-04-28,13:30,Europe/Istanbul,tff_archive,Kayserispor,Alanyaspor,1,2,A,,,,played,True,0,0,10,10,6,6,18,10,1,4,5,0,1,0,football_data,data/raw/football_data/2017-18.csv,275,180610
8d826e0499ef61c6300a053047db890e1335346346257850d6613059260aa768,2017-18,2018-04-28,13:30,Europe/Istanbul,tff_archive,Sivasspor,Genclerbirligi,1,0,H,,,,played,True,1,0,9,5,7,4,12,12,4,5,0,4,0,0,football_data,data/raw/football_data/2017-18.csv,276,180612
53bb391603809715b3295ad1248a196243970f5132c38ede51c2064cd451a9c3,2017-18,2018-04-28,19:00,Europe/Istanbul,tff_archive,Antalyaspor,Trabzonspor,1,2,A,,,,played,True,1,1,14,7,10,4,17,8,9,4,4,3,0,0,football_data,data/raw/football_data/2017-18.csv,273,180613
2801ca3ef7364f8d8df84b5d25105354380fa909b422da967afb59b749dceb7f,2017-18,2018-04-28,19:00,Europe/Istanbul,tff_archive,Kasimpasa,Fenerbahce,1,4,A,,,,played,True,0,1,13,13,4,10,21,14,5,2,2,1,0,0,football_data,data/raw/football_data/2017-18.csv,274,180608
bd2acc6918aae2763d6fca4086ce82228189e6c03db3367c5ebcc54006b0e765,2017-18,2018-04-29,13:30,Europe/Istanbul,tff_archive,Yeni Malatyaspor,Akhisarspor,0,0,D,,,,played,True,0,0,10,5,2,0,14,16,4,5,0,1,0,0,football_data,data/raw/football_data/2017-18.csv,279,180605
d1200653bde528a68f1447296a030921abe2b80c950fddbfeaf39a370650941d,2017-18,2018-04-29,16:00,Europe/Istanbul,tff_archive,Osmanlispor,Istanbul Basaksehir,1,4,A,,,,played,True,1,0,9,10,4,5,13,10,6,10,3,2,0,0,football_data,data/raw/football_data/2017-18.csv,278,180611
661915c187ed377fbd04445783d32a6b9a400141503f91f7c1c932571aefc115,2017-18,2018-04-29,19:00,Europe/Istanbul,tff_archive,Galatasaray,Besiktas,2,0,H,,,,played,True,1,0,12,10,8,4,23,16,7,2,2,2,0,1,football_data,data/raw/football_data/2017-18.csv,277,180606
ee21b2fbb135f5641454716478326e7e66db77a0d89ac3e3ae2ad7569e92ce27,2017-18,2018-04-30,20:00,Europe/Istanbul,tff_archive,Bursaspor,Konyaspor,2,1,H,,,,played,True,2,0,9,10,3,4,19,15,7,2,6,3,0,0,football_data,data/raw/football_data/2017-18.csv,280,180607
eb8b86fa0091558dd76be9bdd08d3eb4e344d4f960267f35e957aa48dbc9a924,2017-18,2018-05-04,20:00,Europe/Istanbul,tff_archive,Istanbul Basaksehir,Sivasspor,1,1,D,,,,played,True,1,0,9,8,5,3,12,15,3,4,5,0,2,0,football_data,data/raw/football_data/2017-18.csv,281,180620
0ba25413166a1ba31072e869baf393708db4197b056f26a2339e0ba8da73ba31,2017-18,2018-05-05,16:00,Europe/Istanbul,tff_archive,Karabukspor,Konyaspor,0,1,A,,,,played,True,0,1,2,6,0,3,16,15,1,9,5,2,0,0,football_data,data/raw/football_data/2017-18.csv,283,180622
b3a7b75df94e052c601047f0d56215d8d3ef4443936c54f16f6460aad7c08875,2017-18,2018-05-05,19:00,Europe/Istanbul,tff_archive,Alanyaspor,Osmanlispor,1,1,D,,,,played,True,1,0,8,7,4,4,16,22,5,3,6,2,0,0,football_data,data/raw/football_data/2017-18.csv,282,180616
3983893a096b91915c0b244a26791769bb032be12d34afe15c0ea2d565e401f6,2017-18,2018-05-05,19:00,Europe/Istanbul,tff_archive,Trabzonspor,Kasimpasa,2,5,A,,,,played,True,1,3,20,10,10,6,15,9,8,3,4,2,2,0,football_data,data/raw/football_data/2017-18.csv,284,180615
8fab5d931a690c1ec435f82030171ff0d82ef9c1a72d80869c6981930251c537,2017-18,2018-05-06,16:00,Europe/Istanbul,tff_archive,Fenerbahce,Bursaspor,2,1,H,,,,played,True,0,0,19,7,7,4,12,13,5,4,2,2,0,2,football_data,data/raw/football_data/2017-18.csv,286,180618
61e5526e904239a95627147632e25a9ce845646ccf325a74844c88d8b1ee4c1b,2017-18,2018-05-06,16:00,Europe/Istanbul,tff_archive,Genclerbirligi,Antalyaspor,0,1,A,,,,played,True,0,0,8,10,2,4,14,20,4,5,3,2,0,0,football_data,data/raw/football_data/2017-18.csv,287,180619
95516cdb89bc9524ed8682f82c07d5487e6f7da90c75f8075862eb1c37407f6d,2017-18,2018-05-06,19:00,Europe/Istanbul,tff_archive,Akhisarspor,Galatasaray,1,2,A,,,,played,True,0,2,8,13,2,5,12,11,4,4,5,2,1,0,football_data,data/raw/football_data/2017-18.csv,285,180614
0d9154add2a9a2781040919ed4421434808939a15cf5fabcd0de698871193d71,2017-18,2018-05-07,20:00,Europe/Istanbul,tff_archive,Besiktas,Kayserispor,2,0,H,,,,played,True,2,0,10,8,7,1,14,11,7,7,2,4,1,1,football_data,data/raw/football_data/2017-18.csv,288,180621
dec1831e92d38f23416c87b9906655c6bca969c6776750e88b6e32557ae3b940,2017-18,2018-05-07,20:00,Europe/Istanbul,tff_archive,Goztepe,Yeni Malatyaspor,0,0,D,,,,played,True,0,0,8,8,2,4,15,14,8,0,3,1,0,0,football_data,data/raw/football_data/2017-18.csv,289,180617
1a287c47ded6f876dc63191434c4c12fe7f2f3bc4ffbf2166f03096d7c0952f3,2017-18,2018-05-11,20:00,Europe/Istanbul,tff_archive,Antalyaspor,Istanbul Basaksehir,0,2,A,,,,played,True,0,1,7,10,3,7,14,11,5,3,1,1,0,0,football_data,data/raw/football_data/2017-18.csv,290,180630
7b181f8b8526002b474ffa06df1a5de1d64f5938c7bbc4e18ca7c363be6e2a1d,2017-18,2018-05-12,16:00,Europe/Istanbul,tff_archive,Kasimpasa,Genclerbirligi,3,1,H,,,,played,True,1,0,15,14,7,9,15,8,3,5,4,3,0,1,football_data,data/raw/football_data/2017-18.csv,292,180624
218769d33dcba8d342fa717cbc66fcc81e373df62b8e8e855465628dc4b048b4,2017-18,2018-05-12,19:00,Europe/Istanbul,tff_archive,Galatasaray,Yeni Malatyaspor,2,0,H,,,,played,True,2,0,13,6,6,1,15,14,3,2,1,5,0,0,football_data,data/raw/football_data/2017-18.csv,291,180627
2f131e07919958328edb89b539211095e515a2e953a6e5d1a3e09aee025dba51,2017-18,2018-05-12,19:00,Europe/Istanbul,tff_archive,Konyaspor,Goztepe,1,1,D,,,,played,True,0,0,7,9,1,7,11,13,7,10,2,6,0,1,football_data,data/raw/football_data/2017-18.csv,293,180625
267f6ebe3190b276e8f8c4c80818f56d37f060f8cd4806d061761c2dc483f9a8,2017-18,2018-05-13,16:00,Europe/Istanbul,tff_archive,Bursaspor,Trabzonspor,1,3,A,,,,played,True,1,3,13,8,4,3,12,20,7,3,2,3,0,0,football_data,data/raw/football_data/2017-18.csv,294,180631
3f862f8d1e7c0444277c7cf97915c43d579871f39f5e888da524bfa5b472880f,2017-18,2018-05-13,19:00,Europe/Istanbul,tff_archive,Osmanlispor,Besiktas,2,3,A,,,,played,True,1,0,12,10,5,4,9,15,5,6,0,1,0,0,football_data,data/raw/football_data/2017-18.csv,295,180623
895cf1e1ec9fa3ec8e58d13869d84bb4d262d9fb87166f593e0fd8b95002cee3,2017-18,2018-05-13,19:00,Europe/Istanbul,tff_archive,Sivasspor,Alanyaspor,2,2,D,,,,played,True,1,1,6,9,4,6,12,12,4,2,3,7,0,0,football_data,data/raw/football_data/2017-18.csv,296,180629
5c152af83cc308b6f4e9f26bc3a790e7afdc4a6154bd9892f9e3bc33c6357fdc,2017-18,2018-05-14,20:00,Europe/Istanbul,tff_archive,Karabukspor,Fenerbahce,0,7,A,,,,played,True,0,4,3,21,3,14,11,13,2,12,2,2,0,0,football_data,data/raw/football_data/2017-18.csv,297,180626
968805df31156b46029576d4f3ae353dcb4c9641c6e1435f5a702557b8786f98,2017-18,2018-05-14,20:00,Europe/Istanbul,tff_archive,Kayserispor,Akhisarspor,1,2,A,,,,played,True,0,0,10,9,1,7,7,9,8,1,2,3,0,0,football_data,data/raw/football_data/2017-18.csv,298,180628
bc2055c7e315715c36d0c36351c8df52c7fc0c17b6701d7ec4e8186ef4669dcc,2017-18,2018-05-18,18:00,Europe/Istanbul,tff_archive,Akhisarspor,Osmanlispor,2,1,H,,,,played,True,1,1,13,14,10,4,7,8,3,3,0,0,0,0,football_data,data/raw/football_data/2017-18.csv,299,180639
d0ed7bbf72b89a2d57b54fb1111398352cd4302972a0361250e38fbcf31d7046,2017-18,2018-05-18,18:00,Europe/Istanbul,tff_archive,Alanyaspor,Antalyaspor,3,2,H,,,,played,True,1,1,13,5,9,4,21,17,6,5,2,1,0,0,football_data,data/raw/football_data/2017-18.csv,300,180633
e10f3f9a52a9c1e74be2cca4829b8aa4c508f9adac6355d9f8d5b68b0d3f81e7,2017-18,2018-05-18,18:00,Europe/Istanbul,tff_archive,Genclerbirligi,Bursaspor,1,0,H,,,,played,True,1,0,9,10,4,4,8,16,3,5,0,0,0,0,football_data,data/raw/football_data/2017-18.csv,301,180636
6a499842c977e659d8026dec92dc9839c2b0aa8a7f628c46052e0ade1c045346,2017-18,2018-05-18,18:00,Europe/Istanbul,tff_archive,Trabzonspor,Karabukspor,3,0,H,,,,played,True,0,0,25,9,12,6,13,15,5,9,1,3,0,0,football_data,data/raw/football_data/2017-18.csv,302,180635
fe54ab8198efc700d71cd336e395f2b1c0c52e53c534fdd565acb322d77d41ab,2017-18,2018-05-18,18:00,Europe/Istanbul,tff_archive,Yeni Malatyaspor,Kayserispor,3,2,H,,,,played,True,2,0,8,17,3,11,3,6,3,9,0,1,0,0,football_data,data/raw/football_data/2017-18.csv,303,180634
1f37fcd8c77ed81f70fc4bbc101f81b398dd1bebb212131327e67fd3f7dc41bf,2017-18,2018-05-19,19:00,Europe/Istanbul,tff_archive,Besiktas,Sivasspor,5,1,H,,,,played,True,1,0,16,6,10,3,16,11,7,4,3,4,0,0,football_data,data/raw/football_data/2017-18.csv,304,180638
3f4ce1e880e474697ee3efdb746d7e0d76ae4c4dfc2984338906e44a22e9a14d,2017-18,2018-05-19,19:00,Europe/Istanbul,tff_archive,Fenerbahce,Konyaspor,3,2,H,,,,played,True,2,0,14,12,7,9,7,8,7,4,0,3,0,0,football_data,data/raw/football_data/2017-18.csv,306,180640
208e6f042abbaefecc8d0b15696fb243ba426a446db4f0d00d37440622af1f33,2017-18,2018-05-19,19:00,Europe/Istanbul,tff_archive,Goztepe,Galatasaray,0,1,A,,,,played,True,0,0,8,8,3,2,14,12,4,3,1,2,0,1,football_data,data/raw/football_data/2017-18.csv,307,180632
8348704a6ec45e91d2e553d69ce349233001bf262991551733f94f6495567707,2017-18,2018-05-19,19:00,Europe/Istanbul,tff_archive,Istanbul Basaksehir,Kasimpasa,3,2,H,,,,played,True,2,2,16,6,6,4,9,6,8,2,3,3,0,0,football_data,data/raw/football_data/2017-18.csv,305,180637
e9b861b30a37d68bcf03bd41a70112d01281eea6ad12f1b51c9987f6baf0e7da,2018-19,2018-08-10,21:57,Europe/Istanbul,tff_archive,Ankaragucu,Galatasaray,1,3,A,,,,played,True,1,2,3,12,1,4,15,9,2,4,2,2,0,0,football_data,data/raw/football_data/2018-19.csv,2,194514
48336a68fb5130c6cdc67d10791667b9ef2d51fc69eb0ffd218b607a8aeb8649,2018-19,2018-08-11,19:30,Europe/Istanbul,tff_archive,Sivasspor,Alanyaspor,1,0,H,,,,played,True,0,0,12,9,5,3,13,16,4,7,1,3,0,0,football_data,data/raw/football_data/2018-19.csv,5,194517
5058fbd9e6e8fdc9602939e2e5b8e9e77241742f3d4a013f2545b6f94b4a7f2d,2018-19,2018-08-11,19:38,Europe/Istanbul,tff_archive,Rizespor,Kasimpasa,2,3,A,,,,played,True,1,0,8,14,5,6,13,14,3,6,2,1,0,0,football_data,data/raw/football_data/2018-19.csv,4,194516
778608a7944d96ff569e4f4d1f55626110183cc61aef4dcad287d4fbda9e9f65,2018-19,2018-08-11,21:45,Europe/Istanbul,tff_archive,Fenerbahce,Bursaspor,2,1,H,,,,played,True,2,1,7,6,2,3,12,15,4,4,3,3,0,0,football_data,data/raw/football_data/2018-19.csv,3,194521
0ba11639ae3f04b21749d2e41eac64780b440a35c6400c9be8b4a1b7aec14b03,2018-19,2018-08-12,19:30,Europe/Istanbul,tff_archive,Istanbul Basaksehir,Trabzonspor,2,0,H,,,,played,True,1,0,15,8,5,0,16,15,9,2,2,2,0,0,football_data,data/raw/football_data/2018-19.csv,7,194515
7e786f5408c6b6dc42768407c8e54292c242bc34a0069817dc2f54ad7495d233,2018-19,2018-08-12,19:30,Europe/Istanbul,tff_archive,Konyaspor,Erzurumspor FK,3,2,H,,,,played,True,2,1,16,6,9,4,11,14,4,7,1,2,0,0,football_data,data/raw/football_data/2018-19.csv,9,194519
c9a66a9d4263a692828583ea66e53dca56af9a0566f5759f7ee8ff62a0848422,2018-19,2018-08-12,21:45,Europe/Istanbul,tff_archive,Besiktas,Akhisarspor,2,1,H,,,,played,True,2,0,13,8,4,4,17,16,12,3,3,6,0,0,football_data,data/raw/football_data/2018-19.csv,6,194518
b64fbbbb1f54fda55a7b2a1a5549d1d01424dd5a69faeaa75d1effe67ac00b54,2018-19,2018-08-12,21:45,Europe/Istanbul,tff_archive,Goztepe,Yeni Malatyaspor,1,3,A,,,,played,True,0,1,10,6,4,3,11,11,4,0,4,5,2,1,football_data,data/raw/football_data/2018-19.csv,8,194522
fe4c4f9d6f9abfb04bc55d292c0164d71067deeec1588249547c609f1f8db903,2018-19,2018-08-13,21:45,Europe/Istanbul,tff_archive,Kayserispor,Antalyaspor,2,0,H,,,,played,True,1,0,8,4,5,1,16,8,6,2,0,2,0,1,football_data,data/raw/football_data/2018-19.csv,10,194520
76c436db9d8f546d704b44669fa8b689f6616ef37db7ddf31c94af5e17820440,2018-19,2018-08-17,21:45,Europe/Istanbul,tff_archive,Trabzonspor,Sivasspor,3,1,H,,,,played,True,3,1,10,12,8,3,12,19,8,5,1,4,0,0,football_data,data/raw/football_data/2018-19.csv,11,194523
153315688e74ed98ecf1f6cbe3a3a71991fac820b025c6a60bb73171181cb8f7,2018-19,2018-08-18,19:15,Europe/Istanbul,tff_archive,Bursaspor,Kayserispor,0,0,D,,,,played,True,0,0,9,4,2,0,11,12,6,4,2,2,0,0,football_data,data/raw/football_data/2018-19.csv,13,194524
42a6a10a2bcb0e6f801ac56abab226ab5b27c2a94c5cdab97acadf57dac147d7,2018-19,2018-08-18,21:45,Europe/Istanbul,tff_archive,Antalyaspor,Konyaspor,3,3,D,,,,played,True,1,2,12,10,9,4,17,19,7,3,1,5,0,1,football_data,data/raw/football_data/2018-19.csv,12,194525
f360643c597512f63883d4d87e91c2e6071e80379ddacee8c76b5418de286a73,2018-19,2018-08-18,21:45,Europe/Istanbul,tff_archive,Yeni Malatyaspor,Fenerbahce,1,0,H,,,,played,True,0,0,14,13,2,4,14,9,2,3,2,0,0,0,football_data,data/raw/football_data/2018-19.csv,14,194531
a78f86491e6efd9b079c64e9c3c9ce1ef434d53d6f369aed06984513a408874b,2018-19,2018-08-19,19:15,Europe/Istanbul,tff_archive,Akhisarspor,Rizespor,1,1,D,,,,played,True,0,1,8,24,3,10,18,14,4,3,0,1,1,0,football_data,data/raw/football_data/2018-19.csv,15,194530
dde8879c7f06a2cf2df9b52b6fc4ab013225df00094fe31f559ca03ff2ca0abf,2018-19,2018-08-19,19:15,Europe/Istanbul,tff_archive,Erzurumspor FK,Besiktas,1,3,A,,,,played,True,1,0,10,10,3,6,11,7,9,9,0,3,0,0,football_data,data/raw/football_data/2018-19.csv,17,194526
111b0c623cc07a35cda03d8615dae6f52d912ba7de4dd944d6912499a8d66634,2018-19,2018-08-19,21:45,Europe/Istanbul,tff_archive,Alanyaspor,Ankaragucu,0,2,A,,,,played,True,0,0,19,5,5,4,19,15,6,2,3,6,1,1,football_data,data/raw/football_data/2018-19.csv,16,194528
200db7180bf28120a4982c257d4acef3a4608ddf1a4905a1b0c9a88025c9abc7,2018-19,2018-08-19,21:45,Europe/Istanbul,tff_archive,Galatasaray,Goztepe,1,0,H,,,,played,True,1,0,11,9,5,2,13,14,6,6,4,2,0,0,football_data,data/raw/football_data/2018-19.csv,18,194529
de51560c7cf6c0827c15a6bb8488f4d83ed1c46852a52a408a6abdad8db9a207,2018-19,2018-08-20,21:45,Europe/Istanbul,tff_archive,Kasimpasa,Istanbul Basaksehir,2,1,H,,,,played,True,0,0,13,15,3,5,18,16,5,2,0,3,0,0,football_data,data/raw/football_data/2018-19.csv,19,194527
4d68c5ee0ea8a627da23dff688f9c5d17b84fa689c0b322e7d6559230265286f,2018-19,2018-08-24,19:15,Europe/Istanbul,tff_archive,Rizespor,Erzurumspor FK,0,0,D,,,,played,True,0,0,9,11,2,3,9,20,4,7,1,1,0,0,football_data,data/raw/football_data/2018-19.csv,20,194537
61a21afc3f3d1b345bfc2af198b9ebe16b3ae5a0b0faee282a9b355e07b5d169,2018-19,2018-08-25,19:15,Europe/Istanbul,tff_archive,Ankaragucu,Trabzonspor,2,2,D,,,,played,True,1,1,15,9,6,7,11,12,5,9,2,2,0,0,football_data,data/raw/football_data/2018-19.csv,21,194535
a51389ef79e2201647e7e88f2e3a70d1c34e3d5c6f055bc437a0ae5d3d64b5ab,2018-19,2018-08-25,21:45,Europe/Istanbul,tff_archive,Goztepe,Fenerbahce,1,0,H,,,,played,True,0,0,5,9,1,1,16,16,4,5,2,1,0,0,football_data,data/raw/football_data/2018-19.csv,22,194532
14cc245ee52ce413e7716b0469f8fd9414f4b300241179f0c17bdbfc270bc975,2018-19,2018-08-25,21:45,Europe/Istanbul,tff_archive,Kayserispor,Yeni Malatyaspor,0,0,D,,,,played,True,0,0,13,6,5,2,15,13,4,6,2,1,0,0,football_data,data/raw/football_data/2018-19.csv,23,194538
ccf62943cbe342127cb0c94bec809b076ae1c3cdf0c3f11d1fcfbc7454bacfbe,2018-19,2018-08-26,19:15,Europe/Istanbul,tff_archive,Sivasspor,Kasimpasa,0,3,A,,,,played,True,0,1,31,9,3,6,8,9,7,2,0,3,0,0,football_data,data/raw/football_data/2018-19.csv,26,194533
f4890186dc6b4da644af6f74c701ea04313ecba5de483f1568899e74879ccfdc,2018-19,2018-08-26,21:45,Europe/Istanbul,tff_archive,Besiktas,Antalyaspor,2,3,A,,,,played,True,1,3,28,7,10,5,15,19,12,1,2,7,0,0,football_data,data/raw/football_data/2018-19.csv,24,194534
6c90282298b8237bff5bc3c2f6c21eec8bde8abfc43e521ba4736497e873e1a9,2018-19,2018-08-26,21:45,Europe/Istanbul,tff_archive,Konyaspor,Bursaspor,1,1,D,,,,played,True,1,1,16,12,6,4,18,14,11,6,2,3,0,0,football_data,data/raw/football_data/2018-19.csv,25,194540
5bf9c7fccd24706ddb7c45c7836f03a30d7b44f0fc68210b508d6b45991fee1a,2018-19,2018-08-27,19:15,Europe/Istanbul,tff_archive,Istanbul Basaksehir,Akhisarspor,3,1,H,,,,played,True,1,1,19,9,6,2,9,14,6,2,2,4,0,0,football_data,data/raw/football_data/2018-19.csv,27,194536
83ddcc3ce81ca96867e08a9633fca2f514dda8539745da7961b736e74ad67e02,2018-19,2018-08-27,21:45,Europe/Istanbul,tff_archive,Galatasaray,Alanyaspor,6,0,H,,,,played,True,1,0,17,4,9,1,12,7,4,1,0,1,0,0,football_data,data/raw/football_data/2018-19.csv,28,194539
482c2d75f35da71cd61b6c0891e553d009474c77610d1fe9b1789d04e396055c,2018-19,2018-08-31,21:45,Europe/Istanbul,tff_archive,Yeni Malatyaspor,Konyaspor,0,1,A,,,,played,True,0,1,11,6,3,4,9,23,3,1,2,4,0,0,football_data,data/raw/football_data/2018-19.csv,29,194549
044e6f5f79cf47792c298bc6b39279b262aa39c22ccd54b14b69d54699c32a09,2018-19,2018-09-01,19:15,Europe/Istanbul,tff_archive,Akhisarspor,Sivasspor,1,1,D,,,,played,True,0,0,22,11,6,4,19,17,5,1,1,3,0,0,football_data,data/raw/football_data/2018-19.csv,30,194545
0e0e03af76a141841668dda55d8aa425667450e1bd2b6819e7f8b157698ee891,2018-19,2018-09-01,19:15,Europe/Istanbul,tff_archive,Fenerbahce,Kayserispor,2,3,A,,,,played,True,1,0,15,20,4,11,11,12,4,4,4,2,0,1,football_data,data/raw/football_data/2018-19.csv,32,194543
61801840e12ba293cd22928f92adcf5cf1dcb617738ffa9e0e1e826cba7ae9d2,2018-19,2018-09-01,21:45,Europe/Istanbul,tff_archive,Alanyaspor,Goztepe,1,0,H,,,,played,True,0,0,9,10,2,2,16,12,5,8,2,2,0,0,football_data,data/raw/football_data/2018-19.csv,31,194547
854067430dae560cf8d54f245a3972870811c5d1281db0c52bcbce6317482a43,2018-19,2018-09-01,21:45,Europe/Istanbul,tff_archive,Trabzonspor,Galatasaray,4,0,H,,,,played,True,3,0,13,8,6,0,11,7,1,1,2,1,0,1,football_data,data/raw/football_data/2018-19.csv,33,194546
562fd343c99040e086b230daa2643ad385310da80b4e68ca265751b552d087ae,2018-19,2018-09-02,19:15,Europe/Istanbul,tff_archive,Erzurumspor FK,Istanbul Basaksehir,0,1,A,,,,played,True,0,1,16,5,3,2,13,11,8,2,3,1,0,0,football_data,data/raw/football_data/2018-19.csv,36,194541
d6f2f6ede8de258a7efdadfd6fb7d13033dc54092c1d6cdfd08529e1b9e9d23e,2018-19,2018-09-02,19:15,Europe/Istanbul,tff_archive,Kasimpasa,Ankaragucu,2,1,H,,,,played,True,1,0,10,15,4,7,8,11,5,6,1,3,0,0,football_data,data/raw/football_data/2018-19.csv,37,194542
0932f88f2e6213c21b63c94e2a0a8a88551b72df973b6ec2a1ff8d1fccc9a4b5,2018-19,2018-09-02,21:45,Europe/Istanbul,tff_archive,Antalyaspor,Rizespor,2,1,H,,,,played,True,0,1,13,6,4,2,12,13,5,5,3,3,1,1,football_data,data/raw/football_data/2018-19.csv,34,194544
572e04d3b4d50e8f17b19188250005f0acc52287ef829127adb359b6d429e559,2018-19,2018-09-02,21:45,Europe/Istanbul,tff_archive,Bursaspor,Besiktas,1,1,D,,,,played,True,0,0,9,11,3,4,14,15,4,3,2,2,0,0,football_data,data/raw/football_data/2018-19.csv,35,194548
6d3ad968a53db43801ac21f9e59a5138b295d6614b50f7af272b500f0390f977,2018-19,2018-09-14,21:00,Europe/Istanbul,tff_archive,Galatasaray,Kasimpasa,4,1,H,,,,played,True,0,0,15,16,5,6,11,14,4,7,1,2,0,0,football_data,data/raw/football_data/2018-19.csv,38,194552
3017a732c70c5157f97f51da10defdb04cc53e8587a4f922fc3f7a6713dbd4de,2018-19,2018-09-15,17:00,Europe/Istanbul,tff_archive,Ankaragucu,Akhisarspor,1,0,H,,,,played,True,1,0,7,12,1,4,19,11,2,12,2,3,0,0,football_data,data/raw/football_data/2018-19.csv,39,194550
ca7808a57ec4b4763a03462c845167290138567b49e571b66b235533c8775221,2018-19,2018-09-15,20:00,Europe/Istanbul,tff_archive,Besiktas,Yeni Malatyaspor,2,1,H,,,,played,True,0,0,17,10,6,6,14,15,10,5,3,3,1,0,football_data,data/raw/football_data/2018-19.csv,40,194557
85a5fadccfadeebd9ca926f28c4f0056d1a32782096cb83d0802da0a88f8da42,2018-19,2018-09-15,20:00,Europe/Istanbul,tff_archive,Goztepe,Kayserispor,2,0,H,,,,played,True,2,0,16,9,6,1,11,10,4,1,1,2,0,0,football_data,data/raw/football_data/2018-19.csv,41,194553
42973103aa054d4bf8199a61e3ab9d357b8a1824486db3a90dda668d6f4f7ae1,2018-19,2018-09-16,17:00,Europe/Istanbul,tff_archive,Istanbul Basaksehir,Antalyaspor,4,0,H,,,,played,True,1,0,15,8,6,3,11,8,4,2,0,2,0,0,football_data,data/raw/football_data/2018-19.csv,42,194555
0ac670c4f783d2b93ad95956ac514669d5d812e25c2e3890dc0648bc03f6a30d,2018-19,2018-09-16,17:00,Europe/Istanbul,tff_archive,Sivasspor,Erzurumspor FK,2,2,D,,,,played,True,1,1,20,11,7,5,12,10,3,2,0,2,0,0,football_data,data/raw/football_data/2018-19.csv,45,194554
14a18e589c99a4b95b2bd34b17fb3958aa41d36d8ebcdcb63a93e0f45b8e8cdc,2018-19,2018-09-16,20:00,Europe/Istanbul,tff_archive,Konyaspor,Fenerbahce,0,1,A,,,,played,True,0,0,15,10,6,2,10,11,6,6,3,1,0,0,football_data,data/raw/football_data/2018-19.csv,43,194558
d79572b6f93026f36fbac6eedcea44c0953e92fb6c918c12eb4b2a95512aea52,2018-19,2018-09-16,20:00,Europe/Istanbul,tff_archive,Rizespor,Bursaspor,1,1,D,,,,played,True,0,1,12,9,5,4,25,19,3,3,0,2,0,0,football_data,data/raw/football_data/2018-19.csv,44,194556
20cd1a48deff994c598099a9712160af3c4dde6900952141a69ed9460311b314,2018-19,2018-09-17,20:00,Europe/Istanbul,tff_archive,Alanyaspor,Trabzonspor,1,0,H,,,,played,True,1,0,16,11,7,5,19,9,4,6,1,2,0,0,football_data,data/raw/football_data/2018-19.csv,46,194551
4784b965f3f3089f65ac84d593e3c160fdbfae468a58e9048c24da8a234a612e,2018-19,2018-09-21,20:00,Europe/Istanbul,tff_archive,Bursaspor,Istanbul Basaksehir,0,0,D,,,,played,True,0,0,13,7,4,1,10,14,1,4,1,4,0,0,football_data,data/raw/football_data/2018-19.csv,47,194567
00052f4ed3a755ead71d1c7d6ee3f69273be6210684720df3ed3f52e3458e4e8,2018-19,2018-09-21,20:00,Europe/Istanbul,tff_archive,Erzurumspor FK,Ankaragucu,0,1,A,,,,played,True,0,0,25,3,8,1,14,8,12,2,3,2,0,1,football_data,data/raw/football_data/2018-19.csv,48,194563
4df9ce529d644693529df3eb8b3d6f732bfe9a51356b79b27df0862fe8b12334,2018-19,2018-09-22,13:30,Europe/Istanbul,tff_archive,Yeni Malatyaspor,Rizespor,1,0,H,,,,played,True,1,0,23,7,9,1,17,15,10,3,2,3,0,1,football_data,data/raw/football_data/2018-19.csv,51,194561
dc5c2c912ef30cb1d5f8f3c1d17aea298af7dc9f2934b5e9e0650f21bef037c4,2018-19,2018-09-22,16:00,Europe/Istanbul,tff_archive,Kayserispor,Konyaspor,0,2,A,,,,played,True,0,2,17,8,4,5,18,7,6,5,1,2,0,0,football_data,data/raw/football_data/2018-19.csv,49,194565
7360fdc0ecb8d4a81d078acf4db36fe28a651e9ee36133e2908ef66803a5c6d9,2018-19,2018-09-22,19:00,Europe/Istanbul,tff_archive,Trabzonspor,Goztepe,1,2,A,,,,played,True,0,2,13,5,5,2,12,12,4,2,2,4,0,0,football_data,data/raw/football_data/2018-19.csv,50,194560
a23f6b04caf04c72bf80888d9855bca92d266a5571b71cbe1c8701aa94d3e325,2018-19,2018-09-23,16:00,Europe/Istanbul,tff_archive,Kasimpasa,Alanyaspor,1,2,A,,,,played,True,0,1,24,8,6,3,14,17,7,0,2,3,0,0,football_data,data/raw/football_data/2018-19.csv,54,194559
aa43b57d092c306576d10ea686e0deaa0eb8673dc8ca3543a2bb89fc4bf0694c,2018-19,2018-09-23,19:00,Europe/Istanbul,tff_archive,Akhisarspor,Galatasaray,3,0,H,,,,played,True,0,0,10,12,5,3,15,13,1,6,4,3,0,0,football_data,data/raw/football_data/2018-19.csv,52,194564
87f831dfbee7a7f3a405e5b1521e38ebdbe9fe7105fd751b7cd2300d7354d133,2018-19,2018-09-23,19:00,Europe/Istanbul,tff_archive,Antalyaspor,Sivasspor,2,1,H,,,,played,True,2,1,6,15,3,2,14,7,6,4,4,1,0,0,football_data,data/raw/football_data/2018-19.csv,53,194562
3a56d64e1c7005387e958a2b31bfd670f438c89aab53d52f669114099a8d6113,2018-19,2018-09-24,21:00,Europe/Istanbul,tff_archive,Fenerbahce,Besiktas,1,1,D,,,,played,True,0,1,13,11,7,4,13,16,2,7,1,5,0,1,football_data,data/raw/football_data/2018-19.csv,55,194566
a1edc58aafd0a0c5c34b27f2d06c1141beb13b9ce1e358b29100a99e1c3830d2,2018-19,2018-09-28,20:00,Europe/Istanbul,tff_archive,Galatasaray,Erzurumspor FK,1,0,H,,,,played,True,0,0,12,10,7,1,12,12,10,6,3,2,0,0,football_data,data/raw/football_data/2018-19.csv,56,194575
c400cf5e987c9ceccd2ee1e87ec55a51b444fecfc73ba5ea828efdd05997cb2f,2018-19,2018-09-29,16:00,Europe/Istanbul,tff_archive,Alanyaspor,Akhisarspor,2,1,H,,,,played,True,1,0,5,6,3,1,17,9,2,8,4,2,1,0,football_data,data/raw/football_data/2018-19.csv,57,194574
34736c9a481990bbe293a089a82e5b5999cb29f02dbe5514407be6be39620637,2018-19,2018-09-29,16:00,Europe/Istanbul,tff_archive,Trabzonspor,Kasimpasa,4,2,H,,,,played,True,1,2,19,16,7,9,14,11,7,6,2,3,0,0,football_data,data/raw/football_data/2018-19.csv,59,194570
ca8dbd36ff9aa97f603476be77149a8276053977073d391ffd0dc8288e9f2241,2018-19,2018-09-29,19:00,Europe/Istanbul,tff_archive,Besiktas,Kayserispor,2,0,H,,,,played,True,1,0,12,9,4,3,10,11,6,3,1,0,0,0,football_data,data/raw/football_data/2018-19.csv,58,194573
a8ea5a00e5da272abbe73472618d94bc28a34508af2cd34d4815e0522bf75df0,2018-19,2018-09-30,13:30,Europe/Istanbul,tff_archive,Sivasspor,Bursaspor,2,0,H,,,,played,True,1,0,9,7,3,3,23,14,5,6,2,4,0,0,football_data,data/raw/football_data/2018-19.csv,62,194571
aa6aaab59a04732279486a7e2aff98fe7675bc4980063a9345f920b303dcddee,2018-19,2018-09-30,16:00,Europe/Istanbul,tff_archive,Goztepe,Konyaspor,3,2,H,,,,played,True,2,0,13,10,9,2,11,15,7,6,3,4,0,0,football_data,data/raw/football_data/2018-19.csv,60,194576
ed2bf770c444740acf59098873f42ed388c722880ddf938725b6b6791515ead3,2018-19,2018-09-30,19:00,Europe/Istanbul,tff_archive,Rizespor,Fenerbahce,3,0,H,,,,played,True,3,0,9,17,4,5,11,15,5,7,1,1,0,0,football_data,data/raw/football_data/2018-19.csv,61,194569
722c51bbf1a0e4f4cee20dd52ac2fcf02823ab489c46f016cd2235f340d45eb4,2018-19,2018-10-01,20:00,Europe/Istanbul,tff_archive,Ankaragucu,Antalyaspor,0,1,A,,,,played,True,0,1,14,11,3,6,10,18,5,8,2,5,0,0,football_data,data/raw/football_data/2018-19.csv,63,194568
64f5ab7d91ed916032171574e6451bc828d6d9bfcce1fe702f61d8c7c964fa3e,2018-19,2018-10-01,20:00,Europe/Istanbul,tff_archive,Istanbul Basaksehir,Yeni Malatyaspor,1,1,D,,,,played,True,0,1,14,11,6,3,11,9,12,2,2,2,0,0,football_data,data/raw/football_data/2018-19.csv,64,194572
eafc772a5c3dfbf308953370a5ba98dbadf2895e320cb83c59916d04a027f0ab,2018-19,2018-10-05,20:00,Europe/Istanbul,tff_archive,Kasimpasa,Goztepe,3,1,H,,,,played,True,1,0,19,12,5,5,16,9,6,5,1,0,0,0,football_data,data/raw/football_data/2018-19.csv,65,194582
e27c8a518befc7dc293b959fc58295d4c450c638f3dfb30ebef5936a24bb53a1,2018-19,2018-10-06,13:30,Europe/Istanbul,tff_archive,Kayserispor,Rizespor,2,2,D,,,,played,True,0,1,14,6,4,2,11,14,5,6,1,3,1,1,football_data,data/raw/football_data/2018-19.csv,69,194584
6a9b9628bdc3251fc9b97a35975745b7c9a469f6685d46af1ae37df063ba606d,2018-19,2018-10-06,16:00,Europe/Istanbul,tff_archive,Bursaspor,Ankaragucu,1,0,H,,,,played,True,1,0,13,7,5,2,19,11,10,5,1,0,0,0,football_data,data/raw/football_data/2018-19.csv,67,194585
fa81e690eed39ace6ef37c0f28246b232e21425ac7abbc04341721482ef07ee8,2018-19,2018-10-06,16:00,Europe/Istanbul,tff_archive,Erzurumspor FK,Alanyaspor,1,0,H,,,,played,True,0,0,13,6,4,1,10,15,6,5,2,2,0,0,football_data,data/raw/football_data/2018-19.csv,68,194578
28e7d93d86eb4b0c260c699b7eea1141f135aca01003759113e42b4e27eaea57,2018-19,2018-10-06,19:00,Europe/Istanbul,tff_archive,Antalyaspor,Galatasaray,0,1,A,,,,played,True,0,0,5,15,0,7,15,14,5,7,1,3,0,0,football_data,data/raw/football_data/2018-19.csv,66,194580
3019c6eea2476a19cbdf4afa9302406bf98a9d5507018a98c741cad37340da4b,2018-19,2018-10-07,13:30,Europe/Istanbul,tff_archive,Yeni Malatyaspor,Sivasspor,4,4,D,,,,played,True,1,3,23,12,8,5,13,13,5,3,3,4,0,1,football_data,data/raw/football_data/2018-19.csv,73,194577
74cebf283c3ff2eb84bd88e9e575efc255f01fa75961bd1e44c3012ed4f87107,2018-19,2018-10-07,18:00,Europe/Istanbul,tff_archive,Fenerbahce,Istanbul Basaksehir,0,0,D,,,,played,True,0,0,16,9,4,3,15,16,7,6,5,4,0,0,football_data,data/raw/football_data/2018-19.csv,71,194579
8119536bc56fa2f7bcddd2282a21651f50f4c4993029238eea8f13204440f39d,2018-19,2018-10-07,19:00,Europe/Istanbul,tff_archive,Akhisarspor,Trabzonspor,1,3,A,,,,played,True,0,2,11,10,4,4,15,16,5,5,1,3,0,0,football_data,data/raw/football_data/2018-19.csv,70,194581
47cc52ce01743d05c2e08b497b4c53856b6a898861a418c9420493d0c34da83a,2018-19,2018-10-07,20:30,Europe/Istanbul,tff_archive,Konyaspor,Besiktas,2,2,D,,,,played,True,1,0,15,7,5,4,18,10,9,4,6,7,0,1,football_data,data/raw/football_data/2018-19.csv,72,194583
9b0f1962c339abde3ea4ab991856f5dbc8951733c9afb2e8cb131a61dfa26aed,2018-19,2018-10-19,20:30,Europe/Istanbul,tff_archive,Galatasaray,Bursaspor,1,1,D,,,,played,True,0,0,10,13,3,3,6,18,1,6,1,5,0,0,football_data,data/raw/football_data/2018-19.csv,74,194588
1045c55f41cd870975301dc99096ba24912e15b210f4301569ba11484089e4c0,2018-19,2018-10-20,13:30,Europe/Istanbul,tff_archive,Kasimpasa,Akhisarspor,5,0,H,,,,played,True,0,0,16,16,6,5,18,16,3,7,1,3,0,0,football_data,data/raw/football_data/2018-19.csv,76,194587
1fd950ecc5ab4093a8f7d33bbb4994b32dc654837ce2185aace113696b6ae3a4,2018-19,2018-10-20,16:00,Europe/Istanbul,tff_archive,Istanbul Basaksehir,Kayserispor,1,0,H,,,,played,True,1,0,14,7,3,2,15,14,8,4,4,3,0,0,football_data,data/raw/football_data/2018-19.csv,75,194586
cdd80c638f83577226d67c5b2b55ef8db69fb4eecdd50955406b7a3b8481ec5e,2018-19,2018-10-20,19:00,Europe/Istanbul,tff_archive,Sivasspor,Fenerbahce,0,0,D,,,,played,True,0,0,17,13,4,4,14,14,3,4,2,1,0,0,football_data,data/raw/football_data/2018-19.csv,77,194590
b1155e2403d6ef7e8c25a977134596c115f77e41781b2ee83cc5c1ed7a8cab27,2018-19,2018-10-21,13:30,Europe/Istanbul,tff_archive,Rizespor,Konyaspor,1,1,D,,,,played,True,1,0,9,14,3,4,20,21,3,7,2,0,1,0,football_data,data/raw/football_data/2018-19.csv,81,194591
c99192a3139d3b0d1a6e4e13518e84e669097e67fd23e74650d1792e002b43f2,2018-19,2018-10-21,16:00,Europe/Istanbul,tff_archive,Alanyaspor,Antalyaspor,0,1,A,,,,played,True,0,1,12,10,0,3,15,14,7,4,3,4,1,0,football_data,data/raw/football_data/2018-19.csv,78,194593
d87facf70c670bc39caed150a9aa8bf4f2d4fb9307886e3e22c94dbd0690a220,2018-19,2018-10-21,16:00,Europe/Istanbul,tff_archive,Ankaragucu,Yeni Malatyaspor,1,0,H,,,,played,True,1,0,7,10,3,2,21,19,6,6,4,4,0,0,football_data,data/raw/football_data/2018-19.csv,79,194589
f8616c6c0d52787fe55c852ec72d8d4feb7f308fd5a64c64a9cad371ea7ad4d1,2018-19,2018-10-21,19:00,Europe/Istanbul,tff_archive,Goztepe,Besiktas,2,0,H,,,,played,True,0,0,10,10,5,2,18,14,5,6,3,2,0,0,football_data,data/raw/football_data/2018-19.csv,80,194594
f15b6a4eacf7016112526a173d92b339479cb5dcbb5034441d49fd82a45700f0,2018-19,2018-10-22,20:00,Europe/Istanbul,tff_archive,Trabzonspor,Erzurumspor FK,0,0,D,,,,played,True,0,0,13,10,1,4,10,14,7,5,1,3,0,0,football_data,data/raw/football_data/2018-19.csv,82,194592
c0dedde5672ae179ea9b7bc078a0a83cbd9ccef2e457900c9b34a37b6d94ac1d,2018-19,2018-10-26,20:30,Europe/Istanbul,tff_archive,Bursaspor,Alanyaspor,2,0,H,,,,played,True,2,0,12,7,7,0,17,17,2,6,1,0,0,,football_data,data/raw/football_data/2018-19.csv,83,194596
51dc863ca1863af25e0236535bbc07a0b65ed089521309d80abe642a525b41f4,2018-19,2018-10-27,13:30,Europe/Istanbul,tff_archive,Erzurumspor FK,Kasimpasa,1,1,D,,,,played,True,1,0,14,18,5,7,18,9,6,8,4,1,1,0,football_data,data/raw/football_data/2018-19.csv,85,194599
8ef05718d20d9ea93fd8583402bdc0272c6269a476ca5dbfc0a39c6e0cd6d6cc,2018-19,2018-10-27,16:00,Europe/Istanbul,tff_archive,Konyaspor,Istanbul Basaksehir,0,1,A,,,,played,True,0,0,9,7,1,4,11,15,3,2,1,0,0,0,football_data,data/raw/football_data/2018-19.csv,86,194602
fc953fb6d8b177a758768385f95f5db382ed2a91a192f6f3965f19d84f9c9c29,2018-19,2018-10-27,19:00,Europe/Istanbul,tff_archive,Antalyaspor,Trabzonspor,1,1,D,,,,played,True,1,1,12,11,7,4,14,15,5,3,2,1,0,0,football_data,data/raw/football_data/2018-19.csv,84,194598
8c96221873c9889f48a615c19011aea1a4d124f37790046aa4623cf988843490,2018-19,2018-10-28,13:30,Europe/Istanbul,tff_archive,Kayserispor,Sivasspor,2,0,H,,,,played,True,0,0,10,14,4,2,13,14,3,5,4,6,0,1,football_data,data/raw/football_data/2018-19.csv,88,194595
c3df5c116751012f0f25035c6ab233349932d95381e21492f6601cab25a89755,2018-19,2018-10-28,18:00,Europe/Istanbul,tff_archive,Yeni Malatyaspor,Galatasaray,2,0,H,,,,played,True,1,0,12,14,5,2,16,13,5,5,2,1,0,0,football_data,data/raw/football_data/2018-19.csv,89,194597
d0d1cd948ccba98ec138c322dc8a2f05cf7721fd955390add24eacf10f681cda,2018-19,2018-10-28,20:30,Europe/Istanbul,tff_archive,Fenerbahce,Ankaragucu,1,3,A,,,,played,True,0,1,13,17,3,8,16,21,5,7,4,5,1,0,football_data,data/raw/football_data/2018-19.csv,87,194603
01a6ac19b8560f5a9d5b310f6a1006313df763a291c7a61d0b531451cb4ab390,2018-19,2018-10-29,20:00,Europe/Istanbul,tff_archive,Akhisarspor,Goztepe,1,0,H,,,,played,True,1,0,11,13,4,3,18,14,3,3,3,4,0,0,football_data,data/raw/football_data/2018-19.csv,90,194600
2f93fbae28e14c8e808a6ae8c38fbe3681fa310e3e067c8255a2b86f7d66b5c6,2018-19,2018-10-29,20:00,Europe/Istanbul,tff_archive,Besiktas,Rizespor,4,1,H,,,,played,True,2,0,26,5,12,2,12,12,7,2,3,2,0,2,football_data,data/raw/football_data/2018-19.csv,91,194601
a41e691418207d48a96816fe18e781f44be7034f84c0fc53a65a539ad2625c25,2018-19,2018-11-02,21:00,Europe/Istanbul,tff_archive,Galatasaray,Fenerbahce,2,2,D,,,,played,True,1,0,16,17,3,5,9,16,6,4,1,4,0,0,football_data,data/raw/football_data/2018-19.csv,92,194612
98843d74afa790948a2a5cbc8eb1d76f664a28ff5b6d2816e9785ea9fcf1264c,2018-19,2018-11-03,13:30,Europe/Istanbul,tff_archive,Kasimpasa,Antalyaspor,1,2,A,,,,played,True,1,1,19,9,6,6,12,14,7,3,2,4,0,0,football_data,data/raw/football_data/2018-19.csv,95,194604
8d99d31bc2ea289380f8e2c782ff37bbed142d1afb7f8d750f5a3852a65f4a39,2018-19,2018-11-03,16:00,Europe/Istanbul,tff_archive,Akhisarspor,Erzurumspor FK,1,1,D,,,,played,True,1,1,10,5,5,1,13,16,3,2,2,1,0,0,football_data,data/raw/football_data/2018-19.csv,93,194610
5284ef7b22ad0f1d983e1f745690193bba2cdd57e4eb26052eb7302e1dafc475,2018-19,2018-11-03,19:00,Europe/Istanbul,tff_archive,Istanbul Basaksehir,Besiktas,1,0,H,,,,played,True,1,0,9,15,3,3,14,14,3,9,2,2,0,0,football_data,data/raw/football_data/2018-19.csv,94,194609
37732a183e2a9051bcd9750b22a0a718cfb32b5740eab35a164e614550d91c25,2018-19,2018-11-04,13:30,Europe/Istanbul,tff_archive,Ankaragucu,Kayserispor,3,1,H,,,,played,True,2,0,10,11,5,2,18,18,3,6,0,4,0,1,football_data,data/raw/football_data/2018-19.csv,97,194607
9b8c0a8b7e6a5ab0b5dc14a0461e4de3c01949a8e6ad366d22232a4f5338cef5,2018-19,2018-11-04,16:00,Europe/Istanbul,tff_archive,Alanyaspor,Yeni Malatyaspor,0,1,A,,,,played,True,0,1,17,2,6,1,20,20,10,0,2,3,0,0,football_data,data/raw/football_data/2018-19.csv,96,194611
bcc197c64197e6c9086e93a692ffcdcf941806024c5b0721125d53608b9db446,2018-19,2018-11-04,19:00,Europe/Istanbul,tff_archive,Trabzonspor,Bursaspor,1,1,D,,,,played,True,1,0,17,14,6,6,16,16,3,6,2,2,0,0,football_data,data/raw/football_data/2018-19.csv,98,194605
242a494882fb4fa09d5616a8220448a95b7dbdc7514ed8cf89f206dab5d7eb8e,2018-19,2018-11-05,20:00,Europe/Istanbul,tff_archive,Goztepe,Rizespor,2,0,H,,,,played,True,1,0,12,13,6,2,11,8,6,13,0,1,0,0,football_data,data/raw/football_data/2018-19.csv,99,194606
aa5b197d6102290a1eedbdf1cf72d2c2166ebfd7391966e2a0b6f75117073a56,2018-19,2018-11-05,20:00,Europe/Istanbul,tff_archive,Sivasspor,Konyaspor,0,0,D,,,,played,True,0,0,17,10,3,2,23,13,12,3,2,4,0,1,football_data,data/raw/football_data/2018-19.csv,100,194608
d082d70eb33bb29f28c09acdd11206e26d0f5aa6634aff981dd4fcfe0e2e51f5,2018-19,2018-11-09,20:00,Europe/Istanbul,tff_archive,Yeni Malatyaspor,Trabzonspor,5,0,H,,,,played,True,2,0,10,15,6,5,14,6,2,2,1,1,0,0,football_data,data/raw/football_data/2018-19.csv,101,194616
cbd08cfe66332b67de4c3479c20365e096abaf0290f4ac7b81c2ae76f96198c1,2018-19,2018-11-10,13:30,Europe/Istanbul,tff_archive,Erzurumspor FK,Goztepe,2,1,H,,,,played,True,1,0,7,9,4,3,14,9,2,6,2,2,0,0,football_data,data/raw/football_data/2018-19.csv,102,194618
b745a0868ef5b38dcb86e250e47f64cb9115f645d0258e43afe22d8ee0827801,2018-19,2018-11-10,13:30,Europe/Istanbul,tff_archive,Konyaspor,Ankaragucu,2,0,H,,,,played,True,0,0,15,7,3,2,15,16,3,4,1,2,0,0,football_data,data/raw/football_data/2018-19.csv,104,194620
d7e98d5f4459a609a12fbb439227970c1e93263b0eaff5e573554c07d363ecf8,2018-19,2018-11-10,16:00,Europe/Istanbul,tff_archive,Rizespor,Istanbul Basaksehir,1,2,A,,,,played,True,0,0,6,13,2,4,14,10,4,4,2,1,0,0,football_data,data/raw/football_data/2018-19.csv,105,194619
92700d293cd8a388a00c1be082b7c7a74879cf18181fcba7febf27ec45efe4e8,2018-19,2018-11-10,19:00,Europe/Istanbul,tff_archive,Kayserispor,Galatasaray,0,3,A,,,,played,True,0,1,12,11,3,6,13,9,4,3,5,3,1,0,football_data,data/raw/football_data/2018-19.csv,103,194614
70b13e6f626c1d802603424b2e7dff69afe892d7a4d676b22cd30c44c46aee8b,2018-19,2018-11-11,13:30,Europe/Istanbul,tff_archive,Bursaspor,Kasimpasa,1,2,A,,,,played,True,1,1,24,10,4,4,17,14,6,6,3,1,0,0,football_data,data/raw/football_data/2018-19.csv,108,194615
642644a7f817fdda4ad50a3c11fa7ce3b9039ad9b97e905aff2a7263dc7c72e4,2018-19,2018-11-11,18:00,Europe/Istanbul,tff_archive,Fenerbahce,Alanyaspor,2,0,H,,,,played,True,2,0,12,10,5,3,11,17,3,6,2,2,0,0,football_data,data/raw/football_data/2018-19.csv,109,194621
c6f6d826fa8fe92629aed832dd6e4659fe73f027700c38ac47e38d568cab8f90,2018-19,2018-11-11,19:00,Europe/Istanbul,tff_archive,Antalyaspor,Akhisarspor,1,2,A,,,,played,True,0,0,17,5,6,3,10,17,8,7,3,1,0,0,football_data,data/raw/football_data/2018-19.csv,106,194617
5ffc4f4990c62bd789acf15dd30b9f04371f711bbde3c095d954a1df434ebf08,2018-19,2018-11-11,20:30,Europe/Istanbul,tff_archive,Besiktas,Sivasspor,1,2,A,,,,played,True,1,1,9,10,2,3,14,14,6,5,4,3,0,0,football_data,data/raw/football_data/2018-19.csv,107,194613
3fec1f669732c9e2c1f62e20761bf18e1f8a7f64f31a2dd4d6b6dcde459b5021,2018-19,2018-11-23,20:30,Europe/Istanbul,tff_archive,Galatasaray,Konyaspor,1,1,D,,,,played,True,0,0,13,8,2,2,12,14,0,3,1,3,1,0,football_data,data/raw/football_data/2018-19.csv,110,194629
b565fb7b5a7d9bb6a90105977960a6fe6ca84b5476827c0cf44328666ac7af28,2018-19,2018-11-24,13:30,Europe/Istanbul,tff_archive,Erzurumspor FK,Antalyaspor,1,0,H,,,,played,True,0,0,14,7,2,1,12,12,7,3,3,0,0,0,football_data,data/raw/football_data/2018-19.csv,113,194626
387084e8b02a48df78853d8ab8ad298e01ee11ae7e382793023059109ad28daf,2018-19,2018-11-24,16:00,Europe/Istanbul,tff_archive,Alanyaspor,Kayserispor,5,0,H,,,,played,True,1,0,15,5,10,1,20,11,9,2,3,5,0,0,football_data,data/raw/football_data/2018-19.csv,111,194624
fdab11b1a5f355c0f2c01babae8c3c1077488803af8ae0b7b2fc4f503d899813,2018-19,2018-11-24,19:00,Europe/Istanbul,tff_archive,Ankaragucu,Besiktas,1,4,A,,,,played,True,0,3,15,15,4,6,18,15,4,5,2,2,0,0,football_data,data/raw/football_data/2018-19.csv,112,205810
25106c22667b3b35be0c32208abeee2ad5b59edfa51a3528634c1798176b86bf,2018-19,2018-11-25,13:30,Europe/Istanbul,tff_archive,Sivasspor,Rizespor,1,1,D,,,,played,True,0,0,25,9,6,4,14,7,19,3,2,3,1,0,football_data,data/raw/football_data/2018-19.csv,116,194625
498c9729b1f267694778542a1feb69fede4b806c1447e4c134da2f0d82e8ae10,2018-19,2018-11-25,16:00,Europe/Istanbul,tff_archive,Akhisarspor,Bursaspor,2,4,A,,,,played,True,2,1,6,19,3,7,13,11,3,7,0,2,0,0,football_data,data/raw/football_data/2018-19.csv,114,194627
bb4760ac3c7fda82bd8be858722a9a29a3684faeb872c35eb729885227a1a874,2018-19,2018-11-25,19:00,Europe/Istanbul,tff_archive,Kasimpasa,Yeni Malatyaspor,3,0,H,,,,played,True,1,0,21,17,9,2,19,9,7,4,2,1,0,0,football_data,data/raw/football_data/2018-19.csv,115,194628
47bacf8ccbd9dc1b4bac234a19a0d3aeca5c96fb21e65e93e07833617a5530db,2018-19,2018-11-25,19:00,Europe/Istanbul,tff_archive,Trabzonspor,Fenerbahce,2,1,H,,,,played,True,0,0,26,11,8,3,11,17,6,6,3,3,0,0,football_data,data/raw/football_data/2018-19.csv,117,194623
548c388819f8f175fe290a33ce92af0a856989d2db1570b1b8410ce27b61bcf4,2018-19,2018-11-26,20:00,Europe/Istanbul,tff_archive,Goztepe,Istanbul Basaksehir,0,2,A,,,,played,True,0,1,15,15,4,7,8,13,7,1,4,3,0,0,football_data,data/raw/football_data/2018-19.csv,118,194630
7be837b9dbe6b2910045fb58ea7985d135f83f8c8d7aaeec8c09dec5790c86a0,2018-19,2018-11-30,20:00,Europe/Istanbul,tff_archive,Konyaspor,Alanyaspor,2,0,H,,,,played,True,0,0,9,8,4,2,10,10,2,3,3,2,0,1,football_data,data/raw/football_data/2018-19.csv,119,194637
2ff4213c6814de21be52079f8eff57eafd67c0c154264bb11d7b72d398a44446,2018-19,2018-11-30,20:00,Europe/Istanbul,tff_archive,Rizespor,Ankaragucu,1,1,D,,,,played,True,0,1,21,10,6,4,12,6,7,2,3,2,0,0,football_data,data/raw/football_data/2018-19.csv,120,194632
511e38428b49ffa96a9e4cf60835e7c23fd301dcd8b3053e22767aebe7baf458,2018-19,2018-12-01,16:00,Europe/Istanbul,tff_archive,Antalyaspor,Goztepe,1,0,H,,,,played,True,1,0,8,15,4,3,17,17,6,4,1,1,0,0,football_data,data/raw/football_data/2018-19.csv,121,194635
40075f12d95f227a56c560d713e41fb403de38455d2fe8e11741adcd978a9f01,2018-19,2018-12-01,16:00,Europe/Istanbul,tff_archive,Istanbul Basaksehir,Sivasspor,0,1,A,,,,played,True,0,1,16,9,2,1,8,15,6,0,3,3,0,0,football_data,data/raw/football_data/2018-19.csv,122,194631
4f9f67a24c672c06e7b9828fe05b7269aae370aed0ca05b1be812b95e786ea8e,2018-19,2018-12-01,19:00,Europe/Istanbul,tff_archive,Kayserispor,Trabzonspor,0,2,A,,,,played,True,0,0,7,18,2,7,15,16,2,5,5,1,0,0,football_data,data/raw/football_data/2018-19.csv,123,194638
5df1acf25a0465b0a3049d1bd7ecdada0db4a546742b9bc90a4b3822a8b03c6a,2018-19,2018-12-02,16:00,Europe/Istanbul,tff_archive,Bursaspor,Erzurumspor FK,2,1,H,,,,played,True,1,1,13,8,4,2,19,13,2,3,2,1,0,0,football_data,data/raw/football_data/2018-19.csv,125,194633
8c74db33687468e310d71bd0e19629a8fb64df4e38282d3defa69aaf756389bb,2018-19,2018-12-02,20:00,Europe/Istanbul,tff_archive,Besiktas,Galatasaray,1,0,H,,,,played,True,1,0,14,10,5,2,21,14,6,5,4,4,0,0,football_data,data/raw/football_data/2018-19.csv,124,194636
113354a2a570eb94599ba9bfe460c0ba7402c427c699412ca23f489b32f8ba6e,2018-19,2018-12-03,20:00,Europe/Istanbul,tff_archive,Fenerbahce,Kasimpasa,2,2,D,,,,played,True,2,1,21,16,3,3,11,19,8,2,3,1,0,0,football_data,data/raw/football_data/2018-19.csv,126,194639
b864d4a727038768f47b88bce538c94496eaba074ec58ee63eb9fcb2e5e8696b,2018-19,2018-12-03,20:00,Europe/Istanbul,tff_archive,Yeni Malatyaspor,Akhisarspor,1,1,D,,,,played,True,1,0,9,7,3,3,16,13,0,0,4,3,0,0,football_data,data/raw/football_data/2018-19.csv,127,194634
d9d32597848ed39a69901a2685775478d8e42a5b265bef8fdbeb6d0833f969c8,2018-19,2018-12-07,20:00,Europe/Istanbul,tff_archive,Alanyaspor,Besiktas,0,0,D,,,,played,True,0,0,13,9,3,3,15,16,7,10,3,2,0,0,football_data,data/raw/football_data/2018-19.csv,128,194642
557fb6413dc120caa9cfc5f4afbbea6ebb82bc398871ae0b20d411d9852d5378,2018-19,2018-12-08,13:30,Europe/Istanbul,tff_archive,Sivasspor,Goztepe,2,0,H,,,,played,True,0,0,15,7,6,1,13,13,7,3,3,4,0,1,football_data,data/raw/football_data/2018-19.csv,130,194643
f4b4f861378d3b3eac4a8f2f1d9cec4d3a5020ad5aae3696a692d05f506be340,2018-19,2018-12-08,16:00,Europe/Istanbul,tff_archive,Trabzonspor,Konyaspor,3,0,H,,,,played,True,0,0,18,7,6,2,13,13,5,2,2,3,0,0,football_data,data/raw/football_data/2018-19.csv,131,194646
4394f59eb46fb33c7d8b8e8e0f3b64a45dbe3bafc2e38f114bd42b2e9ce8db0c,2018-19,2018-12-08,19:00,Europe/Istanbul,tff_archive,Galatasaray,Rizespor,2,2,D,,,,played,True,1,0,20,18,8,8,11,12,8,4,2,1,0,0,football_data,data/raw/football_data/2018-19.csv,129,194647
8716d1b53b63c064aa8786d64360da37ec461f57d15768aa0065b7d288d23142,2018-19,2018-12-09,13:30,Europe/Istanbul,tff_archive,Erzurumspor FK,Yeni Malatyaspor,1,3,A,,,,played,True,1,0,15,9,5,5,10,15,9,4,0,3,0,0,football_data,data/raw/football_data/2018-19.csv,134,194644
4ed8d5c1e1ae49951e815fc8b4fad4f63dcdca9fbcbb68f566e8ef9217287e7b,2018-19,2018-12-09,16:00,Europe/Istanbul,tff_archive,Bursaspor,Antalyaspor,0,2,A,,,,played,True,0,2,13,6,4,3,21,11,9,0,4,1,0,0,football_data,data/raw/football_data/2018-19.csv,133,194648
ce3fc437208090e26758fb9ddbb7c18a842a0de9be8d0acaa84381cd9686dd0d,2018-19,2018-12-09,19:00,Europe/Istanbul,tff_archive,Akhisarspor,Fenerbahce,3,0,H,,,,played,True,1,0,12,16,4,4,13,7,2,7,2,1,0,0,football_data,data/raw/football_data/2018-19.csv,132,194641
7368ebaa694f4ca7efcb95633e63e20a4ef1fda9aab116bb8efb86b2b828f57c,2018-19,2018-12-10,20:00,Europe/Istanbul,tff_archive,Ankaragucu,Istanbul Basaksehir,0,1,A,,,,played,True,0,1,8,15,1,8,10,14,0,7,0,1,0,0,football_data,data/raw/football_data/2018-19.csv,135,194640
8e6b05fec5fd6b1bd012622f80491c8c1b41f19c07739fc9a2a5a6c74c4f954f,2018-19,2018-12-10,20:00,Europe/Istanbul,tff_archive,Kasimpasa,Kayserispor,0,3,A,,,,played,True,0,1,25,17,5,10,13,15,11,3,3,2,0,0,football_data,data/raw/football_data/2018-19.csv,136,194645
beac57ae9d046082d6ce5edd8629dd74c1297efa94e35e3b7c7fae372a147c1c,2018-19,2018-12-14,20:30,Europe/Istanbul,tff_archive,Goztepe,Bursaspor,0,0,D,,,,played,True,0,0,8,6,2,3,15,13,3,6,1,3,0,0,football_data,data/raw/football_data/2018-19.csv,137,194651
799c7a2a526549664a4d992ae7bccf8b340bde770712e7d6f06dbd3ac1d2d893,2018-19,2018-12-15,13:30,Europe/Istanbul,tff_archive,Rizespor,Alanyaspor,1,1,D,,,,played,True,0,1,16,16,8,6,19,17,9,5,4,3,0,0,football_data,data/raw/football_data/2018-19.csv,140,194649
443a497ae4bcdfffaba232267524158354d97f245a2b79f257fdf23e47b364f4,2018-19,2018-12-15,13:30,Europe/Istanbul,tff_archive,Sivasspor,Ankaragucu,4,0,H,,,,played,True,2,0,19,10,8,4,13,12,9,6,1,4,0,0,football_data,data/raw/football_data/2018-19.csv,141,194653
0dd8b2d75ec72233eed88e6daa1dd0b931aef6318c05e4237769a6bfe726366e,2018-19,2018-12-15,16:00,Europe/Istanbul,tff_archive,Konyaspor,Kasimpasa,3,2,H,,,,played,True,0,0,10,20,3,6,9,10,3,8,2,6,0,0,football_data,data/raw/football_data/2018-19.csv,139,194656
654b7dffc542cf1353efb471bd2c960b2a83bac604e25d728f8e90f25feb68fe,2018-19,2018-12-15,19:00,Europe/Istanbul,tff_archive,Istanbul Basaksehir,Galatasaray,1,1,D,,,,played,True,1,1,17,9,5,4,12,13,7,2,4,2,0,0,football_data,data/raw/football_data/2018-19.csv,138,194654
4bf0aeef79a678813d96a656b532c566422b9dd7bba9d8ce5ccc938f84117156,2018-19,2018-12-16,13:30,Europe/Istanbul,tff_archive,Yeni Malatyaspor,Antalyaspor,2,0,H,,,,played,True,2,0,12,8,3,1,16,18,2,2,2,4,1,1,football_data,data/raw/football_data/2018-19.csv,144,194652
cc4381f6e204009d9411d1075c3e649e0b66bf3262558150fd0304db52bbc651,2018-19,2018-12-16,16:00,Europe/Istanbul,tff_archive,Kayserispor,Akhisarspor,1,0,H,,,,played,True,0,0,13,7,5,2,19,8,3,6,2,1,0,0,football_data,data/raw/football_data/2018-19.csv,143,194650
3e80a206f7d60e851473b3f5fa58821e8e78c7d9ddd28ffb607ca98990fae761,2018-19,2018-12-16,19:00,Europe/Istanbul,tff_archive,Besiktas,Trabzonspor,2,2,D,,,,played,True,0,1,18,14,8,7,16,14,10,8,3,1,0,0,football_data,data/raw/football_data/2018-19.csv,142,194655
f2e5d133c74bc4c4c83e44425a071676c427cb5a33ecc426a626e03abfdc3ef5,2018-19,2018-12-17,20:00,Europe/Istanbul,tff_archive,Fenerbahce,Erzurumspor FK,2,2,D,,,,played,True,2,0,14,6,5,3,11,17,7,1,0,3,0,0,football_data,data/raw/football_data/2018-19.csv,145,194657
e0f7d8d16cf9f6323e4ffb86cce475d6167bc1bfc3dbd68035af96d3ce3ae74b,2018-19,2018-12-22,13:30,Europe/Istanbul,tff_archive,Ankaragucu,Goztepe,0,3,A,,,,played,True,0,0,13,11,1,4,16,18,4,3,2,1,0,0,football_data,data/raw/football_data/2018-19.csv,147,194658
f775db57c4ba36bd8409c1fe6ce07055113877f04a80e5122bcc0d9dfd3ac2d3,2018-19,2018-12-22,16:00,Europe/Istanbul,tff_archive,Alanyaspor,Istanbul Basaksehir,1,1,D,,,,played,True,0,1,13,12,7,6,13,12,1,3,3,2,1,0,football_data,data/raw/football_data/2018-19.csv,146,194665
ae75b180c7bcc8baee9188c46223d57e791668bb713b6244e2f03e48527bdf37,2018-19,2018-12-22,19:00,Europe/Istanbul,tff_archive,Kasimpasa,Besiktas,4,1,H,,,,played,True,2,0,12,16,7,6,14,15,4,3,3,3,0,0,football_data,data/raw/football_data/2018-19.csv,148,194659
dfc45dea87c1de796ddb959b7f6034a6227edc9f22789a3fd3f2508034eeb9bc,2018-19,2018-12-23,13:30,Europe/Istanbul,tff_archive,Erzurumspor FK,Kayserispor,1,1,D,,,,played,True,1,1,20,7,5,3,14,12,5,3,2,6,0,0,football_data,data/raw/football_data/2018-19.csv,150,194662
2527ee9083a54bbc707363c8085940a700d4d1c5ff6bf878f4e77903f8e47c57,2018-19,2018-12-23,16:00,Europe/Istanbul,tff_archive,Bursaspor,Yeni Malatyaspor,1,1,D,,,,played,True,1,0,8,4,2,1,13,11,5,1,1,3,0,1,football_data,data/raw/football_data/2018-19.csv,149,194666
37795cf7ad3eaec3193044438a4c011114bc37b02edc6bb1f351ee22e57c15aa,2018-19,2018-12-23,16:00,Europe/Istanbul,tff_archive,Trabzonspor,Rizespor,4,1,H,,,,played,True,1,0,18,13,5,6,18,9,6,4,4,2,0,0,football_data,data/raw/football_data/2018-19.csv,152,194664
9a39d23785ec13c8126619940eace2f83430be7e16700a53547951d9fd2a5c2f,2018-19,2018-12-23,19:00,Europe/Istanbul,tff_archive,Galatasaray,Sivasspor,4,2,H,,,,played,True,2,2,15,16,5,7,18,4,7,5,2,2,0,0,football_data,data/raw/football_data/2018-19.csv,151,194660
db79f41c72ba426f1b6c42502e37d97b82a329b5cbe0566adebc571f934dff10,2018-19,2018-12-24,20:00,Europe/Istanbul,tff_archive,Akhisarspor,Konyaspor,0,0,D,,,,played,True,0,0,8,10,3,3,14,15,0,4,3,3,0,0,football_data,data/raw/football_data/2018-19.csv,153,194663
34c4201091967941915d0c244b89e18112e38ab7a2697da38d4b3dc67f064b91,2018-19,2018-12-24,20:00,Europe/Istanbul,tff_archive,Antalyaspor,Fenerbahce,0,0,D,,,,played,True,0,0,7,19,3,6,12,11,2,9,1,4,0,1,football_data,data/raw/football_data/2018-19.csv,154,194661
6f57ac6e78bfc8c7b0a374053dd6727a839cd7700644ea7508a88435682257d5,2018-19,2019-01-18,20:30,Europe/Istanbul,tff_archive,Akhisarspor,Besiktas,1,3,A,0,3,A,played_then_awarded_forfeit,True,0,1,15,11,5,5,12,18,8,2,3,4,0,0,football_data,data/raw/football_data/2018-19.csv,155,194671
1a77a53bdc10dd7bdad18bfb8db56c6a5e1d5ff9179d1a8d1c5090d1b70d7767,2018-19,2019-01-19,13:30,Europe/Istanbul,tff_archive,Erzurumspor FK,Konyaspor,1,2,A,,,,played,True,0,1,14,10,3,4,11,15,8,4,3,4,0,0,football_data,data/raw/football_data/2018-19.csv,157,194672
dce1b133f746d2bbf1f7692eaecfa6ff319b406f53b1c474eb9d1d30d795c7f8,2018-19,2019-01-19,13:30,Europe/Istanbul,tff_archive,Yeni Malatyaspor,Goztepe,3,2,H,,,,played,True,2,2,9,10,5,3,13,11,2,11,1,1,0,0,football_data,data/raw/football_data/2018-19.csv,159,194675
9ffee042dcc78ccf291108ab39518358ae966aa6515cfb31eca9037cb4d7cf79,2018-19,2019-01-19,16:00,Europe/Istanbul,tff_archive,Antalyaspor,Kayserispor,0,0,D,,,,played,True,0,0,3,16,0,2,13,13,2,6,0,1,0,0,football_data,data/raw/football_data/2018-19.csv,156,194673
a5e894b81560529c8fad4e209b06f4ccaeb56706c4df5b2538e57165f094f0ba,2018-19,2019-01-19,19:00,Europe/Istanbul,tff_archive,Galatasaray,Ankaragucu,6,0,H,,,,played,True,3,0,23,11,10,3,13,13,0,2,3,3,0,0,football_data,data/raw/football_data/2018-19.csv,158,194667
9138283489493db1762c223383d9ccd5cc5e77d9cbebdcec8155182a8c9ce1e5,2018-19,2019-01-20,16:00,Europe/Istanbul,tff_archive,Alanyaspor,Sivasspor,2,0,H,,,,played,True,2,0,19,9,8,0,13,15,8,2,0,3,0,0,football_data,data/raw/football_data/2018-19.csv,160,194670
30a9617d51ce92783f1934415f839ecd9ba6f40502b1791ff45cc67dce9d334f,2018-19,2019-01-20,19:00,Europe/Istanbul,tff_archive,Trabzonspor,Istanbul Basaksehir,2,4,A,,,,played,True,0,2,20,10,10,8,17,15,8,4,3,2,0,0,football_data,data/raw/football_data/2018-19.csv,161,194668
ceacb06ea82810493026c3db05e88d441e75f58916d9eb89285b8b0ff91a7359,2018-19,2019-01-21,20:00,Europe/Istanbul,tff_archive,Bursaspor,Fenerbahce,1,1,D,,,,played,True,0,1,13,5,4,3,18,18,3,7,4,2,0,0,football_data,data/raw/football_data/2018-19.csv,162,194674
ca691d8dab07d55b630d55ff3f81675dbcc2f9117c7adbb120611e3ce3353784,2018-19,2019-01-21,20:00,Europe/Istanbul,tff_archive,Kasimpasa,Rizespor,0,1,A,,,,played,True,0,1,22,7,6,2,13,19,10,3,2,4,0,0,football_data,data/raw/football_data/2018-19.csv,163,194669
a27de9f73c2100b1508d675c85d5a77dc622c887c2800074df04e663a54637fd,2018-19,2019-01-25,20:30,Europe/Istanbul,tff_archive,Besiktas,Erzurumspor FK,1,1,D,,,,played,True,0,0,15,10,5,3,15,14,11,2,4,4,1,0,football_data,data/raw/football_data/2018-19.csv,164,194679
4679060c04c8cbd33cd26530e0a7514bfd31179210c3333ccef317f3c1b96f11,2018-19,2019-01-26,16:00,Europe/Istanbul,tff_archive,Kayserispor,Bursaspor,1,1,D,,,,played,True,0,1,7,12,4,3,15,9,8,7,2,2,1,0,football_data,data/raw/football_data/2018-19.csv,166,194677
18ed5ed19f841bafb1649290afd648f75b1eb89fc0cfd04a4902e0cd2b1f10b1,2018-19,2019-01-26,19:00,Europe/Istanbul,tff_archive,Goztepe,Galatasaray,0,1,A,,,,played,True,0,0,16,9,1,6,17,12,13,3,3,3,0,0,football_data,data/raw/football_data/2018-19.csv,165,194682
0413223e03ef6aa276de66219bc584af590a3db24c0c58ef56312988dfeafee9,2018-19,2019-01-27,13:30,Europe/Istanbul,tff_archive,Rizespor,Akhisarspor,3,1,H,,,,played,True,0,1,25,9,6,4,16,13,6,1,2,1,0,1,football_data,data/raw/football_data/2018-19.csv,168,194683
547821f367818a77f24021955946f93202728b9fa9da45cc9247bc14107634d6,2018-19,2019-01-27,16:00,Europe/Istanbul,tff_archive,Konyaspor,Antalyaspor,2,0,H,,,,played,True,1,0,11,7,4,2,19,10,5,1,1,1,0,0,football_data,data/raw/football_data/2018-19.csv,167,194678
447e6de547b1fad9fed962449465214c13587ddbef165e03cb2551adbc1fe838,2018-19,2019-01-27,19:00,Europe/Istanbul,tff_archive,Sivasspor,Trabzonspor,1,1,D,,,,played,True,0,0,15,15,5,6,11,14,3,5,0,1,0,0,football_data,data/raw/football_data/2018-19.csv,169,194676
025193b4d273fe9629bb6b130cb432662d633dbde53920404a74339813044577,2018-19,2019-01-28,20:00,Europe/Istanbul,tff_archive,Ankaragucu,Alanyaspor,0,2,A,,,,played,True,0,1,8,10,3,3,14,21,4,3,5,1,0,0,football_data,data/raw/football_data/2018-19.csv,170,194681
7628ae147becb7866c120f48da54142eb9f7058f08a8a7f072b17eee79022ad3,2018-19,2019-01-28,20:00,Europe/Istanbul,tff_archive,Fenerbahce,Yeni Malatyaspor,3,2,H,,,,played,True,2,2,19,8,8,4,21,20,6,4,6,4,0,0,football_data,data/raw/football_data/2018-19.csv,172,194684
ac9d9d02eb93f6d890d60ca4fe9ab9c6d6ceb58ad71c111dd35d08900d9e3141,2018-19,2019-01-28,20:00,Europe/Istanbul,tff_archive,Istanbul Basaksehir,Kasimpasa,2,0,H,,,,played,True,1,0,16,9,5,2,18,9,7,2,2,0,0,0,football_data,data/raw/football_data/2018-19.csv,171,194680
0095ca408521bb63445e0210c5c86fc4768a69b85ff12ed6f9c64d6f949fb10c,2018-19,2019-02-01,20:30,Europe/Istanbul,tff_archive,Fenerbahce,Goztepe,2,0,H,,,,played,True,1,0,12,6,4,3,16,15,3,2,3,3,0,1,football_data,data/raw/football_data/2018-19.csv,173,194685
0422efe433666ee8a6b2c4b6d4025257ba17cc09e186008174c45ee7030380a3,2018-19,2019-02-02,13:30,Europe/Istanbul,tff_archive,Yeni Malatyaspor,Kayserispor,1,1,D,,,,played,True,1,1,7,7,5,4,11,16,4,3,0,3,0,0,football_data,data/raw/football_data/2018-19.csv,177,194691
2144419d32796cda28473f0bf70b6cb3f32ffdbc17a588d02da47f118f41b78f,2018-19,2019-02-02,16:00,Europe/Istanbul,tff_archive,Kasimpasa,Sivasspor,1,3,A,,,,played,True,1,1,5,21,3,8,15,10,3,11,3,0,0,0,football_data,data/raw/football_data/2018-19.csv,175,194686
6451fa0a59d9341521f64140fc195ff80b4f73f1cea6c49c2b30edcdbe2d30b3,2018-19,2019-02-02,16:00,Europe/Istanbul,tff_archive,Trabzonspor,Ankaragucu,1,0,H,,,,played,True,1,0,21,13,8,5,19,17,2,5,4,3,0,0,football_data,data/raw/football_data/2018-19.csv,176,194688
ef47ddb98fd30c92bbf7900249401b16a8d31c5ca57779f1b8a0f6e25fe1ec6c,2018-19,2019-02-02,19:00,Europe/Istanbul,tff_archive,Alanyaspor,Galatasaray,1,1,D,,,,played,True,1,0,13,5,7,3,22,18,2,3,3,5,0,0,football_data,data/raw/football_data/2018-19.csv,174,194692
66d3c6b643a42ff4623fe1e530dc27c2b8fb3f3783f93e07de46bf273af3e834,2018-19,2019-02-03,13:30,Europe/Istanbul,tff_archive,Erzurumspor FK,Rizespor,0,1,A,,,,played,True,0,0,10,6,2,1,15,14,17,1,1,1,0,0,football_data,data/raw/football_data/2018-19.csv,180,194690
dfb4bb974a814f85106565e163fe3413286dd498e13ab9240fe940c6238b7fa8,2018-19,2019-02-03,16:00,Europe/Istanbul,tff_archive,Akhisarspor,Istanbul Basaksehir,0,3,A,,,,played,True,0,2,22,18,6,6,14,17,5,3,4,3,0,0,football_data,data/raw/football_data/2018-19.csv,178,194689
05aa29523dbb263d79af5bb22feea6b92ae0aba242146a0109625775d1564e5c,2018-19,2019-02-03,19:00,Europe/Istanbul,tff_archive,Antalyaspor,Besiktas,2,6,A,,,,played,True,0,3,11,13,4,7,12,14,7,7,3,2,0,0,football_data,data/raw/football_data/2018-19.csv,179,194687
ca9d89cc64bb35a01de8dab5019dcd6013cf4070714cee83323a66f241eafebe,2018-19,2019-02-04,20:00,Europe/Istanbul,tff_archive,Bursaspor,Konyaspor,0,0,D,,,,played,True,0,0,17,4,3,3,11,15,4,4,0,2,0,0,football_data,data/raw/football_data/2018-19.csv,181,194693
1c74b1d20df93ed6eca04e016c5615c629967ab07ab6162d43df89c20ba49e40,2018-19,2019-02-08,20:30,Europe/Istanbul,tff_archive,Kayserispor,Fenerbahce,1,0,H,,,,played,True,0,0,13,8,5,2,15,18,3,5,2,5,0,2,football_data,data/raw/football_data/2018-19.csv,182,194696
0c76ba867195e69526a96d01e1aa9a789416af7a878c8823ec3b8e9165d8a4c7,2018-19,2019-02-09,16:00,Europe/Istanbul,tff_archive,Istanbul Basaksehir,Erzurumspor FK,1,1,D,,,,played,True,1,0,9,13,2,2,21,12,3,6,3,1,0,0,football_data,data/raw/football_data/2018-19.csv,184,194694
d84a4c5e5c1f6072bdbe48ef46bc54af8174380a4e111d254acd29dfe782fed8,2018-19,2019-02-09,16:00,Europe/Istanbul,tff_archive,Rizespor,Antalyaspor,1,1,D,,,,played,True,1,0,20,25,5,4,15,13,7,8,2,1,0,0,football_data,data/raw/football_data/2018-19.csv,185,194697
7d03bbbbb213a5d3e519be1a644d079d297efe922987913c18fa725a54172855,2018-19,2019-02-09,19:00,Europe/Istanbul,tff_archive,Besiktas,Bursaspor,2,0,H,,,,played,True,1,0,11,8,7,3,17,14,4,3,1,1,0,0,football_data,data/raw/football_data/2018-19.csv,183,194701
483b77c457bd4fe37d86ca2fdc3796041084783f448c6a032a4e0275f67fb7ae,2018-19,2019-02-10,13:30,Europe/Istanbul,tff_archive,Konyaspor,Yeni Malatyaspor,1,1,D,,,,played,True,0,0,8,8,4,3,12,18,4,1,0,0,0,0,football_data,data/raw/football_data/2018-19.csv,188,194702
e7dc17dd9ad91c62151e00b1093ef6eba0c6af8d3d3818f6fe8057b89e2820b3,2018-19,2019-02-10,16:00,Europe/Istanbul,tff_archive,Goztepe,Alanyaspor,3,2,H,,,,played,True,2,1,14,14,7,6,13,14,1,5,8,4,1,0,football_data,data/raw/football_data/2018-19.csv,187,194700
df0ea17e22abb60b71ab4d2d11236d9c16bf1aaf7e740a947fccaba892587a11,2018-19,2019-02-10,19:00,Europe/Istanbul,tff_archive,Galatasaray,Trabzonspor,3,1,H,,,,played,True,2,1,18,14,9,4,17,12,4,9,4,1,0,0,football_data,data/raw/football_data/2018-19.csv,186,194699
24ac2354474dd1a50e38146388a9677a6a5a75c2c02f03e3d1f817b7158e4bce,2018-19,2019-02-11,20:00,Europe/Istanbul,tff_archive,Ankaragucu,Kasimpasa,3,0,H,,,,played,True,1,0,8,15,5,2,16,12,4,4,3,1,0,0,football_data,data/raw/football_data/2018-19.csv,189,194695
afb733fd1390ad6b86fb64d8260beac53b1937fb54afc965d29b32a714900189,2018-19,2019-02-11,20:00,Europe/Istanbul,tff_archive,Sivasspor,Akhisarspor,2,1,H,,,,played,True,1,0,13,13,6,3,18,13,3,8,4,2,1,0,football_data,data/raw/football_data/2018-19.csv,190,194698
cfd83696bcd4b0b82be4727658dcc9350facdc391156ab587f081a0f5484888f,2018-19,2019-02-15,20:30,Europe/Istanbul,tff_archive,Yeni Malatyaspor,Besiktas,1,2,A,,,,played,True,0,0,4,18,1,7,8,20,3,10,1,1,1,0,football_data,data/raw/football_data/2018-19.csv,191,194710
e932b8e2d3ee67a84b593db38e6d35b018b2d28b1d2ffe3a581d01b659d7adb3,2018-19,2019-02-16,13:30,Europe/Istanbul,tff_archive,Akhisarspor,Ankaragucu,0,0,D,,,,played,True,0,0,17,9,8,2,11,23,9,0,4,4,0,1,football_data,data/raw/football_data/2018-19.csv,192,194703
1b646d819bf700f27785c2ed703ace9af02abac2349cfeb04f67778fcb0623ce,2018-19,2019-02-16,16:00,Europe/Istanbul,tff_archive,Bursaspor,Rizespor,0,2,A,,,,played,True,0,1,17,5,2,5,14,22,8,4,3,2,0,0,football_data,data/raw/football_data/2018-19.csv,193,194709
23805a89aed866166f09fbd07b43483c054dd653c4209bc914daf6a4ddedabe6,2018-19,2019-02-16,19:00,Europe/Istanbul,tff_archive,Fenerbahce,Konyaspor,1,1,D,,,,played,True,1,1,17,3,3,2,16,10,11,3,3,1,0,1,football_data,data/raw/football_data/2018-19.csv,194,194711
c81428b7622ac11809f990169d490a5fc1b2db0a4884bbca365faf4e97e493f4,2018-19,2019-02-17,13:30,Europe/Istanbul,tff_archive,Erzurumspor FK,Sivasspor,4,2,H,,,,played,True,2,1,12,18,6,6,15,13,2,5,2,5,0,0,football_data,data/raw/football_data/2018-19.csv,195,194707
e95ef916f4c0956a77fcf18651ec66fc6a0b645f28de3948f716bc4cefa3e206,2018-19,2019-02-17,16:00,Europe/Istanbul,tff_archive,Kayserispor,Goztepe,2,1,H,,,,played,True,1,0,15,8,4,2,10,10,2,5,4,1,0,0,football_data,data/raw/football_data/2018-19.csv,197,194706
1977b2045a373eb93cb975181530372a6f9744f174e9dfe6c737671316bec5ec,2018-19,2019-02-17,16:00,Europe/Istanbul,tff_archive,Trabzonspor,Alanyaspor,0,2,A,,,,played,True,0,0,13,10,2,6,17,17,4,2,1,2,0,0,football_data,data/raw/football_data/2018-19.csv,198,194704
dc980b1eb96a4f2c453a69155f685a36daf5f75ccf26db6a0a5d34952f1d63a3,2018-19,2019-02-17,19:00,Europe/Istanbul,tff_archive,Kasimpasa,Galatasaray,1,4,A,,,,played,True,1,2,13,10,5,6,16,10,8,4,3,5,0,0,football_data,data/raw/football_data/2018-19.csv,196,194705
95020eb58c39a0d4a24025909fe7d687d328e06580f88f42cbac5152a391cab8,2018-19,2019-02-18,20:00,Europe/Istanbul,tff_archive,Antalyaspor,Istanbul Basaksehir,0,1,A,,,,played,True,0,1,8,17,3,8,12,15,8,5,3,2,0,0,football_data,data/raw/football_data/2018-19.csv,199,194708
e30929e13a4f16b7e457a7b4e084423a4229b570c6bd6ef2410fe5e11a3bf899,2018-19,2019-02-22,20:30,Europe/Istanbul,tff_archive,Goztepe,Trabzonspor,1,3,A,,,,played,True,0,1,8,13,1,6,13,9,10,3,2,1,0,0,football_data,data/raw/football_data/2018-19.csv,200,194713
7664d518f3a2db8172fbbc496bb4a213459f7e58abae9248b16846bdbaf2152b,2018-19,2019-02-22,20:30,Europe/Istanbul,tff_archive,Rizespor,Yeni Malatyaspor,3,0,H,,,,played,True,1,0,14,11,6,3,11,18,3,2,2,3,0,0,football_data,data/raw/football_data/2018-19.csv,201,194714
11eb26c80014b0e52a7f412b90aaafe46678a4062fbfc106481956f3a40dee56,2018-19,2019-02-23,13:30,Europe/Istanbul,tff_archive,Sivasspor,Antalyaspor,1,2,A,,,,played,True,0,2,11,8,4,4,17,9,7,5,1,2,0,0,football_data,data/raw/football_data/2018-19.csv,204,194715
e931d2ca39601c065e1ba438aacfa453710637b42870aa508885f275a5dca207,2018-19,2019-02-23,16:00,Europe/Istanbul,tff_archive,Alanyaspor,Kasimpasa,3,0,H,,,,played,True,1,0,19,5,9,2,16,16,5,6,3,2,0,1,football_data,data/raw/football_data/2018-19.csv,202,194712
d1f8191c8e44a67e8d55a419b5e82aad8eab26cba6be0d7c46f9be74a8892483,2018-19,2019-02-23,19:00,Europe/Istanbul,tff_archive,Istanbul Basaksehir,Bursaspor,3,0,H,,,,played,True,2,0,11,14,6,3,13,13,3,5,0,2,0,0,football_data,data/raw/football_data/2018-19.csv,203,194720
789af2c8f8027e861d833f66935358db7ee855ef3a1c4cf951509d9ad45fdcab,2018-19,2019-02-24,13:30,Europe/Istanbul,tff_archive,Ankaragucu,Erzurumspor FK,2,1,H,,,,played,True,1,0,14,14,6,6,23,12,2,6,2,2,0,1,football_data,data/raw/football_data/2018-19.csv,205,194716
bbd151c1068fc5f7cca44691911dddb18e1e50a5b86051a111a0e010b772a445,2018-19,2019-02-24,16:00,Europe/Istanbul,tff_archive,Konyaspor,Kayserispor,0,1,A,,,,played,True,0,0,8,10,1,2,7,10,6,4,2,1,0,0,football_data,data/raw/football_data/2018-19.csv,207,194718
6b0e1718815bab79eeb7b589b52e7fd1fc2dc3231af5e8bb1bdc675222a4fcd9,2018-19,2019-02-24,19:00,Europe/Istanbul,tff_archive,Galatasaray,Akhisarspor,1,0,H,,,,played,True,0,0,21,4,6,1,15,24,15,2,2,6,0,0,football_data,data/raw/football_data/2018-19.csv,206,194717
dd32b4abe38a655b5d3a98c2215cd2b3301b68aa2151e22e6aa9e4e1afd1ebfd,2018-19,2019-02-25,21:00,Europe/Istanbul,tff_archive,Besiktas,Fenerbahce,3,3,D,,,,played,True,3,0,9,17,5,4,22,19,3,5,2,4,0,0,football_data,data/raw/football_data/2018-19.csv,208,194719
6497796198549449ebf7d4ca8bcbf95568fb084dfdb926e2b904309eddb468a0,2018-19,2019-03-01,20:30,Europe/Istanbul,tff_archive,Antalyaspor,Ankaragucu,2,4,A,,,,played,True,2,3,17,10,5,4,8,23,4,4,3,6,0,0,football_data,data/raw/football_data/2018-19.csv,209,194721
1b703561ad56a77e088e4e94d95720fcce064f2e4cc5440d58a157933e6912e4,2018-19,2019-03-02,16:00,Europe/Istanbul,tff_archive,Bursaspor,Sivasspor,3,2,H,,,,played,True,1,1,12,4,5,3,21,10,7,1,3,1,0,0,football_data,data/raw/football_data/2018-19.csv,210,194724
268b7ea055299665d79932bb5e7ef297bf5ae64be9fb1e0ce0ae1905ccf9563f,2018-19,2019-03-02,16:00,Europe/Istanbul,tff_archive,Kayserispor,Besiktas,2,2,D,,,,played,True,0,1,14,10,5,4,16,11,4,7,3,3,0,0,football_data,data/raw/football_data/2018-19.csv,212,194726
39a09f1547859cf7fa30d38dea65cba9fa5a2ed252d32af4b5f12ef55f11d349,2018-19,2019-03-02,19:00,Europe/Istanbul,tff_archive,Fenerbahce,Rizespor,3,2,H,,,,played,True,2,1,22,9,7,4,13,13,9,2,2,4,0,1,football_data,data/raw/football_data/2018-19.csv,211,194722
686c397aa224202a77050af9dd5d16e8d87dc056ff8b5480aa0a5b0369bd007b,2018-19,2019-03-03,13:30,Europe/Istanbul,tff_archive,Konyaspor,Goztepe,1,1,D,,,,played,True,1,0,13,12,7,2,14,11,3,5,3,4,0,1,football_data,data/raw/football_data/2018-19.csv,214,194729
bbbcddae9e8f458a6ae172614c1c83e1616aa31f64d642f7f18476e0d0caec5f,2018-19,2019-03-03,16:00,Europe/Istanbul,tff_archive,Yeni Malatyaspor,Istanbul Basaksehir,0,2,A,,,,played,True,0,1,9,9,2,5,10,12,4,3,2,3,0,0,football_data,data/raw/football_data/2018-19.csv,215,194725
1ae566af8efdd48b2e7bd5e85eb650dc00499345f85c1340e15b6b7ada736147,2018-19,2019-03-03,19:00,Europe/Istanbul,tff_archive,Erzurumspor FK,Galatasaray,1,1,D,,,,played,True,1,0,18,14,6,4,11,11,6,9,0,1,0,0,football_data,data/raw/football_data/2018-19.csv,213,194728
af8e049b49fa37202b0a7f990f39459195cdb053cfcc5bffb6739cac364d9b2d,2018-19,2019-03-04,20:00,Europe/Istanbul,tff_archive,Akhisarspor,Alanyaspor,3,1,H,,,,played,True,0,0,8,8,4,1,20,21,5,4,1,2,0,0,football_data,data/raw/football_data/2018-19.csv,216,194727
f7f003350612ce3785e225faeafa059e29610c8c23b17fdc5fb2ad8f5c55803e,2018-19,2019-03-04,20:00,Europe/Istanbul,tff_archive,Kasimpasa,Trabzonspor,2,2,D,,,,played,True,0,2,14,10,8,5,13,12,6,1,4,2,0,0,football_data,data/raw/football_data/2018-19.csv,217,194723
c9fb9649f92676eb927e883c16aa09bda1dbec026b028efd9b700af03644f002,2018-19,2019-03-08,20:30,Europe/Istanbul,tff_archive,Sivasspor,Yeni Malatyaspor,2,0,H,,,,played,True,2,0,13,10,5,3,18,17,6,9,1,3,0,0,football_data,data/raw/football_data/2018-19.csv,218,194730
786d5b590b97bb57be874b6e6b53722ffb04918f48b6e850fbcccfe35ff70b9f,2018-19,2019-03-09,16:00,Europe/Istanbul,tff_archive,Trabzonspor,Akhisarspor,2,1,H,,,,played,True,0,0,17,10,8,4,20,21,7,0,5,3,0,0,football_data,data/raw/football_data/2018-19.csv,221,194734
08040047219972930b0523398b7dcab6e081bd0b11c08d9cd5d535ad972058b7,2018-19,2019-03-09,19:00,Europe/Istanbul,tff_archive,Ankaragucu,Bursaspor,0,0,D,,,,played,True,0,0,10,12,4,2,11,7,5,4,1,1,0,0,football_data,data/raw/football_data/2018-19.csv,219,194738
b01a3ca6f7a55b0a901ef0a7a117cb55cfc93bfe3d68c5f0ca8141b98f9cbd6e,2018-19,2019-03-09,19:00,Europe/Istanbul,tff_archive,Istanbul Basaksehir,Fenerbahce,2,1,H,,,,played,True,1,0,17,12,3,4,14,10,3,4,2,2,0,0,football_data,data/raw/football_data/2018-19.csv,220,194732
bc3b798496ef001354865a1555fb992aa7f4ee73283536b35c46227e87206d70,2018-19,2019-03-10,13:30,Europe/Istanbul,tff_archive,Alanyaspor,Erzurumspor FK,2,1,H,,,,played,True,1,0,18,6,6,3,13,21,6,2,1,2,0,0,football_data,data/raw/football_data/2018-19.csv,222,194731
cd26ae4276eb60698321300011ca7c97a558465a022914e79a89445d1033966c,2018-19,2019-03-10,16:00,Europe/Istanbul,tff_archive,Goztepe,Kasimpasa,0,0,D,,,,played,True,0,0,12,4,2,2,14,25,7,1,1,3,0,0,football_data,data/raw/football_data/2018-19.csv,224,194735
fee90acd20503267c95c75e4c96aa0d42e7bef91bc177965f200c649b2e6def7,2018-19,2019-03-10,16:00,Europe/Istanbul,tff_archive,Rizespor,Kayserispor,3,0,H,,,,played,True,1,0,12,16,6,4,14,10,4,5,3,1,0,0,football_data,data/raw/football_data/2018-19.csv,225,194737
774ceba650aa6c8efa2f117d3ece0a2a5e88f7fb12bb2f62d8861d1d441cc557,2018-19,2019-03-10,19:00,Europe/Istanbul,tff_archive,Besiktas,Konyaspor,3,2,H,,,,played,True,2,1,20,4,12,3,14,20,9,1,2,3,0,0,football_data,data/raw/football_data/2018-19.csv,223,194736
155782477a710e1a069a43dc500da6a04593c82d1f30420b3152dd68b0e25e9e,2018-19,2019-03-11,20:00,Europe/Istanbul,tff_archive,Galatasaray,Antalyaspor,5,0,H,,,,played,True,1,0,15,14,7,7,5,11,6,6,2,1,0,0,football_data,data/raw/football_data/2018-19.csv,226,194733
0f569c7f61317bac6e4bd50827dffd3e1ea1830a523fa643af59da0c97651db4,2018-19,2019-03-15,20:30,Europe/Istanbul,tff_archive,Fenerbahce,Sivasspor,2,1,H,,,,played,True,0,0,15,11,5,2,10,20,9,7,3,2,0,0,football_data,data/raw/football_data/2018-19.csv,227,194743
13f1f1c77e7a5a862169b631931a5fcfd3542fe58a6c5e3a961a0dd5f3ebdb82,2018-19,2019-03-16,13:34,Europe/Istanbul,tff_archive,Konyaspor,Rizespor,0,2,A,,,,played,True,0,1,9,10,1,4,16,17,6,3,1,2,1,0,football_data,data/raw/football_data/2018-19.csv,232,194744
e39d585e40ad6d3f404763f250ff3086320ce0e79097646a75b091e2d4843a7a,2018-19,2019-03-16,16:00,Europe/Istanbul,tff_archive,Akhisarspor,Kasimpasa,2,3,A,,,,played,True,1,1,15,16,7,7,11,15,7,6,1,0,0,0,football_data,data/raw/football_data/2018-19.csv,228,194740
ff2d54bf48ccbe68c499ca731beea6bfe629b19d3c2bbf8dca87819241c44afb,2018-19,2019-03-16,16:00,Europe/Istanbul,tff_archive,Erzurumspor FK,Trabzonspor,0,1,A,,,,played,True,0,0,20,13,7,3,11,13,3,4,2,3,0,0,football_data,data/raw/football_data/2018-19.csv,231,194745
33fd1adc40a8b26ee1284a6326199c4b77dbd2452e68a7bdb95b653090546911,2018-19,2019-03-16,19:00,Europe/Istanbul,tff_archive,Antalyaspor,Alanyaspor,3,0,H,,,,played,True,2,0,9,12,4,5,17,10,1,5,3,2,0,0,football_data,data/raw/football_data/2018-19.csv,229,194746
b09ca2c8d0677a915fd51407515a33624df95cac66a9718b998dadde05b8efb4,2018-19,2019-03-16,19:00,Europe/Istanbul,tff_archive,Besiktas,Goztepe,1,0,H,,,,played,True,0,0,6,13,1,5,20,13,3,4,0,2,0,0,football_data,data/raw/football_data/2018-19.csv,230,194747
3328eeb72b1ad28c3920d3437bf97a3041e24bad4ad9b182f3b50f125218c264,2018-19,2019-03-17,13:30,Europe/Istanbul,tff_archive,Yeni Malatyaspor,Ankaragucu,3,1,H,,,,played,True,0,0,8,11,4,3,12,15,4,4,2,2,0,0,football_data,data/raw/football_data/2018-19.csv,235,194742
73f0405c27d8be010115e61a2796461081411e1e485266eb5880fdd1d3f7b54e,2018-19,2019-03-17,16:00,Europe/Istanbul,tff_archive,Kayserispor,Istanbul Basaksehir,1,1,D,,,,played,True,1,0,12,34,6,10,14,9,1,15,2,1,0,0,football_data,data/raw/football_data/2018-19.csv,234,194739
7132541c15ed317e367376e4eadb7e716cb08b055ff64819786b8c26fc885003,2018-19,2019-03-17,19:00,Europe/Istanbul,tff_archive,Bursaspor,Galatasaray,2,3,A,,,,played,True,2,1,13,9,5,3,13,8,5,3,2,6,0,0,football_data,data/raw/football_data/2018-19.csv,233,194741
46c2e374fa0ec92d312f9a89372c7a3db50113c6cb9609e6c5b2ccb2af3725d4,2018-19,2019-04-05,20:30,Europe/Istanbul,tff_archive,Trabzonspor,Antalyaspor,4,1,H,,,,played,True,1,1,21,12,7,3,12,12,8,1,1,1,0,0,football_data,data/raw/football_data/2018-19.csv,236,194751
f9cc279a47f65eeb0cafbd254a891d87ce2ee1eb3b4a82d01b9f5edfb23b2398,2018-19,2019-04-06,16:00,Europe/Istanbul,tff_archive,Alanyaspor,Bursaspor,1,0,H,,,,played,True,0,0,18,10,4,3,15,13,4,2,6,2,0,0,football_data,data/raw/football_data/2018-19.csv,237,194749
6bc61624e1b5442009ce751f4ad48d957eb46cb9a7fe6c3d6059f5dc93b52673,2018-19,2019-04-06,16:00,Europe/Istanbul,tff_archive,Sivasspor,Kayserispor,1,3,A,,,,played,True,0,3,17,10,8,8,14,14,4,4,2,3,0,0,football_data,data/raw/football_data/2018-19.csv,239,194748
7692270264f1422791ea7b6bf3279bc3691f7ecb5483a524f89b683773feb63c,2018-19,2019-04-06,19:00,Europe/Istanbul,tff_archive,Galatasaray,Yeni Malatyaspor,3,0,H,,,,played,True,1,0,25,8,6,2,9,14,12,1,2,2,0,0,football_data,data/raw/football_data/2018-19.csv,238,194750
c17fbc348e2df67415180e6ab6b9fe532ab640c007b94991fbfc3c8f12e72598,2018-19,2019-04-07,13:30,Europe/Istanbul,tff_archive,Kasimpasa,Erzurumspor FK,2,1,H,,,,played,True,1,0,19,13,5,3,15,11,6,4,1,1,0,0,football_data,data/raw/football_data/2018-19.csv,243,194752
ec04285d87d589fed0f70ae71dc32e5578dfefa223c10691cff8dcd2162f4476,2018-19,2019-04-07,16:00,Europe/Istanbul,tff_archive,Ankaragucu,Fenerbahce,1,1,D,,,,played,True,1,0,12,14,3,6,20,8,5,7,4,3,1,1,football_data,data/raw/football_data/2018-19.csv,240,194756
fc22a4890f79d2fb9950ab6cdc786fceaecde4c04a29f669069f6ac03fd5514d,2018-19,2019-04-07,16:00,Europe/Istanbul,tff_archive,Goztepe,Akhisarspor,0,1,A,,,,played,True,0,0,19,12,5,3,15,15,14,7,3,3,0,0,football_data,data/raw/football_data/2018-19.csv,242,194753
54d5ae8b68a4bad971f0eeaad9c8c8644f088dcffacb02cd2ee3e8ba20940c05,2018-19,2019-04-07,19:00,Europe/Istanbul,tff_archive,Istanbul Basaksehir,Konyaspor,2,0,H,,,,played,True,0,0,15,13,4,4,9,11,8,5,1,2,0,0,football_data,data/raw/football_data/2018-19.csv,241,194755
7f26ce4205f3409e3553e0205c6bd3116034544ffb9a3f527e220fd59239a6bb,2018-19,2019-04-08,20:00,Europe/Istanbul,tff_archive,Rizespor,Besiktas,2,7,A,,,,played,True,1,2,19,11,6,11,8,10,3,2,1,2,0,0,football_data,data/raw/football_data/2018-19.csv,244,194754
f913aace9d1430dd93c16fe632555965b23cec031794ac63fa14875df5616a6c,2018-19,2019-04-12,20:30,Europe/Istanbul,tff_archive,Bursaspor,Trabzonspor,0,1,A,,,,played,True,0,0,18,11,3,3,18,11,10,7,3,3,0,0,football_data,data/raw/football_data/2018-19.csv,245,194758
11b74fdf1017e843736534b1fc24920845d3507f03f8efc365561ad6bbc72910,2018-19,2019-04-13,16:00,Europe/Istanbul,tff_archive,Konyaspor,Sivasspor,1,1,D,,,,played,True,1,1,6,8,3,3,13,10,0,4,2,1,0,0,football_data,data/raw/football_data/2018-19.csv,247,194761
c6de65ac518168c6147b2e7800d54adf238559fe1637867e648863ce13b6c021,2018-19,2019-04-13,16:00,Europe/Istanbul,tff_archive,Rizespor,Goztepe,1,0,H,,,,played,True,0,0,15,8,8,2,18,15,3,6,2,1,0,0,football_data,data/raw/football_data/2018-19.csv,248,194759
5148e06e32713c43b5e37362d279599c57b57aa6d072155b8a6d7815a09e3c21,2018-19,2019-04-13,19:00,Europe/Istanbul,tff_archive,Besiktas,Istanbul Basaksehir,2,1,H,,,,played,True,1,1,15,13,6,5,16,18,10,4,2,2,0,0,football_data,data/raw/football_data/2018-19.csv,246,194762
98a9811d750c9ce13e04fa4521c3758a6c6f8a53abdc086c836e1f69b2e11ef9,2018-19,2019-04-14,13:30,Europe/Istanbul,tff_archive,Kayserispor,Ankaragucu,0,2,A,,,,played,True,0,0,12,12,3,6,6,13,2,6,0,1,0,0,football_data,data/raw/football_data/2018-19.csv,251,194760
82ed4b8baef4fa4dd10fc1d6c554eddb18c42e7877cf0e4bb81ccab351aeb962,2018-19,2019-04-14,16:00,Europe/Istanbul,tff_archive,Antalyaspor,Kasimpasa,1,0,H,,,,played,True,1,0,10,25,5,7,17,13,4,5,2,2,1,0,football_data,data/raw/football_data/2018-19.csv,249,194757
bd87423dfa9ca34c95f35b79dc4afb355697f62965593fee7a8d779eb2b29166,2018-19,2019-04-14,16:00,Europe/Istanbul,tff_archive,Yeni Malatyaspor,Alanyaspor,1,1,D,,,,played,True,1,1,18,8,5,4,14,15,3,4,1,5,1,1,football_data,data/raw/football_data/2018-19.csv,252,194764
0ae2d11da9896b77bb11896e4cbfd5da17184b06f02164b5e9b6e3e070671373,2018-19,2019-04-14,19:00,Europe/Istanbul,tff_archive,Fenerbahce,Galatasaray,1,1,D,,,,played,True,0,0,6,14,2,2,16,12,2,5,5,4,1,0,football_data,data/raw/football_data/2018-19.csv,250,194765
c0ab4289cfb2d8238fc6bdf86358f3964db32a939054cf59be14999e28779004,2018-19,2019-04-15,20:00,Europe/Istanbul,tff_archive,Erzurumspor FK,Akhisarspor,2,1,H,,,,played,True,0,0,16,13,5,8,11,9,6,3,1,2,0,0,football_data,data/raw/football_data/2018-19.csv,253,194763
c8e75aa9a2fbe3dfe792a7999bee91e4a8344d2f73555a86d14b8403ed5e516e,2018-19,2019-04-19,20:30,Europe/Istanbul,tff_archive,Kasimpasa,Bursaspor,1,1,D,,,,played,True,0,0,10,17,2,5,16,15,3,4,2,1,0,0,football_data,data/raw/football_data/2018-19.csv,254,194768
5fa17ad0eae36b147e93b30df99a55b04982a87cf7849ca7de4db413911dabc7,2018-19,2019-04-20,16:00,Europe/Istanbul,tff_archive,Akhisarspor,Antalyaspor,1,2,A,,,,played,True,0,2,21,10,9,6,15,8,17,1,2,2,0,0,football_data,data/raw/football_data/2018-19.csv,255,194770
c09bb91535a21a73f65a68e3259ac5eb8a9ad957f7ceee65943be4961047e51f,2018-19,2019-04-20,16:00,Europe/Istanbul,tff_archive,Trabzonspor,Yeni Malatyaspor,2,1,H,,,,played,True,1,1,20,11,8,3,13,15,7,3,2,3,0,1,football_data,data/raw/football_data/2018-19.csv,258,194769
f26b22d2b25221a7163b8461c603776ee4fea5bd90598ad1d03106364cb7e1bb,2018-19,2019-04-20,19:00,Europe/Istanbul,tff_archive,Galatasaray,Kayserispor,3,1,H,,,,played,True,3,1,17,11,7,5,9,16,6,3,3,5,0,1,football_data,data/raw/football_data/2018-19.csv,256,194767
f8ffcf62fdd7682fe2a507eb1ea312779a5aed1898950e1ca987f1105ec13ea9,2018-19,2019-04-20,19:00,Europe/Istanbul,tff_archive,Goztepe,Erzurumspor FK,0,1,A,,,,played,True,0,1,22,11,5,6,17,12,11,6,2,3,0,0,football_data,data/raw/football_data/2018-19.csv,257,194771
2652f7a7dcba1efb34cd0aaa8d5d409cb3587e975c255a4bc54f00dc6c8b653f,2018-19,2019-04-21,13:30,Europe/Istanbul,tff_archive,Ankaragucu,Konyaspor,0,0,D,,,,played,True,0,0,14,12,6,1,15,15,1,4,1,2,0,0,football_data,data/raw/football_data/2018-19.csv,260,194773
a63919fb8b457423419f3c7570738e9550925c56ece6b19f96e7a81956583104,2018-19,2019-04-21,16:00,Europe/Istanbul,tff_archive,Istanbul Basaksehir,Rizespor,1,1,D,,,,played,True,0,0,16,9,5,1,14,19,7,2,0,4,0,0,football_data,data/raw/football_data/2018-19.csv,261,194772
76b8d280a1e07283c33207b8ebf20baae29c50eb16a3d2a0b1b91715930a3b69,2018-19,2019-04-21,19:00,Europe/Istanbul,tff_archive,Alanyaspor,Fenerbahce,1,0,H,,,,played,True,0,0,25,7,8,1,12,14,10,4,0,1,0,0,football_data,data/raw/football_data/2018-19.csv,259,194774
495565043a52a4048d25e2a557b8796a1d4a5aeedad5974d91eaa6eb2e531e6a,2018-19,2019-04-22,20:00,Europe/Istanbul,tff_archive,Sivasspor,Besiktas,1,2,A,,,,played,True,1,1,8,21,4,6,18,15,4,8,1,3,0,0,football_data,data/raw/football_data/2018-19.csv,262,194766
4e6085bc3367b1be733d9196a4b8eaa7847fea6ca38049a027900d98d8d3bb12,2018-19,2019-04-26,20:30,Europe/Istanbul,tff_archive,Istanbul Basaksehir,Goztepe,0,2,A,,,,played,True,0,1,23,8,5,4,11,10,9,1,2,1,0,0,football_data,data/raw/football_data/2018-19.csv,263,194783
886e504763671a526af8b85fc2c47aa8545da0e7a5280d64129b9527bf402702,2018-19,2019-04-27,16:00,Europe/Istanbul,tff_archive,Antalyaspor,Erzurumspor FK,1,1,D,,,,played,True,1,0,11,17,2,4,7,8,2,5,1,1,0,0,football_data,data/raw/football_data/2018-19.csv,264,194779
c58201d86cb1bfe26867532c5b341f346d6991c23165163ee5d4f57416c6f0eb,2018-19,2019-04-27,16:00,Europe/Istanbul,tff_archive,Rizespor,Sivasspor,0,0,D,,,,played,True,0,0,23,6,5,3,10,11,5,2,1,3,0,0,football_data,data/raw/football_data/2018-19.csv,266,194778
43d805a66351945570b053a629b320a8e0613699deda609e9db60b0b6c4cb439,2018-19,2019-04-27,19:00,Europe/Istanbul,tff_archive,Fenerbahce,Trabzonspor,1,1,D,,,,played,True,0,1,16,17,5,5,17,20,5,2,5,2,1,0,football_data,data/raw/football_data/2018-19.csv,265,194776
5d57b8c53bb88fca6286aa458c10e5edf9f6157e6a0af1698dd051cd1e4f5c47,2018-19,2019-04-28,16:00,Europe/Istanbul,tff_archive,Bursaspor,Akhisarspor,0,0,D,,,,played,True,0,0,20,11,2,2,17,14,7,4,1,3,0,0,football_data,data/raw/football_data/2018-19.csv,268,194780
2c44b6dfc92a97b1245421e8ac21f3648fc7a0e83487443ff48b2f9be3ddbc3f,2018-19,2019-04-28,16:00,Europe/Istanbul,tff_archive,Kayserispor,Alanyaspor,1,1,D,,,,played,True,1,1,13,15,7,3,16,16,2,6,2,3,0,0,football_data,data/raw/football_data/2018-19.csv,269,194777
3da64fa44af65bc390531fbbfc8a0ec8b3034e90e7c7bf13b6ffdd525d5afd1c,2018-19,2019-04-28,19:00,Europe/Istanbul,tff_archive,Besiktas,Ankaragucu,4,1,H,,,,played,True,1,0,10,15,5,8,15,18,2,9,2,3,0,0,football_data,data/raw/football_data/2018-19.csv,267,194775
af0453b91f5023ea0ba021b294996e723fb0ff0999e1717dbe14a41ef6308623,2018-19,2019-04-29,20:00,Europe/Istanbul,tff_archive,Konyaspor,Galatasaray,0,0,D,,,,played,True,0,0,4,11,2,0,8,6,4,7,1,1,0,0,football_data,data/raw/football_data/2018-19.csv,270,194782
973df5716bd5e488033216436750c526efef6304fe1b8d3738e494190a171633,2018-19,2019-04-29,20:00,Europe/Istanbul,tff_archive,Yeni Malatyaspor,Kasimpasa,2,1,H,,,,played,True,1,0,12,12,5,6,9,15,12,3,3,5,0,0,football_data,data/raw/football_data/2018-19.csv,271,194781
50c7d1e7f852450be52772edbab644bc1236c422c75b6c2f96ac2946d0b63aba,2018-19,2019-05-03,20:30,Europe/Istanbul,tff_archive,Sivasspor,Istanbul Basaksehir,0,0,D,,,,played,True,0,0,5,12,1,5,15,16,2,9,3,4,0,0,football_data,data/raw/football_data/2018-19.csv,272,194784
d405b33472920668214da8aa8ed3c0b3aa5afc79dc76766ff145dd404aefcccb,2018-19,2019-05-04,16:00,Europe/Istanbul,tff_archive,Ankaragucu,Rizespor,2,2,D,,,,played,True,0,1,10,16,3,5,15,13,7,4,5,2,0,0,football_data,data/raw/football_data/2018-19.csv,273,194785
f76411dd8705e8ef1acd5c745bbf72b262cb2ce3fdd542fb28fce3aea306320f,2018-19,2019-05-04,16:00,Europe/Istanbul,tff_archive,Erzurumspor FK,Bursaspor,2,0,H,,,,played,True,0,0,8,15,3,2,9,11,4,7,3,2,0,0,football_data,data/raw/football_data/2018-19.csv,274,194786
d1c6cdcd382ec6c5f8fc88f148ce40a85ca5a507e4d508a6a85afd49fc3191f3,2018-19,2019-05-04,19:00,Europe/Istanbul,tff_archive,Kasimpasa,Fenerbahce,1,3,A,,,,played,True,1,1,9,14,2,6,15,12,5,9,5,0,0,0,football_data,data/raw/football_data/2018-19.csv,275,194792
4479c07a663761021f8dcb91d7448036003d3448c3c8ba1c13b8df3f85eca3e2,2018-19,2019-05-05,16:00,Europe/Istanbul,tff_archive,Akhisarspor,Yeni Malatyaspor,0,2,A,,,,played,True,0,0,19,12,5,4,13,16,5,3,2,3,0,0,football_data,data/raw/football_data/2018-19.csv,276,194787
ccb87dc679f663b2dd0e709c2e7ebaa318db341b293e8ea1db0754cbd49c666b,2018-19,2019-05-05,16:00,Europe/Istanbul,tff_archive,Goztepe,Antalyaspor,4,1,H,,,,played,True,2,1,17,9,11,1,7,9,6,0,0,6,0,1,football_data,data/raw/football_data/2018-19.csv,278,194788
a34205ab0bf402f5e7f7010572f42e97727c8cf01068c188660ebcf438426232,2018-19,2019-05-05,19:00,Europe/Istanbul,tff_archive,Galatasaray,Besiktas,2,0,H,,,,played,True,1,0,16,14,7,5,14,17,5,3,2,7,0,0,football_data,data/raw/football_data/2018-19.csv,277,194789
ae5afda815390d83acb69b5a1cf0acb04fb9e68904ef92940ab34b245c058056,2018-19,2019-05-06,20:30,Europe/Istanbul,tff_archive,Alanyaspor,Konyaspor,2,4,A,,,,played,True,1,2,18,8,7,4,16,13,11,6,3,6,0,0,football_data,data/raw/football_data/2018-19.csv,279,194790
5661d72eb7f40b9741d11afe7ec6c8fbc6874e4ffe2479224e27ece5fa38534d,2018-19,2019-05-06,20:30,Europe/Istanbul,tff_archive,Trabzonspor,Kayserispor,4,2,H,,,,played,True,2,1,19,16,7,4,14,10,5,3,2,3,0,0,football_data,data/raw/football_data/2018-19.csv,280,194791
9f06d53a70a48e6d14e21c8e60930ef972b209756494a853cc29c670fbd403d7,2018-19,2019-05-10,20:30,Europe/Istanbul,tff_archive,Antalyaspor,Bursaspor,0,1,A,,,,played,True,0,1,3,16,1,5,13,20,0,8,4,3,1,0,football_data,data/raw/football_data/2018-19.csv,281,194801
d7682b1d783aa725b3f3cf36f9d4defa2e1c7d5c99293044497a1be1a03147bd,2018-19,2019-05-11,16:00,Europe/Istanbul,tff_archive,Rizespor,Galatasaray,2,3,A,,,,played,True,1,1,13,12,3,5,17,10,3,1,5,1,1,0,football_data,data/raw/football_data/2018-19.csv,284,194800
6c4156c24f5e8d0aae1a77740601df59c75095950d762e8eb5e401cf0cd0994e,2018-19,2019-05-11,19:00,Europe/Istanbul,tff_archive,Fenerbahce,Akhisarspor,2,1,H,,,,played,True,2,1,10,5,5,1,17,26,2,1,3,3,0,0,football_data,data/raw/football_data/2018-19.csv,282,194794
c8963e9454cc0ffc40b6b5bc60b0eb647407d96ef13809fb0352ec973d10547b,2018-19,2019-05-11,19:00,Europe/Istanbul,tff_archive,Goztepe,Sivasspor,3,3,D,,,,played,True,1,2,20,9,8,4,14,10,6,1,3,0,1,0,football_data,data/raw/football_data/2018-19.csv,283,194796
30ee47efcace5b2e2501c53a9f23c43f2164f2008480203786485e5665507784,2018-19,2019-05-12,16:00,Europe/Istanbul,tff_archive,Kayserispor,Kasimpasa,2,1,H,,,,played,True,0,1,19,7,6,6,11,15,13,5,4,4,0,1,football_data,data/raw/football_data/2018-19.csv,286,194798
bb1483e3412561e037d63a0790a1d8a12d294ea37a2ae2af58f6b53e9cd3c3ec,2018-19,2019-05-12,16:00,Europe/Istanbul,tff_archive,Konyaspor,Trabzonspor,2,2,D,,,,played,True,2,1,7,19,4,6,13,11,5,5,4,1,0,0,football_data,data/raw/football_data/2018-19.csv,287,194799
b66c6c44c3cf5df7dacd81d88308996614f42fa5e64f8702e748c0f7554664d8,2018-19,2019-05-12,19:00,Europe/Istanbul,tff_archive,Istanbul Basaksehir,Ankaragucu,2,1,H,,,,played,True,0,1,20,8,7,1,12,12,5,2,0,1,0,0,football_data,data/raw/football_data/2018-19.csv,285,194793
2618fe7ca7122f1cc6e02d5eb253e69e1c52922f470df457b9defaac0bace680,2018-19,2019-05-12,19:00,Europe/Istanbul,tff_archive,Yeni Malatyaspor,Erzurumspor FK,3,1,H,,,,played,True,0,0,15,21,9,5,16,18,4,9,3,3,0,0,football_data,data/raw/football_data/2018-19.csv,288,194797
94af9e827fa1e58d6a4dc4b39c7a96d5b6b71f2bef272176fc122cd196094013,2018-19,2019-05-13,20:00,Europe/Istanbul,tff_archive,Besiktas,Alanyaspor,2,1,H,,,,played,True,1,1,12,9,4,3,17,20,2,5,2,1,0,0,football_data,data/raw/football_data/2018-19.csv,289,194795
4e2fe56a37bbb17935aea8670485eb73ae518e2c007156bb5e37a10ee90a1fde,2018-19,2019-05-17,20:30,Europe/Istanbul,tff_archive,Kasimpasa,Konyaspor,1,1,D,,,,played,True,0,1,18,12,3,4,13,9,6,7,1,1,0,0,football_data,data/raw/football_data/2018-19.csv,290,194809
a6945fd6fb01bb95fd0a0b93819d44b269086be358349cbddccfa8e7a2f5645a,2018-19,2019-05-18,19:00,Europe/Istanbul,tff_archive,Antalyaspor,Yeni Malatyaspor,3,0,H,,,,played,True,1,0,17,12,5,2,16,13,5,4,2,4,0,1,football_data,data/raw/football_data/2018-19.csv,291,194805
8dfd01311a74d775956059a0aaf6a7b1ef02b4cc281be374f75cbec3bbd78aa1,2018-19,2019-05-18,19:00,Europe/Istanbul,tff_archive,Trabzonspor,Besiktas,2,1,H,,,,played,True,0,0,19,8,8,3,12,9,7,4,3,2,0,0,football_data,data/raw/football_data/2018-19.csv,292,194808
6149e10b6871e72010c99f86d48eb4eb22acae6db02a2629563aa1ed1c2f335a,2018-19,2019-05-19,16:00,Europe/Istanbul,tff_archive,Akhisarspor,Kayserispor,2,2,D,,,,played,True,1,0,16,21,4,8,15,10,5,7,3,2,0,0,football_data,data/raw/football_data/2018-19.csv,293,194803
5165691a5f6df4ca4d7738492931144260aa1924baa4ae6c6d58df0ecace4b90,2018-19,2019-05-19,16:00,Europe/Istanbul,tff_archive,Bursaspor,Goztepe,0,0,D,,,,played,True,0,0,14,2,3,1,19,10,5,2,3,1,0,0,football_data,data/raw/football_data/2018-19.csv,295,194804
e82ad8e354188e29e0a04e608413707b5a9cb63c65a0c2f774b285db81b8cdcd,2018-19,2019-05-19,19:00,Europe/Istanbul,tff_archive,Alanyaspor,Rizespor,1,1,D,,,,played,True,1,0,16,12,5,3,14,17,5,6,3,1,0,0,football_data,data/raw/football_data/2018-19.csv,294,194802
72b3b53564191057506a17deb9e416d08529799f421932a01a241935f2a0fadf,2018-19,2019-05-19,19:00,Europe/Istanbul,tff_archive,Galatasaray,Istanbul Basaksehir,2,1,H,,,,played,True,0,1,15,5,4,2,14,12,8,1,4,3,0,0,football_data,data/raw/football_data/2018-19.csv,296,194807
bdb6436b58575b7c7497e70f994131eff5c4b63e4aa69676cddf756ddcb1b707,2018-19,2019-05-20,20:00,Europe/Istanbul,tff_archive,Ankaragucu,Sivasspor,3,1,H,,,,played,True,2,0,14,10,6,4,15,7,8,3,4,1,0,0,football_data,data/raw/football_data/2018-19.csv,297,194806
ff151a0cd54955b4879f47f949d603ef191887a89033804741cb9dfa4c6c9313,2018-19,2019-05-20,20:00,Europe/Istanbul,tff_archive,Erzurumspor FK,Fenerbahce,0,1,A,,,,played,True,0,0,14,10,3,3,8,13,8,2,4,5,0,0,football_data,data/raw/football_data/2018-19.csv,298,194810
9d10e8560a9485005e8e719f344f96dece86d1eeaad1c7b3faa970faef8f22e4,2018-19,2019-05-24,18:00,Europe/Istanbul,tff_archive,Istanbul Basaksehir,Alanyaspor,1,1,D,,,,played,True,1,1,11,17,3,7,12,9,5,6,0,0,0,0,football_data,data/raw/football_data/2018-19.csv,300,194818
1fac072d2c9c318b38dfa3159d851feb3b45950c6568980931f38e9bdb229c02,2018-19,2019-05-24,21:00,Europe/Istanbul,tff_archive,Besiktas,Kasimpasa,3,2,H,,,,played,True,3,1,13,16,4,6,12,10,3,5,3,0,1,0,football_data,data/raw/football_data/2018-19.csv,299,194812
b7b74feda13f1adee0f5a4f1da2837e493ca096ae2753a31f47dd62dc419559d,2018-19,2019-05-24,21:00,Europe/Istanbul,tff_archive,Rizespor,Trabzonspor,2,3,A,,,,played,True,1,3,20,21,5,8,12,6,7,6,1,1,0,0,football_data,data/raw/football_data/2018-19.csv,301,194817
7e82a82c37d7923a8a1768a6c89e5e6e823c368d815845172e41d75a3dd0a557,2018-19,2019-05-24,21:00,Europe/Istanbul,tff_archive,Sivasspor,Galatasaray,4,3,H,,,,played,True,2,2,30,7,14,4,10,10,9,1,2,1,0,0,football_data,data/raw/football_data/2018-19.csv,302,194813
c824c572fddc1d4b0fbd6d586b453da4ae5da9279b4d6cc966c02329967eeb2d,2018-19,2019-05-25,19:00,Europe/Istanbul,tff_archive,Konyaspor,Akhisarspor,0,0,D,,,,played,True,0,0,18,14,7,5,9,10,6,5,2,0,0,0,football_data,data/raw/football_data/2018-19.csv,303,194816
888021c8729741a9a21b44f2702d8e44c5b16a26ab5ec139937abcc763fc6d94,2018-19,2019-05-26,19:00,Europe/Istanbul,tff_archive,Fenerbahce,Antalyaspor,3,1,H,,,,played,True,1,1,17,16,6,3,16,12,4,4,1,3,0,0,football_data,data/raw/football_data/2018-19.csv,304,194814
9f01c2db55968da9a27675b0b68d5ce6625b8a05d70374edb10e86617fbb5f33,2018-19,2019-05-26,19:00,Europe/Istanbul,tff_archive,Goztepe,Ankaragucu,2,1,H,,,,played,True,1,0,11,7,5,4,8,23,4,6,0,2,0,0,football_data,data/raw/football_data/2018-19.csv,305,194811
2774f01b6d958999824e28500cf144aa725a4bdacdf801b060998eb8ce1d6caf,2018-19,2019-05-26,19:00,Europe/Istanbul,tff_archive,Kayserispor,Erzurumspor FK,0,2,A,,,,played,True,0,2,20,16,7,6,9,9,10,4,0,0,1,0,football_data,data/raw/football_data/2018-19.csv,306,194815
9ebe6d5bee4ee27b19b448b678ef1de88079053a355f036ab3bb0e5da3e54c49,2018-19,2019-05-26,19:00,Europe/Istanbul,tff_archive,Yeni Malatyaspor,Bursaspor,1,2,A,,,,played,True,0,2,10,9,4,5,8,22,5,2,7,3,2,1,football_data,data/raw/football_data/2018-19.csv,307,194819
2b5ff2ad44bf7d02a6669a61ea0c2decb56d89e8d505cb189b6d4547d50c462d,2019-20,2019-08-16,20:30,Europe/Istanbul,football_data_europe_london_converted,Denizlispor,Galatasaray,2,0,H,,,,played,True,0,0,15,7,5,4,12,9,6,2,4,5,0,1,football_data,data/raw/football_data/2019-20.csv,2,
aca31aee3812f60ca4526f52e8bea559626b34ed961853dac7e01af5c282c9be,2019-20,2019-08-17,19:15,Europe/Istanbul,football_data_europe_london_converted,Genclerbirligi,Rizespor,0,1,A,,,,played,True,0,0,8,11,1,5,16,14,4,2,4,2,1,0,football_data,data/raw/football_data/2019-20.csv,3,
d3a4e8919bebc24d0548366171d481be091b177d3db12920cf23d3b7253c035d,2019-20,2019-08-17,21:45,Europe/Istanbul,football_data_europe_london_converted,Kayserispor,Alanyaspor,0,1,A,,,,played,True,0,0,6,14,3,7,13,10,6,9,4,1,0,0,football_data,data/raw/football_data/2019-20.csv,4,
73fead13d882097be294c87858036a3f223e5c1de4ef27136ef63339c95b173d,2019-20,2019-08-17,21:45,Europe/Istanbul,football_data_europe_london_converted,Sivasspor,Besiktas,3,0,H,,,,played,True,1,0,13,13,8,3,15,9,7,0,4,3,0,0,football_data,data/raw/football_data/2019-20.csv,5,
b26ad728f42fb118ed80be39672e4bb0ac15e6a7ceccbecc4b8e5a02bbfe759f,2019-20,2019-08-18,19:15,Europe/Istanbul,football_data_europe_london_converted,Konyaspor,Ankaragucu,0,0,D,,,,played,True,0,0,23,9,4,1,7,14,4,1,0,2,0,0,football_data,data/raw/football_data/2019-20.csv,6,
e038f7ba6acca586aa2597ea1c6ea05bf0dea797c749faa722c49e7957e243a6,2019-20,2019-08-18,21:45,Europe/Istanbul,football_data_europe_london_converted,Goztepe,Antalyaspor,0,1,A,,,,played,True,0,1,7,10,1,3,15,13,5,5,3,3,0,0,football_data,data/raw/football_data/2019-20.csv,7,
48e3de70702fd737eba6fe0377489838cd298a76fe2cbcc44f00139d72669288,2019-20,2019-08-18,21:45,Europe/Istanbul,football_data_europe_london_converted,Kasimpasa,Trabzonspor,1,1,D,,,,played,True,1,1,15,17,7,2,14,17,5,9,2,0,0,0,football_data,data/raw/football_data/2019-20.csv,8,
3c36b5e56a44602cf20fa6e62f77156d4a147d40e48cf527d12a247483d6e75a,2019-20,2019-08-18,21:45,Europe/Istanbul,football_data_europe_london_converted,Yeni Malatyaspor,Istanbul Basaksehir,3,0,H,,,,played,True,0,0,9,15,5,4,11,15,2,11,3,2,0,1,football_data,data/raw/football_data/2019-20.csv,9,
797126a0131a7b34567b0f52dfd65c8361e56970812ec3894bba289c455ff00d,2019-20,2019-08-19,20:00,Europe/Istanbul,football_data_europe_london_converted,Fenerbahce,Gaziantep FK,5,0,H,,,,played,True,3,0,18,4,9,0,14,18,4,2,1,4,0,0,football_data,data/raw/football_data/2019-20.csv,10,
e233eb2a5d50f53689f9388cee814fd1acfd743f9c2f778db0d548dfdbcb89e1,2019-20,2019-08-23,20:30,Europe/Istanbul,football_data_europe_london_converted,Besiktas,Goztepe,3,0,H,,,,played,True,1,0,8,12,4,3,19,9,8,3,1,1,0,0,football_data,data/raw/football_data/2019-20.csv,11,
a6bd9fa367ca5d3b5259d07f068079249457fd44a2297f9493878447cb9b0b38,2019-20,2019-08-24,19:15,Europe/Istanbul,football_data_europe_london_converted,Ankaragucu,Kayserispor,1,1,D,,,,played,True,0,0,15,15,5,5,18,9,1,7,3,1,0,0,football_data,data/raw/football_data/2019-20.csv,12,
dc3fcd115c9dafd38361478fc70976233012e66ab3341c49fb0f91ea10862fb5,2019-20,2019-08-24,21:45,Europe/Istanbul,football_data_europe_london_converted,Alanyaspor,Kasimpasa,4,1,H,,,,played,True,1,1,18,6,8,1,13,11,1,4,4,4,0,0,football_data,data/raw/football_data/2019-20.csv,13,
eb9c8267f462f61b7585820dd4039e9edd7eb8537516c4de0a1609afc5e5d235,2019-20,2019-08-24,21:45,Europe/Istanbul,football_data_europe_london_converted,Istanbul Basaksehir,Fenerbahce,1,2,A,,,,played,True,1,0,12,13,4,3,11,10,4,4,0,0,0,0,football_data,data/raw/football_data/2019-20.csv,14,
76e6720522b007539b15ec29dbfe8aeee43cf76ba5e1351809cb5fadf478c16c,2019-20,2019-08-25,19:15,Europe/Istanbul,football_data_europe_london_converted,Rizespor,Sivasspor,2,1,H,,,,played,True,0,0,11,15,5,2,15,11,1,12,2,2,0,0,football_data,data/raw/football_data/2019-20.csv,15,
7dc20943d5f3b355b180cbc12ddd2ac3a911ef5babf72e16bd98e98c444ab24b,2019-20,2019-08-25,19:15,Europe/Istanbul,football_data_europe_london_converted,Trabzonspor,Yeni Malatyaspor,2,1,H,,,,played,True,1,0,16,13,5,2,5,13,4,5,1,2,0,0,football_data,data/raw/football_data/2019-20.csv,16,
5d504445b553769080ca6ac9dced5782e6b8782398073c66df6072652db006f5,2019-20,2019-08-25,21:45,Europe/Istanbul,football_data_europe_london_converted,Antalyaspor,Denizlispor,0,2,A,,,,played,True,0,1,19,8,3,2,13,14,5,3,1,3,0,0,football_data,data/raw/football_data/2019-20.csv,17,
feb1f6621646c87645ab9a7af7fe3b30dab0a8226cd3edb7f026848b1a4411ed,2019-20,2019-08-25,21:45,Europe/Istanbul,football_data_europe_london_converted,Galatasaray,Konyaspor,1,1,D,,,,played,True,0,0,18,16,6,4,8,11,2,5,1,3,1,0,football_data,data/raw/football_data/2019-20.csv,18,
e269c8aa52e9a7b771ae3511c3e20f6fb1ddfafdc84dc81baf5a1a5b788ef52e,2019-20,2019-08-26,20:00,Europe/Istanbul,football_data_europe_london_converted,Gaziantep FK,Genclerbirligi,4,1,H,,,,played,True,2,0,15,12,7,4,17,8,4,6,1,1,0,2,football_data,data/raw/football_data/2019-20.csv,19,
4ec637ab6a80a221f6a2d240510e168ef00ca8f6a4a56ad486ea9a0cac6a826a,2019-20,2019-08-30,20:30,Europe/Istanbul,football_data_europe_london_converted,Kasimpasa,Ankaragucu,0,1,A,,,,played,True,0,1,27,4,7,2,10,26,10,1,1,5,0,0,football_data,data/raw/football_data/2019-20.csv,20,
f28e690020c762907fa8a3bb166da542f94477a83c1cf1a1d639bed216e3cafd,2019-20,2019-08-30,20:30,Europe/Istanbul,football_data_europe_london_converted,Kayserispor,Galatasaray,2,3,A,,,,played,True,1,0,8,20,4,10,21,13,1,4,8,6,3,1,football_data,data/raw/football_data/2019-20.csv,21,
31483ece9ef9c4b40c109bd751d7922c28751f5e1dd53006713d6739a35bedd1,2019-20,2019-08-31,19:15,Europe/Istanbul,football_data_europe_london_converted,Konyaspor,Antalyaspor,2,2,D,,,,played,True,0,1,17,15,4,6,13,14,5,7,2,2,0,0,football_data,data/raw/football_data/2019-20.csv,22,
fc416d2847a247866a51b86073271a0b6c4dce9e0d8989f02190edece292ede8,2019-20,2019-08-31,21:45,Europe/Istanbul,football_data_europe_london_converted,Besiktas,Rizespor,1,1,D,,,,played,True,0,1,20,6,4,2,16,10,11,2,5,1,0,0,football_data,data/raw/football_data/2019-20.csv,23,
b176b5c72e65bf05dd1f64cb95d33588512044f3df4d77dcd8ef8836080b0dbd,2019-20,2019-08-31,21:45,Europe/Istanbul,football_data_europe_london_converted,Goztepe,Denizlispor,0,0,D,,,,played,True,0,0,17,5,2,1,13,14,5,1,2,3,0,1,football_data,data/raw/football_data/2019-20.csv,24,
62a7f089ae5663d1fc8bddff2f0fea9cfa1cf61eb7b8f6030c0c2a55f65ec5f7,2019-20,2019-09-01,19:15,Europe/Istanbul,football_data_europe_london_converted,Genclerbirligi,Istanbul Basaksehir,1,2,A,,,,played,True,1,0,8,22,5,9,26,17,4,5,5,2,0,0,football_data,data/raw/football_data/2019-20.csv,25,
4d18615b98c3a2c919c43b8751f83ef9ed89cdc6aa3a2fd55e6960264a94e6fc,2019-20,2019-09-01,19:15,Europe/Istanbul,football_data_europe_london_converted,Sivasspor,Gaziantep FK,1,1,D,,,,played,True,0,1,22,11,5,4,14,19,7,5,3,4,0,0,football_data,data/raw/football_data/2019-20.csv,26,
052d63736dde0ad50663ce30feac0661d1a55de55d2ab89e10d624e1bdd64fc9,2019-20,2019-09-01,21:45,Europe/Istanbul,football_data_europe_london_converted,Fenerbahce,Trabzonspor,1,1,D,,,,played,True,1,1,21,10,9,5,14,9,6,3,1,3,0,0,football_data,data/raw/football_data/2019-20.csv,27,
3e046e8e767c29e102b49c7f47379339af04d9a0fc4ef96cb8bb458e77d3c2a8,2019-20,2019-09-01,21:45,Europe/Istanbul,football_data_europe_london_converted,Yeni Malatyaspor,Alanyaspor,2,3,A,,,,played,True,0,3,14,8,8,5,18,13,5,3,4,2,0,0,football_data,data/raw/football_data/2019-20.csv,28,
e21a5216c33ba09428dee4d9d8c41569294af651be8e8d7a188cf9865a2cb6c9,2019-20,2019-09-13,20:30,Europe/Istanbul,football_data_europe_london_converted,Galatasaray,Kasimpasa,1,0,H,,,,played,True,1,0,14,9,4,2,15,18,3,5,2,3,0,0,football_data,data/raw/football_data/2019-20.csv,29,
487838521b38ffc1526ee9f2cd2058b696a8ccda6add5b0dbcd3055e72cbebd0,2019-20,2019-09-14,17:00,Europe/Istanbul,football_data_europe_london_converted,Istanbul Basaksehir,Sivasspor,1,1,D,,,,played,True,0,1,13,9,5,2,13,15,7,4,2,2,0,0,football_data,data/raw/football_data/2019-20.csv,30,
1014a1ecc467ef7ab03a721e19340d9b830df31d38438d3522c863397f4f58b4,2019-20,2019-09-14,20:00,Europe/Istanbul,football_data_europe_london_converted,Antalyaspor,Kayserispor,2,2,D,,,,played,True,1,1,18,5,5,3,14,15,11,3,3,1,0,0,football_data,data/raw/football_data/2019-20.csv,31,
6b921304747f2deb5c9185b3749f62ffa5f28cd841c85f5dc553ee8ba67412af,2019-20,2019-09-14,20:00,Europe/Istanbul,football_data_europe_london_converted,Gaziantep FK,Besiktas,3,2,H,,,,played,True,1,0,14,12,5,5,15,9,4,14,4,4,1,2,football_data,data/raw/football_data/2019-20.csv,32,
c2534e1772ddc9fd2b97ad892fb9c2a5816c6623538c63aa0d892b65e3dbaedb,2019-20,2019-09-15,17:00,Europe/Istanbul,football_data_europe_london_converted,Ankaragucu,Yeni Malatyaspor,0,4,A,,,,played,True,0,3,11,18,2,10,12,12,4,2,4,3,1,0,football_data,data/raw/football_data/2019-20.csv,33,
2cf0b3dcae9f442b7357745a97285ccaa43dc9ac2e897d2b15d037c5e259f48d,2019-20,2019-09-15,17:00,Europe/Istanbul,football_data_europe_london_converted,Rizespor,Goztepe,0,0,D,,,,played,True,0,0,9,3,2,1,21,10,3,3,3,4,0,0,football_data,data/raw/football_data/2019-20.csv,34,
505cff536c1e00185967b0030ea99ac8decba4ee4aa1b0beec713ac3c576627d,2019-20,2019-09-15,20:00,Europe/Istanbul,football_data_europe_london_converted,Denizlispor,Konyaspor,0,1,A,,,,played,True,0,0,8,10,2,4,13,4,3,5,4,2,0,0,football_data,data/raw/football_data/2019-20.csv,35,
202e15c61f81e999ea8af04daf4d9d8672ca488f4a8cbcd68c273634150e4943,2019-20,2019-09-15,20:00,Europe/Istanbul,football_data_europe_london_converted,Trabzonspor,Genclerbirligi,2,2,D,,,,played,True,1,1,17,14,9,6,11,15,2,4,2,2,0,0,football_data,data/raw/football_data/2019-20.csv,36,
e0ba7038df6000dcf1ecb3f6613451ca9d00e7e5910aa3dab05a583bd6b35189,2019-20,2019-09-16,20:00,Europe/Istanbul,football_data_europe_london_converted,Alanyaspor,Fenerbahce,3,1,H,,,,played,True,1,1,12,11,6,4,13,14,3,3,1,1,0,0,football_data,data/raw/football_data/2019-20.csv,37,
30807a32ce724b312e810840747e2d1287fd2d5d728c08a289a52127542d66ed,2019-20,2019-09-20,20:30,Europe/Istanbul,football_data_europe_london_converted,Goztepe,Konyaspor,1,0,H,,,,played,True,0,0,16,9,10,1,9,14,9,1,1,3,1,0,football_data,data/raw/football_data/2019-20.csv,38,
c04dce2f31690b724162e6dd40044d34dfe61012ff47f2e5e13b497350debe1a,2019-20,2019-09-21,15:00,Europe/Istanbul,football_data_europe_london_converted,Kasimpasa,Antalyaspor,3,0,H,,,,played,True,0,0,15,10,7,3,17,15,4,10,2,3,0,0,football_data,data/raw/football_data/2019-20.csv,39,
6cb21eb11fd5fb7f99762f6d75ec431075a1025a4df6cf05060ee9d751c1f07f,2019-20,2019-09-21,17:30,Europe/Istanbul,football_data_europe_london_converted,Kayserispor,Denizlispor,1,1,D,,,,played,True,1,0,12,18,5,5,19,13,3,4,2,1,0,0,football_data,data/raw/football_data/2019-20.csv,40,
4eb43fba81e92e1285e937cb2f43942e61b8dc9c5d26d88f502c1cfa38ed2f28,2019-20,2019-09-21,20:00,Europe/Istanbul,football_data_europe_london_converted,Fenerbahce,Ankaragucu,2,1,H,,,,played,True,1,1,30,6,8,3,11,11,8,1,2,3,0,0,football_data,data/raw/football_data/2019-20.csv,41,
e637f2c44de6d686594835e2b1e4453fe0f9e75d7fdb1b75c2b545a576ace367,2019-20,2019-09-22,14:00,Europe/Istanbul,football_data_europe_london_converted,Rizespor,Gaziantep FK,1,2,A,,,,played,True,0,2,15,5,4,4,9,13,8,4,2,2,0,0,football_data,data/raw/football_data/2019-20.csv,42,
8ff278d21e255edbf2914eb936db1105827ce494c668994748ea1a9a87d138f7,2019-20,2019-09-22,16:30,Europe/Istanbul,football_data_europe_london_converted,Genclerbirligi,Alanyaspor,1,1,D,,,,played,True,1,0,12,14,5,5,5,22,1,5,3,3,0,0,football_data,data/raw/football_data/2019-20.csv,43,
fb77da19ea398f10f00058825afdc31a6e2c6c4fe2af3b52ce77e55d56742c58,2019-20,2019-09-22,19:00,Europe/Istanbul,football_data_europe_london_converted,Yeni Malatyaspor,Galatasaray,1,1,D,,,,played,True,0,1,16,12,4,3,16,16,8,3,1,3,0,0,football_data,data/raw/football_data/2019-20.csv,44,
c4c92599652bb6fa7aee880aef38bd08ef819737d4fd890e06b7c411ecc9085f,2019-20,2019-09-23,20:00,Europe/Istanbul,football_data_europe_london_converted,Besiktas,Istanbul Basaksehir,1,1,D,,,,played,True,0,0,8,11,2,7,9,18,0,4,4,5,0,0,football_data,data/raw/football_data/2019-20.csv,45,
2fcdaa9a7737a52afcdcc0e27a32fef8c1e84f2cea52de46ddf3a9dd4ad37511,2019-20,2019-09-23,20:00,Europe/Istanbul,football_data_europe_london_converted,Sivasspor,Trabzonspor,2,1,H,,,,played,True,1,1,16,15,6,4,16,18,4,5,3,3,0,0,football_data,data/raw/football_data/2019-20.csv,46,
6caeb3d4301740c47285b2413340d7a41f3b1c6ce746cff1da472730db8d0940,2019-20,2019-09-27,20:30,Europe/Istanbul,football_data_europe_london_converted,Istanbul Basaksehir,Rizespor,5,0,H,,,,played,True,2,0,16,13,7,1,9,14,4,6,0,2,0,0,football_data,data/raw/football_data/2019-20.csv,47,
8af025796a12cbfd93531f4752f687a7d9011b2ed83fa740a3e96d35ab68e40f,2019-20,2019-09-28,15:00,Europe/Istanbul,football_data_europe_london_converted,Denizlispor,Kasimpasa,0,1,A,,,,played,True,0,0,16,16,7,7,10,19,4,5,0,2,0,0,football_data,data/raw/football_data/2019-20.csv,48,
238d9518b54d71ddb9921efaf010f8bedefd8640bdadd48e94161b47844e8d51,2019-20,2019-09-28,17:30,Europe/Istanbul,football_data_europe_london_converted,Alanyaspor,Sivasspor,1,1,D,,,,played,True,0,1,29,8,11,4,19,17,11,3,3,4,0,0,football_data,data/raw/football_data/2019-20.csv,49,
5301d623de09b3eaca9e03f25ccb6399c79ac47bb33561908e3735dc3128b52b,2019-20,2019-09-28,20:00,Europe/Istanbul,football_data_europe_london_converted,Galatasaray,Fenerbahce,0,0,D,,,,played,True,0,0,5,12,3,3,18,13,4,5,2,1,0,0,football_data,data/raw/football_data/2019-20.csv,50,
482fdfee9dd31d99a1710c8dcedaad0008dbd921a34729887ddf93582d6d1a0b,2019-20,2019-09-29,14:00,Europe/Istanbul,football_data_europe_london_converted,Konyaspor,Kayserispor,2,1,H,,,,played,True,1,1,24,7,8,3,10,19,5,3,4,7,0,2,football_data,data/raw/football_data/2019-20.csv,51,
05abccc6e2b797315cfaaa250f12605367e4575d42f898ff23ecbb2901051e74,2019-20,2019-09-29,16:30,Europe/Istanbul,football_data_europe_london_converted,Ankaragucu,Genclerbirligi,2,1,H,,,,played,True,0,0,12,17,5,6,15,11,4,9,1,2,0,0,football_data,data/raw/football_data/2019-20.csv,52,
6544e02704c9fa8774c52f4747332bdb0e2fe7320d724a354cb9e20010ad54af,2019-20,2019-09-29,16:30,Europe/Istanbul,football_data_europe_london_converted,Antalyaspor,Yeni Malatyaspor,3,0,H,,,,played,True,1,0,11,11,5,1,14,14,2,4,2,2,0,1,football_data,data/raw/football_data/2019-20.csv,53,
17218954ca2d3f1f575a8ea9a26274c779e4d97be37677e1f3b9ff5b179058a0,2019-20,2019-09-29,19:00,Europe/Istanbul,football_data_europe_london_converted,Trabzonspor,Besiktas,4,1,H,,,,played,True,2,0,13,12,5,4,23,10,2,8,6,3,0,0,football_data,data/raw/football_data/2019-20.csv,54,
dcabb1b5ddf14628201978cbfc482999b5c44995f146f004bb54038be2919b7b,2019-20,2019-09-30,20:00,Europe/Istanbul,football_data_europe_london_converted,Gaziantep FK,Goztepe,1,1,D,,,,played,True,0,0,15,4,2,2,12,9,5,5,2,4,0,1,football_data,data/raw/football_data/2019-20.csv,55,
aa0f10bcb5482883ddfe9d4e0994563e020ac6519b8cbdab6e3b234fe33aa8e8,2019-20,2019-10-04,20:30,Europe/Istanbul,football_data_europe_london_converted,Fenerbahce,Antalyaspor,0,1,A,,,,played,True,0,1,25,7,6,5,10,17,10,3,1,2,0,0,football_data,data/raw/football_data/2019-20.csv,56,
f852e662ccba181d4c0a93f77fee420075f9d0ab1b10ef59a68a5dfea6e37fab,2019-20,2019-10-04,20:30,Europe/Istanbul,football_data_europe_london_converted,Yeni Malatyaspor,Denizlispor,5,1,H,,,,played,True,2,0,15,9,7,4,20,13,6,3,2,6,0,0,football_data,data/raw/football_data/2019-20.csv,57,
852feba381899471a0d639f272b97b53f810494ba91d28b01ce2ed8136dfa3f4,2019-20,2019-10-05,15:00,Europe/Istanbul,football_data_europe_london_converted,Kasimpasa,Konyaspor,1,4,A,,,,played,True,1,3,17,14,8,9,11,10,9,2,5,4,0,0,football_data,data/raw/football_data/2019-20.csv,58,
cb157eea12275cefdaa1f69032d984f4b4302c4a89d1f8e5de6d777f52e6dd65,2019-20,2019-10-05,17:30,Europe/Istanbul,football_data_europe_london_converted,Goztepe,Kayserispor,4,0,H,,,,played,True,3,0,16,8,8,3,13,15,6,5,1,2,0,0,football_data,data/raw/football_data/2019-20.csv,59,
7d7065733a5425167f3ced7c90a4e7b8cfdae46c685d3b8d2f8f3e3655d7a741,2019-20,2019-10-05,20:00,Europe/Istanbul,football_data_europe_london_converted,Genclerbirligi,Galatasaray,0,0,D,,,,played,True,0,0,20,11,6,2,19,17,4,5,7,4,1,0,football_data,data/raw/football_data/2019-20.csv,60,
1f67cfd369c0c106296272ace8c25e974c2266d30441203c21176b91489dc1a8,2019-20,2019-10-06,14:00,Europe/Istanbul,football_data_europe_london_converted,Sivasspor,Ankaragucu,3,1,H,,,,played,True,1,1,11,14,5,4,14,12,8,3,4,1,0,0,football_data,data/raw/football_data/2019-20.csv,61,
2547015404a3074b3c34968f60ef562f2f1fcea1e41c673f56ec777cffdd20e4,2019-20,2019-10-06,16:30,Europe/Istanbul,football_data_europe_london_converted,Besiktas,Alanyaspor,2,0,H,,,,played,True,0,0,7,14,4,3,11,11,4,8,3,4,0,0,football_data,data/raw/football_data/2019-20.csv,62,
cdeda34b723870212435861c0166e38fff46c6743bff2d5680fd256d297f508e,2019-20,2019-10-06,19:00,Europe/Istanbul,football_data_europe_london_converted,Gaziantep FK,Istanbul Basaksehir,1,2,A,,,,played,True,1,1,5,21,2,9,14,18,5,8,1,6,1,0,football_data,data/raw/football_data/2019-20.csv,63,
4c9a3b5772e625b1e450450de54a6de80eaea21abcf504abaad1b0f6c319c9ae,2019-20,2019-10-06,19:00,Europe/Istanbul,football_data_europe_london_converted,Rizespor,Trabzonspor,1,2,A,,,,played,True,1,0,16,13,4,4,17,11,6,4,5,2,0,0,football_data,data/raw/football_data/2019-20.csv,64,
5008e6cc6baea896378836e05a59788daf17eab0ef6b58c28ef99e57c5114bf5,2019-20,2019-10-18,20:30,Europe/Istanbul,football_data_europe_london_converted,Galatasaray,Sivasspor,3,2,H,,,,played,True,2,0,19,16,8,7,10,20,3,3,4,4,0,1,football_data,data/raw/football_data/2019-20.csv,65,
0725a8778d9ca3f106242fa928dd259250aad5d33e1dd411325c45f7b7c6e74f,2019-20,2019-10-19,15:00,Europe/Istanbul,football_data_europe_london_converted,Antalyaspor,Genclerbirligi,0,6,A,,,,played,True,0,5,11,11,1,9,5,16,8,1,2,2,1,0,football_data,data/raw/football_data/2019-20.csv,66,
d4bf610be5849bebf051a0d1c5239e97e208904680bd390251e1eec31ecf336f,2019-20,2019-10-19,17:30,Europe/Istanbul,football_data_europe_london_converted,Istanbul Basaksehir,Goztepe,2,1,H,,,,played,True,1,0,14,11,5,2,17,13,5,5,1,3,0,0,football_data,data/raw/football_data/2019-20.csv,67,
da707e25a70d174f89f05a44027b2db4a1c5fb41b81435b6f52635602c3e28c9,2019-20,2019-10-19,17:30,Europe/Istanbul,football_data_europe_london_converted,Trabzonspor,Gaziantep FK,4,1,H,,,,played,True,2,0,12,14,5,5,16,14,5,4,1,1,0,1,football_data,data/raw/football_data/2019-20.csv,68,
94638847c650fd2d3f131476d489a28b55533aad96f4d0740911b0dc5890570b,2019-20,2019-10-19,20:00,Europe/Istanbul,football_data_europe_london_converted,Ankaragucu,Besiktas,0,0,D,,,,played,True,0,0,4,14,1,4,17,9,5,6,3,4,1,0,football_data,data/raw/football_data/2019-20.csv,69,
60f7330eba8b302ca0b52d001c7542e0a208e637864a8479ee5585259abef32e,2019-20,2019-10-20,14:00,Europe/Istanbul,football_data_europe_london_converted,Kayserispor,Kasimpasa,1,1,D,,,,played,True,0,1,23,9,10,1,14,17,11,3,5,3,0,0,football_data,data/raw/football_data/2019-20.csv,70,
a389a27eb37a308d22aba53c0f9d011d7f2d45a9b192c20e12188ce7ca338fe0,2019-20,2019-10-20,16:30,Europe/Istanbul,football_data_europe_london_converted,Alanyaspor,Rizespor,5,2,H,,,,played,True,2,0,21,5,11,3,21,16,8,4,0,1,0,0,football_data,data/raw/football_data/2019-20.csv,71,
14d9c29b06bf9917b68b9d79ad19b4cb2302055dcc28cf9cbd1a575e4d548d3a,2019-20,2019-10-20,19:00,Europe/Istanbul,football_data_europe_london_converted,Denizlispor,Fenerbahce,1,2,A,,,,played,True,0,1,3,9,1,3,12,12,5,4,2,0,0,0,football_data,data/raw/football_data/2019-20.csv,72,
e10a5eaf7afbfc1b20d950ef93ceb0a65f8fa403526d005f9cfa8bfc40473139,2019-20,2019-10-21,20:00,Europe/Istanbul,football_data_europe_london_converted,Konyaspor,Yeni Malatyaspor,0,2,A,,,,played,True,0,1,6,12,3,6,10,16,3,3,1,2,1,0,football_data,data/raw/football_data/2019-20.csv,73,
137d1f03306f6361b53c3cd1cd11df13e69a4dd18f69f4500763ed247da8b688,2019-20,2019-10-25,20:30,Europe/Istanbul,football_data_europe_london_converted,Rizespor,Ankaragucu,2,0,H,,,,played,True,1,0,22,15,8,3,20,11,8,3,1,3,0,0,football_data,data/raw/football_data/2019-20.csv,74,
17e085e21b84dcedebdc31b359d3d2acb6098c7f6fab8890886583f641d04f01,2019-20,2019-10-26,15:00,Europe/Istanbul,football_data_europe_london_converted,Sivasspor,Antalyaspor,2,1,H,,,,played,True,0,0,9,8,3,3,15,8,7,9,3,1,0,0,football_data,data/raw/football_data/2019-20.csv,75,
d123bb32f49c85e95ffa88caf7ad9e65695e04e3f5c812f6fb076758362532af,2019-20,2019-10-26,17:30,Europe/Istanbul,football_data_europe_london_converted,Gaziantep FK,Alanyaspor,1,1,D,,,,played,True,0,1,9,7,3,2,19,13,9,1,3,3,0,0,football_data,data/raw/football_data/2019-20.csv,76,
4db674dfdb2f939b6fb4ff2d9b4dd7fab64352d05cff6cb5868581ad51e55a64,2019-20,2019-10-26,20:00,Europe/Istanbul,football_data_europe_london_converted,Fenerbahce,Konyaspor,5,1,H,,,,played,True,3,1,19,5,8,1,13,6,2,2,1,1,0,0,football_data,data/raw/football_data/2019-20.csv,77,
e13a8f526cbf01c6321849ee3f3ff375d18678da1251c84fc1113f445622476b,2019-20,2019-10-27,14:00,Europe/Istanbul,football_data_europe_london_converted,Yeni Malatyaspor,Kayserispor,4,0,H,,,,played,True,1,0,18,5,7,2,15,18,4,2,1,3,0,0,football_data,data/raw/football_data/2019-20.csv,78,
bfe2daf91849def42ef64f09cf62bfd58e8b94058ab35314b3828ea3bb08833b,2019-20,2019-10-27,16:30,Europe/Istanbul,football_data_europe_london_converted,Genclerbirligi,Denizlispor,0,2,A,,,,played,True,0,1,16,10,7,3,13,9,6,6,1,2,0,0,football_data,data/raw/football_data/2019-20.csv,79,
5f7ae2ca26f42a7fcac7b777ba12ce3da13959afebc06aa286faa92d14f89f0b,2019-20,2019-10-27,16:30,Europe/Istanbul,football_data_europe_london_converted,Goztepe,Kasimpasa,1,4,A,,,,played,True,1,1,11,16,3,8,13,18,5,4,4,3,0,0,football_data,data/raw/football_data/2019-20.csv,80,
b5a99d31c5492c438b1e816d1a650eaddac3025de9b611c9c63bb81a0c93cabe,2019-20,2019-10-27,19:00,Europe/Istanbul,football_data_europe_london_converted,Besiktas,Galatasaray,1,0,H,,,,played,True,0,0,13,14,7,2,11,15,7,0,2,3,0,0,football_data,data/raw/football_data/2019-20.csv,81,
0f798adb0ebc67a87c6d78ea79d5d26ad640562b2aee4bdbb544bb08d0a9f764,2019-20,2019-10-28,20:00,Europe/Istanbul,football_data_europe_london_converted,Istanbul Basaksehir,Trabzonspor,2,2,D,,,,played,True,0,0,15,9,5,7,11,6,3,6,2,3,0,0,football_data,data/raw/football_data/2019-20.csv,82,
4d2a6fa81119223dd37aca3a12a72b6a35a90deafa5056699c92c4a64030b031,2019-20,2019-11-01,20:30,Europe/Istanbul,football_data_europe_london_converted,Galatasaray,Rizespor,2,0,H,,,,played,True,2,0,12,10,7,3,14,19,4,3,1,3,0,0,football_data,data/raw/football_data/2019-20.csv,83,
a98f8511d78f5f5fbbf98291528f9282649a93ca147daedf1781ef923b5c0566,2019-20,2019-11-02,15:00,Europe/Istanbul,football_data_europe_london_converted,Konyaspor,Genclerbirligi,1,1,D,,,,played,True,1,0,10,15,3,2,13,9,1,7,0,3,0,0,football_data,data/raw/football_data/2019-20.csv,84,
0612950a06bb6cd9a68c528671b17a9cbd0fec006531e0cc5d9c4037396f7bc6,2019-20,2019-11-02,17:30,Europe/Istanbul,football_data_europe_london_converted,Alanyaspor,Istanbul Basaksehir,0,0,D,,,,played,True,0,0,22,4,3,1,13,10,5,3,1,1,0,0,football_data,data/raw/football_data/2019-20.csv,85,
6c7924d70acb8f4b7b5c4856aa84dbfe28d040e697347087e08a11907173614a,2019-20,2019-11-02,17:30,Europe/Istanbul,football_data_europe_london_converted,Trabzonspor,Goztepe,0,1,A,,,,played,True,0,1,21,6,6,2,3,10,8,3,0,3,0,0,football_data,data/raw/football_data/2019-20.csv,86,
7606811371e5967fbb6c98d82e0f996f0077e5efe574c7ce3f86416b264a3eee,2019-20,2019-11-02,20:00,Europe/Istanbul,football_data_europe_london_converted,Antalyaspor,Besiktas,1,2,A,,,,played,True,0,2,14,12,4,6,13,17,2,0,3,2,0,0,football_data,data/raw/football_data/2019-20.csv,87,
6d1e5753dc4e51b20062fad3878e07ab4c00a2c6463bad77ae0c751d45c9b3fd,2019-20,2019-11-03,14:00,Europe/Istanbul,football_data_europe_london_converted,Denizlispor,Sivasspor,0,2,A,,,,played,True,0,1,10,16,2,6,14,22,2,6,3,3,0,0,football_data,data/raw/football_data/2019-20.csv,88,
18f21c7e4fd5a512941210f4c791d1396e5f384365cafbb6b21fd26c023f8766,2019-20,2019-11-03,16:30,Europe/Istanbul,football_data_europe_london_converted,Kasimpasa,Yeni Malatyaspor,2,2,D,,,,played,True,1,0,19,13,6,5,13,14,7,8,2,3,0,1,football_data,data/raw/football_data/2019-20.csv,89,
11feef49a8bf6089590880da9681aacc27a4bcf87abc44ae8e02bbaebd9868e7,2019-20,2019-11-03,19:00,Europe/Istanbul,football_data_europe_london_converted,Kayserispor,Fenerbahce,1,0,H,,,,played,True,0,0,11,22,1,5,19,10,3,8,1,3,0,0,football_data,data/raw/football_data/2019-20.csv,90,
ab5bccd1e792759255b1dd16536da3c16e1eec2957a2fd3fdb9398830992a031,2019-20,2019-11-04,20:00,Europe/Istanbul,football_data_europe_london_converted,Ankaragucu,Gaziantep FK,1,2,A,,,,played,True,0,1,13,9,6,5,16,16,6,3,2,2,0,0,football_data,data/raw/football_data/2019-20.csv,91,
0301c274df170f4ebfd325f6140210b659345ccf841655ed844501b1141cf66c,2019-20,2019-11-08,20:30,Europe/Istanbul,football_data_europe_london_converted,Fenerbahce,Kasimpasa,3,2,H,,,,played,True,2,1,19,8,9,5,14,14,5,4,3,5,1,1,football_data,data/raw/football_data/2019-20.csv,92,
4887009234fd42684adb035e2c374cfb161f5343ff8ab33abd58dc0e6496b822,2019-20,2019-11-09,15:00,Europe/Istanbul,football_data_europe_london_converted,Genclerbirligi,Kayserispor,2,1,H,,,,played,True,1,0,15,7,7,3,13,7,2,2,2,0,0,0,football_data,data/raw/football_data/2019-20.csv,93,
4a7d2515b5601b06dc592e02d5985ca9dcad3a47cfca9090a7a8538cfda47697,2019-20,2019-11-09,17:30,Europe/Istanbul,football_data_europe_london_converted,Rizespor,Antalyaspor,1,0,H,,,,played,True,1,0,5,33,3,8,18,13,3,10,2,4,1,0,football_data,data/raw/football_data/2019-20.csv,94,
9c9db481a27628774d58ba1e122bfc23b92bbeacca10c12a718c9ee951ca5034,2019-20,2019-11-09,17:30,Europe/Istanbul,football_data_europe_london_converted,Sivasspor,Konyaspor,2,0,H,,,,played,True,0,0,17,2,10,1,10,9,8,1,1,5,0,1,football_data,data/raw/football_data/2019-20.csv,95,
1033068325f990b471fb61dc4c691505101622c15d77873d654485d9d8a7c1dc,2019-20,2019-11-09,20:00,Europe/Istanbul,football_data_europe_london_converted,Gaziantep FK,Galatasaray,0,2,A,,,,played,True,0,2,7,12,0,3,17,13,7,6,3,1,0,0,football_data,data/raw/football_data/2019-20.csv,96,
064534d9ddf38008d975c7128ed640244ed2f9864ad01a29b2ec69490529a8b0,2019-20,2019-11-10,14:00,Europe/Istanbul,football_data_europe_london_converted,Goztepe,Yeni Malatyaspor,1,1,D,,,,played,True,1,0,7,7,3,2,19,13,4,4,6,6,1,1,football_data,data/raw/football_data/2019-20.csv,97,
8518aeb8cfe441e541bc0c330e7fd68ac2ad8dcb681eeb0654ed31b83e1f1df2,2019-20,2019-11-10,16:30,Europe/Istanbul,football_data_europe_london_converted,Trabzonspor,Alanyaspor,1,0,H,,,,played,True,0,0,7,13,2,4,8,18,4,6,4,4,1,1,football_data,data/raw/football_data/2019-20.csv,98,
f48d155d57596dddc7106a68efc421e83e06d0211bd013ae49b772e12dbfc89e,2019-20,2019-11-10,19:00,Europe/Istanbul,football_data_europe_london_converted,Besiktas,Denizlispor,1,0,H,,,,played,True,0,0,12,8,7,3,13,18,6,6,2,2,0,0,football_data,data/raw/football_data/2019-20.csv,99,
b640d00fccf94eed1b92549a7981a77661ac1e0c66c533564052cd14faeac9d0,2019-20,2019-11-10,19:00,Europe/Istanbul,football_data_europe_london_converted,Istanbul Basaksehir,Ankaragucu,2,1,H,,,,played,True,1,0,17,16,7,6,14,9,7,4,1,2,0,0,football_data,data/raw/football_data/2019-20.csv,100,
6df49a2e0c1474026d29bc3c92fddca80d39e8bc35178234628b89e04830c3f3,2019-20,2019-11-22,20:30,Europe/Istanbul,football_data_europe_london_converted,Galatasaray,Istanbul Basaksehir,0,1,A,,,,played,True,0,0,8,7,3,2,19,17,11,5,3,3,0,0,football_data,data/raw/football_data/2019-20.csv,101,
ac74eabe630caa048eb1fb8f66adc3a41de4bb03a1344de19414d43a855abca0,2019-20,2019-11-23,15:00,Europe/Istanbul,football_data_europe_london_converted,Denizlispor,Rizespor,2,0,H,,,,played,True,0,0,12,5,3,0,13,14,7,5,3,2,0,0,football_data,data/raw/football_data/2019-20.csv,102,
28c9072da9d036767d48955213fdde66e888a432a4aa90cb7e6654283059d5d6,2019-20,2019-11-23,17:30,Europe/Istanbul,football_data_europe_london_converted,Ankaragucu,Trabzonspor,0,3,A,,,,played,True,0,1,12,21,1,10,18,12,5,5,5,2,1,0,football_data,data/raw/football_data/2019-20.csv,103,
2142773c511a6b12781b6c89583fdf59cd66a056ea1a1b821e1440f83aafee57,2019-20,2019-11-23,20:00,Europe/Istanbul,football_data_europe_london_converted,Konyaspor,Besiktas,0,1,A,,,,played,True,0,0,7,9,1,4,12,11,4,3,3,1,0,0,football_data,data/raw/football_data/2019-20.csv,104,
eeed4aab31f6579874db8e7c6f593983efb8e96b713e4374295e77bb66650956,2019-20,2019-11-24,14:00,Europe/Istanbul,football_data_europe_london_converted,Kayserispor,Sivasspor,1,4,A,,,,played,True,1,1,9,19,6,6,14,14,5,10,0,0,0,0,football_data,data/raw/football_data/2019-20.csv,105,
c5d39b051e5fb6940f3d2e8516d7f2fc03521f39b23d5962e2507565b4f8d4d4,2019-20,2019-11-24,16:30,Europe/Istanbul,football_data_europe_london_converted,Alanyaspor,Goztepe,0,1,A,,,,played,True,0,0,14,7,7,2,12,10,6,2,3,1,0,0,football_data,data/raw/football_data/2019-20.csv,106,
d04ee0394a10c7794b85817d44fc63a375907445bb2df78ab4a59f4e19eb9b29,2019-20,2019-11-24,16:30,Europe/Istanbul,football_data_europe_london_converted,Kasimpasa,Genclerbirligi,1,2,A,,,,played,True,0,0,10,18,4,3,10,13,6,7,1,1,0,0,football_data,data/raw/football_data/2019-20.csv,107,
f43c842573059055acea474f4ace7fe0962f6a796fcdf93a89882527bfb47d34,2019-20,2019-11-24,19:00,Europe/Istanbul,football_data_europe_london_converted,Yeni Malatyaspor,Fenerbahce,0,0,D,,,,played,True,0,0,13,19,6,5,13,21,4,3,3,4,0,0,football_data,data/raw/football_data/2019-20.csv,108,
79db4222fab8ffb50266c40e051ce20e2b81ca6abb0cf7049c37f02fb6e62bd7,2019-20,2019-11-25,20:00,Europe/Istanbul,football_data_europe_london_converted,Antalyaspor,Gaziantep FK,1,1,D,,,,played,True,0,1,22,7,6,3,19,18,5,3,2,3,0,0,football_data,data/raw/football_data/2019-20.csv,109,
2d39c1ab608c75e8c363ea23c3c42f99dc4e3d2168435d7202557f0f89f96db5,2019-20,2019-11-29,20:30,Europe/Istanbul,football_data_europe_london_converted,Genclerbirligi,Yeni Malatyaspor,3,3,D,,,,played,True,0,1,16,11,8,7,15,12,10,2,2,2,0,0,football_data,data/raw/football_data/2019-20.csv,110,
fea457cbf1c0ea0adbd9740caaa16397f4c2e47f151405cf5def47fdd36c3e54,2019-20,2019-11-30,15:00,Europe/Istanbul,football_data_europe_london_converted,Rizespor,Konyaspor,3,1,H,,,,played,True,2,1,9,13,5,2,16,9,3,2,1,0,0,0,football_data,data/raw/football_data/2019-20.csv,111,
8e780117758787394ad1bed565036dd9d5b17fdb7b31def4e04b847393aad1f6,2019-20,2019-11-30,15:00,Europe/Istanbul,football_data_europe_london_converted,Sivasspor,Kasimpasa,2,0,H,,,,played,True,2,0,16,16,9,4,19,10,6,5,1,3,0,0,football_data,data/raw/football_data/2019-20.csv,112,
4ffbb11eb0d7ca0f0519a69f6d51678aebb263e114807c4f26dfe0dc910712c7,2019-20,2019-11-30,17:30,Europe/Istanbul,football_data_europe_london_converted,Alanyaspor,Ankaragucu,5,0,H,,,,played,True,2,0,19,7,12,2,14,12,6,9,1,2,0,0,football_data,data/raw/football_data/2019-20.csv,113,
b2598b3e22b2b13941a9849c707612a88801d15d6cae41ef8d90b9d2011e2aa6,2019-20,2019-11-30,20:00,Europe/Istanbul,football_data_europe_london_converted,Goztepe,Fenerbahce,2,2,D,,,,played,True,1,1,11,12,4,3,11,12,2,4,1,8,0,1,football_data,data/raw/football_data/2019-20.csv,114,
e40ad5af81e30657525dcc3855f805ec084806f862546688a43003841329a2a4,2019-20,2019-12-01,14:00,Europe/Istanbul,football_data_europe_london_converted,Gaziantep FK,Denizlispor,1,2,A,,,,played,True,0,0,18,5,3,2,10,18,5,2,3,5,0,0,football_data,data/raw/football_data/2019-20.csv,115,
50de609572629db9ff5e5a40f47a735665353cdec8949f3d2245867e5201cf1a,2019-20,2019-12-01,16:30,Europe/Istanbul,football_data_europe_london_converted,Istanbul Basaksehir,Antalyaspor,2,0,H,,,,played,True,0,0,12,14,4,5,16,18,7,2,1,3,0,0,football_data,data/raw/football_data/2019-20.csv,116,
b511c95af9263eeb745a8726dc3a9569df6f6dcc4db8c09386535c0f1bf1b22e,2019-20,2019-12-01,19:00,Europe/Istanbul,football_data_europe_london_converted,Trabzonspor,Galatasaray,1,1,D,,,,played,True,0,0,10,9,5,3,11,7,5,9,4,3,0,0,football_data,data/raw/football_data/2019-20.csv,117,
67d73366e4ec5471bb1e06d8944d787cad3e21fb9cf19ae5691afcd1f33592de,2019-20,2019-12-02,20:00,Europe/Istanbul,football_data_europe_london_converted,Besiktas,Kayserispor,4,1,H,,,,played,True,3,0,24,7,13,3,12,10,9,5,2,1,0,0,football_data,data/raw/football_data/2019-20.csv,118,
d83787e6917530375a8eb80d08dae3976e77b52bc71c2eca634cd9e29dcd963e,2019-20,2019-12-06,20:30,Europe/Istanbul,football_data_europe_london_converted,Fenerbahce,Genclerbirligi,5,2,H,,,,played,True,3,1,24,14,13,6,14,12,4,4,3,4,0,0,football_data,data/raw/football_data/2019-20.csv,119,
ecacb2a479f052fc4b5455d70b75b34a3b4fa703c9ba5bf7971e8f2abe2d7ebe,2019-20,2019-12-07,15:00,Europe/Istanbul,football_data_europe_london_converted,Yeni Malatyaspor,Sivasspor,1,3,A,,,,played,True,1,2,14,13,2,7,14,16,3,4,2,4,0,0,football_data,data/raw/football_data/2019-20.csv,120,
dc3565d81caa2deb70deb642f55cc3d0a24c7fa2fd04b176f8878b00d64a1cb0,2019-20,2019-12-07,17:30,Europe/Istanbul,football_data_europe_london_converted,Ankaragucu,Goztepe,1,3,A,,,,played,True,1,1,11,15,4,6,13,9,2,3,2,3,0,0,football_data,data/raw/football_data/2019-20.csv,121,
941f8b2f62bb21434669dd42b88e948a8c02b73811e35da9078d3d6b750c60b6,2019-20,2019-12-07,20:00,Europe/Istanbul,football_data_europe_london_converted,Galatasaray,Alanyaspor,1,0,H,,,,played,True,1,0,7,21,4,5,15,13,6,13,2,4,0,0,football_data,data/raw/football_data/2019-20.csv,122,
03d5fcfdd7872ed9471059145f5b11d4a9d1fcb8d8b517c55e77165c2bff4301,2019-20,2019-12-08,14:00,Europe/Istanbul,football_data_europe_london_converted,Konyaspor,Gaziantep FK,0,0,D,,,,played,True,0,0,16,13,5,2,16,16,6,8,2,1,0,0,football_data,data/raw/football_data/2019-20.csv,123,
9477c16420810e5d19e5e8d13212e7194c7867db910886cd205fa3571cbc23ff,2019-20,2019-12-08,16:30,Europe/Istanbul,football_data_europe_london_converted,Antalyaspor,Trabzonspor,1,3,A,,,,played,True,1,3,24,11,8,5,12,14,11,4,2,2,0,0,football_data,data/raw/football_data/2019-20.csv,124,
67c139e7b61da2aacbc5746ec1a54ff8288570fb38ae753a46ebb59e412b8543,2019-20,2019-12-08,16:30,Europe/Istanbul,football_data_europe_london_converted,Denizlispor,Istanbul Basaksehir,1,1,D,,,,played,True,0,0,8,18,2,5,15,10,4,3,3,1,0,0,football_data,data/raw/football_data/2019-20.csv,125,
be74a5e5c286d1899cbb8c4de3c80329e6ca3e7b12a8e1d23d1acb3a006e97a6,2019-20,2019-12-08,19:00,Europe/Istanbul,football_data_europe_london_converted,Kasimpasa,Besiktas,2,3,A,,,,played,True,1,1,9,13,5,7,10,12,5,9,3,5,1,0,football_data,data/raw/football_data/2019-20.csv,126,
fd9ba3c31e8493cfa234b51654ceb4e7edd6911791f451e194ac046ed388d46e,2019-20,2019-12-09,20:00,Europe/Istanbul,football_data_europe_london_converted,Kayserispor,Rizespor,1,0,H,,,,played,True,1,0,17,19,7,7,8,6,3,11,2,3,0,0,football_data,data/raw/football_data/2019-20.csv,127,
6b8899c62f1f28a2e423e4a5a86dfd4ad99a459391c9423f17d7a6ebf72dc522,2019-20,2019-12-13,20:30,Europe/Istanbul,football_data_europe_london_converted,Alanyaspor,Antalyaspor,0,0,D,,,,played,True,0,0,15,8,1,1,22,19,6,3,3,3,0,0,football_data,data/raw/football_data/2019-20.csv,128,
7172ada03b38a5bc755945d4ce2ec6b14f171de18f3e6c70552b1071ed304273,2019-20,2019-12-14,15:00,Europe/Istanbul,football_data_europe_london_converted,Rizespor,Kasimpasa,0,3,A,,,,played,True,0,2,16,9,4,4,16,19,7,5,5,6,1,0,football_data,data/raw/football_data/2019-20.csv,129,
75101c59bd65fa3e023338efc1d3f410cd15ee13cfb61f1bd861174165bf8eb5,2019-20,2019-12-14,17:00,Europe/Istanbul,football_data_europe_london_converted,Genclerbirligi,Goztepe,3,1,H,,,,played,True,2,1,8,11,5,1,17,11,2,4,3,1,0,0,football_data,data/raw/football_data/2019-20.csv,130,
557fdde0564349a5eae0e23e3b8e7f5814dc1a06ec657373c5b25532d4733b37,2019-20,2019-12-14,20:00,Europe/Istanbul,football_data_europe_london_converted,Galatasaray,Ankaragucu,2,2,D,,,,played,True,0,0,14,7,5,3,10,15,12,3,2,5,0,1,football_data,data/raw/football_data/2019-20.csv,131,
22cd95970a185bcafa725df0fc1500fc62ea99982f5d2dd3123d33a8d7de9e9f,2019-20,2019-12-15,14:00,Europe/Istanbul,football_data_europe_london_converted,Gaziantep FK,Kayserispor,3,0,H,,,,played,True,0,0,14,5,6,1,21,19,7,4,2,2,0,0,football_data,data/raw/football_data/2019-20.csv,132,
e10ca00dc8ec1a757abc59da754d079debba069646a0198d70495a90e0e542c1,2019-20,2019-12-15,16:30,Europe/Istanbul,football_data_europe_london_converted,Sivasspor,Fenerbahce,3,1,H,,,,played,True,1,0,14,9,3,4,19,12,5,7,4,3,0,2,football_data,data/raw/football_data/2019-20.csv,133,
aa14ec5db42150a5dfa72ff41aa288de58dd9c4bb692be2f39bf0eea13b2d7c7,2019-20,2019-12-15,19:00,Europe/Istanbul,football_data_europe_london_converted,Besiktas,Yeni Malatyaspor,0,2,A,,,,played,True,0,0,12,4,1,3,11,12,4,0,6,3,1,0,football_data,data/raw/football_data/2019-20.csv,134,
605b470edcfedbde059013ef5ab2f64596fff03cd8a370e136c2a4e158e6dcc0,2019-20,2019-12-16,20:00,Europe/Istanbul,football_data_europe_london_converted,Istanbul Basaksehir,Konyaspor,1,1,D,,,,played,True,1,0,19,6,6,2,14,10,9,0,0,3,0,0,football_data,data/raw/football_data/2019-20.csv,135,
c3ea2f1a376cd741286be99be3d209aa22df25e903d668dafdebfef24f91cdff,2019-20,2019-12-16,20:00,Europe/Istanbul,football_data_europe_london_converted,Trabzonspor,Denizlispor,1,2,A,,,,played,True,1,0,15,10,7,4,11,13,5,3,0,1,0,0,football_data,data/raw/football_data/2019-20.csv,136,
f376febf633c769fcf6eda08dcd4bfb39ecaa6984ac2ab301d9bae38fbd666f8,2019-20,2019-12-20,20:30,Europe/Istanbul,football_data_europe_london_converted,Antalyaspor,Ankaragucu,2,2,D,,,,played,True,1,0,14,6,3,3,20,21,6,0,2,3,0,0,football_data,data/raw/football_data/2019-20.csv,137,
88e10db482eedd5c73e76873a89c60bfd682798f5d14da86e76dcbfd610774d4,2019-20,2019-12-21,15:00,Europe/Istanbul,football_data_europe_london_converted,Yeni Malatyaspor,Rizespor,0,2,A,,,,played,True,0,1,11,7,5,3,11,12,6,4,2,3,0,0,football_data,data/raw/football_data/2019-20.csv,138,
e5eb143083071ae996818d8e0e4f15834834bba5793e0f808d1ba6d26c0638c3,2019-20,2019-12-21,17:30,Europe/Istanbul,football_data_europe_london_converted,Kasimpasa,Gaziantep FK,3,4,A,,,,played,True,1,4,7,6,4,5,12,15,8,3,4,2,0,0,football_data,data/raw/football_data/2019-20.csv,139,
ce7ec06d7bff18788d0f65ece439620aa08267c38c5c9e2e52a8efc634fb930b,2019-20,2019-12-21,20:00,Europe/Istanbul,football_data_europe_london_converted,Goztepe,Galatasaray,2,1,H,,,,played,True,1,1,14,12,6,1,6,9,2,5,4,2,0,0,football_data,data/raw/football_data/2019-20.csv,140,
7478d239013e67461dc5d283bb14a2777e4d3c214c1b1a125d0c9300554183f2,2019-20,2019-12-22,14:00,Europe/Istanbul,football_data_europe_london_converted,Genclerbirligi,Sivasspor,2,2,D,,,,played,True,0,1,11,9,7,6,16,11,8,7,3,2,0,0,football_data,data/raw/football_data/2019-20.csv,141,
c0b083b353e6befc5718f10d32122a8d0f716478581feb0aec30fc25f85e6104,2019-20,2019-12-22,16:30,Europe/Istanbul,football_data_europe_london_converted,Kayserispor,Istanbul Basaksehir,1,4,A,,,,played,True,1,2,11,18,5,9,12,6,6,7,3,2,0,0,football_data,data/raw/football_data/2019-20.csv,142,
5d3d54615e307a24077e631313e75c27d4213b28d7904f851915b936ac81f469,2019-20,2019-12-22,19:00,Europe/Istanbul,football_data_europe_london_converted,Fenerbahce,Besiktas,3,1,H,,,,played,True,2,1,14,5,5,2,18,21,9,5,2,3,0,0,football_data,data/raw/football_data/2019-20.csv,143,
a5ea2ad6b96495f7ce85abdf027f3617855afc23dac2db95607ef801213c77af,2019-20,2019-12-23,20:00,Europe/Istanbul,football_data_europe_london_converted,Denizlispor,Alanyaspor,1,5,A,,,,played,True,0,3,7,14,3,10,12,21,4,7,1,3,0,0,football_data,data/raw/football_data/2019-20.csv,144,
6100679295a8a8701798888566098fa76b2c3f85bbb72297105492ffbdf988e2,2019-20,2019-12-23,20:00,Europe/Istanbul,football_data_europe_london_converted,Konyaspor,Trabzonspor,0,1,A,,,,played,True,0,1,8,5,3,2,13,17,3,3,5,2,1,0,football_data,data/raw/football_data/2019-20.csv,145,
a5de930601d9f56fb0ac57b1b2cd1bf7db7278a1287f1e63fc8633fc70848c30,2019-20,2019-12-27,20:30,Europe/Istanbul,football_data_europe_london_converted,Besiktas,Genclerbirligi,4,1,H,,,,played,True,0,1,17,4,6,3,12,9,8,5,2,4,0,2,football_data,data/raw/football_data/2019-20.csv,146,
3054203bf2e6d30bfc687c39196b4408b417da0a1fa80e8b182f1487623a105b,2019-20,2019-12-28,15:00,Europe/Istanbul,football_data_europe_london_converted,Ankaragucu,Denizlispor,2,2,D,,,,played,True,0,2,16,7,5,3,22,9,2,3,2,1,0,1,football_data,data/raw/football_data/2019-20.csv,147,
91191abc7b104a7538faeba753e48e346ede4094f5e831f45000aa88bc543c08,2019-20,2019-12-28,17:30,Europe/Istanbul,football_data_europe_london_converted,Istanbul Basaksehir,Kasimpasa,5,1,H,,,,played,True,4,0,14,18,9,6,21,12,5,8,2,3,0,0,football_data,data/raw/football_data/2019-20.csv,148,
2723d66d5a1fb225d5168f3a2dcdee2461c6ee90551f8a854dcd402088510ded,2019-20,2019-12-28,17:30,Europe/Istanbul,football_data_europe_london_converted,Trabzonspor,Kayserispor,6,2,H,,,,played,True,2,1,21,6,13,3,8,10,14,2,0,2,0,0,football_data,data/raw/football_data/2019-20.csv,149,
8a851d3c467e26b15160320815f77d436570d7de1274e7fa7f54186f9411104b,2019-20,2019-12-28,20:00,Europe/Istanbul,football_data_europe_london_converted,Galatasaray,Antalyaspor,5,0,H,,,,played,True,3,0,12,7,8,3,16,18,6,3,2,4,0,0,football_data,data/raw/football_data/2019-20.csv,150,
cbe16f8f07e04a390cd14141c26bfb4d3be3757838c77bbcd90ca8fbada44f92,2019-20,2019-12-29,14:00,Europe/Istanbul,football_data_europe_london_converted,Sivasspor,Goztepe,1,0,H,,,,played,True,0,0,10,3,4,0,17,13,3,1,1,1,0,0,football_data,data/raw/football_data/2019-20.csv,151,
66c2528d7089445ad54a2d0e5d4ae60ac5cec086acfc688bf72e0f7442b8c845,2019-20,2019-12-29,16:30,Europe/Istanbul,football_data_europe_london_converted,Alanyaspor,Konyaspor,2,1,H,,,,played,True,1,1,16,4,7,2,8,13,11,1,1,4,0,0,football_data,data/raw/football_data/2019-20.csv,152,
a15686f4fc369a0329fc5847ac3d7e35b70943f7f26cf9058ae9cf859148f005,2019-20,2019-12-29,16:30,Europe/Istanbul,football_data_europe_london_converted,Gaziantep FK,Yeni Malatyaspor,1,1,D,,,,played,True,1,0,6,7,3,6,15,19,1,8,5,4,1,1,football_data,data/raw/football_data/2019-20.csv,153,
526450ad65f8af88d96271793ed0f13b848721a8ea652ea8aeb707369e808d63,2019-20,2019-12-29,19:00,Europe/Istanbul,football_data_europe_london_converted,Rizespor,Fenerbahce,1,2,A,,,,played,True,1,1,5,12,4,4,17,13,5,2,3,2,0,0,football_data,data/raw/football_data/2019-20.csv,154,
db6c4dedcb717da7a1912255ed3d4d8122927b476cfdc45ada1e75479d03faee,2019-20,2020-01-17,20:00,Europe/Istanbul,football_data_europe_london_converted,Ankaragucu,Konyaspor,0,1,A,,,,played,True,0,0,6,5,1,2,18,14,4,4,0,1,0,0,football_data,data/raw/football_data/2019-20.csv,155,
73c3c3b96386779cc581ccf46405e244e4780a626a7ee7016194f943ba0501a0,2019-20,2020-01-18,14:00,Europe/Istanbul,football_data_europe_london_converted,Alanyaspor,Kayserispor,5,1,H,,,,played,True,1,0,16,9,8,5,10,17,2,2,0,2,0,1,football_data,data/raw/football_data/2019-20.csv,156,
bd84721646610a59af45ae0fdff29a7b0718e543eed6e0b5a310971028332208,2019-20,2020-01-18,17:00,Europe/Istanbul,football_data_europe_london_converted,Istanbul Basaksehir,Yeni Malatyaspor,4,1,H,,,,played,True,4,0,11,9,6,7,15,21,4,5,2,4,0,0,football_data,data/raw/football_data/2019-20.csv,157,
71b09c30213648b9b173b0eec8f4cd768adda63d197df87e402bce914b247a7d,2019-20,2020-01-18,20:00,Europe/Istanbul,football_data_europe_london_converted,Gaziantep FK,Fenerbahce,0,2,A,,,,played,True,0,0,10,10,3,6,15,19,4,3,5,5,0,1,football_data,data/raw/football_data/2019-20.csv,158,
b457829549a3eb3d8cec77c621d7e01da4705f4bc47a279195fa373025a01b0a,2019-20,2020-01-19,13:30,Europe/Istanbul,football_data_europe_london_converted,Antalyaspor,Goztepe,0,3,A,,,,played,True,0,3,8,6,2,3,16,8,9,5,4,2,1,0,football_data,data/raw/football_data/2019-20.csv,159,
10da1fa185bfcf07f683679123ea5cf2851b6ab2920362bbd7eb1df3648b092e,2019-20,2020-01-19,16:00,Europe/Istanbul,football_data_europe_london_converted,Galatasaray,Denizlispor,2,1,H,,,,played,True,1,0,14,4,4,2,15,10,5,9,1,4,0,0,football_data,data/raw/football_data/2019-20.csv,160,
3cfe1aa49dd8905f183fe4f800c09c5ee07e5a16ae84b2d391bf61915ca5328a,2019-20,2020-01-19,16:00,Europe/Istanbul,football_data_europe_london_converted,Trabzonspor,Kasimpasa,6,0,H,,,,played,True,3,0,12,3,9,2,15,14,5,2,1,4,0,1,football_data,data/raw/football_data/2019-20.csv,161,
9b82aa14b37a333cb6e9212b4b2fa355fa3c03696740278c7341def0f17f6a21,2019-20,2020-01-19,19:00,Europe/Istanbul,football_data_europe_london_converted,Besiktas,Sivasspor,1,2,A,,,,played,True,1,2,12,9,7,5,5,21,14,5,2,6,0,1,football_data,data/raw/football_data/2019-20.csv,162,
5c765bdbb57627324850ab80b31e5de25649a9ec86e03de16fc854ba568d7284,2019-20,2020-01-20,20:00,Europe/Istanbul,football_data_europe_london_converted,Rizespor,Genclerbirligi,2,0,H,,,,played,True,0,0,8,7,4,3,19,14,4,0,1,1,0,0,football_data,data/raw/football_data/2019-20.csv,163,
722908b40ae3269d17c421c24ecd27f5a93c11a32cdbb6f8159e485b29a10ded,2019-20,2020-01-24,20:00,Europe/Istanbul,football_data_europe_london_converted,Genclerbirligi,Gaziantep FK,1,0,H,,,,played,True,0,0,13,7,6,2,11,8,10,2,3,2,0,0,football_data,data/raw/football_data/2019-20.csv,164,
b4d4a2d6a9adb0b05800e9bbeee54f426c556a2004bf9230680dd31a79369f8a,2019-20,2020-01-25,14:00,Europe/Istanbul,football_data_europe_london_converted,Kayserispor,Ankaragucu,1,1,D,,,,played,True,1,0,12,8,5,2,20,15,12,3,5,6,0,1,football_data,data/raw/football_data/2019-20.csv,165,
062d65e82a46ab5cd261ee34e769974cbee69e0be697891466e40684a5b20fd5,2019-20,2020-01-25,17:00,Europe/Istanbul,football_data_europe_london_converted,Kasimpasa,Alanyaspor,1,2,A,,,,played,True,0,1,4,12,2,4,23,21,4,7,3,1,1,0,football_data,data/raw/football_data/2019-20.csv,166,
1072818c48408399b7f87ae4d86d5ad015d59a4ccd113859c6d8c064545006d8,2019-20,2020-01-25,20:00,Europe/Istanbul,football_data_europe_london_converted,Fenerbahce,Istanbul Basaksehir,2,0,H,,,,played,True,0,0,24,3,9,1,13,18,6,7,0,1,0,0,football_data,data/raw/football_data/2019-20.csv,167,
49c93834c807258553f1b0aad632ea5d087fe9b064204e9b2bc2ce857ecb1824,2019-20,2020-01-26,13:30,Europe/Istanbul,football_data_europe_london_converted,Denizlispor,Antalyaspor,0,3,A,,,,played,True,0,2,9,8,3,6,12,16,8,4,2,2,0,0,football_data,data/raw/football_data/2019-20.csv,168,
33ac5b7749feba15914082e8dcbda6d83e5bf6cd9dea64f8fac83e0b4cc0fa8e,2019-20,2020-01-26,16:00,Europe/Istanbul,football_data_europe_london_converted,Goztepe,Besiktas,2,1,H,,,,played,True,2,1,10,5,6,4,14,14,5,4,4,4,0,0,football_data,data/raw/football_data/2019-20.csv,169,
47d7cf543ff729f4c83d3a768ebb48913b53b3a4ba82a98dc9b743728eed716c,2019-20,2020-01-26,19:00,Europe/Istanbul,football_data_europe_london_converted,Konyaspor,Galatasaray,0,3,A,,,,played,True,0,2,6,6,4,5,9,14,8,6,0,2,0,0,football_data,data/raw/football_data/2019-20.csv,170,
e619f272e726f70635fe15f76423bb47b00b331345b2f7aca78eae6c1a27ba6c,2019-20,2020-01-27,20:00,Europe/Istanbul,football_data_europe_london_converted,Sivasspor,Rizespor,1,1,D,,,,played,True,0,0,17,5,5,3,10,16,6,1,1,5,0,0,football_data,data/raw/football_data/2019-20.csv,171,
db19a281ced8425b2b8d449d8e026d7600f8a83084c9744c682462fddb8cad5c,2019-20,2020-01-31,20:00,Europe/Istanbul,football_data_europe_london_converted,Istanbul Basaksehir,Genclerbirligi,3,1,H,,,,played,True,1,1,9,14,3,5,11,13,3,8,1,1,0,0,football_data,data/raw/football_data/2019-20.csv,172,
930c4302f7fa48b8ed29ad7b590696c0443e60858df3467500c9e12c6da3dfeb,2019-20,2020-02-01,14:00,Europe/Istanbul,football_data_europe_london_converted,Antalyaspor,Konyaspor,0,0,D,,,,played,True,0,0,6,15,2,3,16,10,12,4,3,0,0,0,football_data,data/raw/football_data/2019-20.csv,173,
3d3d67edd69b7b8a252faa6421ffb83602aea57f9357835284b1d615e3591a7b,2019-20,2020-02-01,17:00,Europe/Istanbul,football_data_europe_london_converted,Rizespor,Besiktas,1,2,A,,,,played,True,1,1,14,7,4,2,15,10,4,4,3,0,0,0,football_data,data/raw/football_data/2019-20.csv,174,
dc2bf2b6c0f789a89cb8bf443fe5796b38587c1045b07c64df9e2dd764c77112,2019-20,2020-02-01,20:00,Europe/Istanbul,football_data_europe_london_converted,Trabzonspor,Fenerbahce,2,1,H,,,,played,True,2,1,16,23,4,9,20,14,6,10,4,5,0,1,football_data,data/raw/football_data/2019-20.csv,175,
73c7d73c52da5014ad3f510c8e7bad013acb54508c32f795bcf840972762a805,2019-20,2020-02-02,13:30,Europe/Istanbul,football_data_europe_london_converted,Ankaragucu,Kasimpasa,1,1,D,,,,played,True,0,1,11,19,3,3,14,15,3,9,3,3,0,0,football_data,data/raw/football_data/2019-20.csv,176,
a4c09c6e1ed1fc54948111966115a22f95226581d74ae59ab8efc5cfdffd0edb,2019-20,2020-02-02,16:00,Europe/Istanbul,football_data_europe_london_converted,Alanyaspor,Yeni Malatyaspor,2,1,H,,,,played,True,1,0,14,12,7,2,12,17,7,6,2,3,1,0,football_data,data/raw/football_data/2019-20.csv,177,
ec93a43b13d69f9ca4cc60068d85b8994d6ad9423e18a9b5d43a4ffc9dcb7e7c,2019-20,2020-02-02,16:00,Europe/Istanbul,football_data_europe_london_converted,Gaziantep FK,Sivasspor,5,1,H,,,,played,True,3,1,11,21,7,8,13,14,6,2,3,4,0,0,football_data,data/raw/football_data/2019-20.csv,178,
f0673a572ce45a658843ae9a244169107c413d63850deb4b1e8232cf40be62d9,2019-20,2020-02-02,19:00,Europe/Istanbul,football_data_europe_london_converted,Galatasaray,Kayserispor,4,1,H,,,,played,True,2,0,11,10,5,2,16,10,5,4,2,1,0,0,football_data,data/raw/football_data/2019-20.csv,179,
a3388da7f11a842f4bcde94d679f8d6a73f9a42244687c34d8624af2d064b5fe,2019-20,2020-02-03,20:00,Europe/Istanbul,football_data_europe_london_converted,Denizlispor,Goztepe,1,1,D,,,,played,True,0,1,19,8,7,3,11,14,8,1,4,4,0,0,football_data,data/raw/football_data/2019-20.csv,180,
24d1839349ea6f15506e1b65279ee385f098dfe15a7d716d23604c2d415a61e2,2019-20,2020-02-07,20:00,Europe/Istanbul,football_data_europe_london_converted,Yeni Malatyaspor,Ankaragucu,0,1,A,,,,played,True,0,0,12,15,2,7,7,16,10,3,1,2,1,0,football_data,data/raw/football_data/2019-20.csv,181,
794d3a4785769d0afb2cea157a0ad74f8d1f1c7fa800d786636bca6336dd74db,2019-20,2020-02-08,14:00,Europe/Istanbul,football_data_europe_london_converted,Konyaspor,Denizlispor,0,0,D,,,,played,True,0,0,20,10,5,2,14,18,7,4,2,1,0,0,football_data,data/raw/football_data/2019-20.csv,182,
ea4591f2a51326bdc22f8f8da38af8d27f89d3385fa9112bf5ffdaefb1c368a6,2019-20,2020-02-08,17:00,Europe/Istanbul,football_data_europe_london_converted,Besiktas,Gaziantep FK,3,0,H,,,,played,True,0,0,17,11,8,2,14,13,10,5,3,2,0,0,football_data,data/raw/football_data/2019-20.csv,183,
4a144367fe93030f5219e47d9459b6f12baf767c9509bfb2bef4c4ade232b29e,2019-20,2020-02-08,17:00,Europe/Istanbul,football_data_europe_london_converted,Genclerbirligi,Trabzonspor,0,2,A,,,,played,True,0,0,13,15,2,7,19,11,5,9,8,1,0,1,football_data,data/raw/football_data/2019-20.csv,184,
79306cce4a025beca138950798431151a7d4c89bfb13e892e9a1deb7d104bcc5,2019-20,2020-02-08,20:00,Europe/Istanbul,football_data_europe_london_converted,Fenerbahce,Alanyaspor,1,1,D,,,,played,True,0,1,15,5,3,2,11,13,5,2,3,4,0,0,football_data,data/raw/football_data/2019-20.csv,185,
8c134d90c323bfad5729d80e8299eddf2396660c2e2c7c70805f86270d824c0b,2019-20,2020-02-09,13:30,Europe/Istanbul,football_data_europe_london_converted,Kayserispor,Antalyaspor,2,2,D,,,,played,True,1,1,15,11,9,3,16,15,8,8,4,4,0,0,football_data,data/raw/football_data/2019-20.csv,186,
ec5d3afcd1fe59c9af91252519590e33e39cdcb7647c0b7395b7ee879ef2f120,2019-20,2020-02-09,16:00,Europe/Istanbul,football_data_europe_london_converted,Sivasspor,Istanbul Basaksehir,1,1,D,,,,played,True,0,0,14,8,4,1,12,11,7,2,0,3,0,0,football_data,data/raw/football_data/2019-20.csv,187,
dcec95cf945d92776ba01b1b83a0bab8257db5e7977e64fd3847487fed4796ec,2019-20,2020-02-09,19:00,Europe/Istanbul,football_data_europe_london_converted,Kasimpasa,Galatasaray,0,3,A,,,,played,True,0,3,11,19,3,8,12,11,4,5,2,0,0,0,football_data,data/raw/football_data/2019-20.csv,188,
35c66f0b45b19b2d2ac11caa5b9b9853acf35ee98aa1fd06caf4bbda39a5338e,2019-20,2020-02-14,20:00,Europe/Istanbul,football_data_europe_london_converted,Istanbul Basaksehir,Besiktas,1,0,H,,,,played,True,0,0,6,19,3,7,14,11,0,5,3,3,0,0,football_data,data/raw/football_data/2019-20.csv,189,
e1eae7f09efcaab515695973d5ef3469c593c53ce16dbf9f1696d71b4e21f750,2019-20,2020-02-15,14:00,Europe/Istanbul,football_data_europe_london_converted,Denizlispor,Kayserispor,0,1,A,,,,played,True,0,0,9,17,3,4,11,19,10,5,0,0,0,0,football_data,data/raw/football_data/2019-20.csv,190,
a35617243438a16d3dedb430bc7f7b0a282f7aef7135b88d2e2214a0d539dd30,2019-20,2020-02-15,17:00,Europe/Istanbul,football_data_europe_london_converted,Konyaspor,Goztepe,1,3,A,,,,played,True,1,1,14,12,5,3,10,12,8,3,2,0,0,0,football_data,data/raw/football_data/2019-20.csv,191,
afc98475532585d79391efb0a84fbb6ea46118569e3d76dcd7a442d31cf05880,2019-20,2020-02-15,20:00,Europe/Istanbul,football_data_europe_london_converted,Ankaragucu,Fenerbahce,2,1,H,,,,played,True,1,0,9,16,3,7,13,12,1,2,1,2,0,0,football_data,data/raw/football_data/2019-20.csv,192,
0d3c627b7cad654cf94fccc9ec8841569d001eb9cb9e8b18cad55c28e71418ef,2019-20,2020-02-16,13:30,Europe/Istanbul,football_data_europe_london_converted,Alanyaspor,Genclerbirligi,0,1,A,,,,played,True,0,0,23,14,11,6,11,8,3,7,3,2,0,0,football_data,data/raw/football_data/2019-20.csv,193,
1cc285e3611839506d36bfb0cc4835c0c84144f22155cfaea78b3dfdb3ff1372,2019-20,2020-02-16,16:00,Europe/Istanbul,football_data_europe_london_converted,Trabzonspor,Sivasspor,2,1,H,,,,played,True,2,0,12,18,4,3,9,16,7,7,2,1,0,0,football_data,data/raw/football_data/2019-20.csv,194,
0e778aed0ccd7d96bbb92544e7270f669116498d0f910aaf0e8449e3bb7a6bdc,2019-20,2020-02-16,19:00,Europe/Istanbul,football_data_europe_london_converted,Galatasaray,Yeni Malatyaspor,1,0,H,,,,played,True,1,0,18,10,3,4,8,20,6,5,2,3,0,0,football_data,data/raw/football_data/2019-20.csv,195,
96e7f33f49573cfa66832cb91a5a106fabf8ca18472c7ee679a43b207a6d7a54,2019-20,2020-02-17,20:00,Europe/Istanbul,football_data_europe_london_converted,Antalyaspor,Kasimpasa,3,1,H,,,,played,True,0,0,16,6,9,3,12,15,3,5,4,3,0,0,football_data,data/raw/football_data/2019-20.csv,196,
147314cd35fa27357be35ad673e43e4dc91b642c412133ff5514315879f0d027,2019-20,2020-02-17,20:00,Europe/Istanbul,football_data_europe_london_converted,Gaziantep FK,Rizespor,2,0,H,,,,played,True,0,0,21,6,3,1,14,14,7,2,3,4,0,1,football_data,data/raw/football_data/2019-20.csv,197,
24307557cdcc6d93b7050e3764fd90b327f85d2439f3bf64c59097df3a434530,2019-20,2020-02-21,20:00,Europe/Istanbul,football_data_europe_london_converted,Sivasspor,Alanyaspor,1,0,H,,,,played,True,1,0,5,11,2,4,17,13,3,6,5,2,0,0,football_data,data/raw/football_data/2019-20.csv,198,
2d9ce3cdba000a0feaa8d14c6efeb20d8ed262d9e324ff135b4ac1b3a1e77ab7,2019-20,2020-02-22,14:00,Europe/Istanbul,football_data_europe_london_converted,Kayserispor,Konyaspor,2,2,D,,,,played,True,1,2,17,11,6,4,15,15,8,1,3,5,0,0,football_data,data/raw/football_data/2019-20.csv,199,
a64e74e3672cc2003c647c991c1608bc796e989ed0e9dedb692feb87e5fe153a,2019-20,2020-02-22,17:00,Europe/Istanbul,football_data_europe_london_converted,Goztepe,Gaziantep FK,1,1,D,,,,played,True,0,0,12,17,4,5,13,11,6,12,2,3,0,0,football_data,data/raw/football_data/2019-20.csv,200,
f461d006255790d174770d1c2f318f350b0952b770380d2bcb4b75378dce1f40,2019-20,2020-02-22,20:00,Europe/Istanbul,football_data_europe_london_converted,Besiktas,Trabzonspor,2,2,D,,,,played,True,0,1,29,9,9,3,12,17,14,5,2,2,0,0,football_data,data/raw/football_data/2019-20.csv,201,
3c6d2602e130b0492f0a9b3b96533c241d442a4d263c7fa53251fbb3b6c1935c,2019-20,2020-02-23,13:30,Europe/Istanbul,football_data_europe_london_converted,Yeni Malatyaspor,Antalyaspor,1,2,A,,,,played,True,1,1,18,9,8,3,10,14,5,2,2,2,0,1,football_data,data/raw/football_data/2019-20.csv,202,
2be0ddf3238159c9ebfea996c37b5bbf4e20344e0b783e19bfb4cf090ce11685,2019-20,2020-02-23,16:00,Europe/Istanbul,football_data_europe_london_converted,Genclerbirligi,Ankaragucu,1,0,H,,,,played,True,0,0,14,10,5,5,20,15,6,2,3,3,0,0,football_data,data/raw/football_data/2019-20.csv,203,
9b0e50f1bfc239bb478de7eb959cd69db3dc98df01119c9918e34c551cf3ab9e,2019-20,2020-02-23,19:00,Europe/Istanbul,football_data_europe_london_converted,Fenerbahce,Galatasaray,1,3,A,,,,played,True,1,1,10,14,4,7,22,14,6,4,5,8,2,1,football_data,data/raw/football_data/2019-20.csv,204,
93f72d556ffe4f454f0ab8e5e7725589ab4b4e01a4607ab634a08ea4e2753e7f,2019-20,2020-02-24,20:00,Europe/Istanbul,football_data_europe_london_converted,Kasimpasa,Denizlispor,2,0,H,,,,played,True,1,0,14,8,5,3,11,13,8,6,2,1,0,0,football_data,data/raw/football_data/2019-20.csv,205,
094a9e488dccad259215fc4cb851cbc94076519d81dacb829d574e1be315ec69,2019-20,2020-02-24,20:00,Europe/Istanbul,football_data_europe_london_converted,Rizespor,Istanbul Basaksehir,1,2,A,,,,played,True,0,1,17,21,6,5,11,14,4,2,0,1,0,0,football_data,data/raw/football_data/2019-20.csv,206,
b35cd8c38f55db7c76a68ca40c6adc64bdd0322cefbbe1a9352511ac8fb2389e,2019-20,2020-02-28,20:00,Europe/Istanbul,football_data_europe_london_converted,Alanyaspor,Besiktas,1,2,A,,,,played,True,1,0,8,18,2,5,10,11,4,5,1,0,0,0,football_data,data/raw/football_data/2019-20.csv,207,
38d972ef785ff9f521d25a91c2e83b9ae2bcec30131b8a17b7e7530a60f7f79f,2019-20,2020-02-29,14:00,Europe/Istanbul,football_data_europe_london_converted,Konyaspor,Kasimpasa,0,0,D,,,,played,True,0,0,10,8,3,0,14,12,8,4,1,0,0,0,football_data,data/raw/football_data/2019-20.csv,208,
cf1915afcbeb9408675e8c11792ac1a9d2ba64c817ef469839c76db1fa709d93,2019-20,2020-02-29,17:00,Europe/Istanbul,football_data_europe_london_converted,Trabzonspor,Rizespor,5,2,H,,,,played,True,0,1,17,18,6,3,11,8,6,3,3,2,1,0,football_data,data/raw/football_data/2019-20.csv,209,
2c8fbd5a66bc81d13b16c8f9c813f7e88c22e50332d932eaeeb4de9f0b5e9131,2019-20,2020-02-29,20:00,Europe/Istanbul,football_data_europe_london_converted,Antalyaspor,Fenerbahce,2,2,D,,,,played,True,0,1,12,17,4,4,15,10,8,2,6,1,1,0,football_data,data/raw/football_data/2019-20.csv,210,
bc29c0030e74a2c9591fbad762e5b67cdb898fdc1c0df697698be0bd8af9cc00,2019-20,2020-03-01,13:30,Europe/Istanbul,football_data_europe_london_converted,Denizlispor,Yeni Malatyaspor,2,0,H,,,,played,True,1,0,24,2,11,0,17,23,12,2,0,4,0,1,football_data,data/raw/football_data/2019-20.csv,211,
65d975d151e193750c6dba91d26ce0d6058f1643f907e820dc1ebfebf2018c94,2019-20,2020-03-01,16:00,Europe/Istanbul,football_data_europe_london_converted,Ankaragucu,Sivasspor,0,3,A,,,,played,True,0,0,8,21,2,9,14,17,4,7,2,2,1,0,football_data,data/raw/football_data/2019-20.csv,212,
5bf6f04b6d492bcbe25ff3edfb021f50581d852159450b3cfed669b1bd4cfa7f,2019-20,2020-03-01,19:00,Europe/Istanbul,football_data_europe_london_converted,Galatasaray,Genclerbirligi,3,0,H,,,,played,True,2,0,12,9,6,2,7,10,5,10,1,4,0,0,football_data,data/raw/football_data/2019-20.csv,213,
78814679d37838a456bf2d7041ab8739d90d481f43b80b69872d5ac2de679e2f,2019-20,2020-03-02,20:00,Europe/Istanbul,football_data_europe_london_converted,Istanbul Basaksehir,Gaziantep FK,3,1,H,,,,played,True,0,0,20,22,10,8,9,7,7,4,1,0,0,0,football_data,data/raw/football_data/2019-20.csv,214,
1c0bd53d68879659b0e8b880c16430e35b36193bb9cb9c2670ba71658e08d0d3,2019-20,2020-03-02,20:00,Europe/Istanbul,football_data_europe_london_converted,Kayserispor,Goztepe,1,0,H,,,,played,True,0,0,9,13,3,2,17,13,0,5,4,1,0,0,football_data,data/raw/football_data/2019-20.csv,215,
45dcc10c1a1a468b61070d55e5a5d4396d97477516e84faab19b22d8da2fb091,2019-20,2020-03-06,20:00,Europe/Istanbul,football_data_europe_london_converted,Besiktas,Ankaragucu,2,1,H,,,,played,True,1,0,12,12,2,5,14,17,1,5,3,5,0,0,football_data,data/raw/football_data/2019-20.csv,216,
196c60c9a786a8d85722bc302ef993f501d2cc14dfce264ddb445667b1ea3e4b,2019-20,2020-03-07,14:00,Europe/Istanbul,football_data_europe_london_converted,Yeni Malatyaspor,Konyaspor,1,1,D,,,,played,True,0,1,8,9,4,3,15,14,4,8,1,2,1,1,football_data,data/raw/football_data/2019-20.csv,217,
a6a52ff109d03fbe5205ff7329f8441581e394dfe49a52ba0c7572fc8246848c,2019-20,2020-03-07,17:00,Europe/Istanbul,football_data_europe_london_converted,Gaziantep FK,Trabzonspor,1,1,D,,,,played,True,0,1,10,6,3,2,8,14,5,2,2,5,0,0,football_data,data/raw/football_data/2019-20.csv,218,
3d2657582deb2987fa872da3b94f7244736aea80fa19d1ab0eb7644c8e0fcd8c,2019-20,2020-03-07,17:00,Europe/Istanbul,football_data_europe_london_converted,Goztepe,Istanbul Basaksehir,0,3,A,,,,played,True,0,1,17,12,1,4,10,10,7,0,1,2,0,1,football_data,data/raw/football_data/2019-20.csv,219,
28f6e7e024c8c2946facb0754d18100cba6082d91e7a3564d3dfde0458de52be,2019-20,2020-03-07,20:00,Europe/Istanbul,football_data_europe_london_converted,Fenerbahce,Denizlispor,2,2,D,,,,played,True,1,1,9,12,3,8,16,20,3,3,7,4,1,0,football_data,data/raw/football_data/2019-20.csv,220,
ee6098824dafa81c416619318d5c091c684bf93b1f1d59465f6c6e016317c4ad,2019-20,2020-03-08,13:30,Europe/Istanbul,football_data_europe_london_converted,Kasimpasa,Kayserispor,5,1,H,,,,played,True,3,0,16,13,10,4,19,15,2,3,3,4,0,0,football_data,data/raw/football_data/2019-20.csv,221,
e727d586ae3b1d830e430cfa3bbaf2696c681c279cca1f50000a716f6866bd53,2019-20,2020-03-08,16:00,Europe/Istanbul,football_data_europe_london_converted,Rizespor,Alanyaspor,1,1,D,,,,played,True,0,1,12,22,4,5,10,15,2,5,1,3,0,0,football_data,data/raw/football_data/2019-20.csv,222,
92038ba06b823b82226fe8fea2fa05afdc2c8d5f69dcd271302aaef15fb7c68d,2019-20,2020-03-08,19:00,Europe/Istanbul,football_data_europe_london_converted,Sivasspor,Galatasaray,2,2,D,,,,played,True,1,2,10,11,8,6,15,12,6,6,1,2,0,0,football_data,data/raw/football_data/2019-20.csv,223,
5fe7ad99ee87175a4608b1625cbe5e2b8c45c3b5a278f0114da3a95c9b473e5d,2019-20,2020-03-09,20:00,Europe/Istanbul,football_data_europe_london_converted,Genclerbirligi,Antalyaspor,1,1,D,,,,played,True,0,0,20,7,8,2,11,11,8,3,3,1,0,0,football_data,data/raw/football_data/2019-20.csv,224,
7b2275e81cc5ec265f1404121863924587c49c79532f2f6202078e83013dab77,2019-20,2020-03-11,20:00,Europe/Istanbul,football_data_europe_london_converted,Yeni Malatyaspor,Trabzonspor,1,3,A,,,,played,True,1,2,6,13,3,5,12,9,5,6,3,2,0,0,football_data,data/raw/football_data/2019-20.csv,225,
eb0a9a2d1c766d891ee340e99412975655607ca40aa969260a41f0efee70944a,2019-20,2020-03-13,20:00,Europe/Istanbul,football_data_europe_london_converted,Ankaragucu,Rizespor,2,1,H,,,,played,True,2,1,13,15,3,2,15,17,8,7,2,3,0,1,football_data,data/raw/football_data/2019-20.csv,226,
e594ac22d031eb74f67a83152dd551eafff6f4590d4bacc954be58c5c4f94468,2019-20,2020-03-13,20:00,Europe/Istanbul,football_data_europe_london_converted,Kasimpasa,Goztepe,2,0,H,,,,played,True,1,0,11,9,5,3,15,13,4,3,3,2,0,0,football_data,data/raw/football_data/2019-20.csv,227,
ba3e83b4d24e73ff7299995c62da0ecd422bdbe787d6b3929f7a073a7820ef8b,2019-20,2020-03-14,14:00,Europe/Istanbul,football_data_europe_london_converted,Denizlispor,Genclerbirligi,1,0,H,,,,played,True,0,0,19,13,8,2,9,11,5,10,1,2,0,0,football_data,data/raw/football_data/2019-20.csv,228,
c9db82aa297e7dc1520253b97d10b7fdd1dc4df15079f99c913bc1eaf2b6052c,2019-20,2020-03-14,17:00,Europe/Istanbul,football_data_europe_london_converted,Alanyaspor,Gaziantep FK,1,0,H,,,,played,True,1,0,7,14,2,0,8,10,1,6,0,3,0,0,football_data,data/raw/football_data/2019-20.csv,229,
010964f83a17ed01947d5a85de0185623646188620d9c30162f57a99f8e61184,2019-20,2020-03-14,20:00,Europe/Istanbul,football_data_europe_london_converted,Konyaspor,Fenerbahce,1,0,H,,,,played,True,1,0,8,10,2,0,14,10,0,5,7,2,2,0,football_data,data/raw/football_data/2019-20.csv,230,
965166d50401dabb36dce1bdc30ecdabdeb5d37d1ec4e22c42a17b00182a8b16,2019-20,2020-03-15,13:30,Europe/Istanbul,football_data_europe_london_converted,Kayserispor,Yeni Malatyaspor,2,1,H,,,,played,True,2,0,15,15,5,8,19,9,3,5,3,1,0,0,football_data,data/raw/football_data/2019-20.csv,231,
97ada2c125d20d0e9d9cec18347b86378f84fef55e05edaef41597a9bd0b1439,2019-20,2020-03-15,16:00,Europe/Istanbul,football_data_europe_london_converted,Trabzonspor,Istanbul Basaksehir,1,1,D,,,,played,True,0,0,17,12,2,5,6,14,7,3,1,1,0,0,football_data,data/raw/football_data/2019-20.csv,232,
7edc228dc22b11be7aa6acad6c766f4f788ea5687a90f25fb619936a8a21111a,2019-20,2020-03-15,19:00,Europe/Istanbul,football_data_europe_london_converted,Galatasaray,Besiktas,0,0,D,,,,played,True,0,0,16,3,4,2,15,15,5,4,1,2,0,0,football_data,data/raw/football_data/2019-20.csv,233,
db41025585fc8d4d4483bd60fee2b71254fae5c222b4354fb6afb4dad4ef6b09,2019-20,2020-03-16,20:00,Europe/Istanbul,football_data_europe_london_converted,Antalyaspor,Sivasspor,1,0,H,,,,played,True,0,0,17,8,6,3,12,17,3,7,1,4,0,1,football_data,data/raw/football_data/2019-20.csv,234,
a351600e63bf5f6e574be63bcb93d1f937dfa441b6fdf842ded2dfa1a3a8299f,2019-20,2020-03-17,20:00,Europe/Istanbul,football_data_europe_london_converted,Goztepe,Rizespor,2,0,H,,,,played,True,0,0,14,4,4,1,11,17,5,1,1,2,0,0,football_data,data/raw/football_data/2019-20.csv,235,
945d31f7faa59e6cd9c9b9cc403a5792c6a249742edc88781adaa1764537fe00,2019-20,2020-06-12,21:00,Europe/Istanbul,football_data_europe_london_converted,Fenerbahce,Kayserispor,2,1,H,,,,played,True,0,0,10,11,4,6,6,14,2,3,1,2,1,0,football_data,data/raw/football_data/2019-20.csv,236,
286f29667d2a87b38941fabea2f1af5f8082c8ff7b5c1406baebcc0584966666,2019-20,2020-06-12,21:00,Europe/Istanbul,football_data_europe_london_converted,Goztepe,Trabzonspor,1,3,A,,,,played,True,0,1,18,10,7,7,10,16,1,3,2,3,0,1,football_data,data/raw/football_data/2019-20.csv,237,
62b4661d3f218522082be3e42d41afcd931f41efcc5cf36943aa693cc250479f,2019-20,2020-06-13,18:30,Europe/Istanbul,football_data_europe_london_converted,Istanbul Basaksehir,Alanyaspor,2,0,H,,,,played,True,0,0,18,12,6,4,10,13,6,6,1,3,0,0,football_data,data/raw/football_data/2019-20.csv,238,
f684785ebbef4ffd258198feb01544e0456c66e27f0f54dec5e76610b12275c6,2019-20,2020-06-13,21:00,Europe/Istanbul,football_data_europe_london_converted,Besiktas,Antalyaspor,1,2,A,,,,played,True,0,2,25,11,6,4,12,13,11,2,3,3,0,0,football_data,data/raw/football_data/2019-20.csv,239,
99321bdbf08be4ebea9d2ea635c45eb7a44928645ab0cb50f04e277ec9d7a430,2019-20,2020-06-13,21:00,Europe/Istanbul,football_data_europe_london_converted,Yeni Malatyaspor,Kasimpasa,1,2,A,,,,played,True,1,0,14,11,1,3,9,13,5,5,2,2,0,0,football_data,data/raw/football_data/2019-20.csv,240,
b4ed9405d5538aa45cd5d958d659467c1764a62cace91dd797e5e66a1dd15db5,2019-20,2020-06-14,18:30,Europe/Istanbul,football_data_europe_london_converted,Genclerbirligi,Konyaspor,2,1,H,,,,played,True,0,0,12,19,3,3,15,13,4,3,2,2,0,0,football_data,data/raw/football_data/2019-20.csv,241,
bb1a2f3f5d1cf2c71fe04575549b58c4b54f02a912d4f8e79f13b6f3eb175060,2019-20,2020-06-14,21:00,Europe/Istanbul,football_data_europe_london_converted,Gaziantep FK,Ankaragucu,1,1,D,,,,played,True,1,0,5,16,1,7,10,19,4,11,3,3,0,0,football_data,data/raw/football_data/2019-20.csv,242,
067f7b1e536a58e602c9f23a50f9d8a6d497a0eb2e9f6d21460aefc7e9435e3f,2019-20,2020-06-14,21:00,Europe/Istanbul,football_data_europe_london_converted,Rizespor,Galatasaray,2,0,H,,,,played,True,1,0,8,15,4,3,17,18,1,10,4,3,0,1,football_data,data/raw/football_data/2019-20.csv,243,
41c5a8eea9d1b9f21cd6f4fb6998b6fdf7df82fe12bb251f7142e7ebd52f81e0,2019-20,2020-06-15,21:00,Europe/Istanbul,football_data_europe_london_converted,Sivasspor,Denizlispor,1,0,H,,,,played,True,1,0,16,9,4,2,19,13,5,4,3,2,0,1,football_data,data/raw/football_data/2019-20.csv,244,
eda089d53486b4b2f5f041601fc4e59f600c6dac26f989a7d02e5eb669ea81b6,2019-20,2020-06-19,21:00,Europe/Istanbul,football_data_europe_london_converted,Ankaragucu,Istanbul Basaksehir,1,2,A,,,,played,True,1,0,10,20,2,11,19,15,5,8,4,4,0,0,football_data,data/raw/football_data/2019-20.csv,245,
88abe1fe24bb9a612a85a55096a9614237b8d621be47a35cb33d91653b1ddf36,2019-20,2020-06-20,18:30,Europe/Istanbul,football_data_europe_london_converted,Kayserispor,Genclerbirligi,2,0,H,,,,played,True,1,0,15,16,4,3,14,9,3,12,4,3,0,0,football_data,data/raw/football_data/2019-20.csv,246,
b6057096944aabf2d47236884d6e7d268c71e921a4224166ac4624afd59e1b69,2019-20,2020-06-20,21:00,Europe/Istanbul,football_data_europe_london_converted,Denizlispor,Besiktas,1,5,A,,,,played,True,0,1,11,17,3,10,15,9,4,8,2,0,0,0,football_data,data/raw/football_data/2019-20.csv,247,
646b0b1a2569f8b4be16623efc5c26a3df0f8bd08279ab9b47782cf9da7a0c98,2019-20,2020-06-20,21:00,Europe/Istanbul,football_data_europe_london_converted,Yeni Malatyaspor,Goztepe,2,1,H,,,,played,True,1,0,7,10,3,2,10,11,2,6,3,1,0,0,football_data,data/raw/football_data/2019-20.csv,248,
be90c9f1c7f0b66c17d59843dcc7d3c7dc62d20b93c31dffdcb76c8d65e27e93,2019-20,2020-06-21,18:30,Europe/Istanbul,football_data_europe_london_converted,Kasimpasa,Fenerbahce,2,0,H,,,,played,True,0,0,12,13,5,6,15,11,4,3,4,0,0,0,football_data,data/raw/football_data/2019-20.csv,249,
871c64d37c09a56d9652caec81238f377e6b6f2aaef8013bac5ca05147f473a8,2019-20,2020-06-21,21:00,Europe/Istanbul,football_data_europe_london_converted,Galatasaray,Gaziantep FK,3,3,D,,,,played,True,2,1,10,10,6,6,18,14,2,6,6,1,1,0,football_data,data/raw/football_data/2019-20.csv,250,
c042f52498a896c53e7241f7da941fe04710698e66d706ab5d5d3de33a624c1a,2019-20,2020-06-21,21:00,Europe/Istanbul,football_data_europe_london_converted,Konyaspor,Sivasspor,2,2,D,,,,played,True,2,1,10,11,5,2,13,6,1,5,3,1,0,0,football_data,data/raw/football_data/2019-20.csv,251,
723a1cc822a1cbab5e45538649e79719135d6d23293281ff44ab739560869394,2019-20,2020-06-22,21:00,Europe/Istanbul,football_data_europe_london_converted,Alanyaspor,Trabzonspor,2,2,D,,,,played,True,1,1,17,12,8,6,12,16,8,2,3,1,1,1,football_data,data/raw/football_data/2019-20.csv,252,
7bd70028b687e31e5be09657f68883e7fa02f7f50cc6ecff16924a4aa3d51434,2019-20,2020-06-22,21:00,Europe/Istanbul,football_data_europe_london_converted,Antalyaspor,Rizespor,3,1,H,,,,played,True,1,0,10,9,7,4,16,15,6,4,2,2,0,0,football_data,data/raw/football_data/2019-20.csv,253,
f0ceca8f9421f585bca46d08b3b74dc390f4d4c88985af07c7e6a09ccb8ab43d,2019-20,2020-06-26,21:00,Europe/Istanbul,football_data_europe_london_converted,Besiktas,Konyaspor,3,0,H,,,,played,True,2,0,15,4,4,2,14,6,3,5,3,0,0,1,football_data,data/raw/football_data/2019-20.csv,254,
61e01d7bcc866a13f8fc0a75ab10e57ac870ecb4cfa1d84384c2b7bc59219203,2019-20,2020-06-27,18:30,Europe/Istanbul,football_data_europe_london_converted,Fenerbahce,Yeni Malatyaspor,3,2,H,,,,played,True,0,0,18,8,4,4,12,14,6,3,3,4,0,1,football_data,data/raw/football_data/2019-20.csv,255,
e88cd4d34779537940523b1e05f677c5122876ddd706a8cf514f3aab1b29bfc2,2019-20,2020-06-27,21:00,Europe/Istanbul,football_data_europe_london_converted,Goztepe,Alanyaspor,3,3,D,,,,played,True,1,2,7,14,3,6,12,12,3,4,3,2,0,0,football_data,data/raw/football_data/2019-20.csv,256,
b5da2c42a3945d2a1da65fd1b601383d94f58a983d9c319ca536a25c36cab4ee,2019-20,2020-06-27,21:00,Europe/Istanbul,football_data_europe_london_converted,Trabzonspor,Ankaragucu,1,1,D,,,,played,True,1,0,8,9,2,4,14,28,2,4,4,8,0,1,football_data,data/raw/football_data/2019-20.csv,257,
80a33d86596f04450ea6a54140c01c430a9e0a7d647bdc2c5c74202168934345,2019-20,2020-06-28,18:30,Europe/Istanbul,football_data_europe_london_converted,Rizespor,Denizlispor,2,2,D,,,,played,True,1,2,16,5,7,1,19,11,5,1,2,1,0,0,football_data,data/raw/football_data/2019-20.csv,258,
e3e7612bbe025fd98ad4f41edc256527d6a59de05e1c46f33c20dd895fbca3ee,2019-20,2020-06-28,18:30,Europe/Istanbul,football_data_europe_london_converted,Sivasspor,Kayserispor,0,2,A,,,,played,True,0,1,20,9,5,4,11,16,9,4,3,4,0,0,football_data,data/raw/football_data/2019-20.csv,259,
8f87ccf82447e09ebc068ccf90d368c16ca14e9fae6247151058465d5f41cb8b,2019-20,2020-06-28,21:00,Europe/Istanbul,football_data_europe_london_converted,Gaziantep FK,Antalyaspor,1,1,D,,,,played,True,0,0,20,8,3,1,16,13,7,3,2,3,0,1,football_data,data/raw/football_data/2019-20.csv,261,
ed4b80b8c8ce8cc558b26d2d7e0cafccdf083f032dbe63cfe84a912acb56ca94,2019-20,2020-06-28,21:00,Europe/Istanbul,football_data_europe_london_converted,Istanbul Basaksehir,Galatasaray,1,1,D,,,,played,True,0,0,11,21,4,6,15,9,4,7,7,1,1,0,football_data,data/raw/football_data/2019-20.csv,260,
00cdc6069c80dcaf090a873ea8a9b430e9ff5c378f6ae6ee2bb82e29ed877128,2019-20,2020-06-29,21:00,Europe/Istanbul,football_data_europe_london_converted,Genclerbirligi,Kasimpasa,0,2,A,,,,played,True,0,1,12,16,3,9,13,9,4,3,2,2,0,0,football_data,data/raw/football_data/2019-20.csv,262,
fa913887f1e41793a585af58ef2e27d89ac11041e19477df6ac2fd0a422dcc17,2019-20,2020-07-03,21:00,Europe/Istanbul,football_data_europe_london_converted,Denizlispor,Gaziantep FK,0,1,A,,,,played,True,0,1,9,8,0,4,17,21,7,4,2,1,0,0,football_data,data/raw/football_data/2019-20.csv,263,
8beccc58ebc026f5c6d9ca1b69d68f7328916bcc82982ce623786d160b02196d,2019-20,2020-07-04,18:30,Europe/Istanbul,football_data_europe_london_converted,Ankaragucu,Alanyaspor,1,4,A,,,,played,True,0,0,19,14,8,7,14,10,4,7,2,2,0,0,football_data,data/raw/football_data/2019-20.csv,264,
bb1e8a1967abc2f207cf32806e56847e2215f84acf8a4effcb1bc4a231e160a0,2019-20,2020-07-04,18:30,Europe/Istanbul,football_data_europe_london_converted,Yeni Malatyaspor,Genclerbirligi,0,0,D,,,,played,True,0,0,4,8,1,1,10,7,2,8,5,2,0,0,football_data,data/raw/football_data/2019-20.csv,265,
6744dab5239c4a85435b0a8d478a83280ccc41aad413197e4039cba17301a53f,2019-20,2020-07-04,21:00,Europe/Istanbul,football_data_europe_london_converted,Antalyaspor,Istanbul Basaksehir,0,2,A,,,,played,True,0,0,11,16,3,4,24,12,4,4,1,2,0,0,football_data,data/raw/football_data/2019-20.csv,266,
25be0612ae7f70819f2b140c7ea683f9b6bb1620818570df09ac950889103302,2019-20,2020-07-04,21:00,Europe/Istanbul,football_data_europe_london_converted,Fenerbahce,Goztepe,2,1,H,,,,played,True,2,0,11,10,5,4,12,9,8,5,2,2,1,0,football_data,data/raw/football_data/2019-20.csv,267,
65a4b35f399f5a125e69d0807e5e64fe132ba0a3c70bc717b3de152fbd4b574c,2019-20,2020-07-05,18:30,Europe/Istanbul,football_data_europe_london_converted,Kasimpasa,Sivasspor,0,0,D,,,,played,True,0,0,6,16,2,5,19,9,4,9,3,2,1,0,football_data,data/raw/football_data/2019-20.csv,268,
168973c63820f6fc4db44fbc02f9771ab57ae3dadd98391b8df49aecab306dcb,2019-20,2020-07-05,21:00,Europe/Istanbul,football_data_europe_london_converted,Galatasaray,Trabzonspor,1,3,A,,,,played,True,0,1,9,10,4,5,13,16,4,5,2,3,1,0,football_data,data/raw/football_data/2019-20.csv,269,
324f6100e199b30063d36230abfaf1e9d9d728436bb75caf0c32035a7c7742ce,2019-20,2020-07-05,21:00,Europe/Istanbul,football_data_europe_london_converted,Konyaspor,Rizespor,1,0,H,,,,played,True,0,0,13,5,4,1,14,17,4,5,3,2,0,0,football_data,data/raw/football_data/2019-20.csv,270,
19cbc79782d0aff6d342fa3cfb4c49fc02177704cff35c5ab5492e1a17b6dabc,2019-20,2020-07-06,21:00,Europe/Istanbul,football_data_europe_london_converted,Kayserispor,Besiktas,3,1,H,,,,played,True,0,0,9,12,4,8,18,15,0,7,1,1,0,0,football_data,data/raw/football_data/2019-20.csv,271,
d964e055c17568330e9c5b65ab19db749c9c7b4db25604c43e23f451ec1a95a0,2019-20,2020-07-07,18:30,Europe/Istanbul,football_data_europe_london_converted,Genclerbirligi,Fenerbahce,1,1,D,,,,played,True,0,0,17,15,6,7,13,14,6,5,3,4,0,0,football_data,data/raw/football_data/2019-20.csv,272,
a49cc7630d845aaad8e8799eeb3bfef8b7f6033d96222dcf5479216c04320ce1,2019-20,2020-07-07,21:00,Europe/Istanbul,football_data_europe_london_converted,Istanbul Basaksehir,Denizlispor,2,0,H,,,,played,True,0,0,13,10,4,3,15,12,6,1,3,1,0,0,football_data,data/raw/football_data/2019-20.csv,273,
0391db72be0e47f93b0b747bd33b91b447d08889f94cb92af570edb9a5d2b37e,2019-20,2020-07-08,18:30,Europe/Istanbul,football_data_europe_london_converted,Sivasspor,Yeni Malatyaspor,0,1,A,,,,played,True,0,0,11,8,1,4,8,16,6,0,1,3,0,0,football_data,data/raw/football_data/2019-20.csv,274,
39c552dbe1e66fb564ffea376e4bfe056915eab3baf31fab08625704214692b7,2019-20,2020-07-08,18:30,Europe/Istanbul,football_data_europe_london_converted,Trabzonspor,Antalyaspor,2,2,D,,,,played,True,2,1,15,13,3,7,14,17,4,5,1,5,0,0,football_data,data/raw/football_data/2019-20.csv,275,
1b774f18c0e721158e87eb077d3a9226a40e6d578fc446bec8906fb77580664e,2019-20,2020-07-08,21:00,Europe/Istanbul,football_data_europe_london_converted,Alanyaspor,Galatasaray,4,1,H,,,,played,True,2,1,13,21,6,6,7,6,6,10,1,1,0,0,football_data,data/raw/football_data/2019-20.csv,276,
ee61dc7b629c8f4e670ba3ad1dbc47131da08e4a3e74efe5a5b35ec300d74fbd,2019-20,2020-07-08,21:00,Europe/Istanbul,football_data_europe_london_converted,Goztepe,Ankaragucu,2,2,D,,,,played,True,2,1,10,16,5,7,14,21,1,3,2,4,0,0,football_data,data/raw/football_data/2019-20.csv,277,
6fe050b627427374d2aa316878434f73690c2239f640fb34ca473fe79dde3d00,2019-20,2020-07-09,18:30,Europe/Istanbul,football_data_europe_london_converted,Rizespor,Kayserispor,3,2,H,,,,played,True,1,1,14,17,8,4,16,15,1,5,3,3,0,1,football_data,data/raw/football_data/2019-20.csv,278,
f6de5af54866672c6c4243249bb72785ce25fb67f1baee57a8e551e2bfca00c9,2019-20,2020-07-09,21:00,Europe/Istanbul,football_data_europe_london_converted,Besiktas,Kasimpasa,3,2,H,,,,played,True,1,2,16,14,6,4,12,14,4,7,3,1,0,0,football_data,data/raw/football_data/2019-20.csv,279,
fb01ee56e7bae79ed6255210bd49b4795a7d335978c72fe6f23402b4805eaf2c,2019-20,2020-07-09,21:00,Europe/Istanbul,football_data_europe_london_converted,Gaziantep FK,Konyaspor,3,1,H,,,,played,True,0,1,18,15,8,8,15,9,9,5,3,5,0,0,football_data,data/raw/football_data/2019-20.csv,280,
dc3034a050800976f6ed534b164589b3b494983445677640b906f79810c8a0ee,2019-20,2020-07-11,21:00,Europe/Istanbul,football_data_europe_london_converted,Goztepe,Genclerbirligi,1,3,A,,,,played,True,0,2,15,5,6,3,6,13,6,0,2,1,0,0,football_data,data/raw/football_data/2019-20.csv,281,
bd4ee07c08e2c822db6b228d06603066e6eea300841de479bf6b4b47868bdbf6,2019-20,2020-07-12,18:30,Europe/Istanbul,football_data_europe_london_converted,Ankaragucu,Galatasaray,1,0,H,,,,played,True,0,0,14,18,5,2,12,10,6,11,4,4,0,0,football_data,data/raw/football_data/2019-20.csv,282,
81d0b7f624aa852a4b47a330199716346fb9cfb7abcc98f732a64c0fff0c6043,2019-20,2020-07-12,21:00,Europe/Istanbul,football_data_europe_london_converted,Antalyaspor,Alanyaspor,1,0,H,,,,played,True,1,0,12,11,2,4,10,11,8,2,1,2,0,0,football_data,data/raw/football_data/2019-20.csv,283,
8d73f84889ee1f3cf2047d4b0044b9186686e4c46d5aa70be8bb56be14afcd67,2019-20,2020-07-12,21:00,Europe/Istanbul,football_data_europe_london_converted,Fenerbahce,Sivasspor,1,2,A,,,,played,True,1,2,12,13,3,4,15,21,6,4,3,3,0,0,football_data,data/raw/football_data/2019-20.csv,284,
614d4e0517cd35879b6e23e26fc001d83cb769b9ca3820fd5e81eea5812e46ce,2019-20,2020-07-13,18:30,Europe/Istanbul,football_data_europe_london_converted,Kasimpasa,Rizespor,2,0,H,,,,played,True,0,0,12,5,6,0,17,14,10,3,1,2,0,0,football_data,data/raw/football_data/2019-20.csv,285,
5ccb1154ff7bb4b3ab08825d06b925cb5e3227ed52d9c838186365a19c16147b,2019-20,2020-07-13,18:30,Europe/Istanbul,football_data_europe_london_converted,Kayserispor,Gaziantep FK,1,1,D,,,,played,True,0,0,12,13,9,6,12,17,1,2,1,4,2,0,football_data,data/raw/football_data/2019-20.csv,286,
76105c726d3ab6beb831454e8bcd8f1aa94b063deb3bd39f13a89722b63c5345,2019-20,2020-07-13,21:00,Europe/Istanbul,football_data_europe_london_converted,Denizlispor,Trabzonspor,2,1,H,,,,played,True,0,1,13,23,5,4,13,20,3,9,0,3,0,0,football_data,data/raw/football_data/2019-20.csv,287,
6131db4672eee5c3d581748701e28a8abcd543a49e220f26aebc79e7ece090a8,2019-20,2020-07-13,21:00,Europe/Istanbul,football_data_europe_london_converted,Konyaspor,Istanbul Basaksehir,4,3,H,,,,played,True,3,1,16,17,5,5,8,10,3,6,4,3,0,0,football_data,data/raw/football_data/2019-20.csv,288,
5ccab07d20f47012e9b14440625770ad390e5fbcfa3ac935886f8cbb0e5bc050,2019-20,2020-07-13,21:00,Europe/Istanbul,football_data_europe_london_converted,Yeni Malatyaspor,Besiktas,0,1,A,,,,played,True,0,0,13,6,2,3,13,14,3,6,0,2,0,0,football_data,data/raw/football_data/2019-20.csv,289,
0478b3287b35074e4a2c69e1280a17de4e300666e1d59a3f0e50bdc412e287d5,2019-20,2020-07-18,21:00,Europe/Istanbul,football_data_europe_london_converted,Galatasaray,Goztepe,3,1,H,,,,played,True,0,0,14,10,3,2,16,11,5,2,2,2,0,0,football_data,data/raw/football_data/2019-20.csv,290,
ee72597ba9a4097b7d1153b9fdd4dd1a786ce91997e9aed801ed8e2d88a736e4,2019-20,2020-07-18,21:00,Europe/Istanbul,football_data_europe_london_converted,Gaziantep FK,Kasimpasa,2,2,D,,,,played,True,1,2,11,11,5,4,12,10,7,5,2,0,0,0,football_data,data/raw/football_data/2019-20.csv,291,
836c8d43da212fdd90b7b6c68a9930685836e72cedb5e6541bc4085b3b99b139,2019-20,2020-07-19,21:00,Europe/Istanbul,football_data_europe_london_converted,Alanyaspor,Denizlispor,1,0,H,,,,played,True,0,0,19,10,4,2,7,14,6,4,1,1,0,0,football_data,data/raw/football_data/2019-20.csv,292,
9ed18add7f4c49d48f6be0571c85f6fb8b758bf9ac675ad7f87c7cdbca787ab0,2019-20,2020-07-19,21:00,Europe/Istanbul,football_data_europe_london_converted,Ankaragucu,Antalyaspor,0,1,A,,,,played,True,0,0,19,9,6,5,19,14,9,6,4,3,0,1,football_data,data/raw/football_data/2019-20.csv,293,
fc90a08c84fb0ba2c88364dfd0f88a8ab68cced860b750656a22344a86788d47,2019-20,2020-07-19,21:00,Europe/Istanbul,football_data_europe_london_converted,Besiktas,Fenerbahce,2,0,H,,,,played,True,0,0,13,17,7,5,18,19,3,6,3,5,0,1,football_data,data/raw/football_data/2019-20.csv,294,
e4b73727e8d54ba74ad27be4dc63f6390d35146f004defca99073d4f9b7ae8cb,2019-20,2020-07-19,21:00,Europe/Istanbul,football_data_europe_london_converted,Istanbul Basaksehir,Kayserispor,1,0,H,,,,played,True,1,0,20,6,4,3,12,12,9,4,2,0,0,0,football_data,data/raw/football_data/2019-20.csv,295,
c9c18821dd4fe66a5dae1299fa932793b8a39d7d5e0a78e1dfb4c0f70e74fff1,2019-20,2020-07-19,21:00,Europe/Istanbul,football_data_europe_london_converted,Rizespor,Yeni Malatyaspor,3,0,H,,,,played,True,3,0,12,13,9,4,16,16,4,6,3,1,0,0,football_data,data/raw/football_data/2019-20.csv,296,
8122acad3315ff5c1d0aef57e4847894b50c4857dd5243dedb08626e4dc8e91c,2019-20,2020-07-19,21:00,Europe/Istanbul,football_data_europe_london_converted,Sivasspor,Genclerbirligi,2,0,H,,,,played,True,1,0,14,9,6,5,14,9,3,6,1,1,0,0,football_data,data/raw/football_data/2019-20.csv,297,
0c59d6e52888b8d7f748bc1b1e1f6baa64007460a5431fa2ea383a3b7ebb3745,2019-20,2020-07-19,21:00,Europe/Istanbul,football_data_europe_london_converted,Trabzonspor,Konyaspor,3,4,A,,,,played,True,1,1,16,9,7,6,15,8,5,6,2,0,0,0,football_data,data/raw/football_data/2019-20.csv,298,
2632e882da608f606ce8f5650ead561bd4eafbf89c34797af8c7e4659e5fd192,2019-20,2020-07-24,21:00,Europe/Istanbul,football_data_europe_london_converted,Antalyaspor,Galatasaray,2,2,D,,,,played,True,1,0,13,8,7,3,12,12,10,3,0,1,0,0,football_data,data/raw/football_data/2019-20.csv,299,
dd13ca5f521f27f51e3ffa3ea3af996d610780dcf6f5a0479ac7b5438795d456,2019-20,2020-07-25,21:00,Europe/Istanbul,football_data_europe_london_converted,Denizlispor,Ankaragucu,0,1,A,,,,played,True,0,0,18,6,5,2,12,11,6,0,2,1,0,0,football_data,data/raw/football_data/2019-20.csv,300,
398b89c5b56d3cb517d942f1fb563e20d8ec2abfccf0ecc6af26523599c7bd63,2019-20,2020-07-25,21:00,Europe/Istanbul,football_data_europe_london_converted,Fenerbahce,Rizespor,3,1,H,,,,played,True,1,0,9,17,6,10,12,15,8,5,1,0,0,0,football_data,data/raw/football_data/2019-20.csv,301,
79e51e69c7c02f8ceb2ee65a685cb3eebfcda43373e01009fa9f38094f56a88d,2019-20,2020-07-25,21:00,Europe/Istanbul,football_data_europe_london_converted,Genclerbirligi,Besiktas,0,3,A,,,,played,True,0,0,14,10,4,5,15,12,7,4,2,3,0,0,football_data,data/raw/football_data/2019-20.csv,302,
ecc3b122276bdbe122cde1df4375af7c1d6c04cff706f0e1a03a35ed5bdac8ad,2019-20,2020-07-25,21:00,Europe/Istanbul,football_data_europe_london_converted,Goztepe,Sivasspor,3,1,H,,,,played,True,1,0,8,25,3,6,13,14,2,6,3,3,1,0,football_data,data/raw/football_data/2019-20.csv,303,
885d6fee34c3d6f230733ea2fe79306f79bfbb0c11b79adcb2090414ee83e655,2019-20,2020-07-25,21:00,Europe/Istanbul,football_data_europe_london_converted,Kayserispor,Trabzonspor,1,2,A,,,,played,True,0,0,22,16,6,8,18,14,6,5,2,1,0,0,football_data,data/raw/football_data/2019-20.csv,304,
7ae4e5039ac07ebd3e3cb3fa9579210aebf4e2950f49ee71c0bfc58a78247164,2019-20,2020-07-25,21:00,Europe/Istanbul,football_data_europe_london_converted,Konyaspor,Alanyaspor,2,3,A,,,,played,True,2,0,13,17,4,5,9,10,4,1,1,2,0,0,football_data,data/raw/football_data/2019-20.csv,305,
b2e913b01935da0bd851fb7d24a87d4a74cc122975b1a7f3d93bbf566c5683c9,2019-20,2020-07-25,21:00,Europe/Istanbul,football_data_europe_london_converted,Yeni Malatyaspor,Gaziantep FK,0,1,A,,,,played,True,0,0,9,12,3,7,14,9,2,5,1,0,0,0,football_data,data/raw/football_data/2019-20.csv,306,
017ef321dcbfb59ffe353b60c6fc3e150c42421eed95ee7a2a9681cfabe11fd4,2019-20,2020-07-26,17:00,Europe/Istanbul,football_data_europe_london_converted,Kasimpasa,Istanbul Basaksehir,3,2,H,,,,played,True,2,0,15,16,5,4,6,7,1,7,1,2,0,0,football_data,data/raw/football_data/2019-20.csv,307,
6634a619d1c7c6dae7f712282096fc13fc7da9f80259b2bec9bdb44f98bdd29a,2020-21,2020-09-11,20:00,Europe/Istanbul,football_data_europe_london_converted,Rizespor,Fenerbahce,1,2,A,,,,played,True,0,0,9,17,3,8,11,12,3,11,1,2,0,0,football_data,data/raw/football_data/2020-21.csv,2,
73532a8b27b2e747a0a1eb7a1bc012190c68b0e97ff7f6c1460d7a9850d74e37,2020-21,2020-09-12,17:00,Europe/Istanbul,football_data_europe_london_converted,Fatih Karagumruk,Yeni Malatyaspor,3,0,H,,,,played,True,1,0,7,20,6,7,19,10,8,6,4,3,0,0,football_data,data/raw/football_data/2020-21.csv,3,
5b33dd6372316ee36bc9e431ad0e429d247977e9c91e546d062be13ece7830ef,2020-21,2020-09-12,17:00,Europe/Istanbul,football_data_europe_london_converted,Sivasspor,Alanyaspor,0,2,A,,,,played,True,0,1,10,12,4,6,14,11,7,6,4,2,0,0,football_data,data/raw/football_data/2020-21.csv,4,
c30d196cd7562afcb37708f431ae303b38b11ad272019d38d4ed64f83451bfcf,2020-21,2020-09-12,20:00,Europe/Istanbul,football_data_europe_london_converted,Galatasaray,Gaziantep FK,3,1,H,,,,played,True,3,0,23,9,12,2,13,12,8,6,2,3,0,0,football_data,data/raw/football_data/2020-21.csv,5,
87751184a56308176fb60dd7ab12cc802fcb1a79bcc1ba32f53320e3430fa957,2020-21,2020-09-12,20:00,Europe/Istanbul,football_data_europe_london_converted,Goztepe,Denizlispor,5,1,H,,,,played,True,3,0,10,8,6,1,15,13,4,6,0,3,0,0,football_data,data/raw/football_data/2020-21.csv,6,
50c3b6b953ef4121b3824d45d8f013f75de881e77232318d163b6edbee97e86e,2020-21,2020-09-13,17:00,Europe/Istanbul,football_data_europe_london_converted,Ankaragucu,Erzurumspor FK,1,2,A,,,,played,True,0,0,8,12,5,4,16,12,6,3,3,0,0,0,football_data,data/raw/football_data/2020-21.csv,7,
560b25bbbdb7dffff38868620edadc40784f510557607adcb9a9e94975cb02f3,2020-21,2020-09-13,17:00,Europe/Istanbul,football_data_europe_london_converted,Kayserispor,Kasimpasa,1,0,H,,,,played,True,1,0,6,12,2,3,12,16,1,6,3,2,0,0,football_data,data/raw/football_data/2020-21.csv,8,
6facceb987f502ab44faee116ae322748f3670f50a4c29b441952cb58b0a6d84,2020-21,2020-09-13,20:00,Europe/Istanbul,football_data_europe_london_converted,Antalyaspor,Genclerbirligi,2,0,H,,,,played,True,1,0,9,6,5,1,12,18,2,3,1,1,0,0,football_data,data/raw/football_data/2020-21.csv,9,
eafb0e1c2ddf0460d96d48c3b7e6e0ef56c1c40be81f4ab493fbd9ecf5e27a04,2020-21,2020-09-13,20:00,Europe/Istanbul,football_data_europe_london_converted,Trabzonspor,Besiktas,1,3,A,,,,played,True,0,1,8,12,4,5,7,17,4,3,3,2,1,0,football_data,data/raw/football_data/2020-21.csv,10,
5cb195f8619dd14f1ce5b7b001061b423cdeeea6d855c0ac007bd3d9521acebc,2020-21,2020-09-14,20:00,Europe/Istanbul,football_data_europe_london_converted,Hatayspor,Istanbul Basaksehir,2,0,H,,,,played,True,1,0,12,15,6,2,13,14,1,6,1,2,0,0,football_data,data/raw/football_data/2020-21.csv,11,
adfbe41fc37e4dea4aeab2d7f33a1ac7fa8e711f07eb696bd36cb8c867c1b4c5,2020-21,2020-09-18,20:00,Europe/Istanbul,football_data_europe_london_converted,Yeni Malatyaspor,Goztepe,1,1,D,,,,played,True,1,1,14,3,1,1,13,19,5,6,0,0,0,0,football_data,data/raw/football_data/2020-21.csv,12,
e64e3fb0235c21be3d66d7cc7005bb6ecd11ff8afd0b5b0850dff67eb72720fb,2020-21,2020-09-19,13:30,Europe/Istanbul,football_data_europe_london_converted,Genclerbirligi,Konyaspor,0,0,D,,,,played,True,0,0,12,10,1,1,10,13,6,1,0,3,0,0,football_data,data/raw/football_data/2020-21.csv,13,
fc9883398d8bd9c4ad7c6b7a64f26283626ac62958cb8de0b66df286891f20c2,2020-21,2020-09-19,16:00,Europe/Istanbul,football_data_europe_london_converted,Denizlispor,Trabzonspor,0,0,D,,,,played,True,0,0,9,13,2,4,17,13,7,7,3,0,1,0,football_data,data/raw/football_data/2020-21.csv,14,
18f9ad0956e240e17dc89cdb7d774c04d343f1225a0ebdc16a79871774e0d075,2020-21,2020-09-19,19:00,Europe/Istanbul,football_data_europe_london_converted,Alanyaspor,Kayserispor,2,0,H,,,,played,True,1,0,18,10,8,1,10,12,5,1,1,3,0,0,football_data,data/raw/football_data/2020-21.csv,15,
f2c899db274a76a091af5e7876bcda4ee57a189dfcbdd8227c86626a29981584,2020-21,2020-09-19,19:00,Europe/Istanbul,football_data_europe_london_converted,Besiktas,Antalyaspor,1,1,D,,,,played,True,1,0,12,8,3,4,18,26,5,3,5,4,0,0,football_data,data/raw/football_data/2020-21.csv,16,
ab84bf6d042c5207ba7f5393a4bf283931d8dce74de2354f2526ea9efc30e6db,2020-21,2020-09-20,13:30,Europe/Istanbul,football_data_europe_london_converted,Erzurumspor FK,Sivasspor,1,2,A,,,,played,True,0,0,7,9,3,3,14,9,2,7,0,0,0,0,football_data,data/raw/football_data/2020-21.csv,17,
0ef76f52fa381c9491ae5d9ae82f5f479c9eb052e3e38bd0ff70fc21e4caa84e,2020-21,2020-09-20,16:00,Europe/Istanbul,football_data_europe_london_converted,Kasimpasa,Rizespor,2,0,H,,,,played,True,1,0,16,11,7,6,14,9,5,8,3,1,1,0,football_data,data/raw/football_data/2020-21.csv,18,
7e58bee693d490af4410beb0eab986b2c58b4be948011e9067a9933e5defe822,2020-21,2020-09-20,19:00,Europe/Istanbul,football_data_europe_london_converted,Gaziantep FK,Fatih Karagumruk,2,2,D,,,,played,True,0,1,14,11,9,4,15,14,7,7,2,2,0,0,football_data,data/raw/football_data/2020-21.csv,20,
cb3cd778b3439729c872aed14a1bb75e089c90bf35f8a0f3cf759e02490997a8,2020-21,2020-09-20,19:00,Europe/Istanbul,football_data_europe_london_converted,Istanbul Basaksehir,Galatasaray,0,2,A,,,,played,True,0,1,12,12,5,6,16,15,5,2,3,1,0,0,football_data,data/raw/football_data/2020-21.csv,19,
3d69114a48316ce0c11760feacb282b306604faf211acc7444804f9b904e1558,2020-21,2020-09-21,20:00,Europe/Istanbul,football_data_europe_london_converted,Fenerbahce,Hatayspor,0,0,D,,,,played,True,0,0,12,0,4,0,15,14,3,1,1,6,0,2,football_data,data/raw/football_data/2020-21.csv,21,
87f6010705866ce8717834dc6a9ad22f2143444bb14cc82365047bdfbc443dd5,2020-21,2020-09-25,20:00,Europe/Istanbul,football_data_europe_london_converted,Fatih Karagumruk,Istanbul Basaksehir,2,0,H,,,,played,True,0,0,5,13,3,4,8,11,2,2,2,3,0,1,football_data,data/raw/football_data/2020-21.csv,22,
06c2bc98b7df14f8904e74bf04f38a58238f299cefa7bf8144b611e935292f97,2020-21,2020-09-26,13:30,Europe/Istanbul,football_data_europe_london_converted,Kayserispor,Erzurumspor FK,1,3,A,,,,played,True,0,2,12,13,2,8,15,21,5,5,1,3,0,0,football_data,data/raw/football_data/2020-21.csv,23,
407f89b7fd6b2e2be8d9fae318ea35d05035d21255907e2dfdd18fc57a448e47,2020-21,2020-09-26,16:00,Europe/Istanbul,football_data_europe_london_converted,Goztepe,Gaziantep FK,2,2,D,,,,played,True,0,1,13,9,4,4,19,10,2,4,3,1,0,0,football_data,data/raw/football_data/2020-21.csv,24,
4a62c5e2e44aed3555bb6f17dbd717fda420e4e14f0746a0e78d533376205195,2020-21,2020-09-26,16:00,Europe/Istanbul,football_data_europe_london_converted,Hatayspor,Kasimpasa,1,0,H,,,,played,True,0,0,11,6,3,3,14,16,6,3,2,3,0,0,football_data,data/raw/football_data/2020-21.csv,25,
999d8a8fee90ac13a1c798acc1c8957c81e8f851bd7a2ee8455c775891cb0529,2020-21,2020-09-26,19:00,Europe/Istanbul,football_data_europe_london_converted,Trabzonspor,Yeni Malatyaspor,3,1,H,,,,played,True,3,0,10,9,4,4,9,14,5,5,1,2,0,0,football_data,data/raw/football_data/2020-21.csv,26,
fd6e077fada093af3d7dd4c0796f4aa6d1200b7ae8c8d395686902b726c173c3,2020-21,2020-09-27,13:30,Europe/Istanbul,football_data_europe_london_converted,Rizespor,Alanyaspor,1,1,D,,,,played,True,0,0,11,12,4,3,15,19,4,6,2,1,0,0,football_data,data/raw/football_data/2020-21.csv,27,
9961f691ae762fcc40fd52a02dd0709e430a280d50a216c07035680806f8ec55,2020-21,2020-09-27,16:00,Europe/Istanbul,football_data_europe_london_converted,Konyaspor,Besiktas,4,1,H,,,,played,True,1,0,10,10,4,2,12,17,3,4,4,4,0,0,football_data,data/raw/football_data/2020-21.csv,28,
d0ee9ea83cdcedea70c011b8157260d7ffae1cefe3221e7bb49a29274a8b725d,2020-21,2020-09-27,16:00,Europe/Istanbul,football_data_europe_london_converted,Sivasspor,Ankaragucu,0,0,D,,,,played,True,0,0,13,2,3,2,16,17,6,2,1,2,0,0,football_data,data/raw/football_data/2020-21.csv,29,
a081d3ecea7a7fafd3d64acdd6a272271bc92093d5aa8ca473d5702906059beb,2020-21,2020-09-27,19:00,Europe/Istanbul,football_data_europe_london_converted,Galatasaray,Fenerbahce,0,0,D,,,,played,True,0,0,9,15,5,1,16,14,5,9,7,4,0,0,football_data,data/raw/football_data/2020-21.csv,30,
a2e9b3d27916e070068e80b4be0b4b4ff3d3d65a7d5f1e1963c97e0799d08cbb,2020-21,2020-09-28,20:00,Europe/Istanbul,football_data_europe_london_converted,Antalyaspor,Denizlispor,1,0,H,,,,played,True,0,0,10,5,5,2,21,11,7,3,0,2,0,0,football_data,data/raw/football_data/2020-21.csv,31,
d704610848591aad77469bf45c98d7d00cf7d346b866b9a693366f0698ef3800,2020-21,2020-10-02,20:00,Europe/Istanbul,football_data_europe_london_converted,Ankaragucu,Kayserispor,0,1,A,,,,played,True,0,1,14,12,5,3,7,15,7,2,1,2,0,0,football_data,data/raw/football_data/2020-21.csv,32,
6be35ed3d4ffb2dc192f254fc8204448bfc3e162da41da84b9f09ac2f9e93fed,2020-21,2020-10-02,20:00,Europe/Istanbul,football_data_europe_london_converted,Gaziantep FK,Trabzonspor,1,1,D,,,,played,True,0,0,10,4,2,3,16,11,5,6,4,2,0,1,football_data,data/raw/football_data/2020-21.csv,33,
aa8a50290e31b768e0a0c8340a535addeca933508f36a67738567cc8d160ca07,2020-21,2020-10-03,13:30,Europe/Istanbul,football_data_europe_london_converted,Yeni Malatyaspor,Antalyaspor,1,0,H,,,,played,True,1,0,14,7,4,1,19,10,7,3,4,2,0,0,football_data,data/raw/football_data/2020-21.csv,34,
c21162533c527ca692aacf0609a8b12c38a6d93f6389d7a91905ccb0fc039ac5,2020-21,2020-10-03,16:00,Europe/Istanbul,football_data_europe_london_converted,Erzurumspor FK,Rizespor,0,0,D,,,,played,True,0,0,11,7,5,2,14,10,9,3,1,3,0,0,football_data,data/raw/football_data/2020-21.csv,36,
c64359fc888add0bb045b6cbb5693658d88d886906f7a26700e1b1152e1cbfeb,2020-21,2020-10-03,16:00,Europe/Istanbul,football_data_europe_london_converted,Istanbul Basaksehir,Goztepe,0,0,D,,,,played,True,0,0,24,2,5,0,11,12,10,3,1,2,0,0,football_data,data/raw/football_data/2020-21.csv,35,
cc312bae3e94b2db1b66a717bf202f7153ee553de25b915d8368e1c65becf1eb,2020-21,2020-10-03,19:00,Europe/Istanbul,football_data_europe_london_converted,Fenerbahce,Fatih Karagumruk,2,1,H,,,,played,True,1,0,8,13,4,3,15,10,3,7,2,2,1,0,football_data,data/raw/football_data/2020-21.csv,37,
9e744448b34bef79a684e160c0ff54d852507199fb688064220616dc3aab1a4e,2020-21,2020-10-04,13:30,Europe/Istanbul,football_data_europe_london_converted,Denizlispor,Konyaspor,0,0,D,,,,played,True,0,0,6,11,2,5,13,11,6,6,1,0,0,0,football_data,data/raw/football_data/2020-21.csv,38,
ccf77a4d52776d5b852fe079cdcac495fb26e54deb6f063197169f4d94584db9,2020-21,2020-10-04,16:00,Europe/Istanbul,football_data_europe_london_converted,Alanyaspor,Hatayspor,6,0,H,,,,played,True,4,0,24,4,15,0,14,12,6,3,2,3,0,0,football_data,data/raw/football_data/2020-21.csv,39,
2b4841ca185b7058ec8ef32439fcb1847288b23ed5b713615dbf38d3ea8dc637,2020-21,2020-10-04,16:00,Europe/Istanbul,football_data_europe_london_converted,Besiktas,Genclerbirligi,0,1,A,,,,played,True,0,1,13,10,4,4,9,12,6,5,2,2,0,0,football_data,data/raw/football_data/2020-21.csv,40,
08620b030eb5f98fc44d31df6865dbcc31669c800a2508a3ca7f7ee6f2731109,2020-21,2020-10-04,19:00,Europe/Istanbul,football_data_europe_london_converted,Kasimpasa,Galatasaray,1,0,H,,,,played,True,1,0,12,12,8,3,12,15,6,7,1,1,0,0,football_data,data/raw/football_data/2020-21.csv,41,
c79fc7907e1cc83dd69e85bd9ed58126e6d7a423a656b07122d93d4c5e439df5,2020-21,2020-10-17,13:30,Europe/Istanbul,football_data_europe_london_converted,Rizespor,Ankaragucu,5,3,H,,,,played,True,2,3,15,9,10,4,9,17,2,3,0,4,0,1,football_data,data/raw/football_data/2020-21.csv,42,
2a27d30357adb485c7cf05eabe2f7d17919fdbaad724560e1b58566879904a4c,2020-21,2020-10-17,16:00,Europe/Istanbul,football_data_europe_london_converted,Kayserispor,Sivasspor,1,3,A,,,,played,True,0,1,12,18,3,8,15,15,4,6,3,3,1,0,football_data,data/raw/football_data/2020-21.csv,43,
91c71c99b0d5d900dfc8af7e97fcfef93267028e9e9c92240a003c3910a84c14,2020-21,2020-10-17,16:00,Europe/Istanbul,football_data_europe_london_converted,Konyaspor,Yeni Malatyaspor,1,1,D,,,,played,True,0,0,19,9,8,3,15,14,4,4,4,2,0,0,football_data,data/raw/football_data/2020-21.csv,44,
e6014a9b3de0b9b47f9b90d8deabdc1c716fa96e59c3d8b1b21977f1ad1b4bfd,2020-21,2020-10-17,19:00,Europe/Istanbul,football_data_europe_london_converted,Trabzonspor,Istanbul Basaksehir,0,2,A,,,,played,True,0,1,12,17,6,6,10,13,4,4,1,1,0,0,football_data,data/raw/football_data/2020-21.csv,45,
76133765c3f6684c8d54d6e9c826562636104d256d8c8334bab7cbb6ae81a5a1,2020-21,2020-10-18,16:00,Europe/Istanbul,football_data_europe_london_converted,Antalyaspor,Gaziantep FK,1,1,D,,,,played,True,1,0,13,15,3,5,20,15,2,7,5,5,2,2,football_data,data/raw/football_data/2020-21.csv,46,
8b40cc660085df30ec183445138b1c38205e2e09b589885fcd80d9628ec109f7,2020-21,2020-10-18,16:00,Europe/Istanbul,football_data_europe_london_converted,Fatih Karagumruk,Kasimpasa,1,1,D,,,,played,True,1,0,13,11,2,5,11,14,4,4,4,1,1,0,football_data,data/raw/football_data/2020-21.csv,47,
fb2eb63adbc158487de8798f6ccefa86a8406d4e9d02ae338fa71cb20382ab45,2020-21,2020-10-18,19:00,Europe/Istanbul,football_data_europe_london_converted,Goztepe,Fenerbahce,2,3,A,,,,played,True,1,2,8,19,5,8,10,21,4,7,3,4,0,0,football_data,data/raw/football_data/2020-21.csv,48,
75f445629769d46f9adbcb6ddaa01b58874cfd8dbff679b07e3dad61927f0081,2020-21,2020-10-19,20:00,Europe/Istanbul,football_data_europe_london_converted,Galatasaray,Alanyaspor,1,2,A,,,,played,True,1,1,7,22,5,12,18,15,3,10,5,3,1,0,football_data,data/raw/football_data/2020-21.csv,49,
a5c6bff4994f720200c96e02fb08bd3e9487fef9359e8c17c78386f00903d6d0,2020-21,2020-10-19,20:00,Europe/Istanbul,football_data_europe_london_converted,Genclerbirligi,Denizlispor,1,2,A,,,,played,True,0,2,7,23,2,10,11,13,5,4,1,0,0,0,football_data,data/raw/football_data/2020-21.csv,50,
6dbbca40c259e6f1c0834cd9df27c2f0f037c4d43afed23d3d774e14f7ba5bc6,2020-21,2020-10-23,20:00,Europe/Istanbul,football_data_europe_london_converted,Kasimpasa,Goztepe,0,0,D,,,,played,True,0,0,14,3,4,0,17,12,7,5,1,1,0,0,football_data,data/raw/football_data/2020-21.csv,51,
419f343100826288ae281d708dfbd4c28377d8e9d52096773e40bf082e63d910,2020-21,2020-10-24,16:00,Europe/Istanbul,football_data_europe_london_converted,Gaziantep FK,Konyaspor,1,0,H,,,,played,True,0,0,10,11,4,4,17,12,6,4,3,5,0,0,football_data,data/raw/football_data/2020-21.csv,52,
1c95d4443fbe7f571c20874a4d531c69944212c77787b3bbc0f34b8aa2a5fa24,2020-21,2020-10-24,19:00,Europe/Istanbul,football_data_europe_london_converted,Erzurumspor FK,Galatasaray,1,2,A,,,,played,True,1,1,4,13,2,4,14,11,3,3,0,4,0,1,football_data,data/raw/football_data/2020-21.csv,54,
d8f53f61be3e908233628bbf051ba4291f9c1db33631ec2848665ea722819198,2020-21,2020-10-24,19:00,Europe/Istanbul,football_data_europe_london_converted,Istanbul Basaksehir,Antalyaspor,5,1,H,,,,played,True,4,1,30,6,9,2,6,7,12,1,0,0,0,1,football_data,data/raw/football_data/2020-21.csv,53,
7a470baa08051602fc1055431da026518e4b2bc144712f464c2ca5a1ca7aec52,2020-21,2020-10-25,13:30,Europe/Istanbul,football_data_europe_london_converted,Yeni Malatyaspor,Genclerbirligi,2,1,H,,,,played,True,1,1,11,5,4,1,10,12,5,6,0,0,0,0,football_data,data/raw/football_data/2020-21.csv,55,
98c71c53deaf5f93e3379cbed7d41d45f0584668acf732d5d40ea60620fb6625,2020-21,2020-10-25,16:00,Europe/Istanbul,football_data_europe_london_converted,Alanyaspor,Fatih Karagumruk,2,0,H,,,,played,True,1,0,19,7,8,4,12,14,4,4,1,1,0,0,football_data,data/raw/football_data/2020-21.csv,56,
e2c8d69fe8b6bae24767354b5512db35407baf6745ffe7f417cdf46505fbb441,2020-21,2020-10-25,19:00,Europe/Istanbul,football_data_europe_london_converted,Fenerbahce,Trabzonspor,3,1,H,,,,played,True,0,1,20,12,6,5,17,12,10,2,2,1,0,0,football_data,data/raw/football_data/2020-21.csv,57,
3e0fa1ae181206884fcd0526a21b4157ec16f57b3a5f56a74b5980799e153096,2020-21,2020-10-26,20:00,Europe/Istanbul,football_data_europe_london_converted,Denizlispor,Besiktas,2,3,A,,,,played,True,0,2,9,18,5,5,14,14,2,5,2,3,0,1,football_data,data/raw/football_data/2020-21.csv,58,
7e1ede60b1d79c0d3dfe56f487e063a0807de8279d60bb4e404e1313ef41627d,2020-21,2020-10-26,20:00,Europe/Istanbul,football_data_europe_london_converted,Sivasspor,Rizespor,0,2,A,,,,played,True,0,1,9,4,2,3,18,11,5,0,2,2,0,0,football_data,data/raw/football_data/2020-21.csv,59,
ac53f5695cbd421cbb80e5d269a45dc21245e85a6ecfc45ba567d23b4886d3df,2020-21,2020-10-30,20:00,Europe/Istanbul,football_data_europe_london_converted,Fatih Karagumruk,Erzurumspor FK,5,1,H,,,,played,True,3,0,18,14,9,6,6,13,7,5,1,1,0,0,football_data,data/raw/football_data/2020-21.csv,60,
5d0001dde4981e95b732818949a037a74e6372749bd55d9266492e9c6b48ef72,2020-21,2020-10-30,20:00,Europe/Istanbul,football_data_europe_london_converted,Trabzonspor,Kasimpasa,3,4,A,,,,played,True,3,2,12,17,4,11,8,10,2,5,3,2,0,0,football_data,data/raw/football_data/2020-21.csv,61,
1fb0cab5b9086b980aada0c2d1d5cd7f11bf6fc410bd4a4c5abcf3beb18c4109,2020-21,2020-10-31,13:30,Europe/Istanbul,football_data_europe_london_converted,Genclerbirligi,Gaziantep FK,1,1,D,,,,played,True,0,1,15,10,5,7,16,16,7,9,3,3,0,0,football_data,data/raw/football_data/2020-21.csv,62,
664a12b76ca16ede8173f8718a80f9a26c8dbd4650453af3a737ebb715f07c5e,2020-21,2020-10-31,19:00,Europe/Istanbul,football_data_europe_london_converted,Galatasaray,Ankaragucu,1,0,H,,,,played,True,1,0,13,7,3,1,10,14,7,3,1,3,0,0,football_data,data/raw/football_data/2020-21.csv,63,
fcd15dc70ab887886c7bec6bf9b3395b136fc0af2d68f263dc46e103d4f88bf3,2020-21,2020-11-01,13:30,Europe/Istanbul,football_data_europe_london_converted,Rizespor,Kayserispor,1,0,H,,,,played,True,1,0,12,11,6,4,14,15,2,3,3,2,0,0,football_data,data/raw/football_data/2020-21.csv,64,
b3c51c28cf8486b64c95473fc2ec25bd40ececab6574244d97ce08fc4767fc91,2020-21,2020-11-01,16:00,Europe/Istanbul,football_data_europe_london_converted,Konyaspor,Istanbul Basaksehir,1,2,A,,,,played,True,0,1,13,12,5,5,14,8,2,7,3,1,0,0,football_data,data/raw/football_data/2020-21.csv,65,
cee9f11b7fddd568089fa9d9b3fd316244aeb1ce228337f18acfc33645653663,2020-21,2020-11-01,19:00,Europe/Istanbul,football_data_europe_london_converted,Besiktas,Yeni Malatyaspor,1,0,H,,,,played,True,0,0,16,6,6,1,14,15,4,1,3,0,0,0,football_data,data/raw/football_data/2020-21.csv,66,
c293c0ece6dde29ebf38d46ab588ce29d082f4ad1edb3a8c7937262799b69f63,2020-21,2020-11-02,20:00,Europe/Istanbul,football_data_europe_london_converted,Antalyaspor,Fenerbahce,1,2,A,,,,played,True,0,0,5,28,2,10,11,14,0,12,2,3,1,1,football_data,data/raw/football_data/2020-21.csv,67,
6e98d68dcc86bcd22b8745f8667bfd14b269931eeddf3d3429886fd51d055951,2020-21,2020-11-02,20:00,Europe/Istanbul,football_data_europe_london_converted,Hatayspor,Sivasspor,1,1,D,,,,played,True,1,1,10,7,4,4,14,7,2,2,4,2,1,0,football_data,data/raw/football_data/2020-21.csv,68,
ebf0af7247193b1d4864b14ae766ac7951c5a1a93080e71e1d8a0bf5d4efd3f6,2020-21,2020-11-06,20:00,Europe/Istanbul,football_data_europe_london_converted,Gaziantep FK,Besiktas,3,1,H,,,,played,True,1,0,8,9,6,3,22,8,5,2,2,1,0,1,football_data,data/raw/football_data/2020-21.csv,69,
f400fe352936d9863c7c6188c7057753f7dc79c8ae9df4d7c502859c390654a4,2020-21,2020-11-07,13:30,Europe/Istanbul,football_data_europe_london_converted,Kasimpasa,Antalyaspor,2,2,D,,,,played,True,1,0,16,11,4,4,19,14,3,7,3,0,0,0,football_data,data/raw/football_data/2020-21.csv,70,
9ecbb0aa4e1522b6fbe4fb2b4248acf2022cd7d97cd792630fcf4fb1adb15068,2020-21,2020-11-07,16:00,Europe/Istanbul,football_data_europe_london_converted,Alanyaspor,Trabzonspor,1,1,D,,,,played,True,0,0,9,7,4,5,17,13,8,8,2,3,0,0,football_data,data/raw/football_data/2020-21.csv,71,
b3497c52c7502a44abb794c80728e7ec7e9d7da7cdb3736c5eca35b39d39d078,2020-21,2020-11-07,16:00,Europe/Istanbul,football_data_europe_london_converted,Erzurumspor FK,Goztepe,1,1,D,,,,played,True,0,1,13,11,3,3,10,11,9,6,2,0,1,0,football_data,data/raw/football_data/2020-21.csv,72,
c532e168bc8f9434cb065c0766aea2645b80d430530ac065b8cc79884f89f0fa,2020-21,2020-11-07,19:00,Europe/Istanbul,football_data_europe_london_converted,Fenerbahce,Konyaspor,0,2,A,,,,played,True,0,0,13,12,2,5,15,14,13,4,2,3,0,0,football_data,data/raw/football_data/2020-21.csv,73,
a9af16aef328ce554cd5d662d87a7447889f26e7fbbe49e967649a8839b2d443,2020-21,2020-11-08,13:30,Europe/Istanbul,football_data_europe_london_converted,Ankaragucu,Fatih Karagumruk,2,2,D,,,,played,True,1,2,14,15,5,3,16,16,10,3,5,3,0,0,football_data,data/raw/football_data/2020-21.csv,74,
a79d94ecd7aa35678d5a6f974aa288acdb77fb79962c8b53321a6b6a48461236,2020-21,2020-11-08,13:30,Europe/Istanbul,football_data_europe_london_converted,Yeni Malatyaspor,Denizlispor,2,0,H,,,,played,True,2,0,9,22,7,3,20,13,2,9,1,2,0,0,football_data,data/raw/football_data/2020-21.csv,75,
725442de313df091b18ac6b8fbe2cdf55c4b173361647e16cc7b5ef61d5f1892,2020-21,2020-11-08,16:00,Europe/Istanbul,football_data_europe_london_converted,Istanbul Basaksehir,Genclerbirligi,2,1,H,,,,played,True,0,1,22,6,5,2,7,10,17,3,0,3,0,1,football_data,data/raw/football_data/2020-21.csv,76,
f86d6b8ee71204e8d3ea94201050454340b2ddee80277f72275925332a90af50,2020-21,2020-11-08,16:00,Europe/Istanbul,football_data_europe_london_converted,Kayserispor,Hatayspor,0,1,A,,,,played,True,0,0,11,15,3,6,11,12,3,6,4,2,1,0,football_data,data/raw/football_data/2020-21.csv,77,
7b567903d74b13e5bb5ffc9e2605e3a0e6a5bcd894d13078a7d001a4e0fbcb32,2020-21,2020-11-08,19:00,Europe/Istanbul,football_data_europe_london_converted,Sivasspor,Galatasaray,1,2,A,,,,played,True,0,1,10,8,6,3,18,14,7,2,5,3,0,0,football_data,data/raw/football_data/2020-21.csv,78,
5afa6c3b3b05a1564403e56ac364a17944d22e8784c444f6517d69927282b70d,2020-21,2020-11-21,13:30,Europe/Istanbul,football_data_europe_london_converted,Fatih Karagumruk,Sivasspor,1,1,D,,,,played,True,0,1,19,9,5,3,15,16,5,5,4,3,0,0,football_data,data/raw/football_data/2020-21.csv,79,
e509d73e22c773a1398ca0fb4a931182af8f21c4e7f8c7859d300aa3513edebf,2020-21,2020-11-21,16:00,Europe/Istanbul,football_data_europe_london_converted,Denizlispor,Gaziantep FK,0,1,A,,,,played,True,0,1,13,11,4,5,9,16,6,3,2,3,0,0,football_data,data/raw/football_data/2020-21.csv,80,
4a152f7ea5f2c23a44078291726dffe7f061ab29cb2b14d606610b12b5b0013a,2020-21,2020-11-21,16:00,Europe/Istanbul,football_data_europe_london_converted,Genclerbirligi,Fenerbahce,1,5,A,,,,played,True,1,2,11,10,5,5,19,9,5,3,3,1,0,0,football_data,data/raw/football_data/2020-21.csv,81,
bd90476373cb8f5b14501180961d759d787d7180cfb13578baff5d1f1c85c122,2020-21,2020-11-21,19:00,Europe/Istanbul,football_data_europe_london_converted,Besiktas,Istanbul Basaksehir,3,2,H,,,,played,True,2,0,20,19,8,7,12,17,4,8,3,5,0,1,football_data,data/raw/football_data/2020-21.csv,82,
faa7f299182dbe1392ad217730e321f71cedcabe24d2b4e3d10360f788977fe4,2020-21,2020-11-22,13:30,Europe/Istanbul,football_data_europe_london_converted,Hatayspor,Rizespor,2,2,D,,,,played,True,1,1,14,7,6,1,14,15,6,4,1,2,0,0,football_data,data/raw/football_data/2020-21.csv,83,
0991d22882de11b36052d27c4cde9d1de2ecefc14557c6959e05c711bf4f63ec,2020-21,2020-11-22,16:00,Europe/Istanbul,football_data_europe_london_converted,Goztepe,Ankaragucu,3,1,H,,,,played,True,1,0,10,14,4,7,17,11,7,6,2,2,0,0,football_data,data/raw/football_data/2020-21.csv,84,
d669a9e99d1d4478ef754f9249f6dce5629743832b2d696ff6014162b3a00cb7,2020-21,2020-11-22,16:00,Europe/Istanbul,football_data_europe_london_converted,Konyaspor,Kasimpasa,2,1,H,,,,played,True,0,1,16,8,8,3,13,9,5,5,3,2,0,0,football_data,data/raw/football_data/2020-21.csv,85,
a698f314c4c8a7da4864efaa118ce3d744f86aab4a0a7ae5d45e13fca99e86cb,2020-21,2020-11-22,19:00,Europe/Istanbul,football_data_europe_london_converted,Antalyaspor,Alanyaspor,0,2,A,,,,played,True,0,0,4,10,3,5,17,11,5,3,5,1,1,0,football_data,data/raw/football_data/2020-21.csv,86,
3129416e031651cbfe65a300cae8f35ed6944f79f0a086b5af2d43dd0bc43f19,2020-21,2020-11-22,19:00,Europe/Istanbul,football_data_europe_london_converted,Trabzonspor,Erzurumspor FK,1,0,H,,,,played,True,1,0,11,21,3,7,11,13,4,10,2,3,0,0,football_data,data/raw/football_data/2020-21.csv,87,
7e05b301e0b43e79594ec80b6a9b1c0ff61afd9583a507415ff5d8d4739af446,2020-21,2020-11-23,19:30,Europe/Istanbul,football_data_europe_london_converted,Galatasaray,Kayserispor,1,1,D,,,,played,True,0,0,27,3,12,1,12,13,10,2,1,4,0,1,football_data,data/raw/football_data/2020-21.csv,88,
fcfac1f2ec1e82620afda0db66f59c958871a23e99ea494b703003aee0cfd11f,2020-21,2020-11-27,19:30,Europe/Istanbul,football_data_europe_london_converted,Ankaragucu,Trabzonspor,0,1,A,,,,played,True,0,1,14,8,3,1,11,13,5,5,2,4,0,1,football_data,data/raw/football_data/2020-21.csv,89,
5d9db8835673f9ea2c2f4b657f169b85b29e88d5b8a3ab260206049584066ba2,2020-21,2020-11-28,13:30,Europe/Istanbul,football_data_europe_london_converted,Gaziantep FK,Yeni Malatyaspor,2,2,D,,,,played,True,1,0,6,11,5,5,17,13,3,7,6,3,1,0,football_data,data/raw/football_data/2020-21.csv,90,
7104723fe8caf707e148164b4f04424319205cf7280b4c00e536ea8702cf830e,2020-21,2020-11-28,16:00,Europe/Istanbul,football_data_europe_london_converted,Istanbul Basaksehir,Denizlispor,3,3,D,,,,played,True,2,0,18,12,7,7,11,12,6,4,2,1,0,0,football_data,data/raw/football_data/2020-21.csv,91,
9277caece492aab7707961bc159fe4aaa7529c93cf15ac7fc071955e93bd5c15,2020-21,2020-11-28,19:00,Europe/Istanbul,football_data_europe_london_converted,Rizespor,Galatasaray,0,4,A,,,,played,True,0,1,4,21,0,11,9,9,1,7,6,1,1,0,football_data,data/raw/football_data/2020-21.csv,92,
b06fa1920a3cf934fc7ae8aefbb41a0a967d9916eb9cf91830a2d90dc5e31068,2020-21,2020-11-29,13:30,Europe/Istanbul,football_data_europe_london_converted,Erzurumspor FK,Antalyaspor,2,2,D,,,,played,True,1,0,11,11,4,6,13,17,2,8,3,3,0,1,football_data,data/raw/football_data/2020-21.csv,93,
d209aae92834b6fbf9f38e66c6650125f0b93a855c7f24b59f0f70197f272ad0,2020-21,2020-11-29,16:00,Europe/Istanbul,football_data_europe_london_converted,Alanyaspor,Konyaspor,1,0,H,,,,played,True,1,0,18,10,8,3,12,14,3,4,3,5,0,0,football_data,data/raw/football_data/2020-21.csv,94,
8c9bd0c03e3e29df9b9c9f81968e861159f8a87b3bd72d3528a1e42a8ec3fe80,2020-21,2020-11-29,16:00,Europe/Istanbul,football_data_europe_london_converted,Kasimpasa,Genclerbirligi,2,0,H,,,,played,True,2,0,13,20,9,5,15,8,5,3,2,2,0,0,football_data,data/raw/football_data/2020-21.csv,95,
7d66567dde045e9be5e20a8c46213e9550c9ea4b556bd28a43e5177efc5b1da7,2020-21,2020-11-29,19:00,Europe/Istanbul,football_data_europe_london_converted,Fenerbahce,Besiktas,3,4,A,,,,played,True,1,2,18,7,5,4,12,9,9,1,6,4,0,1,football_data,data/raw/football_data/2020-21.csv,96,
30d7604a728636ba43d19378d91c0c29fd463b1138ead5b6269344aff5da2179,2020-21,2020-11-30,19:30,Europe/Istanbul,football_data_europe_london_converted,Kayserispor,Fatih Karagumruk,0,0,D,,,,played,True,0,0,18,10,4,4,14,12,6,4,1,1,0,0,football_data,data/raw/football_data/2020-21.csv,97,
b21ddc7b161cf5b989b146713a8c9aba242554fa4a3072f74dcb9da6fd48e5a7,2020-21,2020-11-30,19:30,Europe/Istanbul,football_data_europe_london_converted,Sivasspor,Goztepe,0,1,A,,,,played,True,0,0,7,6,5,1,11,13,6,3,1,3,0,0,football_data,data/raw/football_data/2020-21.csv,98,
2c5575c5594f38c45d6895e5e038de5d9ed98568134f86b3e6395219a5e88db3,2020-21,2020-12-04,19:30,Europe/Istanbul,football_data_europe_london_converted,Besiktas,Kasimpasa,3,0,H,,,,played,True,1,0,17,6,5,2,14,11,6,3,1,0,0,1,football_data,data/raw/football_data/2020-21.csv,99,
21c4e392b9a49a91f6e65ba60badfc835a864866a2a8a6c820f926878b53b63a,2020-21,2020-12-05,13:30,Europe/Istanbul,football_data_europe_london_converted,Genclerbirligi,Alanyaspor,2,1,H,,,,played,True,1,0,14,16,5,6,14,9,4,9,4,2,0,0,football_data,data/raw/football_data/2020-21.csv,100,
bb1ebb58c1cbc7ffa8355bdbaad45908dc398ac0bb261729ff0be8513ea97dce,2020-21,2020-12-05,13:30,Europe/Istanbul,football_data_europe_london_converted,Goztepe,Kayserispor,1,1,D,,,,played,True,0,0,6,12,2,5,13,12,6,4,2,2,0,0,football_data,data/raw/football_data/2020-21.csv,101,
2a4c86af6d9f45d48b39e5e1918c79cc7ebe0352519788035437079bfc4edbaa,2020-21,2020-12-05,16:00,Europe/Istanbul,football_data_europe_london_converted,Konyaspor,Erzurumspor FK,2,0,H,,,,played,True,1,0,16,10,6,3,9,17,2,9,0,1,0,1,football_data,data/raw/football_data/2020-21.csv,102,
2f7eaf6557a1dd063ab83ad094791dd3193fcf4a4547fab6afcb67098976af52,2020-21,2020-12-05,16:00,Europe/Istanbul,football_data_europe_london_converted,Yeni Malatyaspor,Istanbul Basaksehir,1,1,D,,,,played,True,0,1,10,11,3,5,17,11,4,2,3,2,0,0,football_data,data/raw/football_data/2020-21.csv,103,
cd8b48cf9af59e3bb1facde60ead72a34e0bcfbe7b9323d3be4f787470329384,2020-21,2020-12-05,19:00,Europe/Istanbul,football_data_europe_london_converted,Galatasaray,Hatayspor,3,0,H,,,,played,True,1,0,12,11,4,1,10,17,7,5,3,2,0,1,football_data,data/raw/football_data/2020-21.csv,104,
3b036fc52e0cc9497a68673d085a6eaf9aa0b3bb9333cc5367dbaebac159b6c2,2020-21,2020-12-06,13:30,Europe/Istanbul,football_data_europe_london_converted,Fatih Karagumruk,Rizespor,2,1,H,,,,played,True,2,1,8,9,4,3,17,19,6,5,4,1,0,0,football_data,data/raw/football_data/2020-21.csv,105,
1d6eb539f72cbcadc8b86f85961f16cff9d356484a1f73b4f36402f4973bef6e,2020-21,2020-12-06,16:00,Europe/Istanbul,football_data_europe_london_converted,Antalyaspor,Ankaragucu,1,0,H,,,,played,True,1,0,13,7,5,3,19,12,4,5,3,2,0,0,football_data,data/raw/football_data/2020-21.csv,106,
a3f6ee2b81a4f6d34e1a0d1bfc6358edce588d6c7cc61417d76fa3f4bd3ba6e5,2020-21,2020-12-06,19:00,Europe/Istanbul,football_data_europe_london_converted,Denizlispor,Fenerbahce,0,2,A,,,,played,True,0,2,18,10,7,2,17,11,11,4,3,4,0,1,football_data,data/raw/football_data/2020-21.csv,107,
4cd7bb4547f6ff79207eb97d0127b1dedd3d24601d1bcabb2604c54459b9e17e,2020-21,2020-12-07,19:30,Europe/Istanbul,football_data_europe_london_converted,Trabzonspor,Sivasspor,1,1,D,,,,played,True,1,0,10,6,4,1,13,12,6,6,0,1,0,0,football_data,data/raw/football_data/2020-21.csv,108,
97cb862738ef2d8cc7eba32918c4a826d509eda8f81eb7732c5eaced0367b117,2020-21,2020-12-09,18:30,Europe/Istanbul,football_data_europe_london_converted,Goztepe,Alanyaspor,1,0,H,,,,played,True,0,0,9,17,5,4,15,17,4,6,2,3,0,0,football_data,data/raw/football_data/2020-21.csv,109,
1adbd7cad0dba475c63810c68e11de680ceb93e2ec46650ec8cc4d8390c75fff,2020-21,2020-12-09,19:30,Europe/Istanbul,football_data_europe_london_converted,Hatayspor,Erzurumspor FK,3,0,H,,,,played,True,1,0,11,13,8,4,17,16,2,6,3,3,0,0,football_data,data/raw/football_data/2020-21.csv,110,
1c7f5a11c0c8a50b98d64fcd4f19972a6abae3e8a1e765a2a060c6b67a406340,2020-21,2020-12-11,19:00,Europe/Istanbul,football_data_europe_london_converted,Kasimpasa,Denizlispor,3,2,H,,,,played,True,2,1,16,13,5,4,16,12,3,7,2,2,0,0,football_data,data/raw/football_data/2020-21.csv,111,
743ad4108b307129787910d4d4803b112f78a00037b5fbcef2b63ceda651d5d9,2020-21,2020-12-12,13:30,Europe/Istanbul,football_data_europe_london_converted,Hatayspor,Fatih Karagumruk,3,1,H,,,,played,True,1,0,7,13,5,3,17,9,1,4,1,7,0,2,football_data,data/raw/football_data/2020-21.csv,112,
7864c80707404f08c51bfcaa832eefc670596f9e8c248397c97ae4d9e49bd53c,2020-21,2020-12-12,16:00,Europe/Istanbul,football_data_europe_london_converted,Kayserispor,Trabzonspor,0,0,D,,,,played,True,0,0,18,11,6,4,6,10,4,4,0,3,0,0,football_data,data/raw/football_data/2020-21.csv,113,
7932950edee496f609ce954aaf92006a2d0400d731df751c4c8ebf98d6502fb5,2020-21,2020-12-12,16:00,Europe/Istanbul,football_data_europe_london_converted,Rizespor,Goztepe,3,2,H,,,,played,True,1,0,13,12,7,5,18,16,3,4,3,5,0,0,football_data,data/raw/football_data/2020-21.csv,114,
ed661687001b479f62df49d9273e312d8bee32861e444839c0f0f3c721720e39,2020-21,2020-12-12,19:00,Europe/Istanbul,football_data_europe_london_converted,Ankaragucu,Konyaspor,4,3,H,,,,played,True,1,2,11,8,5,4,9,15,4,2,5,3,1,0,football_data,data/raw/football_data/2020-21.csv,115,
40b0608af98af0d655226c0ef85c5ae8baa6aeaa9e9af5fb7207df8697ede4d2,2020-21,2020-12-12,19:00,Europe/Istanbul,football_data_europe_london_converted,Fenerbahce,Yeni Malatyaspor,0,3,A,,,,played,True,0,2,20,10,6,6,15,15,9,2,3,2,0,0,football_data,data/raw/football_data/2020-21.csv,116,
b0437af05eb47d15c06687bb726937a2650b19795cba35fd71fcfc672322e84a,2020-21,2020-12-13,13:30,Europe/Istanbul,football_data_europe_london_converted,Erzurumspor FK,Genclerbirligi,0,1,A,,,,played,True,0,0,14,11,4,5,16,14,6,8,2,1,0,0,football_data,data/raw/football_data/2020-21.csv,117,
812fb54a54ed88b994bfdd9802747ccf6ac4618209eb2026549338bf811345b6,2020-21,2020-12-13,19:00,Europe/Istanbul,football_data_europe_london_converted,Alanyaspor,Besiktas,2,1,H,,,,played,True,1,0,20,10,6,3,13,17,6,4,5,3,1,0,football_data,data/raw/football_data/2020-21.csv,118,
6092b8cd57fee38f2072cb7a9defda9c4a09d6db3f2ed963348fc5ca21c2f109,2020-21,2020-12-13,19:00,Europe/Istanbul,football_data_europe_london_converted,Istanbul Basaksehir,Gaziantep FK,1,2,A,,,,played,True,0,1,19,9,6,3,14,8,4,4,2,1,0,0,football_data,data/raw/football_data/2020-21.csv,119,
9c63bcc2f7da183ed4a0a6398c58190f38a8b2c7fd1e99177303ec900e9dcb52,2020-21,2020-12-14,19:00,Europe/Istanbul,football_data_europe_london_converted,Sivasspor,Antalyaspor,0,0,D,,,,played,True,0,0,9,12,2,5,10,11,4,8,1,0,0,0,football_data,data/raw/football_data/2020-21.csv,120,
b53cb8801cf8609af878052f9cd931ead7a2b9f3b14529e63776a4e302467308,2020-21,2020-12-15,16:00,Europe/Istanbul,football_data_europe_london_converted,Ankaragucu,Hatayspor,2,0,H,,,,played,True,0,0,11,9,5,4,5,10,3,4,3,3,0,1,football_data,data/raw/football_data/2020-21.csv,121,
9c21067c2ac81ce832e2aaa65c259038d9e2f2c4ce3947af336b840a72c5f3ed,2020-21,2020-12-18,19:00,Europe/Istanbul,football_data_europe_london_converted,Fatih Karagumruk,Galatasaray,2,1,H,,,,played,True,0,0,7,15,4,1,11,22,5,8,7,4,1,1,football_data,data/raw/football_data/2020-21.csv,122,
5834cb378a10a8e203404f243f7ad8ae123b8c1713fb33d511764a31d79a2b54,2020-21,2020-12-19,13:30,Europe/Istanbul,football_data_europe_london_converted,Goztepe,Hatayspor,0,1,A,,,,played,True,0,0,8,13,2,3,18,14,2,3,3,2,0,0,football_data,data/raw/football_data/2020-21.csv,123,
55640ced3b0fe6d463f9bf1455df4330a62045f9f6949f5caf301c5cb4e234d7,2020-21,2020-12-19,16:00,Europe/Istanbul,football_data_europe_london_converted,Trabzonspor,Rizespor,2,1,H,,,,played,True,0,1,18,4,8,1,11,19,9,3,1,4,0,0,football_data,data/raw/football_data/2020-21.csv,124,
04065eead0783bd0f11c482bbb9730d2bc303df961f2ac4bba21c005bb712eaa,2020-21,2020-12-19,16:00,Europe/Istanbul,football_data_europe_london_converted,Yeni Malatyaspor,Kasimpasa,2,0,H,,,,played,True,1,0,15,10,5,4,21,13,2,3,3,2,0,0,football_data,data/raw/football_data/2020-21.csv,125,
10b214cea875709bca070937d8e19f4a241d3c6ac2445db14f89f7085beb993b,2020-21,2020-12-19,19:00,Europe/Istanbul,football_data_europe_london_converted,Gaziantep FK,Fenerbahce,3,1,H,,,,played,True,2,1,10,14,4,4,12,15,7,4,3,3,0,0,football_data,data/raw/football_data/2020-21.csv,126,
7aa616b81443f2bffeba193848e3ebd02233f94c8eac4aa0b7889b404b0ebaa4,2020-21,2020-12-20,13:30,Europe/Istanbul,football_data_europe_london_converted,Genclerbirligi,Ankaragucu,1,1,D,,,,played,True,0,0,9,16,3,5,12,18,4,5,3,1,1,0,football_data,data/raw/football_data/2020-21.csv,127,
9317e58e30be33542b15fcf0053194b2c9dca824f12dd5225f3c261c4c34a538,2020-21,2020-12-20,16:00,Europe/Istanbul,football_data_europe_london_converted,Denizlispor,Alanyaspor,1,0,H,,,,played,True,1,0,5,17,2,7,25,15,3,8,8,2,1,0,football_data,data/raw/football_data/2020-21.csv,128,
9a69e933885017cab4d08a372883db218ccb9942de1d178731bb694308d67d43,2020-21,2020-12-20,19:00,Europe/Istanbul,football_data_europe_london_converted,Besiktas,Erzurumspor FK,4,0,H,,,,played,True,0,0,14,8,7,4,14,18,10,6,3,2,0,0,football_data,data/raw/football_data/2020-21.csv,129,
9f014bff8a4fc5b843ffb7076a6ed54780fe14890fe2230566d2bb9a8412f781,2020-21,2020-12-21,19:00,Europe/Istanbul,football_data_europe_london_converted,Antalyaspor,Kayserispor,2,0,H,,,,played,True,2,0,9,5,4,2,10,13,4,2,4,1,0,0,football_data,data/raw/football_data/2020-21.csv,130,
afddf17641b2de8a81c8589b2defd2a667fcae5431807dececbd3947c87463cc,2020-21,2020-12-21,19:00,Europe/Istanbul,football_data_europe_london_converted,Konyaspor,Sivasspor,0,1,A,,,,played,True,0,0,3,10,1,4,10,12,2,3,0,1,0,0,football_data,data/raw/football_data/2020-21.csv,131,
84be571e60a7a7a131c7afed7e15a399378c014ad5464e2dd5b75b23b502389c,2020-21,2020-12-22,16:00,Europe/Istanbul,football_data_europe_london_converted,Hatayspor,Trabzonspor,0,1,A,,,,played,True,0,0,17,8,5,2,13,17,6,2,1,1,0,0,football_data,data/raw/football_data/2020-21.csv,132,
0046375a71bcb14abd6a09304bbcac9bb91ec80a9f40182acbe2f15b6d85b416,2020-21,2020-12-22,19:00,Europe/Istanbul,football_data_europe_london_converted,Galatasaray,Goztepe,3,1,H,,,,played,True,2,1,15,12,8,5,9,9,8,7,1,1,0,0,football_data,data/raw/football_data/2020-21.csv,133,
b37790b901773c81c706b142f2226f7b6f2da8090038e9db3e2be152bb00441b,2020-21,2020-12-23,16:00,Europe/Istanbul,football_data_europe_london_converted,Alanyaspor,Yeni Malatyaspor,1,1,D,,,,played,True,1,0,14,13,5,7,13,19,6,1,2,2,0,0,football_data,data/raw/football_data/2020-21.csv,134,
3eae165c442d954e9c5a4ef6d40f656a3a2cbcc0f7f9ff21838db8c17b7363c8,2020-21,2020-12-23,16:00,Europe/Istanbul,football_data_europe_london_converted,Erzurumspor FK,Denizlispor,1,2,A,,,,played,True,0,1,13,11,6,5,8,14,12,4,3,2,0,0,football_data,data/raw/football_data/2020-21.csv,135,
a49ce99a7203458ea29766a452ff399df67a32108dbd8d0067dc587d95da1a48,2020-21,2020-12-23,19:00,Europe/Istanbul,football_data_europe_london_converted,Fenerbahce,Istanbul Basaksehir,4,1,H,,,,played,True,1,1,15,19,4,3,16,10,7,10,2,4,0,2,football_data,data/raw/football_data/2020-21.csv,136,
57a1c9dbbba68e5359de164b228d2eb4a0808d0d072b1587de915c1cf84b57b0,2020-21,2020-12-23,19:00,Europe/Istanbul,football_data_europe_london_converted,Kasimpasa,Gaziantep FK,0,4,A,,,,played,True,0,2,12,9,5,4,17,19,5,6,2,2,0,0,football_data,data/raw/football_data/2020-21.csv,137,
e7c83db303e5d1022b5effddfc155e8fa4fef28c74923b6c283c0eee750b4111,2020-21,2020-12-24,16:00,Europe/Istanbul,football_data_europe_london_converted,Kayserispor,Konyaspor,1,2,A,,,,played,True,1,0,10,16,4,8,16,16,6,1,5,2,1,0,football_data,data/raw/football_data/2020-21.csv,138,
b0a4383085bec70b96183db662cb8953986f99015c83f9f14e61d91d518e33b5,2020-21,2020-12-24,16:00,Europe/Istanbul,football_data_europe_london_converted,Sivasspor,Genclerbirligi,3,1,H,,,,played,True,1,0,18,10,8,4,9,13,9,6,1,2,0,0,football_data,data/raw/football_data/2020-21.csv,139,
58f85b4bb90310ed056752a31ab300b3e70ec4b307627f4deab734e6a5a38acd,2020-21,2020-12-24,19:00,Europe/Istanbul,football_data_europe_london_converted,Ankaragucu,Besiktas,0,1,A,,,,played,True,0,0,8,7,1,3,16,18,2,1,1,0,0,0,football_data,data/raw/football_data/2020-21.csv,140,
350c8e0ba92f934512015439bb9002b70bc4e1a26196f380349738fb7341bf4b,2020-21,2020-12-24,19:00,Europe/Istanbul,football_data_europe_london_converted,Rizespor,Antalyaspor,2,1,H,,,,played,True,1,0,11,12,4,7,14,8,2,4,3,2,0,0,football_data,data/raw/football_data/2020-21.csv,141,
99408e556b8c9f8a95da36aa8a1da08a11be819eba8fcfcc3e12573282a8a922,2020-21,2020-12-26,16:00,Europe/Istanbul,football_data_europe_london_converted,Goztepe,Fatih Karagumruk,1,1,D,,,,played,True,1,0,10,21,2,5,16,8,6,8,1,1,0,0,football_data,data/raw/football_data/2020-21.csv,142,
4cbc18c8434cd56e27951513598c6d2ef258ee63f304928b77f3afb1f2e20c0a,2020-21,2020-12-26,19:00,Europe/Istanbul,football_data_europe_london_converted,Trabzonspor,Galatasaray,0,2,A,,,,played,True,0,1,12,9,4,5,11,10,1,2,2,3,0,0,football_data,data/raw/football_data/2020-21.csv,143,
4daa7343edb65dbc0e3964a681c5bb10e5133580ec6b63996e7214c67584dd68,2020-21,2020-12-27,13:30,Europe/Istanbul,football_data_europe_london_converted,Gaziantep FK,Alanyaspor,3,1,H,,,,played,True,2,1,6,15,4,5,20,10,2,5,5,4,0,0,football_data,data/raw/football_data/2020-21.csv,144,
7a70e1b9ee9229c05f12f2fe77c787a5213635b6b8a5667ff152c6c7fae462aa,2020-21,2020-12-27,16:00,Europe/Istanbul,football_data_europe_london_converted,Denizlispor,Ankaragucu,1,2,A,,,,played,True,0,2,12,8,3,3,17,13,7,4,2,3,0,0,football_data,data/raw/football_data/2020-21.csv,145,
4a7c0948074b2c309ce5f156aae596acc5a7b55c7052a95e20384afeb8241508,2020-21,2020-12-27,16:00,Europe/Istanbul,football_data_europe_london_converted,Yeni Malatyaspor,Erzurumspor FK,1,3,A,,,,played,True,0,1,14,10,4,6,13,24,7,3,3,6,0,0,football_data,data/raw/football_data/2020-21.csv,146,
b7cf3fecdffbb83a6b431bdc34362cff2bd230576fb4b8a98f2be42add114275,2020-21,2020-12-27,19:00,Europe/Istanbul,football_data_europe_london_converted,Istanbul Basaksehir,Kasimpasa,2,2,D,,,,played,True,1,1,19,11,9,7,12,12,6,4,1,4,0,1,football_data,data/raw/football_data/2020-21.csv,147,
2402753a276283c9a54c1d5fecdc9cedfa3ffcede31deae2878806cc298829f3,2020-21,2020-12-28,16:00,Europe/Istanbul,football_data_europe_london_converted,Genclerbirligi,Kayserispor,3,2,H,,,,played,True,1,1,14,11,5,4,12,16,5,2,2,2,0,0,football_data,data/raw/football_data/2020-21.csv,148,
a0f7ba605c13268643924008c001f1f46e757d9a4c856214991b3bc9f67b333b,2020-21,2020-12-28,16:00,Europe/Istanbul,football_data_europe_london_converted,Konyaspor,Rizespor,1,1,D,,,,played,True,1,0,13,16,4,5,10,14,1,3,2,1,0,1,football_data,data/raw/football_data/2020-21.csv,149,
892d129cadd255a1997b16216c0e7916ef980875740a85aa3c9110f49b19518d,2020-21,2020-12-28,19:00,Europe/Istanbul,football_data_europe_london_converted,Besiktas,Sivasspor,3,0,H,,,,played,True,1,0,13,8,5,2,20,15,1,5,1,3,0,1,football_data,data/raw/football_data/2020-21.csv,150,
60e2a961a1ab4c3eb97c62a49fed6af66277274dccf1ebaa3a89efa9ddb9467c,2020-21,2020-12-29,19:00,Europe/Istanbul,football_data_europe_london_converted,Antalyaspor,Hatayspor,0,6,A,,,,played,True,0,5,8,13,4,9,16,21,2,5,6,3,0,0,football_data,data/raw/football_data/2020-21.csv,151,
eaf20015fc956c155058070c7a19841d90d7c692ba250625d133d6574432ece7,2020-21,2021-01-02,13:30,Europe/Istanbul,football_data_europe_london_converted,Erzurumspor FK,Gaziantep FK,1,1,D,,,,played,True,0,0,5,12,1,4,14,15,2,5,4,4,0,0,football_data,data/raw/football_data/2020-21.csv,152,
da7e683c8472d9613f8cf09fca42b208061b92d0f956a743adab2460958e3a88,2020-21,2021-01-02,13:30,Europe/Istanbul,football_data_europe_london_converted,Sivasspor,Denizlispor,2,2,D,,,,played,True,2,1,7,14,5,5,11,12,1,6,1,3,0,0,football_data,data/raw/football_data/2020-21.csv,153,
5fe009e67d7b6a16d60d64d23e7ce78c71c1be3ce1abb336dd422d9cacc1a96e,2020-21,2021-01-02,16:00,Europe/Istanbul,football_data_europe_london_converted,Alanyaspor,Istanbul Basaksehir,3,0,H,,,,played,True,2,0,11,12,5,2,12,12,2,8,4,3,0,0,football_data,data/raw/football_data/2020-21.csv,154,
c7ad49d27ae1d18760f81915acff0f8b0947db5fb0ac8925c2cf1ba96519083a,2020-21,2021-01-02,16:00,Europe/Istanbul,football_data_europe_london_converted,Ankaragucu,Yeni Malatyaspor,3,1,H,,,,played,True,2,0,9,16,5,2,14,15,4,7,3,2,0,1,football_data,data/raw/football_data/2020-21.csv,155,
9444d70a462acd006027a90e57ce6b846e93a19295f6ed3f9465335baddf31c2,2020-21,2021-01-02,19:00,Europe/Istanbul,football_data_europe_london_converted,Galatasaray,Antalyaspor,0,0,D,,,,played,True,0,0,15,5,6,1,9,11,6,8,2,4,1,0,football_data,data/raw/football_data/2020-21.csv,156,
cda40818877f50de0c7f973bef8a41e7fe29082ce2550ce9ee03b9a90f0bee5e,2020-21,2021-01-02,19:00,Europe/Istanbul,football_data_europe_london_converted,Hatayspor,Konyaspor,2,1,H,,,,played,True,1,1,12,14,4,2,12,13,4,8,2,3,0,0,football_data,data/raw/football_data/2020-21.csv,157,
a7a05dbb197bdafc4c51c6da01fad66fc579327e1647da7753fa28868b2be642,2020-21,2021-01-03,13:30,Europe/Istanbul,football_data_europe_london_converted,Rizespor,Genclerbirligi,1,1,D,,,,played,True,1,0,21,17,7,7,13,10,6,2,4,5,0,0,football_data,data/raw/football_data/2020-21.csv,158,
d3260194509b329cdf72c2f537b052d7b28a44862ee6b6a92b02ccaa36076efc,2020-21,2021-01-03,16:00,Europe/Istanbul,football_data_europe_london_converted,Fatih Karagumruk,Trabzonspor,1,2,A,,,,played,True,0,0,12,14,3,4,11,15,5,8,2,4,0,0,football_data,data/raw/football_data/2020-21.csv,159,
a9337609d0ef77443b0914a7a6b8999602c546ba2fca43fea45c77bb40276ff0,2020-21,2021-01-03,19:00,Europe/Istanbul,football_data_europe_london_converted,Kayserispor,Besiktas,0,2,A,,,,played,True,0,0,7,14,2,4,15,8,3,5,3,1,1,0,football_data,data/raw/football_data/2020-21.csv,160,
ff0cccce4c4ec114588bfae62c92e6236dc4637e93e7c8c22ffab2348382c9ae,2020-21,2021-01-04,19:00,Europe/Istanbul,football_data_europe_london_converted,Kasimpasa,Fenerbahce,0,3,A,,,,played,True,0,2,10,11,2,5,14,13,7,1,2,1,0,0,football_data,data/raw/football_data/2020-21.csv,161,
62f31d89160d8ab8f55f36b623b35cac11f1c5808aeda8aba34d44352aee0758,2020-21,2021-01-05,16:00,Europe/Istanbul,football_data_europe_london_converted,Gaziantep FK,Ankaragucu,2,0,H,,,,played,True,0,0,15,7,9,3,15,12,9,4,2,1,0,0,football_data,data/raw/football_data/2020-21.csv,162,
d1ab554df94e998bfcb8eca58dc330766dc71ee2b0c83205415e497a5b53dbdf,2020-21,2021-01-05,16:00,Europe/Istanbul,football_data_europe_london_converted,Yeni Malatyaspor,Sivasspor,2,2,D,,,,played,True,1,2,8,14,3,4,14,15,4,5,3,1,0,0,football_data,data/raw/football_data/2020-21.csv,163,
dd20ec90271ee6579ea290d2424ff1379ea1708dc260c560d9f28882b779194e,2020-21,2021-01-05,19:00,Europe/Istanbul,football_data_europe_london_converted,Konyaspor,Galatasaray,4,3,H,,,,played,True,1,1,9,18,4,5,15,10,4,4,2,2,0,0,football_data,data/raw/football_data/2020-21.csv,164,
b6a72bcedc5b826c8235404dce2b2c4601d78fc443c302176a5c84ca00c04410,2020-21,2021-01-06,13:30,Europe/Istanbul,football_data_europe_london_converted,Denizlispor,Kayserispor,0,1,A,,,,played,True,0,1,14,8,7,3,13,19,7,8,2,6,0,0,football_data,data/raw/football_data/2020-21.csv,165,
21a6da03e3d867f0a4ebbf9e584d861b44396b280e96366e6033cbea0275a6e8,2020-21,2021-01-06,16:00,Europe/Istanbul,football_data_europe_london_converted,Genclerbirligi,Hatayspor,3,1,H,,,,played,True,1,1,21,7,8,3,18,11,6,2,5,2,0,1,football_data,data/raw/football_data/2020-21.csv,167,
84737da16a163961bb5015036e9979e24530d6de1b70b4137ab83cd68a38a97e,2020-21,2021-01-06,16:00,Europe/Istanbul,football_data_europe_london_converted,Istanbul Basaksehir,Erzurumspor FK,1,0,H,,,,played,True,1,0,14,7,6,2,15,14,4,2,1,1,0,0,football_data,data/raw/football_data/2020-21.csv,166,
3a197a8674da06c77e71e9567cb33a8360144296c4b4f00993a2de5f4ac8d62f,2020-21,2021-01-06,16:00,Europe/Istanbul,football_data_europe_london_converted,Trabzonspor,Goztepe,1,0,H,,,,played,True,1,0,13,7,4,4,10,15,5,5,1,3,0,0,football_data,data/raw/football_data/2020-21.csv,168,
f372906e4a89e4ca11eaf9aee237dc5ee256760405a1ff145bde7084d25e4be9,2020-21,2021-01-06,19:00,Europe/Istanbul,football_data_europe_london_converted,Antalyaspor,Fatih Karagumruk,3,1,H,,,,played,True,2,1,11,10,5,3,17,12,3,2,1,3,0,1,football_data,data/raw/football_data/2020-21.csv,169,
6c5d33e451febb04036df93d485f2c9a06a4f6bbd63156a3eed2fb474e3ba2cc,2020-21,2021-01-06,19:00,Europe/Istanbul,football_data_europe_london_converted,Besiktas,Rizespor,6,0,H,,,,played,True,2,0,17,9,10,3,15,11,2,4,2,0,0,0,football_data,data/raw/football_data/2020-21.csv,170,
4b653ffb31a199ad16f72cea4c100db18df8e0d5b1057653a70f67a366a360fa,2020-21,2021-01-07,19:00,Europe/Istanbul,football_data_europe_london_converted,Fenerbahce,Alanyaspor,2,1,H,,,,played,True,1,0,14,17,5,8,20,13,2,9,4,4,0,0,football_data,data/raw/football_data/2020-21.csv,171,
fbb761659cce138bb478eba948ed480d93f2418ef36d52ea171dfacc7c243fca,2020-21,2021-01-09,13:30,Europe/Istanbul,football_data_europe_london_converted,Sivasspor,Gaziantep FK,2,1,H,,,,played,True,1,1,21,10,7,2,10,10,8,7,5,3,0,1,football_data,data/raw/football_data/2020-21.csv,172,
22bcc1bb3b612c089eb706b2e698c40f239a8c3d511c86ebddb1a51e2aab520f,2020-21,2021-01-09,16:00,Europe/Istanbul,football_data_europe_london_converted,Goztepe,Antalyaspor,0,1,A,,,,played,True,0,0,7,7,2,2,16,15,8,5,3,1,0,0,football_data,data/raw/football_data/2020-21.csv,173,
deab6873a362a8a3edf6af1350561db4aea052ff228ad2bd85f000185907246c,2020-21,2021-01-09,16:00,Europe/Istanbul,football_data_europe_london_converted,Kayserispor,Yeni Malatyaspor,1,0,H,,,,played,True,1,0,8,12,4,3,18,12,2,5,1,4,0,0,football_data,data/raw/football_data/2020-21.csv,174,
1f6a813b546091a644e5d922d1695cf1e451106271f64579326f03483ad19c91,2020-21,2021-01-09,19:00,Europe/Istanbul,football_data_europe_london_converted,Galatasaray,Genclerbirligi,6,0,H,,,,played,True,4,0,16,5,9,2,8,18,5,4,0,3,0,0,football_data,data/raw/football_data/2020-21.csv,175,
de4a6f22bfc8fdd5cb731c64b21daa672af5d41777109ad198131b11693e259d,2020-21,2021-01-10,13:30,Europe/Istanbul,football_data_europe_london_converted,Fatih Karagumruk,Konyaspor,2,1,H,,,,played,True,0,0,9,8,4,2,10,10,4,5,3,2,0,0,football_data,data/raw/football_data/2020-21.csv,176,
20a7e648ed66e48ad5d213acdec76977ffc76c378f9405b59a0d58bfd1a983ea,2020-21,2021-01-10,16:00,Europe/Istanbul,football_data_europe_london_converted,Ankaragucu,Istanbul Basaksehir,1,2,A,,,,played,True,1,1,13,12,3,3,16,12,5,3,2,3,0,0,football_data,data/raw/football_data/2020-21.csv,177,
6837342f295d2cc58e7dbdc461c9c325c59ac9a7ff946fb76b7209c0ac16c254,2020-21,2021-01-10,16:00,Europe/Istanbul,football_data_europe_london_converted,Rizespor,Denizlispor,1,1,D,,,,played,True,0,1,21,11,7,5,20,24,11,5,2,5,0,0,football_data,data/raw/football_data/2020-21.csv,178,
e19ae91ee06e0ff0501e0fbf3868778e24efcb5e96a16eb7b50a370131b6c357,2020-21,2021-01-10,19:00,Europe/Istanbul,football_data_europe_london_converted,Hatayspor,Besiktas,2,2,D,,,,played,True,2,2,9,18,3,7,17,12,3,9,4,1,0,0,football_data,data/raw/football_data/2020-21.csv,179,
6da52ed82093768e8daef5ea5a45afb9c196bd5ef9556ca7e0ee62ab74822dd8,2020-21,2021-01-11,16:00,Europe/Istanbul,football_data_europe_london_converted,Erzurumspor FK,Fenerbahce,0,3,A,,,,played,True,0,1,13,11,2,8,10,12,6,5,1,1,0,0,football_data,data/raw/football_data/2020-21.csv,180,
ad73b2ff0ab98e09235f0da35b67778692053c0b58140a9423fa107592299096,2020-21,2021-01-11,19:00,Europe/Istanbul,football_data_europe_london_converted,Alanyaspor,Kasimpasa,1,2,A,,,,played,True,1,2,28,6,8,2,16,9,8,1,1,1,0,1,football_data,data/raw/football_data/2020-21.csv,181,
7c72189080bf2fe1ab6af269ca20e593404a049e41f4973c3397be1ebc09aef4,2020-21,2021-01-15,19:00,Europe/Istanbul,football_data_europe_london_converted,Genclerbirligi,Fatih Karagumruk,1,3,A,,,,played,True,0,2,17,14,3,7,21,8,8,3,5,3,0,0,football_data,data/raw/football_data/2020-21.csv,182,
8ba637e195073072ab324615ed1e21ebb02081d528d29e81abee2dcf51a914cc,2020-21,2021-01-16,13:30,Europe/Istanbul,football_data_europe_london_converted,Konyaspor,Goztepe,2,3,A,,,,played,True,0,2,21,6,10,5,8,8,7,5,2,1,0,0,football_data,data/raw/football_data/2020-21.csv,183,
85820b853acad6fb2b0b2364662cfc8f8bd3489f80eaf6bd2242fcb85fb93565,2020-21,2021-01-16,16:00,Europe/Istanbul,football_data_europe_london_converted,Gaziantep FK,Kayserispor,2,1,H,,,,played,True,1,0,13,10,6,4,9,11,5,2,1,2,0,0,football_data,data/raw/football_data/2020-21.csv,185,
bcdacbc293daef78d45f213035d450dd632d598ce398509c173a86be209649c3,2020-21,2021-01-16,16:00,Europe/Istanbul,football_data_europe_london_converted,Istanbul Basaksehir,Sivasspor,1,1,D,,,,played,True,1,1,10,8,4,1,15,15,3,3,2,2,0,0,football_data,data/raw/football_data/2020-21.csv,184,
9f08f8e6d88f2353017ddd008374e7f1e01eb52243dbcebf3aa88d1339acb692,2020-21,2021-01-16,19:00,Europe/Istanbul,football_data_europe_london_converted,Antalyaspor,Trabzonspor,1,1,D,,,,played,True,1,0,6,18,2,5,11,2,2,6,5,1,1,0,football_data,data/raw/football_data/2020-21.csv,186,
7c426e6ddfeb9b186d81e91190dee903f6536863c90e5e2cf62c04743cdf6ee4,2020-21,2021-01-17,13:30,Europe/Istanbul,football_data_europe_london_converted,Denizlispor,Hatayspor,0,2,A,,,,played,True,0,0,12,12,2,5,19,8,6,2,2,3,0,1,football_data,data/raw/football_data/2020-21.csv,187,
4b6b6bca36982bee2b1df3d1f148c2efc1d834af700698df87a225544c13ee5c,2020-21,2021-01-17,16:00,Europe/Istanbul,football_data_europe_london_converted,Yeni Malatyaspor,Rizespor,4,1,H,,,,played,True,0,1,20,7,9,3,13,14,4,4,0,2,0,0,football_data,data/raw/football_data/2020-21.csv,188,
4838c2a11e5abe29e68446cf0fe9792018e5f1a35df34f6c13c2bf61282da999,2020-21,2021-01-17,19:00,Europe/Istanbul,football_data_europe_london_converted,Besiktas,Galatasaray,2,0,H,,,,played,True,0,0,14,9,3,2,12,16,10,7,2,2,0,1,football_data,data/raw/football_data/2020-21.csv,189,
43a885a12bdf71f249f512246a0266b059323ba80a90e8cebf4c4b62bed42b8e,2020-21,2021-01-18,19:00,Europe/Istanbul,football_data_europe_london_converted,Fenerbahce,Ankaragucu,3,1,H,,,,played,True,2,0,17,13,8,3,22,18,4,4,2,1,0,0,football_data,data/raw/football_data/2020-21.csv,190,
2aa9bd820ecee29a76f5cfc9077c22c794431f665a1761ae7775210b14d0e38d,2020-21,2021-01-18,19:00,Europe/Istanbul,football_data_europe_london_converted,Kasimpasa,Erzurumspor FK,1,2,A,,,,played,True,0,1,12,13,4,6,18,21,3,2,5,4,1,0,football_data,data/raw/football_data/2020-21.csv,191,
7041233b8ae7ddd2226c4b32502efb1e30543d51faa5970d99ecddc06f70ddbf,2020-21,2021-01-19,16:00,Europe/Istanbul,football_data_europe_london_converted,Goztepe,Genclerbirligi,4,0,H,,,,played,True,3,0,12,5,6,2,9,10,2,1,1,2,0,0,football_data,data/raw/football_data/2020-21.csv,192,
c4d4060bcffd96765a0f506e94688b0f1c3924f0471d8b994d5316ff7e00d240,2020-21,2021-01-19,16:00,Europe/Istanbul,football_data_europe_london_converted,Kayserispor,Istanbul Basaksehir,2,0,H,,,,played,True,1,0,14,18,6,1,12,8,4,4,1,0,0,0,football_data,data/raw/football_data/2020-21.csv,193,
a3f93869934218fd8aaa6cc9bb8cbf1cbf60c610f0bdd7d2c8a2ada957bda845,2020-21,2021-01-19,19:00,Europe/Istanbul,football_data_europe_london_converted,Trabzonspor,Konyaspor,3,1,H,,,,played,True,1,0,10,13,5,3,16,11,0,6,3,5,0,0,football_data,data/raw/football_data/2020-21.csv,194,
1cf76437711ae4cbb1da4a6e2278c9c5a4e080bad2958a04b65d057c645797e0,2020-21,2021-01-20,16:00,Europe/Istanbul,football_data_europe_london_converted,Hatayspor,Yeni Malatyaspor,1,2,A,,,,played,True,0,0,12,14,5,5,15,11,3,4,3,3,0,0,football_data,data/raw/football_data/2020-21.csv,195,
e76388ef409cbdffe7e283586d7930493448317bfa27c10f78f1d7c2d9124a00,2020-21,2021-01-20,16:00,Europe/Istanbul,football_data_europe_london_converted,Rizespor,Gaziantep FK,3,0,H,,,,played,True,1,0,9,10,6,0,10,11,3,3,1,2,0,0,football_data,data/raw/football_data/2020-21.csv,196,
994100d14ddd3f0d142b144ce2b138eec4c261b10fe1633d793ae5885c649c31,2020-21,2021-01-20,19:00,Europe/Istanbul,football_data_europe_london_converted,Galatasaray,Denizlispor,6,1,H,,,,played,True,3,0,14,14,10,6,9,15,8,11,1,1,0,0,football_data,data/raw/football_data/2020-21.csv,197,
72cf5fe440ee330b4dd8a8b8ac87c4247eaf49a44d19187d643ee95afa15a7d7,2020-21,2021-01-21,16:00,Europe/Istanbul,football_data_europe_london_converted,Erzurumspor FK,Alanyaspor,1,1,D,,,,played,True,1,0,3,6,2,2,16,11,1,9,4,2,0,1,football_data,data/raw/football_data/2020-21.csv,198,
b86c045f27807fea80419ecea3d978dbc3c982a9c935665ac5d1c573df63ba8e,2020-21,2021-01-21,16:00,Europe/Istanbul,football_data_europe_london_converted,Fatih Karagumruk,Besiktas,1,4,A,,,,played,True,0,1,10,18,3,7,8,13,4,7,2,0,0,0,football_data,data/raw/football_data/2020-21.csv,199,
471f962f1685fbe54ef6bef694af934b6230623eaaa6e8529dbcfebdf94320d1,2020-21,2021-01-21,19:00,Europe/Istanbul,football_data_europe_london_converted,Ankaragucu,Kasimpasa,1,0,H,,,,played,True,1,0,15,11,5,4,13,20,0,7,5,5,0,0,football_data,data/raw/football_data/2020-21.csv,200,
8ba062730a562a0caf3e65a30cd401852c742647e84815a9562d652401937ad7,2020-21,2021-01-21,19:00,Europe/Istanbul,football_data_europe_london_converted,Sivasspor,Fenerbahce,1,1,D,,,,played,True,1,1,11,8,4,4,15,11,7,3,2,1,0,0,football_data,data/raw/football_data/2020-21.csv,201,
643f9839df94e31090a41c67c9c6f2822ae277c615956a882e4777baea3ae1a8,2020-21,2021-01-23,16:00,Europe/Istanbul,football_data_europe_london_converted,Genclerbirligi,Trabzonspor,1,2,A,,,,played,True,0,1,13,14,2,8,10,13,5,5,2,2,0,0,football_data,data/raw/football_data/2020-21.csv,202,
e5631a65ed7a3b729dbe43c3f8982768b744dd403dac7a1dc2fbb7e8dbbc0d11,2020-21,2021-01-23,19:00,Europe/Istanbul,football_data_europe_london_converted,Istanbul Basaksehir,Rizespor,1,1,D,,,,played,True,0,0,17,4,4,1,13,10,9,1,2,2,0,0,football_data,data/raw/football_data/2020-21.csv,203,
3841d4a5c807ec7ae39eb3919e8b53db58998361af7e664eafab347b114d5427,2020-21,2021-01-24,13:30,Europe/Istanbul,football_data_europe_london_converted,Konyaspor,Antalyaspor,0,0,D,,,,played,True,0,0,8,6,0,3,8,12,6,2,1,1,0,0,football_data,data/raw/football_data/2020-21.csv,204,
bc50b65bf50f628c93484a8b2d96d5d66fdf76156ce13d4749abb5456bad3e11,2020-21,2021-01-24,16:00,Europe/Istanbul,football_data_europe_london_converted,Denizlispor,Fatih Karagumruk,1,2,A,,,,played,True,0,1,17,11,5,3,16,12,4,1,3,3,0,0,football_data,data/raw/football_data/2020-21.csv,205,
4988266d41492be2dbd737368faf9cc473168b301c039cf429dd46562d3ef642,2020-21,2021-01-24,16:00,Europe/Istanbul,football_data_europe_london_converted,Yeni Malatyaspor,Galatasaray,0,1,A,,,,played,True,0,0,5,10,3,4,13,13,3,6,3,2,0,0,football_data,data/raw/football_data/2020-21.csv,206,
40a45c3cc4676b1c30b03e2e1ea6ccbec5fc9de9fe21677da3a26e205036b6f3,2020-21,2021-01-24,19:00,Europe/Istanbul,football_data_europe_london_converted,Besiktas,Goztepe,2,1,H,,,,played,True,0,1,10,5,5,3,15,17,1,2,2,3,0,0,football_data,data/raw/football_data/2020-21.csv,207,
0cdf6fd3e71f766758f0e2cc052a7cb1078b5727bfb8f1495e01ec6e18744844,2020-21,2021-01-24,19:00,Europe/Istanbul,football_data_europe_london_converted,Gaziantep FK,Hatayspor,1,1,D,,,,played,True,1,0,7,12,2,3,18,10,2,5,2,2,0,0,football_data,data/raw/football_data/2020-21.csv,208,
2260cbace5608963ebf6d64951fe1a15ea366f8add9a4c657db95d194b206d2f,2020-21,2021-01-25,16:00,Europe/Istanbul,football_data_europe_london_converted,Kasimpasa,Sivasspor,2,0,H,,,,played,True,2,0,11,7,3,3,17,16,4,10,2,2,0,0,football_data,data/raw/football_data/2020-21.csv,209,
2dda44be0b4fc4a7415e4529cd630f5d241b55c97bcbf630267e713665cb7424,2020-21,2021-01-25,19:00,Europe/Istanbul,football_data_europe_london_converted,Alanyaspor,Ankaragucu,4,3,H,,,,played,True,1,2,24,9,7,5,12,17,13,4,1,3,0,0,football_data,data/raw/football_data/2020-21.csv,210,
a62dda41c84021c41c90ca53568e520e120652d88491e2817e26c2daec42d88f,2020-21,2021-01-25,19:00,Europe/Istanbul,football_data_europe_london_converted,Fenerbahce,Kayserispor,3,0,H,,,,played,True,1,0,21,6,11,1,12,9,6,5,2,1,0,0,football_data,data/raw/football_data/2020-21.csv,211,
ae0f0e1eed0c8d99d9c87008b46faa93a88786bee85915ece8b75f7896986e8e,2020-21,2021-01-29,16:00,Europe/Istanbul,football_data_europe_london_converted,Yeni Malatyaspor,Fatih Karagumruk,0,0,D,,,,played,True,0,0,6,16,1,7,13,9,7,7,3,1,1,0,football_data,data/raw/football_data/2020-21.csv,212,
17de30e202f043f6fa64d7214951f9bcdec771d096fdcac22ab85c9d3a30b450,2020-21,2021-01-29,19:00,Europe/Istanbul,football_data_europe_london_converted,Gaziantep FK,Galatasaray,1,2,A,,,,played,True,0,0,15,6,6,6,15,9,8,4,1,1,0,0,football_data,data/raw/football_data/2020-21.csv,213,
035044ded7dbb63522758c80defededc525f4a2f14e9f3d6d7c87f79bbaa6f13,2020-21,2021-01-30,13:30,Europe/Istanbul,football_data_europe_london_converted,Kasimpasa,Kayserispor,0,1,A,,,,played,True,0,0,15,15,4,5,17,14,3,5,2,0,0,0,football_data,data/raw/football_data/2020-21.csv,214,
3dd87c5b2149ad8aa6ea19c6868c7495897c645ca61882fd103afb19204fdedb,2020-21,2021-01-30,16:00,Europe/Istanbul,football_data_europe_london_converted,Istanbul Basaksehir,Hatayspor,1,5,A,,,,played,True,0,3,17,16,0,10,10,9,4,4,3,1,0,0,football_data,data/raw/football_data/2020-21.csv,215,
df928e47d9835c3758531398a2e05d98d093b674520274b392dbb99d54d68b20,2020-21,2021-01-30,19:00,Europe/Istanbul,football_data_europe_london_converted,Fenerbahce,Rizespor,1,0,H,,,,played,True,1,0,15,6,4,1,16,16,7,2,1,5,0,1,football_data,data/raw/football_data/2020-21.csv,216,
35c418fb84c991b901963492c5660fe806d9e605adbb062b1dea5212082c75e7,2020-21,2021-01-31,13:30,Europe/Istanbul,football_data_europe_london_converted,Erzurumspor FK,Ankaragucu,1,0,H,,,,played,True,0,0,11,6,5,2,26,17,3,4,7,6,1,2,football_data,data/raw/football_data/2020-21.csv,217,
43336ccdb3b995ee60ca5429b560545ef183a45c7cd85fa26c29964fc5abced4,2020-21,2021-01-31,16:00,Europe/Istanbul,football_data_europe_london_converted,Alanyaspor,Sivasspor,3,1,H,,,,played,True,2,0,9,11,4,4,15,15,1,5,2,1,0,0,football_data,data/raw/football_data/2020-21.csv,218,
ec9149120a882287df337afdede11dee9871448e4764d1952a6d1d1fc3d8ebaa,2020-21,2021-01-31,16:00,Europe/Istanbul,football_data_europe_london_converted,Denizlispor,Goztepe,2,1,H,,,,played,True,1,0,9,4,4,2,18,13,2,5,2,1,0,0,football_data,data/raw/football_data/2020-21.csv,219,
c0091a90356a50ab747945046a7017c3b0c0912740f962496b43825830d3465e,2020-21,2021-01-31,16:00,Europe/Istanbul,football_data_europe_london_converted,Genclerbirligi,Antalyaspor,0,1,A,,,,played,True,0,0,7,10,2,3,15,14,3,4,2,1,0,0,football_data,data/raw/football_data/2020-21.csv,220,
7c5d18d517e04650bf0275f6cceb4476c9c93f4032a53c476a8b8baf439f6e39,2020-21,2021-01-31,19:00,Europe/Istanbul,football_data_europe_london_converted,Besiktas,Trabzonspor,1,2,A,,,,played,True,1,1,22,16,8,5,12,8,7,5,2,3,1,0,football_data,data/raw/football_data/2020-21.csv,221,
f2bf66f6af779b16842e1b34a8cbdbba14447c186e308d659cec2a6a223ecc29,2020-21,2021-02-02,16:00,Europe/Istanbul,football_data_europe_london_converted,Hatayspor,Fenerbahce,1,2,A,,,,played,True,0,1,18,10,7,6,17,16,7,4,4,2,0,0,football_data,data/raw/football_data/2020-21.csv,222,
30fb565b4efa73afb2e255fa77b21ff8adc88fd7d35de41749cf38fd369a6772,2020-21,2021-02-02,19:00,Europe/Istanbul,football_data_europe_london_converted,Galatasaray,Istanbul Basaksehir,3,0,H,,,,played,True,1,0,11,10,5,3,6,10,6,5,1,2,0,0,football_data,data/raw/football_data/2020-21.csv,223,
5dd6c27f8941470af2c96f65d3a7805f1dd9dda2690abc74744514ad642cd02e,2020-21,2021-02-02,19:00,Europe/Istanbul,football_data_europe_london_converted,Rizespor,Kasimpasa,1,1,D,,,,played,True,0,0,16,13,4,5,8,16,1,4,2,2,0,0,football_data,data/raw/football_data/2020-21.csv,224,
031662d3376df438984fee11b813df22d0a70a05e5d95bb7ea540642c9497236,2020-21,2021-02-03,13:30,Europe/Istanbul,football_data_europe_london_converted,Sivasspor,Erzurumspor FK,0,0,D,,,,played,True,0,0,8,9,3,3,19,19,4,5,1,1,0,0,football_data,data/raw/football_data/2020-21.csv,225,
34cb08ca0b1804fa34d46a80077685d1f916c4b533648162832502b248323c65,2020-21,2021-02-03,16:00,Europe/Istanbul,football_data_europe_london_converted,Fatih Karagumruk,Gaziantep FK,2,0,H,,,,played,True,0,0,14,12,5,6,13,13,6,7,2,2,0,0,football_data,data/raw/football_data/2020-21.csv,226,
452f34b1a16f32ad3ffbcc8e8fded7cc944cbee715fd27256326bab6f34fad67,2020-21,2021-02-03,16:00,Europe/Istanbul,football_data_europe_london_converted,Kayserispor,Alanyaspor,1,1,D,,,,played,True,0,0,8,12,4,4,12,11,2,1,6,1,1,0,football_data,data/raw/football_data/2020-21.csv,227,
b7c29002379a5ab4ae3ec5c8e75152ca8dc4870ccf07e50f0f88756154059a7b,2020-21,2021-02-03,19:00,Europe/Istanbul,football_data_europe_london_converted,Antalyaspor,Besiktas,1,1,D,,,,played,True,1,0,2,17,1,8,9,10,3,7,4,1,1,0,football_data,data/raw/football_data/2020-21.csv,228,
d77c2c21d44efef50daf95c96c3a31c6bc6c1899344e6ae941a6279238ed04f7,2020-21,2021-02-03,19:00,Europe/Istanbul,football_data_europe_london_converted,Konyaspor,Genclerbirligi,0,0,D,,,,played,True,0,0,19,7,5,2,10,15,7,2,2,3,0,0,football_data,data/raw/football_data/2020-21.csv,229,
806b633ed04dbccbb168457e80dc2a2e81c162c3dfd3679e40d171ff5b8adcca,2020-21,2021-02-04,16:00,Europe/Istanbul,football_data_europe_london_converted,Goztepe,Yeni Malatyaspor,2,2,D,,,,played,True,1,1,25,10,7,5,18,14,10,2,0,1,0,0,football_data,data/raw/football_data/2020-21.csv,230,
44f5ca81ced8345080553f14e447a01864e0cecac04d37bdc4a87039e8ca3246,2020-21,2021-02-04,19:00,Europe/Istanbul,football_data_europe_london_converted,Trabzonspor,Denizlispor,1,0,H,,,,played,True,0,0,25,4,5,3,6,18,5,5,0,3,0,0,football_data,data/raw/football_data/2020-21.csv,231,
56c447f5b949baba1e55f2cb850562a208d4d9da696b50953f7995f3a37c4629,2020-21,2021-02-06,13:30,Europe/Istanbul,football_data_europe_london_converted,Kasimpasa,Hatayspor,1,4,A,,,,played,True,0,1,15,16,6,8,15,12,9,3,1,0,0,0,football_data,data/raw/football_data/2020-21.csv,232,
b59e8959dc52b7a1482df6569362606733e6b64ff0b1eba96c11c5b12682ef78,2020-21,2021-02-06,16:00,Europe/Istanbul,football_data_europe_london_converted,Alanyaspor,Rizespor,2,1,H,,,,played,True,1,1,33,8,10,3,10,10,13,4,2,6,0,0,football_data,data/raw/football_data/2020-21.csv,233,
0a21aa4a7d00c7aa006423f5445ca9723ab404e9a8c8d2ecac546933d1bf2292,2020-21,2021-02-06,16:00,Europe/Istanbul,football_data_europe_london_converted,Istanbul Basaksehir,Fatih Karagumruk,0,1,A,,,,played,True,0,0,16,13,7,5,12,11,5,3,1,1,0,0,football_data,data/raw/football_data/2020-21.csv,234,
8ded61b483a1f91ec0275e4606dfc3054ed0f430de4003805f5a7e04a0d8ea47,2020-21,2021-02-06,19:00,Europe/Istanbul,football_data_europe_london_converted,Fenerbahce,Galatasaray,0,1,A,,,,played,True,0,0,12,9,5,2,16,25,8,6,2,2,0,0,football_data,data/raw/football_data/2020-21.csv,235,
8afe99dccd6d99b2c0e07201609318941109850ca9a00a7e231b5b299a38bee1,2020-21,2021-02-07,13:30,Europe/Istanbul,football_data_europe_london_converted,Erzurumspor FK,Kayserispor,1,1,D,,,,played,True,1,0,7,8,2,5,12,13,1,5,3,1,1,0,football_data,data/raw/football_data/2020-21.csv,236,
2c15311d30f690cddfe47cdd712bf0cdb5df1995e8bc7b29322f12d878c066fc,2020-21,2021-02-07,16:00,Europe/Istanbul,football_data_europe_london_converted,Ankaragucu,Sivasspor,1,4,A,,,,played,True,0,1,14,12,6,7,17,10,3,2,5,1,0,0,football_data,data/raw/football_data/2020-21.csv,237,
0adbc2ded40a5d232314eadfe87fc130ab046a484e50d833145035202bbf2305,2020-21,2021-02-07,16:00,Europe/Istanbul,football_data_europe_london_converted,Denizlispor,Antalyaspor,1,1,D,,,,played,True,1,0,9,13,3,2,20,9,2,3,2,2,0,0,football_data,data/raw/football_data/2020-21.csv,238,
3b8331063ad1601620485b5a94f7b616791f5856ad5e6c05a774a3f3d4a51dc8,2020-21,2021-02-07,19:00,Europe/Istanbul,football_data_europe_london_converted,Besiktas,Konyaspor,1,0,H,,,,played,True,0,0,12,3,3,0,12,12,5,3,4,3,1,0,football_data,data/raw/football_data/2020-21.csv,239,
a9adb37b5e3e2288ca09ee31cde136a4cd3695b2cf6cae389c5bd440176d27ef,2020-21,2021-02-08,16:00,Europe/Istanbul,football_data_europe_london_converted,Gaziantep FK,Goztepe,2,0,H,,,,played,True,0,0,8,6,2,4,15,14,2,2,1,0,0,0,football_data,data/raw/football_data/2020-21.csv,240,
20dbcbf1740ffe65fd0066cea8c83309dd6cb0abf36a457420b3c92d45361434,2020-21,2021-02-08,19:00,Europe/Istanbul,football_data_europe_london_converted,Yeni Malatyaspor,Trabzonspor,0,2,A,,,,played,True,0,0,11,10,1,2,9,17,11,4,1,2,0,0,football_data,data/raw/football_data/2020-21.csv,241,
8d8588b7c01150882a3422dde5a81393473bf4de018ed62596dbaf2e24d30d19,2020-21,2021-02-12,19:00,Europe/Istanbul,football_data_europe_london_converted,Rizespor,Erzurumspor FK,0,2,A,,,,played,True,0,0,10,17,4,8,16,15,3,1,4,3,1,0,football_data,data/raw/football_data/2020-21.csv,242,
ee60a0e45d06d9d22eada7dbdee7bcafa64e4cc67db1d4d368ad3d7202cccc2f,2020-21,2021-02-13,13:30,Europe/Istanbul,football_data_europe_london_converted,Kayserispor,Ankaragucu,0,0,D,,,,played,True,0,0,23,4,7,0,16,7,12,4,1,2,0,1,football_data,data/raw/football_data/2020-21.csv,243,
b82e5c344dc7a750fefd651fe45676c9584f93dbd2084da1c372d2cc3518e658,2020-21,2021-02-13,16:00,Europe/Istanbul,football_data_europe_london_converted,Trabzonspor,Gaziantep FK,1,0,H,,,,played,True,0,0,8,9,4,2,8,13,2,4,3,4,1,0,football_data,data/raw/football_data/2020-21.csv,244,
0da19b4f9bdaa1c92f340d3f5c9dbd2570706466483b841d36118d3248a65a21,2020-21,2021-02-13,19:00,Europe/Istanbul,football_data_europe_london_converted,Fatih Karagumruk,Fenerbahce,1,2,A,,,,played,True,0,1,12,7,3,3,12,16,8,4,2,1,0,0,football_data,data/raw/football_data/2020-21.csv,245,
f24d80ab1f25fc121963d654b10bb4e3aa8e14070275631763a05712be9b87fb,2020-21,2021-02-14,13:30,Europe/Istanbul,football_data_europe_london_converted,Konyaspor,Denizlispor,2,0,H,,,,played,True,0,0,11,8,4,3,9,15,3,4,3,2,0,0,football_data,data/raw/football_data/2020-21.csv,246,
17b774f343550b534dc4cb0446a8febd75edf2055c12291df81da3d5c953f02f,2020-21,2021-02-14,16:00,Europe/Istanbul,football_data_europe_london_converted,Galatasaray,Kasimpasa,2,1,H,,,,played,True,1,0,15,8,10,2,13,22,8,2,0,4,0,0,football_data,data/raw/football_data/2020-21.csv,247,
070d9fa0cfcffcd445c49761be7b7285169768e12a90addf7b80cef8f0fcaa00,2020-21,2021-02-14,16:00,Europe/Istanbul,football_data_europe_london_converted,Goztepe,Istanbul Basaksehir,2,1,H,,,,played,True,1,0,13,12,6,4,12,16,3,5,1,2,0,0,football_data,data/raw/football_data/2020-21.csv,248,
34eff3bb600357392d814d514a2b65cca8e55fc26b4262a09a856ec16c640b5a,2020-21,2021-02-14,16:00,Europe/Istanbul,football_data_europe_london_converted,Hatayspor,Alanyaspor,0,0,D,,,,played,True,0,0,7,13,1,7,13,18,3,7,2,3,1,0,football_data,data/raw/football_data/2020-21.csv,249,
f2155f5d3447d094b3cab5e1530f83100ba2266ff01087e8b1f74acef4eceb75,2020-21,2021-02-15,16:00,Europe/Istanbul,football_data_europe_london_converted,Genclerbirligi,Besiktas,0,3,A,,,,played,True,0,1,5,20,1,9,15,7,2,9,3,2,0,0,football_data,data/raw/football_data/2020-21.csv,250,
71c7c60b36313b4538de8ccb9ce1295b4dcfe110e62444a35972bdf696ac2b37,2020-21,2021-02-15,19:00,Europe/Istanbul,football_data_europe_london_converted,Antalyaspor,Yeni Malatyaspor,1,1,D,,,,played,True,1,1,11,3,4,1,9,14,1,3,0,3,0,0,football_data,data/raw/football_data/2020-21.csv,251,
414ab3070ec4b0404abeeba294df58afaab2d1d74d12dfc9221f682c18ac8830,2020-21,2021-02-19,19:00,Europe/Istanbul,football_data_europe_london_converted,Istanbul Basaksehir,Trabzonspor,0,1,A,,,,played,True,0,0,7,10,1,3,11,9,3,3,3,2,1,0,football_data,data/raw/football_data/2020-21.csv,252,
4ddc04bd908229ac3d3edcaf0d505e43e19dac9c7d040bf09eb7ec5c7b629a00,2020-21,2021-02-20,13:30,Europe/Istanbul,football_data_europe_london_converted,Kasimpasa,Fatih Karagumruk,3,2,H,,,,played,True,1,1,13,8,6,3,11,10,13,3,1,2,0,0,football_data,data/raw/football_data/2020-21.csv,253,
ddf2a4e655d258f2c4f9cf3d84c8e57fd736fb1319dc24f33322cb5bbee86d8a,2020-21,2021-02-20,16:00,Europe/Istanbul,football_data_europe_london_converted,Denizlispor,Genclerbirligi,1,0,H,,,,played,True,1,0,10,12,4,1,17,15,5,4,2,1,0,0,football_data,data/raw/football_data/2020-21.csv,254,
a5c6890de399e0124fa81fca0c5dca61b62f5bed6ed89926a6cf907d9fcbc1b8,2020-21,2021-02-20,16:00,Europe/Istanbul,football_data_europe_london_converted,Yeni Malatyaspor,Konyaspor,2,3,A,,,,played,True,2,0,7,11,2,4,10,17,3,8,2,3,0,0,football_data,data/raw/football_data/2020-21.csv,255,
56c3aaa1336b2909b7b5cd471a27c52f12e03af47d6aab4f067525d771eab563,2020-21,2021-02-20,19:00,Europe/Istanbul,football_data_europe_london_converted,Alanyaspor,Galatasaray,0,1,A,,,,played,True,0,1,24,8,6,1,16,18,12,1,3,0,0,0,football_data,data/raw/football_data/2020-21.csv,256,
e3471c3a90300d48dbb78874b04c3430a66218c083468da24ed58d7fcefafb1f,2020-21,2021-02-21,13:30,Europe/Istanbul,football_data_europe_london_converted,Erzurumspor FK,Hatayspor,1,3,A,,,,played,True,0,2,15,10,5,7,15,16,3,7,3,2,1,0,football_data,data/raw/football_data/2020-21.csv,257,
96e881429fc23736ecf43b49bb6b5ca86deb00e5ec51b0b8d8b4ef86ded5d27e,2020-21,2021-02-21,16:00,Europe/Istanbul,football_data_europe_london_converted,Gaziantep FK,Antalyaspor,0,0,D,,,,played,True,0,0,9,13,2,2,12,10,7,4,2,1,0,0,football_data,data/raw/football_data/2020-21.csv,258,
54579c056939525e9d03ee27e613ab72d98cd93cd565c6b98ad354c45b933459,2020-21,2021-02-21,16:00,Europe/Istanbul,football_data_europe_london_converted,Sivasspor,Kayserispor,2,0,H,,,,played,True,1,0,21,7,7,1,15,17,6,5,3,5,0,0,football_data,data/raw/football_data/2020-21.csv,259,
0e36ab5d9c1960c61ee351ce186eb8b199e4cc58cb1828cb2599f4a4524c6302,2020-21,2021-02-21,19:00,Europe/Istanbul,football_data_europe_london_converted,Fenerbahce,Goztepe,0,1,A,,,,played,True,0,1,22,6,5,2,17,18,13,1,1,2,0,0,football_data,data/raw/football_data/2020-21.csv,260,
a8d3852aa0e878be6883d42fd04c80baaad40bee050f4e52772d40b840ba0489,2020-21,2021-02-22,19:00,Europe/Istanbul,football_data_europe_london_converted,Ankaragucu,Rizespor,1,1,D,,,,played,True,1,1,14,7,7,3,13,12,5,1,2,1,0,0,football_data,data/raw/football_data/2020-21.csv,261,
b190d3db7230a8ed6d13e065e131b168ff6fb2ce1f6aa09ad90fa63f9207fe9c,2020-21,2021-02-26,16:00,Europe/Istanbul,football_data_europe_london_converted,Genclerbirligi,Yeni Malatyaspor,1,1,D,,,,played,True,0,1,13,12,3,2,14,10,13,4,3,0,1,1,football_data,data/raw/football_data/2020-21.csv,262,
fb063b74332dee70405dea3eb457cfb599fd90881ff73922a620d6924e3bf286,2020-21,2021-02-26,16:00,Europe/Istanbul,football_data_europe_london_converted,Konyaspor,Gaziantep FK,0,0,D,,,,played,True,0,0,10,13,2,2,9,17,6,7,2,2,0,0,football_data,data/raw/football_data/2020-21.csv,263,
17138ece69ea1bc84b2163624888009c275b238ecf3bd8df43dd2278f252f760,2020-21,2021-02-26,19:00,Europe/Istanbul,football_data_europe_london_converted,Besiktas,Denizlispor,3,0,H,,,,played,True,3,0,14,6,7,2,7,9,9,6,0,1,0,0,football_data,data/raw/football_data/2020-21.csv,264,
421c9fed672d80d60119c5382bede9d02529178f450a0f2108bde70cbef93621,2020-21,2021-02-27,13:30,Europe/Istanbul,football_data_europe_london_converted,Fatih Karagumruk,Alanyaspor,2,0,H,,,,played,True,0,0,10,8,2,1,12,15,4,7,2,3,0,0,football_data,data/raw/football_data/2020-21.csv,266,
e7347f8939913e0bfd00855decaedff0c9912231b6f7efa11460b478da861950,2020-21,2021-02-27,13:30,Europe/Istanbul,football_data_europe_london_converted,Hatayspor,Ankaragucu,4,1,H,,,,played,True,1,1,19,6,6,2,16,20,14,4,1,3,0,1,football_data,data/raw/football_data/2020-21.csv,265,
105fb941aae2cfc0a93d573dc0e53c00133fc635b4cb7124de10f52068829bbd,2020-21,2021-02-27,16:00,Europe/Istanbul,football_data_europe_london_converted,Antalyaspor,Istanbul Basaksehir,0,0,D,,,,played,True,0,0,1,2,0,0,13,8,2,2,1,0,0,0,football_data,data/raw/football_data/2020-21.csv,267,
f7225e156afec5b64b8a5f9b0cc013ac39513d813cb7b48fc9862a436d92b762,2020-21,2021-02-27,16:00,Europe/Istanbul,football_data_europe_london_converted,Rizespor,Sivasspor,0,0,D,,,,played,True,0,0,11,7,3,1,15,14,3,4,3,2,0,1,football_data,data/raw/football_data/2020-21.csv,268,
03e694e21831c94b3b9ae842646e5ea3610f254d563c9ff4752eb27cec35b0d1,2020-21,2021-02-27,19:00,Europe/Istanbul,football_data_europe_london_converted,Galatasaray,Erzurumspor FK,2,0,H,,,,played,True,2,0,10,8,4,3,11,14,5,3,3,3,0,0,football_data,data/raw/football_data/2020-21.csv,269,
b4c9b0d05cd96c3f1d00b933fcb61a9bddc7f121e812e9205f19c5451096e3cb,2020-21,2021-02-28,16:00,Europe/Istanbul,football_data_europe_london_converted,Goztepe,Kasimpasa,1,0,H,,,,played,True,1,0,5,6,1,3,15,7,3,4,3,2,1,1,football_data,data/raw/football_data/2020-21.csv,270,
8aa6745a6e20b69535ee17648ac4afb3e2788c215b1a3640d70346caa10a9f4b,2020-21,2021-02-28,19:00,Europe/Istanbul,football_data_europe_london_converted,Trabzonspor,Fenerbahce,0,1,A,,,,played,True,0,0,16,12,1,8,13,15,5,7,1,2,0,0,football_data,data/raw/football_data/2020-21.csv,271,
2cfb03004999517fd7f60597d2eb2c36e3f3c53b6c1435283bd4f695842fd01b,2020-21,2021-03-02,16:00,Europe/Istanbul,football_data_europe_london_converted,Gaziantep FK,Genclerbirligi,2,1,H,,,,played,True,0,1,15,14,7,5,11,17,7,3,0,2,1,0,football_data,data/raw/football_data/2020-21.csv,272,
90edd0c74aa50583dd841b4e8c134ebc8f92f4a46d7c53a121ffe761271668b5,2020-21,2021-03-02,19:00,Europe/Istanbul,football_data_europe_london_converted,Yeni Malatyaspor,Besiktas,0,1,A,,,,played,True,0,0,9,13,4,3,17,14,4,10,2,0,0,0,football_data,data/raw/football_data/2020-21.csv,273,
ac9aa818aec75aee408e865fbcd423bd4d7d47f51cdfd0dd073a0cf176cc2d90,2020-21,2021-03-03,13:30,Europe/Istanbul,football_data_europe_london_converted,Erzurumspor FK,Fatih Karagumruk,2,2,D,,,,played,True,1,1,14,11,4,6,15,12,3,6,4,1,0,0,football_data,data/raw/football_data/2020-21.csv,274,
2fa5f2a8976400080150b4fbfb101e2263f8f7fe60d9b9449e98568937ff9ab1,2020-21,2021-03-03,16:00,Europe/Istanbul,football_data_europe_london_converted,Istanbul Basaksehir,Konyaspor,1,1,D,,,,played,True,0,0,13,10,5,2,10,12,4,4,0,1,0,0,football_data,data/raw/football_data/2020-21.csv,275,
3ddea033c70fd0ea9c6af8c51b80edde609ff62cf3829936440c110e082ed335,2020-21,2021-03-03,16:00,Europe/Istanbul,football_data_europe_london_converted,Sivasspor,Hatayspor,1,1,D,,,,played,True,0,0,12,5,4,1,15,18,6,3,1,3,0,0,football_data,data/raw/football_data/2020-21.csv,276,
0eeea7715120db02c9751dc5d0997d2d9ac1faeba74efefaa44492d64ac66249,2020-21,2021-03-03,19:00,Europe/Istanbul,football_data_europe_london_converted,Ankaragucu,Galatasaray,2,1,H,,,,played,True,1,0,8,8,3,4,15,14,1,5,6,4,0,1,football_data,data/raw/football_data/2020-21.csv,277,
7915adf507735560e97bf108fd73ae53712d87873b0e08010118b66b4bd96a10,2020-21,2021-03-03,19:00,Europe/Istanbul,football_data_europe_london_converted,Kayserispor,Rizespor,2,1,H,,,,played,True,0,0,7,17,4,3,11,9,4,6,0,0,0,0,football_data,data/raw/football_data/2020-21.csv,278,
10b969717eab4d2b955a851ec9631019c69e2f272c44db9a58cf213325f45bf7,2020-21,2021-03-04,16:00,Europe/Istanbul,football_data_europe_london_converted,Alanyaspor,Goztepe,1,1,D,,,,played,True,0,1,15,7,7,0,9,12,10,3,1,2,0,0,football_data,data/raw/football_data/2020-21.csv,279,
71bbf169cc06e7d1042bbbc908061b05d25c407f83c0541cf3d725996ea16f91,2020-21,2021-03-04,16:00,Europe/Istanbul,football_data_europe_london_converted,Kasimpasa,Trabzonspor,1,2,A,,,,played,True,1,1,13,14,5,4,17,16,6,5,1,2,0,0,football_data,data/raw/football_data/2020-21.csv,280,
118d1fc86642a32e4440597a18c81ccd6012b590eea68dcf48cb92be3b43dc6f,2020-21,2021-03-04,19:00,Europe/Istanbul,football_data_europe_london_converted,Fenerbahce,Antalyaspor,1,1,D,,,,played,True,0,1,16,7,6,2,16,17,11,1,5,5,0,1,football_data,data/raw/football_data/2020-21.csv,281,
f10b6848025c422845a372fae81bc3d1ac30722de8e1e92f49ed91c772a9c264,2020-21,2021-03-06,16:00,Europe/Istanbul,football_data_europe_london_converted,Denizlispor,Yeni Malatyaspor,3,2,H,,,,played,True,2,1,13,11,6,5,18,14,4,4,3,2,0,0,football_data,data/raw/football_data/2020-21.csv,282,
288e96ae4f955740ad84db9c0782c090d332961711ea0aeccd260dd3d2d84d1d,2020-21,2021-03-06,19:00,Europe/Istanbul,football_data_europe_london_converted,Besiktas,Gaziantep FK,2,1,H,,,,played,True,1,0,10,8,3,3,15,10,4,5,1,1,0,0,football_data,data/raw/football_data/2020-21.csv,283,
ce6855653f635174f5e159f69af719430d8873d300fad24db655b22127cfb0fb,2020-21,2021-03-07,13:30,Europe/Istanbul,football_data_europe_london_converted,Fatih Karagumruk,Ankaragucu,0,1,A,,,,played,True,0,0,16,4,3,3,20,11,4,2,1,1,0,0,football_data,data/raw/football_data/2020-21.csv,284,
d4d0914e8fd7725d58b33f7928ef5cfb2ff90e205d35c0297f98d1afe2370403,2020-21,2021-03-07,16:00,Europe/Istanbul,football_data_europe_london_converted,Genclerbirligi,Istanbul Basaksehir,0,1,A,,,,played,True,0,0,10,9,3,4,14,10,1,7,2,2,1,0,football_data,data/raw/football_data/2020-21.csv,285,
d56774fca6b0b4ccec987bfc247ceb68d25690d4e02ccf73ebb9896ce4265ab9,2020-21,2021-03-07,16:00,Europe/Istanbul,football_data_europe_london_converted,Hatayspor,Kayserispor,1,3,A,,,,played,True,0,2,10,16,4,6,3,13,7,5,2,1,1,0,football_data,data/raw/football_data/2020-21.csv,286,
c222c9dee6ecaeec16f241538d018ffdfdf7b4c4bfb9968b2ad8fa2566c446ac,2020-21,2021-03-07,19:00,Europe/Istanbul,football_data_europe_london_converted,Galatasaray,Sivasspor,2,2,D,,,,played,True,1,2,17,12,7,4,11,13,6,4,4,4,0,1,football_data,data/raw/football_data/2020-21.csv,287,
be463d62a134718dbf75fc8f338b1bf896afcc88d8c5822fd711913ef40c6368,2020-21,2021-03-08,16:00,Europe/Istanbul,football_data_europe_london_converted,Antalyaspor,Kasimpasa,1,1,D,,,,played,True,1,0,8,11,3,2,13,10,0,4,1,3,0,0,football_data,data/raw/football_data/2020-21.csv,288,
1591838cf94d8499efee212fe5403e6887bf94d79607883675d847bea1d2b4b8,2020-21,2021-03-08,16:00,Europe/Istanbul,football_data_europe_london_converted,Trabzonspor,Alanyaspor,1,3,A,,,,played,True,0,0,18,11,5,6,17,8,3,4,3,3,0,0,football_data,data/raw/football_data/2020-21.csv,289,
787babe08da6f2fabcca4723e394b74718cc0ec42776670bc1b6af898abc468e,2020-21,2021-03-08,19:00,Europe/Istanbul,football_data_europe_london_converted,Goztepe,Erzurumspor FK,3,1,H,,,,played,True,1,0,16,11,7,4,18,14,7,2,2,3,0,1,football_data,data/raw/football_data/2020-21.csv,290,
8b6e68789052d3f04339018019eb3dd59fa46692c6e15825c54bf7a7f5f4fcdb,2020-21,2021-03-08,19:00,Europe/Istanbul,football_data_europe_london_converted,Konyaspor,Fenerbahce,0,3,A,,,,played,True,0,2,15,14,5,7,10,11,2,2,2,2,0,0,football_data,data/raw/football_data/2020-21.csv,291,
65c0bb8ebc869dac600c453c07ba38c08ffa0f8913762e6c33a9db70652a9d41,2020-21,2021-03-12,19:00,Europe/Istanbul,football_data_europe_london_converted,Istanbul Basaksehir,Besiktas,2,3,A,,,,played,True,0,1,9,14,3,5,13,10,4,1,3,1,0,0,football_data,data/raw/football_data/2020-21.csv,292,
67adb2dac6b2fae735919829a240ff5a00acec7cbf18532c0a6fa3af389ff04e,2020-21,2021-03-13,13:30,Europe/Istanbul,football_data_europe_london_converted,Sivasspor,Fatih Karagumruk,1,0,H,,,,played,True,1,0,10,14,4,3,14,9,1,8,1,1,0,0,football_data,data/raw/football_data/2020-21.csv,293,
cf66c7d3d27e6eda1c895a6be474f5bcaa0b9390c2a2cc2df4dc81c42efa56b4,2020-21,2021-03-13,16:00,Europe/Istanbul,football_data_europe_london_converted,Alanyaspor,Antalyaspor,4,0,H,,,,played,True,2,0,14,7,7,2,13,18,5,5,0,5,0,0,football_data,data/raw/football_data/2020-21.csv,294,
74ae3d5abe9352ffee94a5841ed1d2d63598d6b088ea0cd76a29ef41d6b85de4,2020-21,2021-03-13,16:00,Europe/Istanbul,football_data_europe_london_converted,Rizespor,Hatayspor,1,0,H,,,,played,True,0,0,17,17,6,3,13,17,3,5,5,4,0,0,football_data,data/raw/football_data/2020-21.csv,295,
dab0101536e02eeff7ce5d327d4aba4b1516a4d9c0265c87fffe0b3343006779,2020-21,2021-03-13,19:00,Europe/Istanbul,football_data_europe_london_converted,Kayserispor,Galatasaray,0,3,A,,,,played,True,0,1,7,18,1,7,17,11,3,3,1,1,0,0,football_data,data/raw/football_data/2020-21.csv,296,
d789089958569ef2bd505b399ae654b88d84b1ea257bc37d19b3edfb9e1470e5,2020-21,2021-03-14,13:30,Europe/Istanbul,football_data_europe_london_converted,Ankaragucu,Goztepe,3,0,H,,,,played,True,1,0,17,8,9,2,15,10,5,7,1,1,0,0,football_data,data/raw/football_data/2020-21.csv,297,
e7c07c9c60e29b4c6563779d53c1ce4bf915b23d74ab2ea0a66c9c8b116bc866,2020-21,2021-03-14,16:00,Europe/Istanbul,football_data_europe_london_converted,Erzurumspor FK,Trabzonspor,0,0,D,,,,played,True,0,0,11,8,3,1,15,6,12,2,2,0,0,0,football_data,data/raw/football_data/2020-21.csv,298,
481bb0b5fbd4cd871d61dc6e6aaf4ee110db655f40b26b277a4505ac1b5214d6,2020-21,2021-03-14,16:00,Europe/Istanbul,football_data_europe_london_converted,Gaziantep FK,Denizlispor,2,0,H,,,,played,True,0,0,14,6,3,3,15,11,8,3,2,2,0,1,football_data,data/raw/football_data/2020-21.csv,299,
960889e0510089314d6abc50954c9710ea85226f03380120909a4ae0f336fd78,2020-21,2021-03-14,19:00,Europe/Istanbul,football_data_europe_london_converted,Fenerbahce,Genclerbirligi,1,2,A,,,,played,True,1,1,16,7,6,3,11,13,6,1,1,5,0,0,football_data,data/raw/football_data/2020-21.csv,300,
5a09f8439a0f2432356b8ce1cca58262ddecc99b6c0a5b456ee968477725c3d7,2020-21,2021-03-15,19:00,Europe/Istanbul,football_data_europe_london_converted,Kasimpasa,Konyaspor,1,1,D,,,,played,True,0,0,12,7,4,2,12,16,8,0,1,1,0,0,football_data,data/raw/football_data/2020-21.csv,301,
51b0ae057f0fd8f2f2bff6e0b506c3d8fdafcc09234c0b7c13b2764bb88b4272,2020-21,2021-03-19,16:00,Europe/Istanbul,football_data_europe_london_converted,Fatih Karagumruk,Kayserispor,3,0,H,,,,played,True,1,0,10,12,7,3,16,9,7,7,2,1,0,0,football_data,data/raw/football_data/2020-21.csv,302,
7940d475f344d4a7550e190de6fd721655b28ecb9b176dfef98924a763bc1093,2020-21,2021-03-19,19:00,Europe/Istanbul,football_data_europe_london_converted,Galatasaray,Rizespor,3,4,A,,,,played,True,2,2,10,12,6,6,12,18,7,1,4,2,1,0,football_data,data/raw/football_data/2020-21.csv,303,
44668d309bbe5abec2bbfb9d486f2aca9c7d98108300cd14cddb32e805ad807a,2020-21,2021-03-20,13:30,Europe/Istanbul,football_data_europe_london_converted,Genclerbirligi,Kasimpasa,2,1,H,,,,played,True,0,0,8,12,2,7,8,6,3,8,3,1,0,0,football_data,data/raw/football_data/2020-21.csv,304,
6657f65542f1a631712049266d1c16ab8ec6b9365f094e154553bd573deec3ba,2020-21,2021-03-20,16:00,Europe/Istanbul,football_data_europe_london_converted,Goztepe,Sivasspor,3,5,A,,,,played,True,0,4,14,9,6,5,12,18,8,3,2,2,0,0,football_data,data/raw/football_data/2020-21.csv,305,
bb97633eac2a544af5e9d11045b8b65ef24cc21fa2a354679b69932595432ada,2020-21,2021-03-20,16:00,Europe/Istanbul,football_data_europe_london_converted,Yeni Malatyaspor,Gaziantep FK,2,2,D,,,,played,True,1,1,6,10,3,3,13,12,7,5,1,4,1,0,football_data,data/raw/football_data/2020-21.csv,306,
537c8c5e99f1d449bf1c1710edc23278655192cfe47f9eb1946c8762f80e9e6c,2020-21,2021-03-20,19:00,Europe/Istanbul,football_data_europe_london_converted,Trabzonspor,Ankaragucu,4,1,H,,,,played,True,3,1,14,12,9,7,14,10,4,1,1,2,0,0,football_data,data/raw/football_data/2020-21.csv,307,
f3ce9d857a0b3f4c6c1635986d734596fecb129b50dfd82ed66b27c2e9128fec,2020-21,2021-03-21,13:30,Europe/Istanbul,football_data_europe_london_converted,Antalyaspor,Erzurumspor FK,3,1,H,,,,played,True,0,1,9,8,5,4,12,15,6,3,2,3,0,0,football_data,data/raw/football_data/2020-21.csv,308,
379ba76250e999cd4142a71b47dcc96ab78d06cb7f9992156dda4c5241834140,2020-21,2021-03-21,13:30,Europe/Istanbul,football_data_europe_london_converted,Konyaspor,Alanyaspor,1,0,H,,,,played,True,1,0,8,10,4,0,22,18,3,4,3,4,0,0,football_data,data/raw/football_data/2020-21.csv,309,
7ba1b33211258f9faf3944d192e5970901ca3143312c03a63a1d46d320b09ace,2020-21,2021-03-21,16:00,Europe/Istanbul,football_data_europe_london_converted,Denizlispor,Istanbul Basaksehir,0,0,D,,,,played,True,0,0,8,16,2,3,8,10,2,5,1,2,0,0,football_data,data/raw/football_data/2020-21.csv,310,
524e6660f373aef2e17294ae76f823f6362131d9d8d9cb112cdde34973a34f08,2020-21,2021-03-21,19:00,Europe/Istanbul,football_data_europe_london_converted,Besiktas,Fenerbahce,1,1,D,,,,played,True,0,0,14,14,7,3,17,20,3,7,2,5,0,0,football_data,data/raw/football_data/2020-21.csv,311,
9939f7d654a17239df99d7064533395c985f48ba27004b1c2bff341ec24bf5bc,2020-21,2021-04-03,13:30,Europe/Istanbul,football_data_europe_london_converted,Kayserispor,Goztepe,1,1,D,,,,played,True,1,0,15,5,6,2,8,12,6,4,1,1,0,0,football_data,data/raw/football_data/2020-21.csv,312,
5c5ecf0333711637dff25b9b53fbb48447649dfdf59d824268c9ba365ff1e865,2020-21,2021-04-03,16:00,Europe/Istanbul,football_data_europe_london_converted,Rizespor,Fatih Karagumruk,0,0,D,,,,played,True,0,0,7,14,2,2,17,17,5,7,3,2,1,0,football_data,data/raw/football_data/2020-21.csv,313,
7781a1bb7fe6a8498847b8edd6c51cdd02394673d6526570b3dac34f46623c0f,2020-21,2021-04-03,16:00,Europe/Istanbul,football_data_europe_london_converted,Sivasspor,Trabzonspor,0,0,D,,,,played,True,0,0,11,12,1,3,15,8,7,9,3,2,0,0,football_data,data/raw/football_data/2020-21.csv,314,
ed90001085bf28c56e3102d41f3ebef3a0fb824db030317ce69d9854cfb0b55e,2020-21,2021-04-03,19:00,Europe/Istanbul,football_data_europe_london_converted,Hatayspor,Galatasaray,3,0,H,,,,played,True,2,0,8,12,6,4,19,10,5,7,5,2,1,0,football_data,data/raw/football_data/2020-21.csv,315,
dbc88d5d072dc5aac0a80133d84160b108043c480324e1e1dd9600bd190460c4,2020-21,2021-04-04,13:30,Europe/Istanbul,football_data_europe_london_converted,Erzurumspor FK,Konyaspor,1,2,A,,,,played,True,1,2,14,14,3,7,15,13,4,6,2,2,0,0,football_data,data/raw/football_data/2020-21.csv,316,
8f3b3e61818921683ecc07495a4539135b19db76fc25a05f555c82ba6eca916e,2020-21,2021-04-04,16:00,Europe/Istanbul,football_data_europe_london_converted,Alanyaspor,Genclerbirligi,1,2,A,,,,played,True,1,1,16,10,8,3,13,14,7,4,1,4,0,0,football_data,data/raw/football_data/2020-21.csv,317,
34f542455a83e1edceca113126153be4c48edecafa624e54b0bb15ef19150807,2020-21,2021-04-04,16:00,Europe/Istanbul,football_data_europe_london_converted,Ankaragucu,Antalyaspor,1,0,H,,,,played,True,0,0,9,13,3,3,10,13,3,9,2,4,0,0,football_data,data/raw/football_data/2020-21.csv,318,
bfff35f0702653818e88b3c4022bb5514269c6365e686da3f047500f61fd177e,2020-21,2021-04-04,16:00,Europe/Istanbul,football_data_europe_london_converted,Istanbul Basaksehir,Yeni Malatyaspor,3,1,H,,,,played,True,1,0,11,8,7,2,12,11,7,3,2,1,0,0,football_data,data/raw/football_data/2020-21.csv,319,
5a12ba5614e11358c9872a6c13eb19c5be9a2d2f215c4c831b8ceaff7d3c2714,2020-21,2021-04-04,19:00,Europe/Istanbul,football_data_europe_london_converted,Kasimpasa,Besiktas,1,0,H,,,,played,True,1,0,11,16,4,2,13,9,2,5,3,1,0,0,football_data,data/raw/football_data/2020-21.csv,320,
48c3947724bcf7c9e5498d93e94ffa50ff7cf43769bab21391046038acf234f3,2020-21,2021-04-05,19:00,Europe/Istanbul,football_data_europe_london_converted,Fenerbahce,Denizlispor,1,0,H,,,,played,True,0,0,20,3,2,1,13,23,13,1,1,0,0,0,football_data,data/raw/football_data/2020-21.csv,321,
f59cb7bd89ad3ac9f1dce16a6482356ca45cc2c55951a8ffcbc0ae38361531cb,2020-21,2021-04-06,16:00,Europe/Istanbul,football_data_europe_london_converted,Fatih Karagumruk,Hatayspor,1,0,H,,,,played,True,0,0,9,10,3,4,16,10,10,3,1,1,0,0,football_data,data/raw/football_data/2020-21.csv,323,
dd57ada5fde33cc45522adaaab1cb282450673dcdbd9a7417a8d2392ff4c430d,2020-21,2021-04-06,16:00,Europe/Istanbul,football_data_europe_london_converted,Goztepe,Rizespor,2,0,H,,,,played,True,0,0,11,8,4,0,15,11,5,1,2,2,0,1,football_data,data/raw/football_data/2020-21.csv,322,
d6054e9adcaf4212d6eae890ebed7d73d4645ff407f20d237c8ba8441768c171,2020-21,2021-04-06,19:00,Europe/Istanbul,football_data_europe_london_converted,Trabzonspor,Kayserispor,1,1,D,,,,played,True,1,1,28,5,11,2,7,11,7,4,1,4,0,0,football_data,data/raw/football_data/2020-21.csv,324,
b7b65e70df0c182c40b38c01e9f171a846357c9b392b4d4d6a9711176c2380f4,2020-21,2021-04-07,16:00,Europe/Istanbul,football_data_europe_london_converted,Genclerbirligi,Erzurumspor FK,1,1,D,,,,played,True,1,0,6,23,2,5,17,8,4,8,2,2,0,0,football_data,data/raw/football_data/2020-21.csv,325,
37c84a59857466a4561986124f66bcb740d7ddaf578f2f7c26f32d771b917db2,2020-21,2021-04-07,16:00,Europe/Istanbul,football_data_europe_london_converted,Konyaspor,Ankaragucu,1,1,D,,,,played,True,0,0,11,11,3,5,14,9,4,4,2,1,0,0,football_data,data/raw/football_data/2020-21.csv,326,
eeb612701d6648f85571888f63f79e4d2505c2b65dfec3ffe4b245057459afa3,2020-21,2021-04-07,19:00,Europe/Istanbul,football_data_europe_london_converted,Antalyaspor,Sivasspor,2,4,A,,,,played,True,1,2,12,11,7,8,5,10,1,1,3,2,0,0,football_data,data/raw/football_data/2020-21.csv,327,
73335a3fcb6cf640de9759de6ee6184473eef759dbcd6cf9ed6d47bad83176d1,2020-21,2021-04-07,19:00,Europe/Istanbul,football_data_europe_london_converted,Besiktas,Alanyaspor,3,0,H,,,,played,True,1,0,17,13,7,6,14,11,4,5,2,2,0,0,football_data,data/raw/football_data/2020-21.csv,328,
c4106174c6592177e95b6a01277ac6196615e03cc08274a179ce0678f66ca640,2020-21,2021-04-08,16:00,Europe/Istanbul,football_data_europe_london_converted,Denizlispor,Kasimpasa,1,1,D,,,,played,True,0,0,15,13,6,3,9,16,1,2,2,0,0,0,football_data,data/raw/football_data/2020-21.csv,329,
382d79f5d1f8d92faa5e91eef7c72fbffc7c06161528408a953098a1fb604831,2020-21,2021-04-08,16:00,Europe/Istanbul,football_data_europe_london_converted,Gaziantep FK,Istanbul Basaksehir,2,0,H,,,,played,True,1,0,6,16,2,5,8,3,2,13,1,1,0,0,football_data,data/raw/football_data/2020-21.csv,330,
723036cadc850a58655cbf88bb899cae8fa09ed5c29a56983eaa5b986e52d0c7,2020-21,2021-04-08,19:00,Europe/Istanbul,football_data_europe_london_converted,Yeni Malatyaspor,Fenerbahce,1,1,D,,,,played,True,1,1,8,14,1,4,14,15,4,7,0,0,0,0,football_data,data/raw/football_data/2020-21.csv,331,
efa0a2ad647a4212bf1e9e37081d71de617ae453156f838311d2470cee13342e,2020-21,2021-04-10,13:30,Europe/Istanbul,football_data_europe_london_converted,Hatayspor,Goztepe,2,3,A,,,,played,True,0,2,16,16,3,7,8,15,5,2,2,4,0,0,football_data,data/raw/football_data/2020-21.csv,332,
9d5a55e261a9b7e9798396716f0838b244c9d4634054cc607ba7a06207a867ad,2020-21,2021-04-10,16:00,Europe/Istanbul,football_data_europe_london_converted,Rizespor,Trabzonspor,0,0,D,,,,played,True,0,0,12,17,3,7,13,10,2,7,4,3,0,1,football_data,data/raw/football_data/2020-21.csv,333,
f7db5f9a489711bfeef4c00230d265e139a0d05b7756bb67aa71128cdd895fec,2020-21,2021-04-10,19:00,Europe/Istanbul,football_data_europe_london_converted,Galatasaray,Fatih Karagumruk,1,1,D,,,,played,True,0,0,17,9,4,7,15,15,3,9,5,2,1,0,football_data,data/raw/football_data/2020-21.csv,334,
7e49f9f9108cca2346daf9b8c4c1d7e59c0c71864c3c7e9ac790f1d83d25450d,2020-21,2021-04-11,13:30,Europe/Istanbul,football_data_europe_london_converted,Sivasspor,Konyaspor,3,1,H,,,,played,True,1,0,9,13,6,5,15,15,2,5,1,2,1,0,football_data,data/raw/football_data/2020-21.csv,335,
dd99418c42dccd143ee0282a8b2e77152ad09656dbddc5f13558dd4c05cabb8e,2020-21,2021-04-11,16:00,Europe/Istanbul,football_data_europe_london_converted,Ankaragucu,Genclerbirligi,2,1,H,,,,played,True,0,0,15,12,5,6,14,20,5,3,4,4,0,0,football_data,data/raw/football_data/2020-21.csv,336,
5edc41590cbbd76c2b1536be8458aaa6768f966b78057e31e8ddf5112f3e5df1,2020-21,2021-04-11,16:00,Europe/Istanbul,football_data_europe_london_converted,Kayserispor,Antalyaspor,0,1,A,,,,played,True,0,1,13,5,5,3,9,10,7,3,2,4,0,0,football_data,data/raw/football_data/2020-21.csv,337,
3130b404c8e6352a1d250669500e576ffc957ea3ae3c44805f6f1beef0e7dc24,2020-21,2021-04-11,19:00,Europe/Istanbul,football_data_europe_london_converted,Erzurumspor FK,Besiktas,2,4,A,,,,played,True,2,2,12,10,4,6,16,19,3,2,1,2,0,0,football_data,data/raw/football_data/2020-21.csv,338,
f6163019ff14275a09f490bc9857aa6e0af2a31fdea2860a864c8b6cc2f4237e,2020-21,2021-04-12,16:00,Europe/Istanbul,football_data_europe_london_converted,Kasimpasa,Yeni Malatyaspor,0,0,D,,,,played,True,0,0,14,5,3,1,11,9,4,4,1,1,0,0,football_data,data/raw/football_data/2020-21.csv,339,
04fd22ca1b4089bb1f95a79ee2d55f5b0e637ceccfc40f6b62be946a068c21ba,2020-21,2021-04-12,19:00,Europe/Istanbul,football_data_europe_london_converted,Alanyaspor,Denizlispor,3,2,H,,,,played,True,0,1,25,10,10,3,13,12,8,1,2,4,0,0,football_data,data/raw/football_data/2020-21.csv,340,
db2637ce62c94d5353c9b29cef797549eaa9bb912813ba602d365eda4f1386e7,2020-21,2021-04-12,19:00,Europe/Istanbul,football_data_europe_london_converted,Fenerbahce,Gaziantep FK,3,1,H,,,,played,True,0,0,17,11,9,3,10,15,8,3,2,2,0,0,football_data,data/raw/football_data/2020-21.csv,341,
bcbc33a5990e3b757f141679891568494af9ec03b3df1347a2c4c7d4c594560b,2020-21,2021-04-16,16:00,Europe/Istanbul,football_data_europe_london_converted,Genclerbirligi,Sivasspor,2,3,A,,,,played,True,2,0,8,17,5,8,11,8,3,5,2,3,0,0,football_data,data/raw/football_data/2020-21.csv,342,
10f10b55c33360a387f7eb139298035b2e4d019c9b220ef585a85e79fc5a4be3,2020-21,2021-04-16,16:00,Europe/Istanbul,football_data_europe_london_converted,Konyaspor,Kayserispor,0,0,D,,,,played,True,0,0,19,8,6,1,6,15,10,3,0,3,0,0,football_data,data/raw/football_data/2020-21.csv,343,
33c954437073fb692bbebf47303d92003ca10886fe596c977f4b91fa6825d1cb,2020-21,2021-04-16,19:00,Europe/Istanbul,football_data_europe_london_converted,Antalyaspor,Rizespor,2,3,A,,,,played,True,1,2,17,8,5,6,11,13,7,3,2,2,0,0,football_data,data/raw/football_data/2020-21.csv,344,
b32608551f75910085bb422a6de095e770f586995466b222b5424f378e32bcaf,2020-21,2021-04-16,19:00,Europe/Istanbul,football_data_europe_london_converted,Besiktas,Ankaragucu,2,2,D,,,,played,True,1,0,9,7,3,3,12,17,5,2,1,2,0,0,football_data,data/raw/football_data/2020-21.csv,345,
00dea97f02e09bdfd1eea4e5e2c2a810830bbf0ad596fc19eaedc60925abfe90,2020-21,2021-04-17,13:30,Europe/Istanbul,football_data_europe_london_converted,Denizlispor,Erzurumspor FK,2,3,A,,,,played,True,0,1,12,12,5,5,13,14,6,4,1,3,0,0,football_data,data/raw/football_data/2020-21.csv,346,
6c84d98fa1b98de728f069c815e2ea40c9daf9f719fa920b503e581e0d047059,2020-21,2021-04-17,16:00,Europe/Istanbul,football_data_europe_london_converted,Trabzonspor,Hatayspor,1,1,D,,,,played,True,1,0,10,10,3,2,17,22,6,1,3,4,0,0,football_data,data/raw/football_data/2020-21.csv,347,
1c73384c246915fc3f701858d82c68384a75e8690e6e20baebc4d04d66cf56a7,2020-21,2021-04-17,16:00,Europe/Istanbul,football_data_europe_london_converted,Yeni Malatyaspor,Alanyaspor,1,0,H,,,,played,True,0,0,3,9,1,4,13,16,2,7,4,0,0,0,football_data,data/raw/football_data/2020-21.csv,348,
6d5827c69fe6b523b12f42fca9ca6dc4afdd9532ba4e788b9845b517f54a2ef0,2020-21,2021-04-17,19:00,Europe/Istanbul,football_data_europe_london_converted,Goztepe,Galatasaray,1,3,A,,,,played,True,1,2,6,14,1,6,13,11,3,8,1,1,0,0,football_data,data/raw/football_data/2020-21.csv,349,
5dc83af8ef8cfde42afbf24fd9a79f713306ba3d2f3f21ce7be3ba07e94cc7c7,2020-21,2021-04-18,16:00,Europe/Istanbul,football_data_europe_london_converted,Gaziantep FK,Kasimpasa,2,2,D,,,,played,True,0,1,18,14,3,7,14,12,9,6,2,2,0,0,football_data,data/raw/football_data/2020-21.csv,350,
76e134ba7a18874d3036e9f9ff1f3dda38d36b36540582fe0a2ce8ce7adffdb7,2020-21,2021-04-18,19:00,Europe/Istanbul,football_data_europe_london_converted,Istanbul Basaksehir,Fenerbahce,1,2,A,,,,played,True,1,1,8,17,5,7,18,12,1,6,3,3,1,0,football_data,data/raw/football_data/2020-21.csv,351,
0686ed768213b687255a24d7748c28beb2e077fced9580b8a440ebcbf44116d4,2020-21,2021-04-20,16:00,Europe/Istanbul,football_data_europe_london_converted,Fatih Karagumruk,Goztepe,1,1,D,,,,played,True,1,0,8,13,6,3,11,11,4,7,1,1,0,0,football_data,data/raw/football_data/2020-21.csv,352,
85f0220875c7f586343b42ea903037a86a2dee5cc8461bf3b491cc94c48ea167,2020-21,2021-04-20,16:00,Europe/Istanbul,football_data_europe_london_converted,Kayserispor,Genclerbirligi,2,2,D,,,,played,True,1,0,9,9,4,3,19,11,6,3,5,2,0,0,football_data,data/raw/football_data/2020-21.csv,353,
536d47ec40d7727407a89fe9892dc2334c58f2ab0bbce2229df0598bf89c4e52,2020-21,2021-04-20,16:00,Europe/Istanbul,football_data_europe_london_converted,Rizespor,Konyaspor,5,3,H,,,,played,True,2,2,19,24,9,8,11,7,9,6,2,1,0,0,football_data,data/raw/football_data/2020-21.csv,354,
7e8dc41e6682e9277f59ed64eaa906b7420414fc8028315d4ea14d6c012ac156,2020-21,2021-04-20,19:00,Europe/Istanbul,football_data_europe_london_converted,Hatayspor,Antalyaspor,3,2,H,,,,played,True,1,0,21,13,9,9,13,11,7,7,2,0,0,0,football_data,data/raw/football_data/2020-21.csv,355,
7f652454d4dedcaf4fc45e739de5c8fd52b774c27cdfed662b74d1976a9fc877,2020-21,2021-04-20,19:00,Europe/Istanbul,football_data_europe_london_converted,Sivasspor,Besiktas,0,0,D,,,,played,True,0,0,6,7,0,3,22,11,1,1,1,3,0,0,football_data,data/raw/football_data/2020-21.csv,356,
7c4ff7e9d6517b1a22ac980c3e777fba030e46250ae33020a1a96870a820b8fa,2020-21,2021-04-21,16:00,Europe/Istanbul,football_data_europe_london_converted,Ankaragucu,Denizlispor,1,1,D,,,,played,True,1,1,15,5,6,2,13,22,6,3,2,3,0,0,football_data,data/raw/football_data/2020-21.csv,357,
85b8c7309d37c461d770a9ab125091ad1ea1d01926183c4f50d54acb1af5de1a,2020-21,2021-04-21,16:00,Europe/Istanbul,football_data_europe_london_converted,Erzurumspor FK,Yeni Malatyaspor,1,0,H,,,,played,True,0,0,15,8,4,2,16,12,2,6,1,1,0,0,football_data,data/raw/football_data/2020-21.csv,358,
62d8d564b3c5be9016c8f1ee3251319a424f8f0c06df8e1f6ba7aa98eee9dcc0,2020-21,2021-04-21,19:00,Europe/Istanbul,football_data_europe_london_converted,Galatasaray,Trabzonspor,1,1,D,,,,played,True,0,0,15,9,4,5,15,11,7,5,1,3,0,0,football_data,data/raw/football_data/2020-21.csv,359,
beba6a22f1162f4aa6eda716eff5e8c8244288647ccb859b7127a55c10c71fb1,2020-21,2021-04-22,16:00,Europe/Istanbul,football_data_europe_london_converted,Alanyaspor,Gaziantep FK,3,2,H,,,,played,True,2,2,17,8,7,4,10,13,4,4,3,1,0,0,football_data,data/raw/football_data/2020-21.csv,360,
9fd3060213022c6abca1f1aece60752f731e88ec8493991a15e77132ba5b8bce,2020-21,2021-04-22,19:00,Europe/Istanbul,football_data_europe_london_converted,Kasimpasa,Istanbul Basaksehir,0,1,A,,,,played,True,0,1,9,7,3,4,11,10,4,3,2,1,0,0,football_data,data/raw/football_data/2020-21.csv,361,
288fc95baa8767abaf098ab2917e6402cd74d4e99f8be150ce07a06997004205,2020-21,2021-04-23,20:30,Europe/Istanbul,football_data_europe_london_converted,Genclerbirligi,Rizespor,2,1,H,,,,played,True,1,0,12,14,6,3,11,10,4,7,1,0,0,0,football_data,data/raw/football_data/2020-21.csv,362,
a81347fdaab1dd86e407170acf8a4cccf5b9f759c31050d792879b71937ec471,2020-21,2021-04-24,13:30,Europe/Istanbul,football_data_europe_london_converted,Konyaspor,Hatayspor,0,0,D,,,,played,True,0,0,12,5,4,4,10,14,4,0,4,1,1,0,football_data,data/raw/football_data/2020-21.csv,363,
b28c0902b33375e71e251555e46b120ccda501f0e95a6e15a48c90efc1f0d051,2020-21,2021-04-24,16:00,Europe/Istanbul,football_data_europe_london_converted,Trabzonspor,Fatih Karagumruk,2,0,H,,,,played,True,1,0,15,15,6,6,9,15,2,10,1,3,0,0,football_data,data/raw/football_data/2020-21.csv,364,
9567a735308426baad1a6012eea22ee175b970cdb9d38b843589f7bb5fb73916,2020-21,2021-04-24,20:30,Europe/Istanbul,football_data_europe_london_converted,Antalyaspor,Galatasaray,0,1,A,,,,played,True,0,0,3,22,1,8,17,13,1,8,7,1,2,0,football_data,data/raw/football_data/2020-21.csv,365,
43dbbb35c980dd1ad8b03ece20b52f4d739ddf31cc587449bb4045bbfd024c75,2020-21,2021-04-24,20:30,Europe/Istanbul,football_data_europe_london_converted,Besiktas,Kayserispor,3,1,H,,,,played,True,2,1,19,6,7,1,19,18,3,0,4,1,0,0,football_data,data/raw/football_data/2020-21.csv,366,
b3116df8cf5c8a5e24d2ace962e503f511c9641a029efc3afe5de6fd7bae12c1,2020-21,2021-04-24,20:30,Europe/Istanbul,football_data_europe_london_converted,Denizlispor,Sivasspor,1,1,D,,,,played,True,0,1,7,10,3,2,12,9,5,5,0,1,0,0,football_data,data/raw/football_data/2020-21.csv,367,
dd18a9efa7af503ebf921ecbee60a0b56c86bc40e01b41347438539d5ed9e53a,2020-21,2021-04-25,13:30,Europe/Istanbul,football_data_europe_london_converted,Yeni Malatyaspor,Ankaragucu,2,1,H,,,,played,True,0,0,12,9,6,4,12,9,4,4,2,5,0,1,football_data,data/raw/football_data/2020-21.csv,368,
7c3145ef50f5c261565978c752e4c0b77c8016e80b48e431413f47c45ae3a663,2020-21,2021-04-25,16:00,Europe/Istanbul,football_data_europe_london_converted,Gaziantep FK,Erzurumspor FK,2,3,A,,,,played,True,0,0,14,12,6,6,10,14,7,5,0,3,0,0,football_data,data/raw/football_data/2020-21.csv,370,
d27cfc2690eb9fdd57801276e69fe1e9172bc3479ea6f01f67ae477a8c7ab186,2020-21,2021-04-25,16:00,Europe/Istanbul,football_data_europe_london_converted,Istanbul Basaksehir,Alanyaspor,0,0,D,,,,played,True,0,0,3,13,0,5,17,7,4,3,1,0,0,0,football_data,data/raw/football_data/2020-21.csv,369,
a223116ffc575254a3de8bcc6677165954152bfdf53a3ff497a6f23ed78f5d95,2020-21,2021-04-25,20:30,Europe/Istanbul,football_data_europe_london_converted,Fenerbahce,Kasimpasa,3,2,H,,,,played,True,3,1,21,11,11,3,8,12,7,3,2,1,0,0,football_data,data/raw/football_data/2020-21.csv,371,
f7b38a680118798b1f13818c3c2b087c86c66c7881d5919aa366d506aa8e27cd,2020-21,2021-04-27,20:30,Europe/Istanbul,football_data_europe_london_converted,Hatayspor,Genclerbirligi,3,1,H,,,,played,True,1,0,16,19,9,6,14,10,4,4,3,2,0,0,football_data,data/raw/football_data/2020-21.csv,372,
dd112e651d33004869a04128aa8e60b1545b4288c7b88fc455ff9eabe0f9e0ba,2020-21,2021-04-28,16:00,Europe/Istanbul,football_data_europe_london_converted,Fatih Karagumruk,Antalyaspor,2,2,D,,,,played,True,2,1,5,10,3,5,19,22,0,4,5,2,0,0,football_data,data/raw/football_data/2020-21.csv,374,
244df2ded5b9d8b251cec6728b204aa36db8e39fdfb088678ff51e01c0cc7f3a,2020-21,2021-04-28,16:00,Europe/Istanbul,football_data_europe_london_converted,Goztepe,Trabzonspor,1,1,D,,,,played,True,1,0,14,14,3,7,10,14,7,2,5,2,1,1,football_data,data/raw/football_data/2020-21.csv,373,
455b71ce467ce67d33a9d30912eb1db7043bac85327aa31fb366d8284bc3c238,2020-21,2021-04-28,16:00,Europe/Istanbul,football_data_europe_london_converted,Kayserispor,Denizlispor,6,3,H,,,,played,True,3,1,18,16,15,7,16,11,7,6,1,6,0,1,football_data,data/raw/football_data/2020-21.csv,375,
91d2966726a37fdf5cd2060a5b4be4db0346028d97a56aa9a2f97edadedbbc93,2020-21,2021-04-28,20:30,Europe/Istanbul,football_data_europe_london_converted,Galatasaray,Konyaspor,1,0,H,,,,played,True,0,0,16,8,6,2,7,9,11,1,0,2,0,0,football_data,data/raw/football_data/2020-21.csv,376,
628eaae28f0dba08be2bf3e8c1a63cabe69f65fa5ad605988308edf52fb9bf1a,2020-21,2021-04-28,20:30,Europe/Istanbul,football_data_europe_london_converted,Rizespor,Besiktas,2,3,A,,,,played,True,0,1,8,16,3,9,18,16,5,6,1,1,0,0,football_data,data/raw/football_data/2020-21.csv,377,
2602567ef3ec492b83c7de75677c9ae0a62a172116405da889d755db0cc2d6cc,2020-21,2021-04-29,16:00,Europe/Istanbul,football_data_europe_london_converted,Erzurumspor FK,Istanbul Basaksehir,1,2,A,,,,played,True,1,0,21,12,5,5,11,9,5,6,2,3,0,1,football_data,data/raw/football_data/2020-21.csv,378,
2f7089b98d41f086217db376de4d617444422341ac51b7203ca1d351068a51c3,2020-21,2021-04-29,16:00,Europe/Istanbul,football_data_europe_london_converted,Sivasspor,Yeni Malatyaspor,1,0,H,,,,played,True,0,0,21,7,5,2,11,10,8,2,1,3,0,0,football_data,data/raw/football_data/2020-21.csv,379,
321468235d2194ab0f83ca66e3467cc67762d2152462c292918a1ff1fa1501f6,2020-21,2021-04-29,20:30,Europe/Istanbul,football_data_europe_london_converted,Alanyaspor,Fenerbahce,0,0,D,,,,played,True,0,0,16,11,2,1,15,11,4,3,3,0,0,1,football_data,data/raw/football_data/2020-21.csv,380,
2d031ddb5107768c4cfc74c4e85225d9e30b3fc67945f4053b478d791aa1e96a,2020-21,2021-04-29,20:30,Europe/Istanbul,football_data_europe_london_converted,Ankaragucu,Gaziantep FK,0,1,A,,,,played,True,0,0,15,10,0,3,8,19,8,4,1,4,0,0,football_data,data/raw/football_data/2020-21.csv,381,
2f13571eb80c573380eafb36c1b047e00f2a6a89e0cf2141112c09e760396741,2020-21,2021-05-01,20:30,Europe/Istanbul,football_data_europe_london_converted,Besiktas,Hatayspor,7,0,H,,,,played,True,5,0,17,9,13,1,8,14,3,3,0,3,0,0,football_data,data/raw/football_data/2020-21.csv,382,
e3a92941a06e654e18ab8866b3f2622420cfd38496ad846af04ce4064df47b3f,2020-21,2021-05-02,16:00,Europe/Istanbul,football_data_europe_london_converted,Antalyaspor,Goztepe,2,3,A,,,,played,True,1,1,14,7,5,3,12,10,7,2,0,1,0,0,football_data,data/raw/football_data/2020-21.csv,383,
662118ea04be5fb93d02a9d3f462dd5f35f454ea7485b6d3f8aa73bc1c220bf7,2020-21,2021-05-02,16:00,Europe/Istanbul,football_data_europe_london_converted,Denizlispor,Rizespor,0,1,A,,,,played,True,0,0,8,13,1,5,12,8,0,4,2,2,0,0,football_data,data/raw/football_data/2020-21.csv,384,
ff0d9589ffc04f6d2d52c1d7244d7b5d314b5fa2ae85506ba5402c55f9d39784,2020-21,2021-05-02,16:00,Europe/Istanbul,football_data_europe_london_converted,Konyaspor,Fatih Karagumruk,5,1,H,,,,played,True,1,1,20,10,9,3,14,20,7,5,2,4,0,0,football_data,data/raw/football_data/2020-21.csv,385,
372293a573eb082c39c73d8c3968d164a5dfffe2bda6fe8bdc251d1aae13ffb2,2020-21,2021-05-02,20:30,Europe/Istanbul,football_data_europe_london_converted,Genclerbirligi,Galatasaray,0,2,A,,,,played,True,0,1,6,22,1,10,10,17,2,6,1,1,0,0,football_data,data/raw/football_data/2020-21.csv,386,
b2c2cef5039417a25114aebf7cfcef005f087a9403c9ba97da55166c9be29d30,2020-21,2021-05-03,16:00,Europe/Istanbul,football_data_europe_london_converted,Istanbul Basaksehir,Ankaragucu,2,1,H,,,,played,True,0,1,8,8,3,3,10,10,7,5,3,5,0,0,football_data,data/raw/football_data/2020-21.csv,387,
da784adf5c09f2c5fdafcb00b65c76a5fd29f9ba60f01ddcd5cb43e4e81361d8,2020-21,2021-05-03,16:00,Europe/Istanbul,football_data_europe_london_converted,Kasimpasa,Alanyaspor,3,0,H,,,,played,True,2,0,9,18,8,5,17,9,1,5,0,1,0,0,football_data,data/raw/football_data/2020-21.csv,388,
85a75e83cbb3ce39303df2bcfd603a4efed4f4b5dd9660f1b2df8aaf79444a80,2020-21,2021-05-03,16:00,Europe/Istanbul,football_data_europe_london_converted,Yeni Malatyaspor,Kayserispor,1,1,D,,,,played,True,0,1,17,7,2,1,10,13,9,4,2,1,0,0,football_data,data/raw/football_data/2020-21.csv,389,
e24b0f7871d6433aefc2f6c178db873450dd678f28063a75ed04be08c68c6a02,2020-21,2021-05-03,20:30,Europe/Istanbul,football_data_europe_london_converted,Fenerbahce,Erzurumspor FK,3,1,H,,,,played,True,3,0,28,11,10,2,17,12,10,5,0,3,0,0,football_data,data/raw/football_data/2020-21.csv,390,
41a3c9228a22344cbc6bfa0d251ed4095e523a86e724eedf9b8a198196598f7a,2020-21,2021-05-03,20:30,Europe/Istanbul,football_data_europe_london_converted,Gaziantep FK,Sivasspor,0,1,A,,,,played,True,0,1,11,11,5,5,15,13,4,14,2,1,0,0,football_data,data/raw/football_data/2020-21.csv,391,
7bc0933ed70bae312294b8492a4ca7d8435ad8c1eb64319d9715b366f5183810,2020-21,2021-05-08,20:30,Europe/Istanbul,football_data_europe_london_converted,Ankaragucu,Fenerbahce,1,2,A,,,,played,True,1,1,15,19,5,7,17,10,5,12,2,0,0,0,football_data,data/raw/football_data/2020-21.csv,392,
b5d3ec9225b7de4d331f71cfb569db06049645f33ede059194a71b7017758f26,2020-21,2021-05-08,20:30,Europe/Istanbul,football_data_europe_london_converted,Erzurumspor FK,Kasimpasa,0,1,A,,,,played,True,0,0,12,13,2,3,8,16,3,4,0,5,1,1,football_data,data/raw/football_data/2020-21.csv,393,
27dcb7cdb0b569db3548d1a8e1f86d205c51e13bd501de0e63f95a30cb8ac0a4,2020-21,2021-05-08,20:30,Europe/Istanbul,football_data_europe_london_converted,Fatih Karagumruk,Genclerbirligi,5,1,H,,,,played,True,2,0,14,8,7,2,20,10,8,6,2,2,0,0,football_data,data/raw/football_data/2020-21.csv,397,
4059c22e14c66f734bee6733ed11a4efae201b09c2774e448193b8125aa3f67d,2020-21,2021-05-08,20:30,Europe/Istanbul,football_data_europe_london_converted,Galatasaray,Besiktas,3,1,H,,,,played,True,2,1,9,7,5,2,18,18,4,5,4,3,0,0,football_data,data/raw/football_data/2020-21.csv,394,
1dea0c659a7b847751caf62d142602712e373a5443be83d1af0401145e17411e,2020-21,2021-05-08,20:30,Europe/Istanbul,football_data_europe_london_converted,Goztepe,Konyaspor,0,1,A,,,,played,True,0,0,8,10,3,6,12,9,5,3,3,0,0,0,football_data,data/raw/football_data/2020-21.csv,395,
33b9071569f9fe0ca6c8536eb6b17d021ea5ef4d049d1d54d6b32da2bb99af5e,2020-21,2021-05-08,20:30,Europe/Istanbul,football_data_europe_london_converted,Hatayspor,Denizlispor,1,0,H,,,,played,True,0,0,14,11,3,2,11,8,1,3,1,1,0,0,football_data,data/raw/football_data/2020-21.csv,396,
83b0939d7c93e4bf474fca1a4e3c3705d613f3d46854171f15f8ce3359a9b027,2020-21,2021-05-08,20:30,Europe/Istanbul,football_data_europe_london_converted,Kayserispor,Gaziantep FK,0,0,D,,,,played,True,0,0,10,11,2,1,9,12,5,3,2,2,0,0,football_data,data/raw/football_data/2020-21.csv,398,
189fc5e2dabb15d990144739f0825c6bd0c3cd097f9e2d471f21c2e4bd7e8e26,2020-21,2021-05-08,20:30,Europe/Istanbul,football_data_europe_london_converted,Rizespor,Yeni Malatyaspor,0,4,A,,,,played,True,0,2,8,12,1,9,10,10,4,3,3,0,1,0,football_data,data/raw/football_data/2020-21.csv,399,
0a7cd69dc86466d907de470180596426ba52fa738590dd96ca18f2ed70bd9509,2020-21,2021-05-08,20:30,Europe/Istanbul,football_data_europe_london_converted,Sivasspor,Istanbul Basaksehir,0,0,D,,,,played,True,0,0,11,7,2,2,6,8,5,7,0,2,0,0,football_data,data/raw/football_data/2020-21.csv,400,
0aac7ebbe26b0188d90c4e67b9b835142083c1c46cdce16b509fe08a2bf6904d,2020-21,2021-05-08,20:30,Europe/Istanbul,football_data_europe_london_converted,Trabzonspor,Antalyaspor,2,1,H,,,,played,True,1,0,14,7,8,2,11,14,5,3,1,3,0,0,football_data,data/raw/football_data/2020-21.csv,401,
4913817e899658c04046d397d2350f26e5de02314fc7aee8e5ed5acdae758da9,2020-21,2021-05-11,17:00,Europe/Istanbul,football_data_europe_london_converted,Konyaspor,Trabzonspor,1,1,D,,,,played,True,0,0,26,10,6,5,10,7,10,1,2,2,0,1,football_data,data/raw/football_data/2020-21.csv,402,
7d477d4eddc5dff79c27acf2e35e130f229a7fd0c62edbdd167753c8c51a6c76,2020-21,2021-05-11,20:30,Europe/Istanbul,football_data_europe_london_converted,Alanyaspor,Erzurumspor FK,2,3,A,,,,played,True,2,1,13,10,6,6,18,11,7,2,4,1,0,0,football_data,data/raw/football_data/2020-21.csv,403,
b65c137138a61d63f6c0ba858757651d795bf7ec9d9bebe76e44161fdb8115db,2020-21,2021-05-11,20:30,Europe/Istanbul,football_data_europe_london_converted,Besiktas,Fatih Karagumruk,1,2,A,,,,played,True,0,1,17,5,5,5,21,19,8,2,2,7,0,1,football_data,data/raw/football_data/2020-21.csv,404,
66728c5d00b2a047ae8d4c5a9ecfcfa5130ab13c9dfb7e0e58d8b51ca56acfac,2020-21,2021-05-11,20:30,Europe/Istanbul,football_data_europe_london_converted,Denizlispor,Galatasaray,1,4,A,,,,played,True,0,2,7,19,3,10,12,6,1,6,5,0,1,0,football_data,data/raw/football_data/2020-21.csv,406,
a7e2a90221503c6272a12e805c3b60ce753a0987e1f0dda8f6ddae2dfff5be8f,2020-21,2021-05-11,20:30,Europe/Istanbul,football_data_europe_london_converted,Fenerbahce,Sivasspor,1,2,A,,,,played,True,0,1,19,14,7,3,14,9,8,1,2,3,0,0,football_data,data/raw/football_data/2020-21.csv,407,
8243d08718390a962b2541d1ef2f25fc004ff6248e403073a12c72a732c02ddb,2020-21,2021-05-11,20:30,Europe/Istanbul,football_data_europe_london_converted,Gaziantep FK,Rizespor,4,5,A,,,,played,True,0,3,19,10,7,6,14,12,9,3,4,2,0,0,football_data,data/raw/football_data/2020-21.csv,408,
1c2559210e6a219be313688becd21ddedad6050646bd16284ba18bf3822f7d5f,2020-21,2021-05-11,20:30,Europe/Istanbul,football_data_europe_london_converted,Genclerbirligi,Goztepe,5,3,H,,,,played,True,1,2,12,5,8,3,4,11,4,6,2,2,0,0,football_data,data/raw/football_data/2020-21.csv,409,
4b7252a67b582c8ddeb4c8a029c2794a13a3e02ae0d7348c283149540c0aa56d,2020-21,2021-05-11,20:30,Europe/Istanbul,football_data_europe_london_converted,Istanbul Basaksehir,Kayserispor,0,0,D,,,,played,True,0,0,3,7,0,2,7,7,1,6,1,1,0,0,football_data,data/raw/football_data/2020-21.csv,405,
0ef9df6288c6c92c2b80ddce18fe18a51a1a2500a16b40ebe16a1f5cf2504878,2020-21,2021-05-11,20:30,Europe/Istanbul,football_data_europe_london_converted,Kasimpasa,Ankaragucu,3,1,H,,,,played,True,2,0,10,16,5,7,27,12,2,3,4,3,0,0,football_data,data/raw/football_data/2020-21.csv,410,
32d065b709b7e9d47a294f991c48a08d9d1b346610a08a5acb66b4a2f546d44d,2020-21,2021-05-11,20:30,Europe/Istanbul,football_data_europe_london_converted,Yeni Malatyaspor,Hatayspor,1,1,D,,,,played,True,0,1,12,11,4,2,12,14,5,4,2,1,0,0,football_data,data/raw/football_data/2020-21.csv,411,
5b1d8a15c747f39098602b6ba88a9bb1890b8180f984fbe525383f6aefb50500,2020-21,2021-05-15,18:00,Europe/Istanbul,football_data_europe_london_converted,Ankaragucu,Alanyaspor,0,1,A,,,,played,True,0,1,10,21,3,9,11,18,6,3,2,1,0,0,football_data,data/raw/football_data/2020-21.csv,412,
a1204999af2cd1ff2f5fdc898dee32665fca6df2ffc09aa863ac459ef1d31bb3,2020-21,2021-05-15,18:00,Europe/Istanbul,football_data_europe_london_converted,Antalyaspor,Konyaspor,0,0,D,,,,played,True,0,0,10,8,3,3,13,16,1,4,3,2,0,0,football_data,data/raw/football_data/2020-21.csv,413,
4afd0720e6791b2fecb8ce7364d2b84d6187dd3bb6f549912a47605bad44a3c7,2020-21,2021-05-15,18:00,Europe/Istanbul,football_data_europe_london_converted,Fatih Karagumruk,Denizlispor,5,1,H,,,,played,True,2,1,24,8,11,3,13,16,6,0,0,2,0,1,football_data,data/raw/football_data/2020-21.csv,415,
aa53fb5e7c5ee69e3ad7e6c6a8f29cf8caeb0e549f820a94c9e72e7d208e02f3,2020-21,2021-05-15,18:00,Europe/Istanbul,football_data_europe_london_converted,Hatayspor,Gaziantep FK,0,1,A,,,,played,True,0,0,12,9,4,4,12,14,3,1,1,1,0,0,football_data,data/raw/football_data/2020-21.csv,414,
ffda4104c5f4ea6c4707f16ff41c43a77223ae352e24aef24191fd3ab4fb8e3e,2020-21,2021-05-15,18:00,Europe/Istanbul,football_data_europe_london_converted,Rizespor,Istanbul Basaksehir,0,2,A,,,,played,True,0,2,14,9,5,3,12,8,6,1,1,0,0,0,football_data,data/raw/football_data/2020-21.csv,416,
877aa839ea8f45e2e3eb45112290ac0baa6b10f9740eac8f28f3b4b0df80ee11,2020-21,2021-05-15,18:00,Europe/Istanbul,football_data_europe_london_converted,Sivasspor,Kasimpasa,2,1,H,,,,played,True,1,0,19,6,9,3,14,11,7,1,2,3,0,0,football_data,data/raw/football_data/2020-21.csv,417,
297062379630d74e9c92d74d8c3434d83474bc9ed9b25f05165ab1d8af809890,2020-21,2021-05-15,20:30,Europe/Istanbul,football_data_europe_london_converted,Galatasaray,Yeni Malatyaspor,3,1,H,,,,played,True,0,1,33,5,10,1,8,12,15,0,0,0,0,0,football_data,data/raw/football_data/2020-21.csv,418,
217df54f5b83c6996c4cb8daef7800e1c95d615d9a30e2492d5d95d26de18aaf,2020-21,2021-05-15,20:30,Europe/Istanbul,football_data_europe_london_converted,Goztepe,Besiktas,1,2,A,,,,played,True,1,1,9,14,3,3,17,13,3,6,1,1,0,0,football_data,data/raw/football_data/2020-21.csv,419,
48f6c7046e4e2fef6b899ab088161420cdfb8727fcb409fda8c58235092f2bfc,2020-21,2021-05-15,20:30,Europe/Istanbul,football_data_europe_london_converted,Kayserispor,Fenerbahce,1,2,A,,,,played,True,1,0,9,9,3,4,14,10,2,11,5,2,1,0,football_data,data/raw/football_data/2020-21.csv,420,
6989d91b315ec3972c3897cd4b8e98278c14a7d4a4b7f1fcc141b57d93127f59,2020-21,2021-05-15,20:30,Europe/Istanbul,football_data_europe_london_converted,Trabzonspor,Genclerbirligi,2,1,H,,,,played,True,1,0,20,9,11,4,7,8,9,2,1,2,0,0,football_data,data/raw/football_data/2020-21.csv,421,
c2f04bc747ff1d023e407373513729ba7a412b4632ccf00ac511c7fe336418e5,2021-22,2021-08-13,20:30,Europe/Istanbul,football_data_europe_london_converted,Besiktas,Rizespor,3,0,H,,,,played,True,1,0,19,3,6,0,23,16,4,5,2,1,0,0,football_data,data/raw/football_data/2021-22.csv,2,
9142f04f7a59f531b335541ce73a679d11e8f6a46eaa48d358a380053fb1adba,2021-22,2021-08-14,19:15,Europe/Istanbul,football_data_europe_london_converted,Fatih Karagumruk,Gaziantep FK,3,2,H,,,,played,True,2,1,11,11,5,4,10,15,4,1,2,3,0,1,football_data,data/raw/football_data/2021-22.csv,3,
b58de098ee74b08f6f22dd5f6697c9a340707797b177d6f35a11ab9116f50b56,2021-22,2021-08-14,21:45,Europe/Istanbul,football_data_europe_london_converted,Altay,Kayserispor,3,0,H,,,,played,True,2,0,15,8,7,3,15,10,2,4,0,0,0,0,football_data,data/raw/football_data/2021-22.csv,4,
baeef85507b1fda090d10cafc662b957c18b566de3b31e07e0658ed8640bb971,2021-22,2021-08-14,21:45,Europe/Istanbul,football_data_europe_london_converted,Hatayspor,Kasimpasa,1,1,D,,,,played,True,0,1,10,11,2,4,12,13,7,3,3,3,0,0,football_data,data/raw/football_data/2021-22.csv,5,
9782c293b3a1902f93a3457b45dd56f80ea92fcd8a8c56086c1c91f5c008d126,2021-22,2021-08-15,19:15,Europe/Istanbul,football_data_europe_london_converted,Istanbul Basaksehir,Alanyaspor,0,1,A,,,,played,True,0,1,17,8,5,4,17,9,8,0,0,2,0,0,football_data,data/raw/football_data/2021-22.csv,6,
774a0ec5fa39dacae0f1747c06a41c25a92adc61bb47adec022f19c276bc44dc,2021-22,2021-08-15,21:45,Europe/Istanbul,football_data_europe_london_converted,Adana Demirspor,Fenerbahce,0,1,A,,,,played,True,0,0,20,14,7,4,9,13,5,5,1,2,0,0,football_data,data/raw/football_data/2021-22.csv,7,
8effd716914f63bdf61f160014c21c292a7712f8b1ca6d805d0fd52d99ad6686,2021-22,2021-08-15,21:45,Europe/Istanbul,football_data_europe_london_converted,Antalyaspor,Goztepe,1,1,D,,,,played,True,1,0,4,12,2,4,17,13,2,8,3,5,0,0,football_data,data/raw/football_data/2021-22.csv,8,
c5a640c7d7ee186fc273438ee13038ceaf12737849c1cf8e0f34c0df7f7f4a4f,2021-22,2021-08-16,19:15,Europe/Istanbul,football_data_europe_london_converted,Sivasspor,Konyaspor,0,1,A,,,,played,True,0,0,14,14,3,5,13,9,5,3,0,2,0,0,football_data,data/raw/football_data/2021-22.csv,9,
212ddd83c0e2cc62aebd7a3b6de7dc40f271d43c2c43bd2f5a9e122ae3e447a5,2021-22,2021-08-16,19:15,Europe/Istanbul,football_data_europe_london_converted,Yeni Malatyaspor,Trabzonspor,1,5,A,,,,played,True,1,4,16,14,3,8,7,11,8,2,2,1,0,0,football_data,data/raw/football_data/2021-22.csv,10,
8190027b0c092b7fa65187abc06490bbeac57edaae8b85bf1c0e5e53131fc56f,2021-22,2021-08-16,21:45,Europe/Istanbul,football_data_europe_london_converted,Giresunspor,Galatasaray,0,2,A,,,,played,True,0,2,7,10,1,6,12,14,5,4,0,2,1,1,football_data,data/raw/football_data/2021-22.csv,11,
d14669974a12784bbd837e96ef1fdc8c36e729b8774d0450aaddbd510d99d557,2021-22,2021-08-20,20:30,Europe/Istanbul,football_data_europe_london_converted,Kayserispor,Adana Demirspor,1,1,D,,,,played,True,1,0,12,12,3,6,12,13,6,6,1,6,0,0,football_data,data/raw/football_data/2021-22.csv,12,
96d3438d2d6c643f83c9628fd52c1ba299e37ff14509ec9dd282f6c116c34e59,2021-22,2021-08-21,19:15,Europe/Istanbul,football_data_europe_london_converted,Kasimpasa,Giresunspor,2,0,H,,,,played,True,1,0,9,15,3,1,15,9,3,2,3,3,0,0,football_data,data/raw/football_data/2021-22.csv,13,
3290162cd290f46699a5078f6bc5d2cb99016062521c12645c6acca76d2aa700,2021-22,2021-08-21,19:15,Europe/Istanbul,football_data_europe_london_converted,Rizespor,Fatih Karagumruk,0,0,D,,,,played,True,0,0,7,10,1,4,13,13,2,6,1,1,0,0,football_data,data/raw/football_data/2021-22.csv,14,
6ce964c3f81689cf4a0b28a452756681a9ffa3e8d84316520472068fe7a7fb3d,2021-22,2021-08-21,21:45,Europe/Istanbul,football_data_europe_london_converted,Alanyaspor,Altay,1,4,A,,,,played,True,0,2,10,23,2,7,10,11,1,5,3,0,2,0,football_data,data/raw/football_data/2021-22.csv,15,
4413d5ceb9479688e7dc293c5cd4a322f09ab1ff5c224c8d3870efd08b10568a,2021-22,2021-08-21,21:45,Europe/Istanbul,football_data_europe_london_converted,Gaziantep FK,Besiktas,0,0,D,,,,played,True,0,0,10,7,1,3,9,10,5,2,2,2,0,0,football_data,data/raw/football_data/2021-22.csv,16,
c5360703dc49a19b6c48f3489192854c489d895e79caaf3e80d9e383e2142e6c,2021-22,2021-08-22,19:15,Europe/Istanbul,football_data_europe_london_converted,Konyaspor,Istanbul Basaksehir,2,1,H,,,,played,True,0,1,15,13,6,4,7,12,4,5,1,0,0,0,football_data,data/raw/football_data/2021-22.csv,17,
70daba066f83713bbe9e917a8718a8020e1156673b537744b698ebc290317ac5,2021-22,2021-08-22,21:45,Europe/Istanbul,football_data_europe_london_converted,Fenerbahce,Antalyaspor,2,0,H,,,,played,True,0,0,21,11,7,4,8,8,13,2,1,2,0,0,football_data,data/raw/football_data/2021-22.csv,18,
7031812d75cf0a2189ceb8560dfefdfcfe4c0e77880ab3c147d257e3eff92f79,2021-22,2021-08-22,21:45,Europe/Istanbul,football_data_europe_london_converted,Goztepe,Yeni Malatyaspor,0,1,A,,,,played,True,0,0,10,11,3,2,8,11,4,1,1,1,0,0,football_data,data/raw/football_data/2021-22.csv,19,
c6d77aaeff86754ef298efa86096ded153a88372e961a3fa75e3e3280c88105d,2021-22,2021-08-23,19:15,Europe/Istanbul,football_data_europe_london_converted,Trabzonspor,Sivasspor,2,1,H,,,,played,True,1,0,14,17,6,4,18,9,4,4,4,2,0,0,football_data,data/raw/football_data/2021-22.csv,20,
c09c78f9df6abd008bc0ea426556c611a638646c70c8915dde91b8b57d6e2e90,2021-22,2021-08-23,21:45,Europe/Istanbul,football_data_europe_london_converted,Galatasaray,Hatayspor,2,1,H,,,,played,True,1,1,14,6,4,4,11,14,17,1,1,2,0,0,football_data,data/raw/football_data/2021-22.csv,21,
6e77d4044d5a1cf97f743f4fbca3925b812725cbeacf6296172df7f3218e60b2,2021-22,2021-08-27,20:30,Europe/Istanbul,football_data_europe_london_converted,Antalyaspor,Rizespor,3,2,H,,,,played,True,1,0,11,12,5,6,18,16,7,1,2,3,0,0,football_data,data/raw/football_data/2021-22.csv,22,
0488b8c9d1e786ff4f0d272e60f361e149d1c3a5ebfb66702d0806632dfecc31,2021-22,2021-08-27,21:45,Europe/Istanbul,football_data_europe_london_converted,Adana Demirspor,Konyaspor,1,1,D,,,,played,True,0,0,14,9,3,2,13,14,1,3,0,3,0,0,football_data,data/raw/football_data/2021-22.csv,23,
c0efcc1e88376cc234a49bf6e7007bef46e07ec778c18ce1c1f180610cf8e491,2021-22,2021-08-28,19:15,Europe/Istanbul,football_data_europe_london_converted,Istanbul Basaksehir,Kayserispor,0,1,A,,,,played,True,0,1,14,5,2,3,16,9,11,2,3,1,0,0,football_data,data/raw/football_data/2021-22.csv,24,
eb3659d3715b5e621955c85a2a70ca818a5d92f532d2b2ace4ba793d5b32879b,2021-22,2021-08-28,19:15,Europe/Istanbul,football_data_europe_london_converted,Yeni Malatyaspor,Gaziantep FK,2,0,H,,,,played,True,1,0,9,20,3,4,5,9,1,6,1,3,0,0,football_data,data/raw/football_data/2021-22.csv,25,
b52e4ff3fe7e08fdd712d25876d05d478979ada2aea96be8a588c2ffdf160510,2021-22,2021-08-28,21:45,Europe/Istanbul,football_data_europe_london_converted,Besiktas,Fatih Karagumruk,1,0,H,,,,played,True,1,0,18,10,7,1,12,20,9,1,3,4,1,0,football_data,data/raw/football_data/2021-22.csv,26,
95cfd5a2d44644667c6144da336b490d127fd9b31873c97d5fa2b85d440b2cc1,2021-22,2021-08-28,21:45,Europe/Istanbul,football_data_europe_london_converted,Hatayspor,Alanyaspor,5,0,H,,,,played,True,3,0,16,8,8,1,14,14,3,4,5,1,0,0,football_data,data/raw/football_data/2021-22.csv,27,
ac64827bf629f12fcb3d3811ac0e0b57e31d56be218e9302eb14bbe4ad6699b4,2021-22,2021-08-29,19:15,Europe/Istanbul,football_data_europe_london_converted,Kasimpasa,Galatasaray,2,2,D,,,,played,True,1,2,17,13,5,6,7,10,4,2,2,0,0,0,football_data,data/raw/football_data/2021-22.csv,28,
d65723b7c22196e081bbd0c540784946ce28632a9a6b85994e2845ebc708ac2a,2021-22,2021-08-29,19:15,Europe/Istanbul,football_data_europe_london_converted,Sivasspor,Goztepe,2,2,D,,,,played,True,1,0,11,8,3,5,14,12,5,7,0,1,1,0,football_data,data/raw/football_data/2021-22.csv,29,
9e738ccaf4a03090f9128f860811b485f0de17fb77baadaabf747cec3495dbb4,2021-22,2021-08-29,21:45,Europe/Istanbul,football_data_europe_london_converted,Altay,Fenerbahce,0,2,A,,,,played,True,0,0,9,9,0,5,15,15,3,5,0,1,0,0,football_data,data/raw/football_data/2021-22.csv,30,
8140826af66908ef758e791abc9bd22b027a2ca7b6378b3cfbe2bd4d4b897fd2,2021-22,2021-08-29,21:45,Europe/Istanbul,football_data_europe_london_converted,Giresunspor,Trabzonspor,0,1,A,,,,played,True,0,1,10,13,3,5,8,13,2,4,1,3,0,0,football_data,data/raw/football_data/2021-22.csv,31,
70593ad07be8138c1f733470e6c0e9713a8ef072ccc9912f403d86bf7de984ca,2021-22,2021-09-11,17:00,Europe/Istanbul,football_data_europe_london_converted,Fatih Karagumruk,Adana Demirspor,4,0,H,,,,played,True,2,0,16,11,8,2,8,11,6,4,0,2,0,0,football_data,data/raw/football_data/2021-22.csv,32,
03c496c94753d593432c07d77adfc53d8ab18b89bb63d9f254379113db658792,2021-22,2021-09-11,17:00,Europe/Istanbul,football_data_europe_london_converted,Konyaspor,Altay,3,1,H,,,,played,True,2,0,14,15,5,7,14,13,6,7,3,2,0,0,football_data,data/raw/football_data/2021-22.csv,33,
91db016a8bd4af0c4cdba572fb101d8bb79dba1af6bf329aa8bb0a5e9eb829fb,2021-22,2021-09-11,20:00,Europe/Istanbul,football_data_europe_london_converted,Besiktas,Yeni Malatyaspor,3,0,H,,,,played,True,2,0,16,7,9,2,14,10,9,3,1,0,0,0,football_data,data/raw/football_data/2021-22.csv,34,
98eb3a177e4be48c47c1972ce22118632de70cc600a1c3ee74b5ac56e5daf063,2021-22,2021-09-11,20:00,Europe/Istanbul,football_data_europe_london_converted,Kayserispor,Kasimpasa,2,0,H,,,,played,True,1,0,8,6,4,1,18,11,0,4,3,2,0,0,football_data,data/raw/football_data/2021-22.csv,35,
c20da57dc912b5c38d715b6d47fa91d8e042b3d6ad545e1b505210d8743f5966,2021-22,2021-09-12,17:00,Europe/Istanbul,football_data_europe_london_converted,Fenerbahce,Sivasspor,1,1,D,,,,played,True,1,1,13,7,5,3,9,12,2,2,2,3,0,0,football_data,data/raw/football_data/2021-22.csv,36,
e58dcd3fc3d420c66ba26c3fd56b32afcffe1222cb8eec5b711680b5629aaf22,2021-22,2021-09-12,17:00,Europe/Istanbul,football_data_europe_london_converted,Rizespor,Hatayspor,0,2,A,,,,played,True,0,0,5,20,0,10,12,11,5,3,0,2,0,0,football_data,data/raw/football_data/2021-22.csv,37,
41ce5ae215ecbe6a7c40c821ee12cdf02433116f9f2a5ac14ace2ac1773e5da7,2021-22,2021-09-12,20:00,Europe/Istanbul,football_data_europe_london_converted,Goztepe,Istanbul Basaksehir,2,1,H,,,,played,True,0,1,10,22,5,7,11,8,2,6,4,3,0,0,football_data,data/raw/football_data/2021-22.csv,38,
5a968eef3cdc73e3a50d52fe638a7e670245ad7ade0f09931ca763f6fbab1bea,2021-22,2021-09-12,20:00,Europe/Istanbul,football_data_europe_london_converted,Trabzonspor,Galatasaray,2,2,D,,,,played,True,1,2,19,15,6,6,9,6,7,3,2,1,0,0,football_data,data/raw/football_data/2021-22.csv,39,
18aafc83f24ab7359b2e7b3a77413781e8229e52b1b7ed1aa902fcaedd3c152f,2021-22,2021-09-13,20:00,Europe/Istanbul,football_data_europe_london_converted,Alanyaspor,Giresunspor,1,0,H,,,,played,True,1,0,9,15,2,6,14,11,7,11,3,4,0,0,football_data,data/raw/football_data/2021-22.csv,40,
b39ffd361c88b6caf1b9b19efa54f420d2f9c2b1c94977b0c02e410d5e6396c6,2021-22,2021-09-13,20:00,Europe/Istanbul,football_data_europe_london_converted,Gaziantep FK,Antalyaspor,2,0,H,,,,played,True,0,0,10,15,2,2,8,9,3,4,5,2,0,0,football_data,data/raw/football_data/2021-22.csv,41,
d9ac54f7db4202de0632d259f2c247e80ec80afcd746b9a5cfecc04f32ca70fe,2021-22,2021-09-17,20:00,Europe/Istanbul,football_data_europe_london_converted,Altay,Goztepe,2,1,H,,,,played,True,0,1,19,10,8,7,12,10,5,3,2,2,0,0,football_data,data/raw/football_data/2021-22.csv,42,
d5acecc791efb5488e7f4a944a8341487c28ddb820f0ed814192cbf614ab78ba,2021-22,2021-09-17,20:00,Europe/Istanbul,football_data_europe_london_converted,Yeni Malatyaspor,Fatih Karagumruk,3,4,A,,,,played,True,3,2,8,12,4,5,13,13,2,5,7,3,1,0,football_data,data/raw/football_data/2021-22.csv,43,
ff5d134ff5c133cb97df3ec9cc35729c8fe575cfd9babc75997025209d2cdf4e,2021-22,2021-09-18,13:30,Europe/Istanbul,football_data_europe_london_converted,Sivasspor,Gaziantep FK,1,1,D,,,,played,True,1,0,8,15,3,5,15,7,5,3,3,0,0,0,football_data,data/raw/football_data/2021-22.csv,44,
977c0baa81008e24d067e169f3694baa71281a9bef03b1b49a63fda625fda86d,2021-22,2021-09-18,16:00,Europe/Istanbul,football_data_europe_london_converted,Kasimpasa,Trabzonspor,0,1,A,,,,played,True,0,0,15,12,3,9,11,9,8,3,3,2,0,0,football_data,data/raw/football_data/2021-22.csv,45,
966054b7015cf2d3d0682b92a357e48b833be283d13e70a82b26192a2e216ad1,2021-22,2021-09-18,19:00,Europe/Istanbul,football_data_europe_london_converted,Adana Demirspor,Rizespor,3,1,H,,,,played,True,2,0,23,9,7,3,17,13,5,12,2,4,0,0,football_data,data/raw/football_data/2021-22.csv,46,
a89e4f9bb8ff01f0b20a81ec839d075e91eb18a7100374dad0815064baf5d487,2021-22,2021-09-18,19:00,Europe/Istanbul,football_data_europe_london_converted,Antalyaspor,Besiktas,2,3,A,,,,played,True,2,0,11,19,5,7,10,14,7,5,0,2,0,0,football_data,data/raw/football_data/2021-22.csv,47,
6eb41b819d1f8306a14dabee49beb4bcd2fbb2d910e3c74d666f8014095d4db1,2021-22,2021-09-19,13:30,Europe/Istanbul,football_data_europe_london_converted,Giresunspor,Konyaspor,0,0,D,,,,played,True,0,0,16,9,3,0,12,9,9,0,2,1,0,0,football_data,data/raw/football_data/2021-22.csv,48,
786fc608b08579875e9d12313413c159d6edbf136a626d32b7db52c355abb0a8,2021-22,2021-09-19,16:00,Europe/Istanbul,football_data_europe_london_converted,Galatasaray,Alanyaspor,0,1,A,,,,played,True,0,0,17,9,3,3,6,8,13,3,0,5,0,0,football_data,data/raw/football_data/2021-22.csv,49,
6690c81223f72a82ef5c2f29d6f41ee844258c053c5d4a412c347b849d3b0d10,2021-22,2021-09-19,19:00,Europe/Istanbul,football_data_europe_london_converted,Hatayspor,Kayserispor,2,1,H,,,,played,True,0,1,21,6,5,1,15,11,12,4,4,2,0,0,football_data,data/raw/football_data/2021-22.csv,51,
2b4cdbaca8e071d385b89e008c584ef3f7c834266e66c0d548a339bbad2d2fb4,2021-22,2021-09-19,19:00,Europe/Istanbul,football_data_europe_london_converted,Istanbul Basaksehir,Fenerbahce,2,0,H,,,,played,True,1,0,6,14,2,5,9,10,1,6,0,1,0,0,football_data,data/raw/football_data/2021-22.csv,50,
b9fc9566f12d8c344a2042be36931b0b800e4a9e0cb6785faf3aaaf11d1b7603,2021-22,2021-09-21,17:00,Europe/Istanbul,football_data_europe_london_converted,Fatih Karagumruk,Antalyaspor,0,0,D,,,,played,True,0,0,16,12,5,5,12,16,4,3,4,2,0,0,football_data,data/raw/football_data/2021-22.csv,52,
d96d97078e2eecb221912e9353cbbdd183509c9bb3e281074474929f577392ff,2021-22,2021-09-21,17:00,Europe/Istanbul,football_data_europe_london_converted,Rizespor,Altay,1,2,A,,,,played,True,0,1,16,11,4,3,12,22,3,4,2,4,0,1,football_data,data/raw/football_data/2021-22.csv,53,
484bef3773affb9888e7f4dca57c9cff2f20a167f762ad767a1c2a9afc7e7c9a,2021-22,2021-09-21,20:00,Europe/Istanbul,football_data_europe_london_converted,Besiktas,Adana Demirspor,3,3,D,,,,played,True,2,0,13,12,6,4,14,13,5,6,4,2,1,0,football_data,data/raw/football_data/2021-22.csv,54,
df8050fffb132493a99b67f61e33cefc87f688aeab5359b112a3a54a1e9469cd,2021-22,2021-09-21,20:00,Europe/Istanbul,football_data_europe_london_converted,Yeni Malatyaspor,Sivasspor,0,1,A,,,,played,True,0,0,9,11,3,4,7,15,5,6,2,3,0,0,football_data,data/raw/football_data/2021-22.csv,55,
07a2afbbcad4d9c7e920b4499f996e5f184e69e0741b84e0135348ac97f9a6f7,2021-22,2021-09-22,17:00,Europe/Istanbul,football_data_europe_london_converted,Gaziantep FK,Istanbul Basaksehir,1,0,H,,,,played,True,1,0,9,15,2,2,7,4,3,15,2,1,0,0,football_data,data/raw/football_data/2021-22.csv,56,
2b7e44b0730f474f34576dc4343edf4a98647724bc465770ecb1e5ea883c6ace,2021-22,2021-09-22,20:00,Europe/Istanbul,football_data_europe_london_converted,Goztepe,Hatayspor,0,2,A,,,,played,True,0,1,13,17,3,5,16,13,9,3,2,3,1,0,football_data,data/raw/football_data/2021-22.csv,57,
e3be172b573b1bf3489fcade01219eddc0fa3fd8c0c6ea70f5433ca4c3727067,2021-22,2021-09-22,20:00,Europe/Istanbul,football_data_europe_london_converted,Kayserispor,Galatasaray,3,0,H,,,,played,True,2,0,11,19,4,2,12,11,3,9,3,3,0,0,football_data,data/raw/football_data/2021-22.csv,58,
eb422cd7bfb821c5b55d64425052e525df37f10721964946cdf75e9448ca5a92,2021-22,2021-09-23,17:00,Europe/Istanbul,football_data_europe_london_converted,Konyaspor,Trabzonspor,2,2,D,,,,played,True,1,1,31,14,10,5,14,10,9,4,3,1,0,1,football_data,data/raw/football_data/2021-22.csv,59,
adcb9e522d97621fc9e7e17c5b214e40a389b989915e758d1566bd60877eea1d,2021-22,2021-09-23,20:00,Europe/Istanbul,football_data_europe_london_converted,Alanyaspor,Kasimpasa,2,0,H,,,,played,True,0,0,14,10,3,3,14,13,6,4,1,4,0,0,football_data,data/raw/football_data/2021-22.csv,60,
14e68c8153a0e4923008785a076e29152533adb2f01cd43e37669f983ee1f331,2021-22,2021-09-23,20:00,Europe/Istanbul,football_data_europe_london_converted,Fenerbahce,Giresunspor,2,1,H,,,,played,True,1,0,7,8,4,2,16,13,6,2,2,1,0,0,football_data,data/raw/football_data/2021-22.csv,61,
44e5529e8c663ef2d73e1d16e2a6364323a05a163b8ec6eeca6887254d6944c8,2021-22,2021-09-24,20:00,Europe/Istanbul,football_data_europe_london_converted,Altay,Besiktas,2,1,H,,,,played,True,0,0,10,12,3,7,12,8,2,5,0,0,0,0,football_data,data/raw/football_data/2021-22.csv,62,
7a1283d273a01334acf6bdf9acb5b6d15ca9be1bf5d58dea4fc8760dea911bc2,2021-22,2021-09-25,13:30,Europe/Istanbul,football_data_europe_london_converted,Sivasspor,Fatih Karagumruk,4,0,H,,,,played,True,1,0,17,12,9,4,9,8,6,7,0,2,0,0,football_data,data/raw/football_data/2021-22.csv,63,
7a3d30ee0fa41e9b7285de8129feea8d688145d9125c8e1648063b3cca19e4a7,2021-22,2021-09-25,16:00,Europe/Istanbul,football_data_europe_london_converted,Antalyaspor,Yeni Malatyaspor,1,0,H,,,,played,True,0,0,17,9,2,2,12,10,8,2,2,1,0,0,football_data,data/raw/football_data/2021-22.csv,64,
cc90630a37b4774a303315564228f7474342abc17f49b26ed6db4b5381df3db9,2021-22,2021-09-25,19:00,Europe/Istanbul,football_data_europe_london_converted,Adana Demirspor,Gaziantep FK,4,0,H,,,,played,True,1,0,6,8,4,0,7,12,1,9,1,3,0,0,football_data,data/raw/football_data/2021-22.csv,65,
295cbdd8694a00d54900f3eae933e7cc0558d6e9d7c6057f422bc30df77fcdfe,2021-22,2021-09-26,13:30,Europe/Istanbul,football_data_europe_london_converted,Giresunspor,Kayserispor,1,1,D,,,,played,True,1,1,21,6,5,2,13,13,7,3,3,2,0,0,football_data,data/raw/football_data/2021-22.csv,66,
3834efb016d8703c73d75d1f5e5ab5644f088449bea2f256a7d9cbbaae2e3d3f,2021-22,2021-09-26,16:00,Europe/Istanbul,football_data_europe_london_converted,Hatayspor,Fenerbahce,1,2,A,,,,played,True,0,2,9,15,3,6,4,15,5,4,2,2,0,0,football_data,data/raw/football_data/2021-22.csv,68,
e5f104b1663eeee62afd712dadad29571e6ba8417d8e611d55235a0c366e8a70,2021-22,2021-09-26,16:00,Europe/Istanbul,football_data_europe_london_converted,Istanbul Basaksehir,Rizespor,3,0,H,,,,played,True,1,0,15,14,8,2,10,9,1,3,0,0,0,0,football_data,data/raw/football_data/2021-22.csv,67,
ac7666a4ddad6f9763c5aed5f70c96dd582335293c87b43276f1029eddd6a9f5,2021-22,2021-09-26,19:00,Europe/Istanbul,football_data_europe_london_converted,Galatasaray,Goztepe,2,1,H,,,,played,True,0,1,14,6,5,1,15,12,5,5,3,0,0,0,football_data,data/raw/football_data/2021-22.csv,69,
65fa67925a3da9aebabaa3ce5b64120b30cddb2e87f75ee9547a484a6b1dc0ed,2021-22,2021-09-27,20:00,Europe/Istanbul,football_data_europe_london_converted,Kasimpasa,Konyaspor,2,2,D,,,,played,True,1,2,18,9,6,5,14,16,8,2,3,1,0,0,football_data,data/raw/football_data/2021-22.csv,70,
470144b3b09a8adb82c6b9531297995b1d0dd3949300ebf8bfaf155f1a1f0c5f,2021-22,2021-09-27,20:00,Europe/Istanbul,football_data_europe_london_converted,Trabzonspor,Alanyaspor,1,1,D,,,,played,True,1,1,19,19,7,6,10,7,10,3,2,2,1,0,football_data,data/raw/football_data/2021-22.csv,71,
1f7892dc22c117d1e44fc18eed9d54ae239da7240fad4addaa811dcaf1fa0936,2021-22,2021-10-01,20:00,Europe/Istanbul,football_data_europe_london_converted,Antalyaspor,Adana Demirspor,1,2,A,,,,played,True,0,1,13,11,3,3,13,13,10,2,3,1,0,0,football_data,data/raw/football_data/2021-22.csv,72,
9f1f33dca4fca656d01f7582b14c6f0cf68185585742a6d8ef517b80dcf02523,2021-22,2021-10-01,20:00,Europe/Istanbul,football_data_europe_london_converted,Fatih Karagumruk,Istanbul Basaksehir,3,1,H,,,,played,True,3,0,8,18,4,6,5,11,1,10,0,3,0,0,football_data,data/raw/football_data/2021-22.csv,73,
098efe87e8c6c7030fa6e3c07dd853c197cdde258d885d8d1032a157ad07bbb5,2021-22,2021-10-02,13:30,Europe/Istanbul,football_data_europe_london_converted,Konyaspor,Alanyaspor,1,1,D,,,,played,True,0,0,17,10,4,5,9,9,7,5,2,3,0,0,football_data,data/raw/football_data/2021-22.csv,74,
bf94a2de069ba0f19c5abd4284a3c07bb7da0d51bac3b541351f8883121cf2ff,2021-22,2021-10-02,16:00,Europe/Istanbul,football_data_europe_london_converted,Goztepe,Giresunspor,0,1,A,,,,played,True,0,0,16,9,5,5,16,6,8,3,3,6,0,0,football_data,data/raw/football_data/2021-22.csv,75,
f75b1c4eab82000746084dd886f6bde490d379f21b23987cbf4f83ae12148768,2021-22,2021-10-02,16:00,Europe/Istanbul,football_data_europe_london_converted,Kayserispor,Trabzonspor,1,2,A,,,,played,True,1,1,16,16,4,6,14,10,7,1,3,1,0,0,football_data,data/raw/football_data/2021-22.csv,76,
646f63adfd36534d62d9964b37ab270b69ddfd3e24d7df384c98634b68c8cd7a,2021-22,2021-10-02,19:00,Europe/Istanbul,football_data_europe_london_converted,Besiktas,Sivasspor,2,1,H,,,,played,True,1,0,10,8,4,2,14,15,3,2,2,1,0,0,football_data,data/raw/football_data/2021-22.csv,77,
89e5e47fde7654f36812bb8e8e55a7c674cd8a93d4b3d6963fc5260f3c2e514a,2021-22,2021-10-03,13:30,Europe/Istanbul,football_data_europe_london_converted,Yeni Malatyaspor,Hatayspor,0,2,A,,,,played,True,0,1,15,15,2,6,9,6,7,5,2,3,0,0,football_data,data/raw/football_data/2021-22.csv,78,
4803ac9b5bba70ab1fded6d6c2f57bb7166e68510c457a27258153e7c4bbb432,2021-22,2021-10-03,16:00,Europe/Istanbul,football_data_europe_london_converted,Fenerbahce,Kasimpasa,2,1,H,,,,played,True,2,0,10,8,5,2,20,12,3,3,5,3,0,0,football_data,data/raw/football_data/2021-22.csv,79,
ccba4a98eadd08a8c1c21a07547f235dcbf0d7d287460744f5262a5b29550c8c,2021-22,2021-10-03,16:00,Europe/Istanbul,football_data_europe_london_converted,Gaziantep FK,Altay,4,1,H,,,,played,True,0,0,16,13,8,3,12,13,8,7,2,1,0,0,football_data,data/raw/football_data/2021-22.csv,80,
52bbb629fd60a31a5ed7b10d19bab7b4aa09320f56dd9b39207acf50957e1ac8,2021-22,2021-10-03,19:00,Europe/Istanbul,football_data_europe_london_converted,Rizespor,Galatasaray,2,3,A,,,,played,True,2,1,12,21,5,8,19,11,6,6,4,4,0,1,football_data,data/raw/football_data/2021-22.csv,81,
7b752ad252bb6e18af935e330296a7fbf6689e441fc73f8e3d67e7e50faa6b7f,2021-22,2021-10-15,20:00,Europe/Istanbul,football_data_europe_london_converted,Istanbul Basaksehir,Besiktas,3,2,H,,,,played,True,1,0,11,18,8,8,16,10,2,5,2,2,0,0,football_data,data/raw/football_data/2021-22.csv,82,
2c46242594d2cb0e8d3a97f7eda302724e711dfa890060774f10daa55d784a00,2021-22,2021-10-16,13:30,Europe/Istanbul,football_data_europe_london_converted,Giresunspor,Rizespor,2,0,H,,,,played,True,0,0,16,5,5,3,10,8,7,7,3,0,0,1,football_data,data/raw/football_data/2021-22.csv,83,
75545c75468916c013ab61c0cf34119fcdf2048ce3a5a348be1033868ae61952,2021-22,2021-10-16,16:00,Europe/Istanbul,football_data_europe_london_converted,Sivasspor,Antalyaspor,2,2,D,,,,played,True,2,2,9,9,2,3,17,16,1,2,2,6,0,0,football_data,data/raw/football_data/2021-22.csv,84,
9be4c410ec326e4acc78974f9486f2b1bb64aa76a7acdc5828a7e6882f842403,2021-22,2021-10-16,19:00,Europe/Istanbul,football_data_europe_london_converted,Adana Demirspor,Yeni Malatyaspor,0,2,A,,,,played,True,0,1,25,9,6,6,6,12,7,3,2,2,0,0,football_data,data/raw/football_data/2021-22.csv,85,
9aea92e3f4c1326bd999d4fe171baf238046a4b8eceaae0f38320066a51c2b8b,2021-22,2021-10-17,13:30,Europe/Istanbul,football_data_europe_london_converted,Kasimpasa,Goztepe,1,2,A,,,,played,True,0,0,13,13,4,10,14,16,5,4,3,1,0,0,football_data,data/raw/football_data/2021-22.csv,86,
0bf7f2918d656e7813cdbaf68b197164cf068a79aa44e5ea9c8adf25d2546690,2021-22,2021-10-17,16:00,Europe/Istanbul,football_data_europe_london_converted,Altay,Fatih Karagumruk,0,1,A,,,,played,True,0,1,18,4,2,3,24,10,6,2,3,4,0,0,football_data,data/raw/football_data/2021-22.csv,87,
6a16de4a90c78f88c0f72943782f0be7b69a2b200c09a81916c0fead2aa4ee0d,2021-22,2021-10-17,16:00,Europe/Istanbul,football_data_europe_london_converted,Galatasaray,Konyaspor,1,0,H,,,,played,True,1,0,11,16,5,3,15,8,3,6,3,2,0,0,football_data,data/raw/football_data/2021-22.csv,88,
01c7b64faf02221ebe06efc68671d62a96d8798c37fd988a8ffe51cb253406a7,2021-22,2021-10-17,19:00,Europe/Istanbul,football_data_europe_london_converted,Trabzonspor,Fenerbahce,3,1,H,,,,played,True,1,1,20,5,7,4,15,13,1,2,2,5,0,1,football_data,data/raw/football_data/2021-22.csv,89,
100570bd94179e0b497cb22668f0cae89874670e752a9e0c97ad36b601a4a639,2021-22,2021-10-18,20:00,Europe/Istanbul,football_data_europe_london_converted,Alanyaspor,Kayserispor,6,3,H,,,,played,True,3,2,18,13,12,5,8,13,6,5,3,3,0,0,football_data,data/raw/football_data/2021-22.csv,90,
0a86b71e718cb47de5a2e4f312bc15a789fb6caa08d2c8e1124db9b02d86c785,2021-22,2021-10-18,20:00,Europe/Istanbul,football_data_europe_london_converted,Hatayspor,Gaziantep FK,2,1,H,,,,played,True,0,0,15,7,6,5,14,9,6,3,2,5,0,0,football_data,data/raw/football_data/2021-22.csv,91,
6d42e224431a67b7a24d8b5a7e3d14ab505dfd6dbfd332979253175b3095f3e2,2021-22,2021-10-22,20:00,Europe/Istanbul,football_data_europe_london_converted,Yeni Malatyaspor,Altay,2,1,H,,,,played,True,0,0,13,10,5,3,18,14,6,3,2,3,0,0,football_data,data/raw/football_data/2021-22.csv,92,
fe4ae60bf1cab4a8caff10fd74893efdcbb8443ae9036da1cdf90aa9b3a7c527,2021-22,2021-10-23,13:30,Europe/Istanbul,football_data_europe_london_converted,Rizespor,Kasimpasa,2,1,H,,,,played,True,1,0,8,18,3,5,18,16,7,5,3,4,0,0,football_data,data/raw/football_data/2021-22.csv,93,
4624d5ae4b30fb9a1539cc16ab215eea68af0e999cfbb32998aa2154628134a9,2021-22,2021-10-23,16:00,Europe/Istanbul,football_data_europe_london_converted,Gaziantep FK,Giresunspor,1,1,D,,,,played,True,0,0,6,15,3,6,11,6,3,5,3,3,0,0,football_data,data/raw/football_data/2021-22.csv,94,
4e3b6cde503daacff583c7252bcae2eb95a891074c2ce7254c77c58b7d2c0617,2021-22,2021-10-23,16:00,Europe/Istanbul,football_data_europe_london_converted,Konyaspor,Kayserispor,2,0,H,,,,played,True,2,0,11,11,3,3,17,12,4,5,2,3,0,0,football_data,data/raw/football_data/2021-22.csv,95,
0fd95b44e1f8e1a4afce64851d4f5404571976f46ef35ab33dfe86660eece8dc,2021-22,2021-10-23,19:00,Europe/Istanbul,football_data_europe_london_converted,Goztepe,Trabzonspor,0,1,A,,,,played,True,0,0,17,6,3,1,17,13,1,2,4,4,0,0,football_data,data/raw/football_data/2021-22.csv,96,
980df54c991b52bf3c7b9c975061efb4dc1f06f92b5b375c8360647058e8dcdf,2021-22,2021-10-24,13:30,Europe/Istanbul,football_data_europe_london_converted,Fatih Karagumruk,Hatayspor,1,1,D,,,,played,True,1,1,12,9,3,4,13,19,8,3,5,3,1,0,football_data,data/raw/football_data/2021-22.csv,97,
a7f0c9ca17bdecba10287a13f55662f6af6b63dd1a487fcfc3c65eea60ffd447,2021-22,2021-10-24,16:00,Europe/Istanbul,football_data_europe_london_converted,Antalyaspor,Istanbul Basaksehir,1,2,A,,,,played,True,0,1,13,7,6,3,9,17,5,3,0,1,0,0,football_data,data/raw/football_data/2021-22.csv,98,
4329dcf6df9307f560a2b45384e7b2eed2c481cb54c2cc11187a08d41ed446b1,2021-22,2021-10-24,16:00,Europe/Istanbul,football_data_europe_london_converted,Sivasspor,Adana Demirspor,1,1,D,,,,played,True,1,0,5,12,2,3,19,11,4,4,6,2,1,1,football_data,data/raw/football_data/2021-22.csv,99,
b3b608be68c43f6d721bde67b41881fde7d01c4589d8e5ee57a7ef01ca6b92e0,2021-22,2021-10-24,19:00,Europe/Istanbul,football_data_europe_london_converted,Fenerbahce,Alanyaspor,1,2,A,,,,played,True,0,0,20,3,5,2,18,5,9,4,2,1,0,0,football_data,data/raw/football_data/2021-22.csv,100,
2c877c1edf38fb393a45ed623e496507ae30fdd651331ea7d4a847f6ffeadc7e,2021-22,2021-10-25,20:00,Europe/Istanbul,football_data_europe_london_converted,Besiktas,Galatasaray,2,1,H,,,,played,True,1,1,10,12,3,4,17,19,5,5,3,2,0,0,football_data,data/raw/football_data/2021-22.csv,101,
6d1ce22f9ba4e3bdcf913292c5cc9d1575d96486f34a6fade528eac379f2fa4d,2021-22,2021-10-29,20:00,Europe/Istanbul,football_data_europe_london_converted,Trabzonspor,Rizespor,2,1,H,,,,played,True,1,1,12,13,4,4,9,14,9,4,3,5,0,0,football_data,data/raw/football_data/2021-22.csv,102,
0880eabd932c688df68f3e95cfe6d3ece1811c1765b42bf2c377f11b479da5d1,2021-22,2021-10-30,13:30,Europe/Istanbul,football_data_europe_london_converted,Kasimpasa,Yeni Malatyaspor,2,0,H,,,,played,True,0,0,15,5,5,4,15,17,5,5,1,0,0,0,football_data,data/raw/football_data/2021-22.csv,103,
0074a70991d201ec2e254a0afb0e901c86a39c74a7a626fe85fda2dea9b27eac,2021-22,2021-10-30,16:00,Europe/Istanbul,football_data_europe_london_converted,Altay,Sivasspor,1,1,D,,,,played,True,1,1,13,12,3,3,16,13,6,6,4,2,0,0,football_data,data/raw/football_data/2021-22.csv,104,
1a2ec9e0942eb3e1a8c8cf5db8fab78d27d7ad250d24fd211a1621b5db7f7ffb,2021-22,2021-10-30,16:00,Europe/Istanbul,football_data_europe_london_converted,Hatayspor,Besiktas,1,0,H,,,,played,True,1,0,9,17,2,3,12,13,4,9,3,1,0,0,football_data,data/raw/football_data/2021-22.csv,105,
64955a74cfd83512090ddc38a9e1833a3aa8ec761271088cb176a5614a703bf8,2021-22,2021-10-30,19:00,Europe/Istanbul,football_data_europe_london_converted,Konyaspor,Fenerbahce,2,1,H,,,,played,True,2,0,16,13,5,4,17,13,7,5,1,2,0,0,football_data,data/raw/football_data/2021-22.csv,106,
3b5989a079261b5f681b6b0c51d036395bea7e5ff9b10ad81aeaf0dce2748ee1,2021-22,2021-10-31,13:30,Europe/Istanbul,football_data_europe_london_converted,Kayserispor,Fatih Karagumruk,2,1,H,,,,played,True,0,1,17,10,8,6,23,9,7,5,3,3,1,1,football_data,data/raw/football_data/2021-22.csv,107,
b35c55fd235aeed9df70b98dde3442daa90fd25cef42b3fee7948c016fd14289,2021-22,2021-10-31,16:00,Europe/Istanbul,football_data_europe_london_converted,Alanyaspor,Goztepe,2,2,D,,,,played,True,1,0,19,11,8,5,10,19,8,4,3,6,0,0,football_data,data/raw/football_data/2021-22.csv,108,
5db6e6734cf8cf0eb38cdaf9579ae7f844380362fb9dbc10de204d70dcc29d0c,2021-22,2021-10-31,19:00,Europe/Istanbul,football_data_europe_london_converted,Galatasaray,Gaziantep FK,2,0,H,,,,played,True,1,0,11,9,5,3,6,15,3,2,1,3,0,0,football_data,data/raw/football_data/2021-22.csv,109,
9065ec7af3f0e59decfaef12c82e95e779fff2cb0b02a1d5c52396e5398fb2c2,2021-22,2021-11-01,20:00,Europe/Istanbul,football_data_europe_london_converted,Giresunspor,Antalyaspor,1,2,A,,,,played,True,0,1,16,6,3,5,7,12,2,1,4,5,0,0,football_data,data/raw/football_data/2021-22.csv,111,
2f7a4ca1240f89f2f6ca8fccf7dc82375f078d18d84ecf7772b71ab9c52df111,2021-22,2021-11-01,20:00,Europe/Istanbul,football_data_europe_london_converted,Istanbul Basaksehir,Adana Demirspor,2,1,H,,,,played,True,0,0,18,16,9,6,9,10,6,8,1,0,0,0,football_data,data/raw/football_data/2021-22.csv,110,
b4189846f932552f030afb479e7ebf58ae9991c16fdc629cfd307c2028ab91da,2021-22,2021-11-05,20:00,Europe/Istanbul,football_data_europe_london_converted,Gaziantep FK,Kasimpasa,2,0,H,,,,played,True,1,0,13,11,5,4,12,11,4,3,1,1,0,1,football_data,data/raw/football_data/2021-22.csv,112,
149aa4ab8f6539081b0b2b3a13c09d0d6e45305b671a7d204bb398c41598cdcf,2021-22,2021-11-05,20:00,Europe/Istanbul,football_data_europe_london_converted,Rizespor,Alanyaspor,2,0,H,,,,played,True,1,0,8,13,4,1,11,10,4,5,2,0,0,0,football_data,data/raw/football_data/2021-22.csv,113,
f65b947a20d07780b95cc1b1f0691817226c2ac06689531d649c95411d3e817b,2021-22,2021-11-06,13:30,Europe/Istanbul,football_data_europe_london_converted,Sivasspor,Giresunspor,0,0,D,,,,played,True,0,0,7,13,0,4,9,10,4,4,1,5,1,1,football_data,data/raw/football_data/2021-22.csv,114,
b6ce6081da9f8488b21c05a78713846117aaa36d4c448762acd4cd0c8b41dc1f,2021-22,2021-11-06,16:00,Europe/Istanbul,football_data_europe_london_converted,Antalyaspor,Altay,1,0,H,,,,played,True,0,0,14,9,6,2,13,12,8,3,1,3,0,0,football_data,data/raw/football_data/2021-22.csv,115,
5027ea1fb94a33259f01a5c78d0a87bd37d4ed7a965268321ca97fcd0c2ba651,2021-22,2021-11-06,16:00,Europe/Istanbul,football_data_europe_london_converted,Yeni Malatyaspor,Istanbul Basaksehir,1,3,A,,,,played,True,0,1,5,11,1,7,11,12,6,3,3,1,0,0,football_data,data/raw/football_data/2021-22.csv,116,
0a92f74d8b885c1fe6d3f27360e4306df0f6211a515909b16a07dab0e4f881a3,2021-22,2021-11-06,19:00,Europe/Istanbul,football_data_europe_london_converted,Besiktas,Trabzonspor,1,2,A,,,,played,True,0,1,17,8,6,4,10,10,7,4,5,4,0,1,football_data,data/raw/football_data/2021-22.csv,117,
539547c5909900d5368583c8a04ac8b0a285e138493f2dc01616bb2559503a30,2021-22,2021-11-07,13:30,Europe/Istanbul,football_data_europe_london_converted,Goztepe,Konyaspor,0,2,A,,,,played,True,0,1,16,20,6,10,9,10,6,5,3,3,1,0,football_data,data/raw/football_data/2021-22.csv,118,
4e089992ad01679d3fb92339eb1eb842bce0d3a479e439e8f8163a1830c57650,2021-22,2021-11-07,16:00,Europe/Istanbul,football_data_europe_london_converted,Adana Demirspor,Hatayspor,1,0,H,,,,played,True,0,0,18,12,7,1,9,5,7,8,3,2,0,0,football_data,data/raw/football_data/2021-22.csv,119,
88f4274e20ef74bcae194685d1c90abf9beeedd1a148a85fe387b9870ca12013,2021-22,2021-11-07,16:00,Europe/Istanbul,football_data_europe_london_converted,Fatih Karagumruk,Galatasaray,1,1,D,,,,played,True,0,0,5,20,3,5,10,15,0,11,6,3,0,0,football_data,data/raw/football_data/2021-22.csv,120,
50c8f3b9df60718d999b92f14a9cddd357a108cadb158595e3dc1efa19a23005,2021-22,2021-11-07,19:00,Europe/Istanbul,football_data_europe_london_converted,Fenerbahce,Kayserispor,2,2,D,,,,played,True,0,1,19,8,4,3,12,11,7,1,0,1,0,0,football_data,data/raw/football_data/2021-22.csv,121,
e205a91c6e0b60884ae6e82f05c98e3759d800244aed3c6b266de738233f2a36,2021-22,2021-11-20,13:30,Europe/Istanbul,football_data_europe_london_converted,Hatayspor,Antalyaspor,3,1,H,,,,played,True,1,1,11,12,6,3,8,8,4,5,2,3,0,0,football_data,data/raw/football_data/2021-22.csv,122,
79236d905d78f4662c9f18b79b1b8a74b0b377c5b35409441bd20d15ec09859a,2021-22,2021-11-20,16:00,Europe/Istanbul,football_data_europe_london_converted,Giresunspor,Yeni Malatyaspor,1,0,H,,,,played,True,0,0,8,10,3,3,15,16,3,7,0,2,0,0,football_data,data/raw/football_data/2021-22.csv,124,
a5245fa65b42170423f732e0ed76636bd8168616a0e3eb49113d15506424f51a,2021-22,2021-11-20,16:00,Europe/Istanbul,football_data_europe_london_converted,Istanbul Basaksehir,Sivasspor,2,1,H,,,,played,True,2,0,7,13,3,5,17,15,2,1,5,2,0,0,football_data,data/raw/football_data/2021-22.csv,123,
991963f50e7d00dcdd304a0e774c75f1d41b70e9d944583ff7414f4fd943d025,2021-22,2021-11-20,19:00,Europe/Istanbul,football_data_europe_london_converted,Alanyaspor,Besiktas,2,0,H,,,,played,True,1,0,12,16,3,5,8,9,5,7,2,1,0,0,football_data,data/raw/football_data/2021-22.csv,125,
bfdbc3ab59fcd6cebf1f1edd3eccd2ccff43502ed089123e3d7ccb2141324f5f,2021-22,2021-11-21,13:30,Europe/Istanbul,football_data_europe_london_converted,Kasimpasa,Fatih Karagumruk,1,3,A,,,,played,True,1,3,19,14,6,7,15,21,4,1,1,5,0,2,football_data,data/raw/football_data/2021-22.csv,126,
5f4cdf409621550e06bbb28a8e62047293f80f1da84d7f2f4d9f930721be1557,2021-22,2021-11-21,16:00,Europe/Istanbul,football_data_europe_london_converted,Altay,Adana Demirspor,1,3,A,,,,played,True,0,1,17,15,8,7,10,10,7,4,0,2,0,0,football_data,data/raw/football_data/2021-22.csv,127,
de41bcbff90b0aabf5c2a15ad77a16f0fd8e1993c9c0f4b7aae0498b7d51dc0b,2021-22,2021-11-21,16:00,Europe/Istanbul,football_data_europe_london_converted,Konyaspor,Rizespor,3,0,H,,,,played,True,1,0,14,26,5,4,16,8,2,5,2,1,0,0,football_data,data/raw/football_data/2021-22.csv,128,
60ab5df71cba999816ea4682768319a29cb245e842b8deefba37022232be5257,2021-22,2021-11-21,19:00,Europe/Istanbul,football_data_europe_london_converted,Galatasaray,Fenerbahce,1,2,A,,,,played,True,1,1,14,10,4,6,13,17,4,1,4,5,0,1,football_data,data/raw/football_data/2021-22.csv,129,
2a31ee940aa17ef66075c94bc9f1399959421399c67ac9acdf2aad6f07ca39de,2021-22,2021-11-22,20:00,Europe/Istanbul,football_data_europe_london_converted,Kayserispor,Goztepe,1,1,D,,,,played,True,1,0,16,8,3,2,19,11,4,2,4,2,0,0,football_data,data/raw/football_data/2021-22.csv,130,
4a27d613912c928e0fd03a723988066944b219936ea06f14c5b103616b95a6ca,2021-22,2021-11-22,20:00,Europe/Istanbul,football_data_europe_london_converted,Trabzonspor,Gaziantep FK,3,0,H,,,,played,True,3,0,11,25,5,5,6,16,2,12,0,4,0,0,football_data,data/raw/football_data/2021-22.csv,131,
6b6e84e818fdf3672839acccd3e1138edba9fa146077e16693433942a5186991,2021-22,2021-11-26,20:00,Europe/Istanbul,football_data_europe_london_converted,Adana Demirspor,Kasimpasa,0,0,D,,,,played,True,0,0,12,13,1,4,8,11,8,8,2,3,0,0,football_data,data/raw/football_data/2021-22.csv,132,
b7b7ca56c3f3c4bf73ff3200b380e8a318804490a4354efe02de5be9505cd437,2021-22,2021-11-26,20:00,Europe/Istanbul,football_data_europe_london_converted,Istanbul Basaksehir,Altay,0,0,D,,,,played,True,0,0,20,6,7,0,14,6,7,1,2,2,0,0,football_data,data/raw/football_data/2021-22.csv,133,
3c890caccb2f6c1c76f677cb01fbfd7065f681e702b3b4337e299255d1d75334,2021-22,2021-11-27,13:30,Europe/Istanbul,football_data_europe_london_converted,Antalyaspor,Alanyaspor,3,0,H,,,,played,True,1,0,18,8,5,1,9,6,2,1,1,3,0,1,football_data,data/raw/football_data/2021-22.csv,134,
8c9feee9043baa150632a41f2e914e1b3bc0ee47a804f985e357cd7835da7b6a,2021-22,2021-11-27,16:00,Europe/Istanbul,football_data_europe_london_converted,Rizespor,Kayserispor,1,0,H,,,,played,True,0,0,9,12,3,1,12,13,5,5,0,1,0,0,football_data,data/raw/football_data/2021-22.csv,135,
efeae5476b8a9142b69a6472f8004d39e3c10d096b755a7fad34a580d13ac27f,2021-22,2021-11-27,19:00,Europe/Istanbul,football_data_europe_london_converted,Besiktas,Giresunspor,0,4,A,,,,played,True,0,1,13,12,4,7,9,10,8,3,1,0,1,0,football_data,data/raw/football_data/2021-22.csv,136,
17fb753142f88f411d0188ab6690d824a1d38ba32e5414bb164199428593dbd5,2021-22,2021-11-28,13:30,Europe/Istanbul,football_data_europe_london_converted,Gaziantep FK,Konyaspor,3,2,H,,,,played,True,1,1,20,13,5,8,12,10,5,6,4,2,0,0,football_data,data/raw/football_data/2021-22.csv,137,
c68def705b0ac481d6e99824042f2ef86b94a8077ed54288db4b9c64fc475cde,2021-22,2021-11-28,16:00,Europe/Istanbul,football_data_europe_london_converted,Fatih Karagumruk,Trabzonspor,0,2,A,,,,played,True,0,1,17,9,2,2,8,13,4,0,1,2,0,0,football_data,data/raw/football_data/2021-22.csv,138,
519b08ef23a1377de1ef922d76cddb9c30f9a36a8a8ead03a437252bbc49e433,2021-22,2021-11-28,16:00,Europe/Istanbul,football_data_europe_london_converted,Sivasspor,Hatayspor,4,0,H,,,,played,True,2,0,15,2,8,0,15,9,4,2,1,3,0,1,football_data,data/raw/football_data/2021-22.csv,139,
c2d627e9d7ed9fef5de878bc4f2d060401d72196e7c292b3b775fe83f8138a40,2021-22,2021-11-28,19:00,Europe/Istanbul,football_data_europe_london_converted,Yeni Malatyaspor,Galatasaray,0,0,D,,,,played,True,0,0,7,13,2,2,8,13,4,7,5,2,0,0,football_data,data/raw/football_data/2021-22.csv,140,
53da2159ca8f80038f3243eedfbe310448022ffee54ef6d84a1e8a7913d47bff,2021-22,2021-11-29,20:00,Europe/Istanbul,football_data_europe_london_converted,Goztepe,Fenerbahce,1,1,D,,,,played,True,1,0,12,4,2,2,9,14,6,3,2,6,0,1,football_data,data/raw/football_data/2021-22.csv,141,
1220180b080cb957c681220abcb4aadcec9f1b841037866f950f849867501e05,2021-22,2021-12-03,20:00,Europe/Istanbul,football_data_europe_london_converted,Kasimpasa,Besiktas,1,1,D,,,,played,True,0,1,8,14,4,6,13,16,8,6,3,3,0,0,football_data,data/raw/football_data/2021-22.csv,142,
a1d879878afcdaefebea96a9c932519e3be74443f03671a011ae294e7246d7d5,2021-22,2021-12-04,13:30,Europe/Istanbul,football_data_europe_london_converted,Alanyaspor,Sivasspor,0,1,A,,,,played,True,0,0,9,10,1,2,15,14,5,5,2,3,0,1,football_data,data/raw/football_data/2021-22.csv,143,
90638d3039315864d9e71db4d0769d852ac57a3d8cfdf9335942b737bac925cb,2021-22,2021-12-04,16:00,Europe/Istanbul,football_data_europe_london_converted,Trabzonspor,Adana Demirspor,2,0,H,,,,played,True,1,0,5,18,3,4,6,10,2,7,0,1,0,0,football_data,data/raw/football_data/2021-22.csv,144,
53c084bb99b7fb1340ccc0e05e09372cdfbd061835969b297b99d3b8ff120ae5,2021-22,2021-12-04,19:00,Europe/Istanbul,football_data_europe_london_converted,Galatasaray,Altay,2,2,D,,,,played,True,1,1,24,13,7,6,9,12,12,7,2,4,0,0,football_data,data/raw/football_data/2021-22.csv,145,
e204cdaa3319c446b315cb37effc3775bb4b41983cb0925bce3acd5cc5cb91cd,2021-22,2021-12-05,13:30,Europe/Istanbul,football_data_europe_london_converted,Kayserispor,Antalyaspor,2,0,H,,,,played,True,2,0,2,24,2,5,10,12,1,11,6,4,2,0,football_data,data/raw/football_data/2021-22.csv,146,
1c7eb2184f8fc4af527c27f5f544904d0de033cdb1875583ff7a628191a328bf,2021-22,2021-12-05,16:00,Europe/Istanbul,football_data_europe_london_converted,Giresunspor,Fatih Karagumruk,3,1,H,,,,played,True,0,1,15,6,9,2,7,9,7,1,1,1,0,0,football_data,data/raw/football_data/2021-22.csv,147,
e4a1f1eca8df6d8aba5c0f36eed6c8f4cddee93b93ed152618dc8e390b37f142,2021-22,2021-12-05,16:00,Europe/Istanbul,football_data_europe_london_converted,Hatayspor,Istanbul Basaksehir,0,3,A,,,,played,True,0,3,5,16,2,9,10,5,5,7,2,0,0,0,football_data,data/raw/football_data/2021-22.csv,148,
45a6f6e65985506ab256e1640c9e733281383a1667c55cfcb2a60af69e3dc6c5,2021-22,2021-12-05,19:00,Europe/Istanbul,football_data_europe_london_converted,Fenerbahce,Rizespor,4,0,H,,,,played,True,1,0,16,4,8,1,22,9,5,3,1,1,0,0,football_data,data/raw/football_data/2021-22.csv,149,
9fd60b60fed7be26d2a0b10266ce54f9ad233c518bd0f58c47b86c3f1da5fbda,2021-22,2021-12-06,20:00,Europe/Istanbul,football_data_europe_london_converted,Goztepe,Gaziantep FK,2,1,H,,,,played,True,2,0,11,15,4,2,13,11,7,3,5,3,1,0,football_data,data/raw/football_data/2021-22.csv,150,
156edd386fcd83e052b1c23dce3a8f0978201146ff7e72bea938e8d893f6dce8,2021-22,2021-12-06,20:00,Europe/Istanbul,football_data_europe_london_converted,Konyaspor,Yeni Malatyaspor,0,0,D,,,,played,True,0,0,17,8,5,4,12,9,4,2,2,2,0,0,football_data,data/raw/football_data/2021-22.csv,151,
b0b18d3a5271b3d605cc904aa4c73b0ddc78ed37644a9dff5311e1a487e13b02,2021-22,2021-12-10,20:00,Europe/Istanbul,football_data_europe_london_converted,Altay,Hatayspor,1,2,A,,,,played,True,1,1,5,12,2,6,16,11,3,6,3,3,0,0,football_data,data/raw/football_data/2021-22.csv,152,
947abda0f4873145ba11ab34d92ed23fe303883aebb9823b0f53acc8dccd32e8,2021-22,2021-12-11,13:30,Europe/Istanbul,football_data_europe_london_converted,Fatih Karagumruk,Konyaspor,1,4,A,,,,played,True,1,1,9,11,3,6,8,12,3,3,0,0,1,0,football_data,data/raw/football_data/2021-22.csv,153,
cf0d0796b962092e7a0986a498acb90dff124c7bcb7092d6251ac81189830a3b,2021-22,2021-12-11,16:00,Europe/Istanbul,football_data_europe_london_converted,Istanbul Basaksehir,Kasimpasa,2,1,H,,,,played,True,0,0,13,10,3,3,14,13,8,3,2,3,0,0,football_data,data/raw/football_data/2021-22.csv,154,
1742dc7e1427a4b5866dc794260e72d80b44d56a5f4ca3d0c255d8b261b1b8f4,2021-22,2021-12-11,16:00,Europe/Istanbul,football_data_europe_london_converted,Rizespor,Goztepe,3,1,H,,,,played,True,1,0,15,14,5,6,15,11,5,8,2,0,0,1,football_data,data/raw/football_data/2021-22.csv,155,
583d785727515dc97f55d60cb89e506ecd42f2e11ea02aa48ec9d3c9b6daea39,2021-22,2021-12-11,19:00,Europe/Istanbul,football_data_europe_london_converted,Antalyaspor,Trabzonspor,2,1,H,,,,played,True,1,1,13,12,5,5,13,9,5,3,1,4,0,0,football_data,data/raw/football_data/2021-22.csv,156,
7250fac521d58bbb590f6f8f0c627e0494ae5d6e5638c3681b8e5f4bff6a2cc8,2021-22,2021-12-12,13:30,Europe/Istanbul,football_data_europe_london_converted,Adana Demirspor,Giresunspor,1,0,H,,,,played,True,0,0,11,13,5,3,14,11,1,3,2,2,0,0,football_data,data/raw/football_data/2021-22.csv,157,
47e7ec2648d401584be94f1776a28110685de57c318be5a74c6674ccc5b1dfa8,2021-22,2021-12-12,16:00,Europe/Istanbul,football_data_europe_london_converted,Yeni Malatyaspor,Alanyaspor,2,6,A,,,,played,True,2,3,20,20,7,13,6,10,8,5,4,3,1,0,football_data,data/raw/football_data/2021-22.csv,158,
901ac390eba7fa34febdd09db1cd70f32de1e9099694cde2ff17b1ae609e2aa7,2021-22,2021-12-12,19:00,Europe/Istanbul,football_data_europe_london_converted,Besiktas,Kayserispor,4,2,H,,,,played,True,1,1,21,6,8,3,14,18,7,2,3,3,0,0,football_data,data/raw/football_data/2021-22.csv,159,
f39e05536e78f920706a9eb9136744f536b8f394a348e45b732b9fc36376f49f,2021-22,2021-12-13,18:00,Europe/Istanbul,football_data_europe_london_converted,Sivasspor,Galatasaray,1,0,H,,,,played,True,0,0,12,6,5,3,13,6,6,5,5,3,0,0,football_data,data/raw/football_data/2021-22.csv,160,
50845828217e187517023e04176b728b54f2e6034dcfb98170972fe9b6e12955,2021-22,2021-12-13,20:30,Europe/Istanbul,football_data_europe_london_converted,Gaziantep FK,Fenerbahce,3,2,H,,,,played,True,1,1,15,14,7,4,12,13,4,5,3,2,0,0,football_data,data/raw/football_data/2021-22.csv,161,
213d745455df6e9bad0447d10010c808d91b7b39ac98e0f22d9cbc00762737e8,2021-22,2021-12-17,20:00,Europe/Istanbul,football_data_europe_london_converted,Giresunspor,Altay,3,1,H,,,,played,True,1,0,11,15,5,5,13,12,4,6,1,2,0,0,football_data,data/raw/football_data/2021-22.csv,162,
85e5d65c804d286b5ef9aa7335cc0d1175289c7c61374e571389dcc9ced9fcf4,2021-22,2021-12-18,13:30,Europe/Istanbul,football_data_europe_london_converted,Kasimpasa,Sivasspor,1,3,A,,,,played,True,1,0,12,7,3,4,11,13,10,5,4,2,0,0,football_data,data/raw/football_data/2021-22.csv,163,
f73df3cde856a69ac237fac19b08600b738520f01e798f2dbed18b238eb027ef,2021-22,2021-12-18,16:00,Europe/Istanbul,football_data_europe_london_converted,Konyaspor,Antalyaspor,1,0,H,,,,played,True,0,0,14,6,3,2,14,14,8,3,5,2,0,0,football_data,data/raw/football_data/2021-22.csv,164,
75ca8fb160b51a1bf5dee4164ba8c6f0fdda713e643843a1838ab3a008810d85,2021-22,2021-12-18,16:00,Europe/Istanbul,football_data_europe_london_converted,Trabzonspor,Hatayspor,2,0,H,,,,played,True,2,0,17,6,9,3,7,8,6,1,0,0,0,0,football_data,data/raw/football_data/2021-22.csv,165,
5c6289d14b26519663d1581dfa02470d21411e13d7369a2777df8b9938108ceb,2021-22,2021-12-18,19:00,Europe/Istanbul,football_data_europe_london_converted,Alanyaspor,Adana Demirspor,1,3,A,,,,played,True,1,2,10,11,4,6,17,16,4,3,2,1,0,0,football_data,data/raw/football_data/2021-22.csv,166,
ff0f6c8bcaac596d7f5c17868cc0c1573857c63c82d72a54412c962b5a678788,2021-22,2021-12-18,19:00,Europe/Istanbul,football_data_europe_london_converted,Galatasaray,Istanbul Basaksehir,1,1,D,,,,played,True,0,1,18,8,4,3,16,13,5,1,4,7,0,1,football_data,data/raw/football_data/2021-22.csv,167,
6231951db1ba7a65b5db46a5e8c2d6168d817f9a7354780f84a34781e1ac38ca,2021-22,2021-12-19,13:30,Europe/Istanbul,football_data_europe_london_converted,Rizespor,Yeni Malatyaspor,1,0,H,,,,played,True,0,0,14,8,4,2,17,9,7,1,2,2,0,0,football_data,data/raw/football_data/2021-22.csv,168,
6856c8bd1108fda05f37290195197cf8767d49b92bbd15ceb7c8ff529b9f3b07,2021-22,2021-12-19,16:00,Europe/Istanbul,football_data_europe_london_converted,Goztepe,Fatih Karagumruk,0,1,A,,,,played,True,0,0,12,17,4,3,16,12,3,3,3,1,0,0,football_data,data/raw/football_data/2021-22.csv,169,
d27eaa57671d79cbf4e5a2231a01bf329c581b14d403d23d4289fb960f86062a,2021-22,2021-12-19,16:00,Europe/Istanbul,football_data_europe_london_converted,Kayserispor,Gaziantep FK,0,0,D,,,,played,True,0,0,9,10,3,3,9,10,5,4,1,2,0,1,football_data,data/raw/football_data/2021-22.csv,170,
cbb4d2d777787ff5637c7d53c84de1b71bf1da17e95e73a27e0bb06814786cd6,2021-22,2021-12-19,19:00,Europe/Istanbul,football_data_europe_london_converted,Fenerbahce,Besiktas,2,2,D,,,,played,True,2,1,11,14,5,3,20,12,0,7,2,5,0,0,football_data,data/raw/football_data/2021-22.csv,171,
e60ffa354d8656b45f98e84461824483406fdf2cac4713e65c4a0893ed46bdf9,2021-22,2021-12-21,17:00,Europe/Istanbul,football_data_europe_london_converted,Antalyaspor,Kasimpasa,1,1,D,,,,played,True,1,0,9,11,4,5,18,18,6,3,2,4,0,0,football_data,data/raw/football_data/2021-22.csv,172,
f168cfbfe173f237fafc23d27302d14a4976be358b11505df57c58906b53b624,2021-22,2021-12-21,17:00,Europe/Istanbul,football_data_europe_london_converted,Istanbul Basaksehir,Giresunspor,3,1,H,,,,played,True,1,1,20,6,8,2,12,9,6,3,1,1,0,0,football_data,data/raw/football_data/2021-22.csv,173,
f0705fd16b737cb5eea4bb51a74f27bd8e0f1fdb6eb44c279c5f95e9a37a11c9,2021-22,2021-12-21,20:00,Europe/Istanbul,football_data_europe_london_converted,Adana Demirspor,Galatasaray,2,0,H,,,,played,True,0,0,10,15,3,7,20,14,2,7,3,2,0,0,football_data,data/raw/football_data/2021-22.csv,174,
61f6eb0bebdda05a3d5309a2def2d063bd42f3d1f277c51ef443bdca71409b3a,2021-22,2021-12-21,20:00,Europe/Istanbul,football_data_europe_london_converted,Altay,Trabzonspor,1,2,A,,,,played,True,1,0,14,15,8,5,16,8,4,5,3,3,0,0,football_data,data/raw/football_data/2021-22.csv,175,
1efd86022baf5a4564ac6343577c3dcf9fa523f98c0db87e6d8db1b49012039f,2021-22,2021-12-22,17:00,Europe/Istanbul,football_data_europe_london_converted,Hatayspor,Konyaspor,1,3,A,,,,played,True,1,1,7,12,2,5,7,12,2,5,4,3,1,1,football_data,data/raw/football_data/2021-22.csv,176,
3b2219ae6d317b9445e6cbcca886b669e36b9d839b197815f0b7781a4dd220e2,2021-22,2021-12-22,17:00,Europe/Istanbul,football_data_europe_london_converted,Sivasspor,Rizespor,1,1,D,,,,played,True,0,0,22,6,7,2,12,13,3,2,0,5,0,2,football_data,data/raw/football_data/2021-22.csv,177,
7cb02756422f3448e5d6c45a807d4bf20beca0c5140ffc83adba26725a147b0b,2021-22,2021-12-22,20:00,Europe/Istanbul,football_data_europe_london_converted,Fatih Karagumruk,Fenerbahce,1,1,D,,,,played,True,1,1,2,29,2,14,6,12,0,5,1,1,2,0,football_data,data/raw/football_data/2021-22.csv,179,
7cc3d5cc6301fde02f3839e99877feb6e6dd12f20680ee75a439310ba70b06e3,2021-22,2021-12-22,20:00,Europe/Istanbul,football_data_europe_london_converted,Gaziantep FK,Alanyaspor,2,1,H,,,,played,True,0,0,14,13,5,5,16,13,7,3,1,1,0,0,football_data,data/raw/football_data/2021-22.csv,178,
14c98e50c4d1c0ac854b80f872f62adaba1561c2c0616b0c0cbeeb2d8be7effe,2021-22,2021-12-23,17:00,Europe/Istanbul,football_data_europe_london_converted,Yeni Malatyaspor,Kayserispor,2,2,D,,,,played,True,2,0,13,9,5,5,13,15,2,2,2,2,0,0,football_data,data/raw/football_data/2021-22.csv,180,
d58b166aed8aebef758cfe79a42672397a1aa5dbe8f7fdaf3eb756ad7eefa5aa,2021-22,2021-12-23,20:00,Europe/Istanbul,football_data_europe_london_converted,Besiktas,Goztepe,2,1,H,,,,played,True,1,1,10,19,3,5,11,17,3,2,3,4,1,0,football_data,data/raw/football_data/2021-22.csv,181,
693ed8db43f8957b0ba01e353081373453599f8268fe3a8db37394c622f097c9,2021-22,2021-12-25,13:30,Europe/Istanbul,football_data_europe_london_converted,Kasimpasa,Altay,2,0,H,,,,played,True,1,0,21,8,10,2,18,23,7,4,1,6,0,1,football_data,data/raw/football_data/2021-22.csv,182,
8a121adcaae90d18878b6403104006ed2ebb6e8c33027515948d5c0a06829e04,2021-22,2021-12-25,16:00,Europe/Istanbul,football_data_europe_london_converted,Galatasaray,Antalyaspor,2,0,H,,,,played,True,1,0,17,13,6,5,18,13,4,6,4,3,0,0,football_data,data/raw/football_data/2021-22.csv,183,
4a34bc61dadbedac8edfe00b7cbc92cb5237263d21dd4362265f9ee654395074,2021-22,2021-12-25,16:00,Europe/Istanbul,football_data_europe_london_converted,Giresunspor,Hatayspor,0,1,A,,,,played,True,0,0,19,7,5,3,14,11,7,6,3,3,0,0,football_data,data/raw/football_data/2021-22.csv,184,
e0abf0670c6dfa87c57fdf7f0a5288b15165260e75a7349c4d0cef58fac718d1,2021-22,2021-12-25,19:00,Europe/Istanbul,football_data_europe_london_converted,Trabzonspor,Istanbul Basaksehir,0,0,D,,,,played,True,0,0,10,7,4,5,7,14,4,4,1,2,0,0,football_data,data/raw/football_data/2021-22.csv,185,
676eb6e13ef0d555306a8472922bd57221582a6d62bc578c5db7634b0582c6d4,2021-22,2021-12-26,13:30,Europe/Istanbul,football_data_europe_london_converted,Rizespor,Gaziantep FK,0,1,A,,,,played,True,0,1,9,12,1,3,14,11,5,3,0,0,0,0,football_data,data/raw/football_data/2021-22.csv,186,
3fca3eda582dbce17ed0e9db9644c2d2d879160870499fbc764d93cffc75ab52,2021-22,2021-12-26,16:00,Europe/Istanbul,football_data_europe_london_converted,Alanyaspor,Fatih Karagumruk,1,1,D,,,,played,True,0,0,17,13,5,4,13,8,7,4,1,2,0,0,football_data,data/raw/football_data/2021-22.csv,187,
e55e72ec019e25147be82ee7cae34f197d273282c392a6fd257c27f545137100,2021-22,2021-12-26,16:00,Europe/Istanbul,football_data_europe_london_converted,Goztepe,Adana Demirspor,1,1,D,,,,played,True,0,1,15,9,4,4,15,14,7,3,2,1,0,0,football_data,data/raw/football_data/2021-22.csv,188,
ac9364d5046c5545a45432b637bd4ee2374473747a2edccd3baf6fe50c2c3ee3,2021-22,2021-12-26,19:00,Europe/Istanbul,football_data_europe_london_converted,Fenerbahce,Yeni Malatyaspor,2,0,H,,,,played,True,1,0,17,8,8,1,15,10,3,1,1,1,0,0,football_data,data/raw/football_data/2021-22.csv,189,
d0d0d34a8ffe67dc6e1b514c6ec1b66e2afdea942cbe0bd48feca2e930d2bacc,2021-22,2021-12-27,20:00,Europe/Istanbul,football_data_europe_london_converted,Kayserispor,Sivasspor,3,0,H,,,,played,True,3,0,10,10,6,5,14,10,2,7,3,0,0,0,football_data,data/raw/football_data/2021-22.csv,190,
86cff7325ce21cef4da2157084cf518b5221e82a1c693a1b27ab631097ec6a87,2021-22,2021-12-27,20:00,Europe/Istanbul,football_data_europe_london_converted,Konyaspor,Besiktas,1,0,H,,,,played,True,0,0,12,12,4,6,16,14,6,3,3,4,0,0,football_data,data/raw/football_data/2021-22.csv,191,
9f2730f2bd3426408d6b3d5135fa9f62e1212dbfc1a813cc5292bf29fad59eab,2021-22,2022-01-07,20:00,Europe/Istanbul,football_data_europe_london_converted,Trabzonspor,Yeni Malatyaspor,1,0,H,,,,played,True,1,0,24,3,7,0,9,12,7,2,0,2,0,0,football_data,data/raw/football_data/2021-22.csv,192,
372a2667facd691f6f9fe669d7d41043cf2e40e10d487072f2b3fbb2964f0abd,2021-22,2022-01-08,13:30,Europe/Istanbul,football_data_europe_london_converted,Gaziantep FK,Fatih Karagumruk,3,1,H,,,,played,True,2,0,13,15,5,4,22,7,5,4,1,3,0,0,football_data,data/raw/football_data/2021-22.csv,193,
72c35ec9951b8d366dee1a31598e016a75eb79e2a21b57aa2df8cb8e35c9d9b8,2021-22,2022-01-08,16:00,Europe/Istanbul,football_data_europe_london_converted,Alanyaspor,Istanbul Basaksehir,1,1,D,,,,played,True,1,1,13,12,2,3,11,12,5,3,2,4,1,1,football_data,data/raw/football_data/2021-22.csv,194,
8ee93b05003eb3cbb8d6b291447f71f3d46432de2fe3cefca6d02c737cc24590,2021-22,2022-01-08,16:00,Europe/Istanbul,football_data_europe_london_converted,Kasimpasa,Hatayspor,3,1,H,,,,played,True,2,0,15,13,8,5,9,15,6,4,2,0,0,0,football_data,data/raw/football_data/2021-22.csv,195,
37386dd578f8ac06599029974e543ffe5a3eabd3e9c886c29f5a4da98b653f01,2021-22,2022-01-08,19:00,Europe/Istanbul,football_data_europe_london_converted,Galatasaray,Giresunspor,0,1,A,,,,played,True,0,1,22,6,7,3,18,12,12,1,2,0,0,0,football_data,data/raw/football_data/2021-22.csv,196,
d382be0080a450c6ddfd2987900028f35109ec15cafd9bdc8bddd4ef13a03171,2021-22,2022-01-09,13:30,Europe/Istanbul,football_data_europe_london_converted,Konyaspor,Sivasspor,0,1,A,,,,played,True,0,0,15,11,4,2,9,14,8,5,3,3,0,0,football_data,data/raw/football_data/2021-22.csv,197,
aadd192bfcbd6d0fd37caeba8b96581d45bd44aa45fd4b0583e328cc5c7442e5,2021-22,2022-01-09,16:00,Europe/Istanbul,football_data_europe_london_converted,Goztepe,Antalyaspor,4,0,H,,,,played,True,1,0,6,15,4,3,17,14,1,12,4,1,1,0,football_data,data/raw/football_data/2021-22.csv,198,
77aa80ced50ddb96e292fc9d7c3ac4125370e78da458eaccb58072c39fad1272,2021-22,2022-01-09,16:00,Europe/Istanbul,football_data_europe_london_converted,Kayserispor,Altay,1,0,H,,,,played,True,1,0,10,8,3,1,14,12,8,2,0,1,0,0,football_data,data/raw/football_data/2021-22.csv,199,
fa8737f04802618c0bb3787f653dbf2c22cc480ad315ef29fd6f03696d5521dd,2021-22,2022-01-09,19:00,Europe/Istanbul,football_data_europe_london_converted,Rizespor,Besiktas,2,2,D,,,,played,True,0,1,10,22,5,10,16,17,3,4,5,3,1,1,football_data,data/raw/football_data/2021-22.csv,200,
d238eb8a35ca4546a1097d623837f63b4c4e73ece1ec9ac83f48707adff715bf,2021-22,2022-01-10,20:00,Europe/Istanbul,football_data_europe_london_converted,Fenerbahce,Adana Demirspor,1,2,A,,,,played,True,1,1,15,15,3,8,17,11,9,1,2,3,0,0,football_data,data/raw/football_data/2021-22.csv,201,
7ba3b5f84743845a992e0b8a4610db32b245b402da0602c878fa5523f965c1fa,2021-22,2022-01-14,20:00,Europe/Istanbul,football_data_europe_london_converted,Besiktas,Gaziantep FK,1,0,H,,,,played,True,0,0,16,7,4,3,9,15,10,4,1,3,0,0,football_data,data/raw/football_data/2021-22.csv,202,
5b8c1516c667db2a63720ab6c782da71feff4b0531e6b333beac96bcc356e7c0,2021-22,2022-01-14,20:00,Europe/Istanbul,football_data_europe_london_converted,Yeni Malatyaspor,Goztepe,1,2,A,,,,played,True,1,1,14,11,2,3,7,14,3,6,1,1,0,0,football_data,data/raw/football_data/2021-22.csv,203,
9a242736a343fd7bfa9dc5233811ad450c647af60af5f74c4005b2fa182b688b,2021-22,2022-01-15,13:30,Europe/Istanbul,football_data_europe_london_converted,Adana Demirspor,Kayserispor,1,1,D,,,,played,True,1,0,12,16,7,11,11,7,5,10,0,0,0,0,football_data,data/raw/football_data/2021-22.csv,204,
14484bab34e8f85102f5e8e2fa0ce457905addfd58c4c6b74610376bd950830e,2021-22,2022-01-15,16:00,Europe/Istanbul,football_data_europe_london_converted,Fatih Karagumruk,Rizespor,2,0,H,,,,played,True,1,0,9,14,3,4,15,11,4,3,4,2,1,0,football_data,data/raw/football_data/2021-22.csv,205,
88134e720fe7f887c92ce1c7fe48258c7060cd50855be88f1d03b029cc4c9386,2021-22,2022-01-15,16:00,Europe/Istanbul,football_data_europe_london_converted,Sivasspor,Trabzonspor,1,1,D,,,,played,True,1,1,10,10,4,3,13,10,3,2,2,1,0,0,football_data,data/raw/football_data/2021-22.csv,206,
2bf346a438f7856a471b33904695c3e2470082b0f4b41d9cb198a09f338faf7a,2021-22,2022-01-15,19:00,Europe/Istanbul,football_data_europe_london_converted,Antalyaspor,Fenerbahce,1,1,D,,,,played,True,0,0,14,4,3,2,18,10,1,1,3,1,0,0,football_data,data/raw/football_data/2021-22.csv,207,
d138cb7cac58d6e8a011e95bf04652ea1a6fb9deb7b5b54df52bffa246eff345,2021-22,2022-01-16,13:30,Europe/Istanbul,football_data_europe_london_converted,Altay,Alanyaspor,0,2,A,,,,played,True,0,1,16,12,5,7,20,7,9,0,4,1,0,0,football_data,data/raw/football_data/2021-22.csv,208,
a38a97e1ed71f299cf582575ea9b6781ae827a85e13c5e36cda5349a89a912c1,2021-22,2022-01-16,16:00,Europe/Istanbul,football_data_europe_london_converted,Giresunspor,Kasimpasa,0,2,A,,,,played,True,0,1,11,14,2,4,12,13,7,7,0,0,1,0,football_data,data/raw/football_data/2021-22.csv,209,
1acaa9bcddc6099e36da7366ff8020d0466fd580ae1bb4f284348df80f36d2db,2021-22,2022-01-16,19:00,Europe/Istanbul,football_data_europe_london_converted,Hatayspor,Galatasaray,4,2,H,,,,played,True,1,2,16,13,7,5,8,7,9,5,5,5,0,1,football_data,data/raw/football_data/2021-22.csv,210,
41de053c48fd39a102eb3aa040fae408b35633bec1dfea806c53c77e732e437a,2021-22,2022-01-18,20:00,Europe/Istanbul,football_data_europe_london_converted,Fatih Karagumruk,Besiktas,0,1,A,,,,played,True,0,1,12,11,5,3,10,13,3,4,1,1,0,0,football_data,data/raw/football_data/2021-22.csv,211,
ec80ffa3a9320f7fb3d71ef6ba827867cd8c671c1dc139bc72017f37362a7e38,2021-22,2022-01-18,20:00,Europe/Istanbul,football_data_europe_london_converted,Konyaspor,Adana Demirspor,1,0,H,,,,played,True,0,0,20,15,8,5,10,15,8,7,3,2,0,0,football_data,data/raw/football_data/2021-22.csv,212,
a0a88bfb7bbb5bc0cdc8ed1e5e21b54cc54b3bc1db805d477bd1a462a3539acc,2021-22,2022-01-19,17:00,Europe/Istanbul,football_data_europe_london_converted,Goztepe,Sivasspor,2,1,H,,,,played,True,1,0,10,20,3,5,19,14,5,1,4,4,0,0,football_data,data/raw/football_data/2021-22.csv,213,
8325f3b3d439e7b8476958ddfda766f4c20645bf6f36f63652d7737395b19d9c,2021-22,2022-01-19,17:00,Europe/Istanbul,football_data_europe_london_converted,Kayserispor,Istanbul Basaksehir,1,0,H,,,,played,True,0,0,3,14,1,4,14,13,2,1,2,3,0,0,football_data,data/raw/football_data/2021-22.csv,214,
ddb5b2e18e90f6c85a67a219165fe574c597da63942aef73be5fef7f01a93782,2021-22,2022-01-19,20:00,Europe/Istanbul,football_data_europe_london_converted,Fenerbahce,Altay,2,1,H,,,,played,True,1,1,18,3,5,1,16,23,4,2,2,4,0,0,football_data,data/raw/football_data/2021-22.csv,215,
1e2cf91a43bbcc702b89ef87ce089b8606f8dedc0bdcc2e1b661a35037bc6571,2021-22,2022-01-19,20:00,Europe/Istanbul,football_data_europe_london_converted,Trabzonspor,Giresunspor,1,1,D,,,,played,True,0,0,23,6,9,3,13,11,9,2,2,2,0,0,football_data,data/raw/football_data/2021-22.csv,216,
e9405a8cb52d150f786c0f3897213502b868bfe861bdd3ad83d839633cebf561,2021-22,2022-01-20,17:00,Europe/Istanbul,football_data_europe_london_converted,Alanyaspor,Hatayspor,6,0,H,,,,played,True,2,0,20,2,10,1,8,13,3,1,1,1,0,0,football_data,data/raw/football_data/2021-22.csv,217,
660d04e160d5ee8af5b868cccfda88af8eedc83ad8643edc9bbc19d36ac4c4bd,2021-22,2022-01-20,17:00,Europe/Istanbul,football_data_europe_london_converted,Rizespor,Antalyaspor,2,1,H,,,,played,True,1,1,11,18,4,10,15,15,6,7,2,3,0,1,football_data,data/raw/football_data/2021-22.csv,218,
a06aea697ade5590f16385a5de95b489f961c1eb4e51fb8db1295557b3812d69,2021-22,2022-01-20,20:00,Europe/Istanbul,football_data_europe_london_converted,Galatasaray,Kasimpasa,1,3,A,,,,played,True,1,1,14,17,6,4,8,11,5,6,0,1,0,0,football_data,data/raw/football_data/2021-22.csv,219,
0647ea1a74d4d599cf5608d472db33e8e65d5351455855f3f7dcfb162e9f51f9,2021-22,2022-01-22,13:30,Europe/Istanbul,football_data_europe_london_converted,Yeni Malatyaspor,Besiktas,1,1,D,,,,played,True,0,0,11,18,4,3,13,12,3,6,2,2,0,0,football_data,data/raw/football_data/2021-22.csv,220,
11604361de1fb70ce320bd97ea4f7d6e534cbb07073719c3f452dc1eeeaed4f4,2021-22,2022-01-22,16:00,Europe/Istanbul,football_data_europe_london_converted,Adana Demirspor,Fatih Karagumruk,5,0,H,,,,played,True,1,0,17,8,9,5,15,9,7,4,1,4,0,1,football_data,data/raw/football_data/2021-22.csv,221,
3f82af278c7f118d577bb32eb16e58c97ca7441240fcae9ce2aeff04568f27b2,2021-22,2022-01-22,16:00,Europe/Istanbul,football_data_europe_london_converted,Sivasspor,Fenerbahce,1,1,D,,,,played,True,0,1,18,9,5,3,14,19,9,6,2,3,0,0,football_data,data/raw/football_data/2021-22.csv,222,
c27d968f64b29e085786c2f82ed9c789f4e1fcc1e492d5424d6a6816c402a719,2021-22,2022-01-22,19:00,Europe/Istanbul,football_data_europe_london_converted,Istanbul Basaksehir,Goztepe,1,2,A,,,,played,True,0,1,20,6,7,5,7,9,6,2,1,1,0,0,football_data,data/raw/football_data/2021-22.csv,223,
abbc81bbda7b27693f3190e924c7f3d0f545a6b0a62aa0bf459106fd34f8b72b,2021-22,2022-01-23,13:30,Europe/Istanbul,football_data_europe_london_converted,Hatayspor,Rizespor,0,0,D,,,,played,True,0,0,13,7,2,0,14,7,6,4,3,1,0,0,football_data,data/raw/football_data/2021-22.csv,224,
0ab77c1c1eac7ec284abfe9c714090354cc88dc0c027127846f16e3e5b105df1,2021-22,2022-01-23,13:30,Europe/Istanbul,football_data_europe_london_converted,Kasimpasa,Kayserispor,3,1,H,,,,played,True,2,1,16,10,6,2,16,14,4,3,2,2,0,0,football_data,data/raw/football_data/2021-22.csv,225,
70fdbaf63ba03e857f5f574dd87cbb65891952cdcea0f15187d7336836f98daf,2021-22,2022-01-23,16:00,Europe/Istanbul,football_data_europe_london_converted,Altay,Konyaspor,0,1,A,,,,played,True,0,0,8,13,3,4,15,11,6,4,4,1,1,0,football_data,data/raw/football_data/2021-22.csv,226,
6a060d574176cbaf01061ee47fc137400721cd175842bfdeea693d1b479c957e,2021-22,2022-01-23,16:00,Europe/Istanbul,football_data_europe_london_converted,Antalyaspor,Gaziantep FK,0,0,D,,,,played,True,0,0,11,14,5,7,15,14,3,5,3,1,0,0,football_data,data/raw/football_data/2021-22.csv,227,
fb99057057d918bf7e3f4bdfa5d80e28c5fc5f92be8757a9ea67a467deb4e77d,2021-22,2022-01-23,16:00,Europe/Istanbul,football_data_europe_london_converted,Giresunspor,Alanyaspor,1,3,A,,,,played,True,1,2,15,12,5,5,14,13,7,2,1,4,0,0,football_data,data/raw/football_data/2021-22.csv,228,
b2b16b1f5f28a369697eac1cfa8a7603bbe7931aaf2dfacedb755f644050f800,2021-22,2022-01-23,19:00,Europe/Istanbul,football_data_europe_london_converted,Galatasaray,Trabzonspor,1,2,A,,,,played,True,1,0,16,19,6,5,15,16,4,8,2,4,0,0,football_data,data/raw/football_data/2021-22.csv,229,
ff4c08a803125d445e17e73212a18d58d5fd5485d779bccb7b842d3493b04839,2021-22,2022-02-04,20:00,Europe/Istanbul,football_data_europe_london_converted,Kayserispor,Hatayspor,4,3,H,,,,played,True,1,0,10,16,7,4,12,12,5,5,0,2,0,0,football_data,data/raw/football_data/2021-22.csv,230,
d281b23ca02ca0b08596346bf594c945b2c1061258024aa7c9f64fd3bb412fa2,2021-22,2022-02-04,20:00,Europe/Istanbul,football_data_europe_london_converted,Konyaspor,Giresunspor,1,0,H,,,,played,True,0,0,13,6,3,3,11,7,6,2,1,0,0,0,football_data,data/raw/football_data/2021-22.csv,231,
d5cd55f302b642a9956021b6c78832c1e6290b27106c740898d210f5ae44969d,2021-22,2022-02-05,13:30,Europe/Istanbul,football_data_europe_london_converted,Gaziantep FK,Sivasspor,5,1,H,,,,played,True,3,1,11,13,7,5,15,11,4,3,4,3,0,1,football_data,data/raw/football_data/2021-22.csv,232,
bdb75518a9f80d73a687312e1f774a7c5cdf6595105cb624cd75fc847d760418,2021-22,2022-02-05,16:00,Europe/Istanbul,football_data_europe_london_converted,Fatih Karagumruk,Yeni Malatyaspor,1,0,H,,,,played,True,0,0,15,13,7,4,10,13,5,5,1,5,0,0,football_data,data/raw/football_data/2021-22.csv,233,
cdbf066e3ece71ff4400401ce066256a47917b47daa4f731de055a701839a668,2021-22,2022-02-05,16:00,Europe/Istanbul,football_data_europe_london_converted,Trabzonspor,Kasimpasa,1,0,H,,,,played,True,1,0,7,15,4,4,19,14,2,3,3,5,1,1,football_data,data/raw/football_data/2021-22.csv,234,
65a00560877200b9190455fb95b952d7d9968ed031ee26823170974765afad13,2021-22,2022-02-05,19:00,Europe/Istanbul,football_data_europe_london_converted,Fenerbahce,Istanbul Basaksehir,0,1,A,,,,played,True,0,0,12,14,2,6,17,12,1,6,3,4,0,0,football_data,data/raw/football_data/2021-22.csv,235,
88f1fead905f91ec50b9d9c111ef759f7a184261b2962f24c69907ca4329d564,2021-22,2022-02-06,16:00,Europe/Istanbul,football_data_europe_london_converted,Alanyaspor,Galatasaray,1,1,D,,,,played,True,1,1,14,7,5,4,13,13,8,1,0,1,1,0,football_data,data/raw/football_data/2021-22.csv,236,
921995074fc11dc4867221f762ea29c209d561e7a73b7abe22112a30e4a40d16,2021-22,2022-02-06,16:00,Europe/Istanbul,football_data_europe_london_converted,Rizespor,Adana Demirspor,1,3,A,,,,played,True,0,2,19,15,11,8,15,9,8,6,5,3,0,0,football_data,data/raw/football_data/2021-22.csv,237,
2dcfc89e0519d98b9300dd4d150ae1272d837681eab8f5ec40faa4c1f2861a6b,2021-22,2022-02-06,19:00,Europe/Istanbul,football_data_europe_london_converted,Besiktas,Antalyaspor,0,0,D,,,,played,True,0,0,17,5,4,2,18,13,11,2,6,5,1,0,football_data,data/raw/football_data/2021-22.csv,238,
6f514a610dd562c37755f4a45b8a52c8d1c53378ee9be482296156e5b65cba21,2021-22,2022-02-06,19:00,Europe/Istanbul,football_data_europe_london_converted,Goztepe,Altay,0,2,A,,,,played,True,0,1,21,5,4,2,13,14,6,6,3,3,0,0,football_data,data/raw/football_data/2021-22.csv,239,
3e18e997adef70bd25510253104762900814921b91623e947e23d49e3f23a14f,2021-22,2022-02-11,20:00,Europe/Istanbul,football_data_europe_london_converted,Altay,Rizespor,0,0,D,,,,played,True,0,0,12,10,3,2,23,12,6,3,3,2,0,0,football_data,data/raw/football_data/2021-22.csv,240,
3c74e15366f290011f0954acaaa536567c11c56b70136c6f9a7118471d35a5f7,2021-22,2022-02-12,16:00,Europe/Istanbul,football_data_europe_london_converted,Giresunspor,Fenerbahce,1,2,A,,,,played,True,1,1,13,18,5,2,8,15,3,8,2,4,1,0,football_data,data/raw/football_data/2021-22.csv,242,
f02c5f0820bf975fde3a2c6eeb650a876e1d1933598fc329fcfe7f40f8f90594,2021-22,2022-02-12,16:00,Europe/Istanbul,football_data_europe_london_converted,Istanbul Basaksehir,Gaziantep FK,2,0,H,,,,played,True,1,0,10,21,3,2,11,7,2,6,1,1,0,0,football_data,data/raw/football_data/2021-22.csv,241,
bb4d77fcd83a5d7a02eae0dccf59e8b53ca8fd0d530ea59be541cb8bac2de89f,2021-22,2022-02-12,19:00,Europe/Istanbul,football_data_europe_london_converted,Galatasaray,Kayserispor,1,1,D,,,,played,True,0,0,26,5,7,3,8,13,13,3,1,1,0,0,football_data,data/raw/football_data/2021-22.csv,243,
5ccefdd5dee1e4fc74f0dd7cb46cfff139284b5429304103c36d25601ccb7f81,2021-22,2022-02-13,13:30,Europe/Istanbul,football_data_europe_london_converted,Sivasspor,Yeni Malatyaspor,2,1,H,,,,played,True,0,1,14,14,5,5,16,12,6,2,2,1,0,0,football_data,data/raw/football_data/2021-22.csv,244,
17b48d56a171f75bab04f929fec1ba7ec0fee5416a54dc1f66eaebb5d6ad40f2,2021-22,2022-02-13,16:00,Europe/Istanbul,football_data_europe_london_converted,Antalyaspor,Fatih Karagumruk,3,0,H,,,,played,True,2,0,15,9,7,3,13,12,4,1,1,3,0,0,football_data,data/raw/football_data/2021-22.csv,245,
e551e980721ae4818e8bfa80e908c6227067cec55a52661e28d60973a097409e,2021-22,2022-02-13,19:00,Europe/Istanbul,football_data_europe_london_converted,Kasimpasa,Alanyaspor,2,2,D,,,,played,True,0,1,22,10,5,3,12,7,13,3,3,1,0,0,football_data,data/raw/football_data/2021-22.csv,246,
cc542c86a6a0d6a481239d9f46c28a9349f9f27c6068426700545e0e79a762c2,2021-22,2022-02-13,19:00,Europe/Istanbul,football_data_europe_london_converted,Trabzonspor,Konyaspor,2,1,H,,,,played,True,1,0,15,11,6,4,10,13,6,4,0,3,0,0,football_data,data/raw/football_data/2021-22.csv,247,
9c0ffe6ce62be5915ebf0e873965511e8acb664620090481c30a3fbd523ddf69,2021-22,2022-02-14,20:00,Europe/Istanbul,football_data_europe_london_converted,Adana Demirspor,Besiktas,1,1,D,,,,played,True,0,1,17,12,3,6,17,13,8,4,3,2,0,0,football_data,data/raw/football_data/2021-22.csv,248,
18ca1430b94c4848d1e830ad4ccf989406fec7360e7b11b491d59da1fdd908b8,2021-22,2022-02-14,20:00,Europe/Istanbul,football_data_europe_london_converted,Hatayspor,Goztepe,2,1,H,,,,played,True,2,0,15,7,6,3,20,9,4,6,5,3,0,0,football_data,data/raw/football_data/2021-22.csv,249,
74a949ebaafc01065c22b36fd768a97a8670957d810af99afecea21b99eb4b21,2021-22,2022-02-18,20:00,Europe/Istanbul,football_data_europe_london_converted,Konyaspor,Kasimpasa,4,4,D,,,,played,True,2,1,14,10,6,5,9,14,4,4,2,6,0,0,football_data,data/raw/football_data/2021-22.csv,250,
a6dbd5d9ed08a61885d7359ff721b9ab09c300dc50afc54e42721c658dd8ef9b,2021-22,2022-02-18,20:00,Europe/Istanbul,football_data_europe_london_converted,Rizespor,Istanbul Basaksehir,0,2,A,,,,played,True,0,1,17,7,5,4,3,18,7,2,2,4,0,0,football_data,data/raw/football_data/2021-22.csv,251,
3bd2ae4f87f623635be4d37c38c79d0f7e696b750e5be27bf144658c32606665,2021-22,2022-02-19,13:30,Europe/Istanbul,football_data_europe_london_converted,Yeni Malatyaspor,Antalyaspor,1,2,A,,,,played,True,0,1,15,11,3,5,7,7,9,2,1,1,0,0,football_data,data/raw/football_data/2021-22.csv,252,
b0fd8b54f74073e77d0c4b1db1f186665dfdeada5f36f8b5835fb03a0bfb8719,2021-22,2022-02-19,16:00,Europe/Istanbul,football_data_europe_london_converted,Kayserispor,Giresunspor,2,1,H,,,,played,True,2,0,14,12,3,6,13,16,2,8,4,3,0,0,football_data,data/raw/football_data/2021-22.csv,253,
ec9f7251ed67c25dcbbc68e79ae4cc3f7858b36db9bdc830dd9c86812702d9be,2021-22,2022-02-19,19:00,Europe/Istanbul,football_data_europe_london_converted,Besiktas,Altay,1,0,H,,,,played,True,0,0,18,9,8,1,16,11,7,2,3,1,0,0,football_data,data/raw/football_data/2021-22.csv,254,
018629ccad7dafe9a8657325975f526a7476f92291b9dba33d5fd94f9cea2540,2021-22,2022-02-20,13:30,Europe/Istanbul,football_data_europe_london_converted,Gaziantep FK,Adana Demirspor,0,3,A,,,,played,True,0,1,9,18,4,9,13,6,4,7,2,1,0,0,football_data,data/raw/football_data/2021-22.csv,255,
94e248fa4b52d1a4b24faa76e4e43a75153f5d2761a5dee18dba8e8a7bf59a94,2021-22,2022-02-20,16:00,Europe/Istanbul,football_data_europe_london_converted,Alanyaspor,Trabzonspor,0,4,A,,,,played,True,0,4,17,18,4,6,8,9,5,10,0,0,0,0,football_data,data/raw/football_data/2021-22.csv,256,
fd80062d10aa9ba15b5ea4ef8f7260e9a1ed217143f5851c3a39bf210a5b075e,2021-22,2022-02-20,16:00,Europe/Istanbul,football_data_europe_london_converted,Fatih Karagumruk,Sivasspor,1,0,H,,,,played,True,0,0,13,9,3,2,13,13,5,3,2,4,0,0,football_data,data/raw/football_data/2021-22.csv,257,
5f305b07852e908ff7f47cc399f078e77f71ed2f42531031f7f200db31b25d31,2021-22,2022-02-20,19:00,Europe/Istanbul,football_data_europe_london_converted,Fenerbahce,Hatayspor,2,0,H,,,,played,True,0,0,15,11,6,5,14,16,10,4,0,2,0,0,football_data,data/raw/football_data/2021-22.csv,258,
6cc4c6fb3999d90bd879e250a68cf8c1e078bdc1533e6502db23441595e54720,2021-22,2022-02-21,20:00,Europe/Istanbul,football_data_europe_london_converted,Goztepe,Galatasaray,2,3,A,,,,played,True,1,1,13,10,5,7,19,10,5,6,3,3,0,0,football_data,data/raw/football_data/2021-22.csv,259,
331a5451472fbd969c1bea90a5d43edc372290a8690b2f288cf45049b977545d,2021-22,2022-02-22,20:00,Europe/Istanbul,football_data_europe_london_converted,Istanbul Basaksehir,Konyaspor,2,1,H,,,,played,True,0,1,13,12,4,4,11,11,2,3,2,1,0,0,football_data,data/raw/football_data/2021-22.csv,261,
2faab3846d0472f0eda9f2a3e52bd9833e74add9b230791a3f04142d59f73452,2021-22,2022-02-23,17:00,Europe/Istanbul,football_data_europe_london_converted,Gaziantep FK,Yeni Malatyaspor,0,0,D,,,,played,True,0,0,16,10,6,1,16,13,6,4,2,3,0,0,football_data,data/raw/football_data/2021-22.csv,260,
7de6f905cd77f0bef173fa7c47223095347203eae2502005931fff76236aaec7,2021-22,2022-02-25,20:00,Europe/Istanbul,football_data_europe_london_converted,Adana Demirspor,Antalyaspor,0,0,D,,,,played,True,0,0,14,10,4,3,16,6,2,3,0,1,0,0,football_data,data/raw/football_data/2021-22.csv,262,
c16f9d16ab2f83a56636baa540d5afac76d022cee8f87d6b5b5cc26799f87e2c,2021-22,2022-02-25,20:00,Europe/Istanbul,football_data_europe_london_converted,Trabzonspor,Kayserispor,3,2,H,,,,played,True,0,2,22,17,10,7,4,8,6,5,0,0,0,0,football_data,data/raw/football_data/2021-22.csv,263,
7eee208b6371903953a3267e185bbc8c71d42054b027a6a4b96300ac02b49cd2,2021-22,2022-02-26,16:00,Europe/Istanbul,football_data_europe_london_converted,Istanbul Basaksehir,Fatih Karagumruk,1,2,A,,,,played,True,1,2,13,5,3,4,14,8,2,3,2,2,0,0,football_data,data/raw/football_data/2021-22.csv,264,
62283ee6f24b77b9954e3ef41bec82823c83dcf9ed8fae09a1f65b95f7052b98,2021-22,2022-02-26,19:00,Europe/Istanbul,football_data_europe_london_converted,Sivasspor,Besiktas,2,3,A,,,,played,True,1,2,20,17,6,10,8,16,6,6,0,3,0,0,football_data,data/raw/football_data/2021-22.csv,265,
a40b869b672ae7a73272b64f682728e467a8f1024f2a678c1f7f902b411d0356,2021-22,2022-02-27,13:30,Europe/Istanbul,football_data_europe_london_converted,Altay,Gaziantep FK,3,2,H,,,,played,True,2,2,9,12,5,3,17,10,8,4,2,3,0,0,football_data,data/raw/football_data/2021-22.csv,266,
12d4ade8885080eae6757ec1252bc30e59ec6834750e4bf7e793ae3a418dde53,2021-22,2022-02-27,13:30,Europe/Istanbul,football_data_europe_london_converted,Giresunspor,Goztepe,3,1,H,,,,played,True,1,0,16,9,6,4,10,16,7,5,0,1,0,0,football_data,data/raw/football_data/2021-22.csv,267,
f3cf3c555048540f836e1ed5313469bcafa61774bd4532dda2524eef06e1f06e,2021-22,2022-02-27,16:00,Europe/Istanbul,football_data_europe_london_converted,Alanyaspor,Konyaspor,5,1,H,,,,played,True,4,1,17,14,10,3,11,12,4,5,1,3,0,1,football_data,data/raw/football_data/2021-22.csv,268,
79ddfb6eeae26fc265f70be448ee69a8fe111c32e8a0c583286afb5004cf5ff2,2021-22,2022-02-27,16:00,Europe/Istanbul,football_data_europe_london_converted,Hatayspor,Yeni Malatyaspor,5,2,H,,,,played,True,3,0,13,14,8,7,10,9,2,4,1,0,0,0,football_data,data/raw/football_data/2021-22.csv,269,
747294314efe9977ec7ec0dce3254ab9f7342043cf3522019935e2c7d84aae31,2021-22,2022-02-27,19:00,Europe/Istanbul,football_data_europe_london_converted,Galatasaray,Rizespor,4,2,H,,,,played,True,1,1,18,7,9,4,19,15,9,4,6,5,0,1,football_data,data/raw/football_data/2021-22.csv,270,
b2d27e17b8d788c573a204c7a967bea9baca9c0e2f4df7e70171f61cc27210f0,2021-22,2022-02-28,20:00,Europe/Istanbul,football_data_europe_london_converted,Kasimpasa,Fenerbahce,1,2,A,,,,played,True,0,1,16,9,8,2,15,18,8,4,6,1,1,0,football_data,data/raw/football_data/2021-22.csv,271,
bb591b1bc54b908e0536ef572a7bd5f01013ed85b3728fdfea90a9edb6807176,2021-22,2022-03-04,20:00,Europe/Istanbul,football_data_europe_london_converted,Yeni Malatyaspor,Adana Demirspor,1,0,H,,,,played,True,0,0,15,20,5,2,13,11,5,6,1,0,0,0,football_data,data/raw/football_data/2021-22.csv,272,
d5e732816e983a2950d6869ac74920b0b77dc7a22d276e7ab03a74b3477aacd4,2021-22,2022-03-05,16:00,Europe/Istanbul,football_data_europe_london_converted,Goztepe,Kasimpasa,2,3,A,,,,played,True,1,1,8,14,3,5,25,10,4,4,4,3,0,0,football_data,data/raw/football_data/2021-22.csv,273,
3915853467a04b23c8d7ebc60b6fd092d3a984ee9036bb5316d6fbb6bcf7a5f7,2021-22,2022-03-05,16:00,Europe/Istanbul,football_data_europe_london_converted,Rizespor,Giresunspor,1,2,A,,,,played,True,1,1,5,15,2,7,13,17,5,2,3,1,0,0,football_data,data/raw/football_data/2021-22.csv,274,
ef6b5c407f857e769c336d8ce556667117892d18c1a3beb59db4b36f583fc02f,2021-22,2022-03-05,19:00,Europe/Istanbul,football_data_europe_london_converted,Konyaspor,Galatasaray,2,0,H,,,,played,True,2,0,12,11,6,5,15,10,7,5,0,0,0,0,football_data,data/raw/football_data/2021-22.csv,275,
75504bb5ce575bc3c738a927816f2f9623a6959b2e08973ce4680f40832d5f69,2021-22,2022-03-06,16:00,Europe/Istanbul,football_data_europe_london_converted,Fatih Karagumruk,Altay,0,0,D,,,,played,True,0,0,17,6,4,1,8,15,6,1,3,2,0,1,football_data,data/raw/football_data/2021-22.csv,276,
ab40fafcc314b219971b805157fc7ab1b614d0ad2fa447e0a28f48f00841e9a7,2021-22,2022-03-06,19:00,Europe/Istanbul,football_data_europe_london_converted,Antalyaspor,Sivasspor,1,0,H,,,,played,True,1,0,6,11,4,2,15,13,3,6,0,0,0,0,football_data,data/raw/football_data/2021-22.csv,277,
89ac43fec34215a24eb761636ff84edfc0537221461d5045bdad2ca633cebce4,2021-22,2022-03-06,19:00,Europe/Istanbul,football_data_europe_london_converted,Fenerbahce,Trabzonspor,1,1,D,,,,played,True,0,1,11,17,5,3,11,15,4,4,2,1,1,0,football_data,data/raw/football_data/2021-22.csv,278,
a931cc2ca9d772662b5f159fee3276cc01e1b87fc89f10f1ebf84cf5a0764208,2021-22,2022-03-07,20:00,Europe/Istanbul,football_data_europe_london_converted,Besiktas,Istanbul Basaksehir,2,2,D,,,,played,True,1,2,16,4,4,2,10,15,3,3,3,3,0,0,football_data,data/raw/football_data/2021-22.csv,279,
87570e35ed13974947ed3dd3b4cd2e71559b19d3a8a1d09f1b7000dbd8a7dec7,2021-22,2022-03-07,20:00,Europe/Istanbul,football_data_europe_london_converted,Gaziantep FK,Hatayspor,2,2,D,,,,played,True,1,2,19,7,5,3,6,12,11,3,1,2,0,0,football_data,data/raw/football_data/2021-22.csv,280,
e4d26b7ef84fe00d099c6642b2902351c4b594225bb4301b039c7fae1633cfb0,2021-22,2022-03-07,20:00,Europe/Istanbul,football_data_europe_london_converted,Kayserispor,Alanyaspor,1,2,A,,,,played,True,1,1,3,15,1,4,9,9,2,4,3,1,0,0,football_data,data/raw/football_data/2021-22.csv,281,
87f340be7af8de32ee2d402f2afa63cb765a7fd5edf638571216ba5db5b254d5,2021-22,2022-03-12,13:30,Europe/Istanbul,football_data_europe_london_converted,Hatayspor,Fatih Karagumruk,3,0,H,,,,played,True,2,0,13,10,6,3,19,9,2,6,0,0,0,0,football_data,data/raw/football_data/2021-22.csv,282,
ed8d5eb80b7711d539679d901fcb2abac8d71d487f5c752c0f5fc3e0ac68d85c,2021-22,2022-03-12,16:00,Europe/Istanbul,football_data_europe_london_converted,Altay,Yeni Malatyaspor,1,0,H,,,,played,True,1,0,8,6,1,1,16,13,3,2,4,4,0,0,football_data,data/raw/football_data/2021-22.csv,283,
d82a7af611e5d4195f4d725f514e0b968144a9bf1ec9a9bf03203372d8d0abb0,2021-22,2022-03-12,16:00,Europe/Istanbul,football_data_europe_london_converted,Kasimpasa,Rizespor,3,1,H,,,,played,True,1,0,22,9,7,4,16,5,3,4,1,0,0,1,football_data,data/raw/football_data/2021-22.csv,284,
de6598baf6be259dba665b50be6f2ce6e6cf796dc45caceb58394bac37c65923,2021-22,2022-03-12,19:00,Europe/Istanbul,football_data_europe_london_converted,Trabzonspor,Goztepe,4,2,H,,,,played,True,2,2,16,15,10,6,10,14,3,6,2,3,0,0,football_data,data/raw/football_data/2021-22.csv,285,
c0622c9ea1db078f7436c206c4b289b8608cc8986e341c4892fe86d35e27e49e,2021-22,2022-03-13,13:30,Europe/Istanbul,football_data_europe_london_converted,Kayserispor,Konyaspor,2,3,A,,,,played,True,2,1,14,18,4,10,11,9,8,2,2,3,0,0,football_data,data/raw/football_data/2021-22.csv,286,
d9ea8dd009baa9a9a8816f266fdcf0f55387bdf1c12209699e2c9c80f2673f71,2021-22,2022-03-13,16:00,Europe/Istanbul,football_data_europe_london_converted,Adana Demirspor,Sivasspor,2,3,A,,,,played,True,0,1,11,9,5,6,14,12,6,2,2,3,0,0,football_data,data/raw/football_data/2021-22.csv,287,
52feea37fd8db2e8712726d9d4b3fcbe99442eb6aadad9ccc209bab39d7a8062,2021-22,2022-03-13,19:00,Europe/Istanbul,football_data_europe_london_converted,Alanyaspor,Fenerbahce,2,5,A,,,,played,True,0,1,14,18,9,9,14,14,12,4,1,2,0,0,football_data,data/raw/football_data/2021-22.csv,288,
316c06f1200bb6a44e7857b19a71e5ad6b92fec4f289eaad40ed86d134173519,2021-22,2022-03-14,16:00,Europe/Istanbul,football_data_europe_london_converted,Istanbul Basaksehir,Antalyaspor,0,1,A,,,,played,True,0,1,15,6,4,3,13,7,7,6,3,0,0,0,football_data,data/raw/football_data/2021-22.csv,289,
c0d4b7d3f148c6ee22b1fed5812cc7dce304d32da77739a23a50c6472f8716b3,2021-22,2022-03-14,20:00,Europe/Istanbul,football_data_europe_london_converted,Galatasaray,Besiktas,2,1,H,,,,played,True,2,0,19,10,7,1,12,16,4,5,4,4,0,0,football_data,data/raw/football_data/2021-22.csv,290,
bc01beac1ea8d27a0a0579bb443264dcd6c37bd652a066a0df305a20d416ee04,2021-22,2022-03-14,20:00,Europe/Istanbul,football_data_europe_london_converted,Giresunspor,Gaziantep FK,2,1,H,,,,played,True,1,1,13,10,5,3,10,11,6,2,2,0,0,0,football_data,data/raw/football_data/2021-22.csv,291,
3657307d387b21a51c7f594044b0d641a45d6be701f47f8c77e7d7954794d042,2021-22,2022-03-18,20:00,Europe/Istanbul,football_data_europe_london_converted,Fatih Karagumruk,Kayserispor,3,0,H,,,,played,True,2,0,15,15,6,4,11,8,3,6,2,3,0,0,football_data,data/raw/football_data/2021-22.csv,292,
29f480e8f89247619c5edc7b31cf64a1c443e5f0443e59b5f5bbbc2b7c9e5d94,2021-22,2022-03-18,20:00,Europe/Istanbul,football_data_europe_london_converted,Rizespor,Trabzonspor,3,2,H,,,,played,True,0,0,12,10,6,3,18,16,6,9,2,3,0,0,football_data,data/raw/football_data/2021-22.csv,293,
aa2beb7af1296745e8db1665e4ae1f03945417c655ed14c93e5bff629cdfb233,2021-22,2022-03-19,13:30,Europe/Istanbul,football_data_europe_london_converted,Yeni Malatyaspor,Kasimpasa,0,2,A,,,,played,True,0,0,8,14,2,6,11,15,3,4,1,0,0,0,football_data,data/raw/football_data/2021-22.csv,294,
257a73d380bb09bda65fc12179b1362c106b57e5febf332006bd47994661fd6c,2021-22,2022-03-19,16:00,Europe/Istanbul,football_data_europe_london_converted,Adana Demirspor,Istanbul Basaksehir,2,1,H,,,,played,True,1,0,15,11,6,2,14,14,6,4,2,2,0,0,football_data,data/raw/football_data/2021-22.csv,295,
b74dac0c3277c98055eaeec32a568c0d5a05969fc485500da751c36b93e36572,2021-22,2022-03-19,16:00,Europe/Istanbul,football_data_europe_london_converted,Goztepe,Alanyaspor,0,2,A,,,,played,True,0,0,7,12,0,4,15,10,2,4,2,1,0,0,football_data,data/raw/football_data/2021-22.csv,296,
b136652d0b9c822d704a5b63caedd2317c848c62d9f91cbb4bb94c33a8cb8bd1,2021-22,2022-03-19,19:00,Europe/Istanbul,football_data_europe_london_converted,Besiktas,Hatayspor,1,1,D,,,,played,True,1,1,22,10,12,3,9,15,7,4,1,4,0,0,football_data,data/raw/football_data/2021-22.csv,297,
67eb0c80dc4c61d029393beff52ed338165ec22195bc1abb6dea3ad85716ba03,2021-22,2022-03-20,13:30,Europe/Istanbul,football_data_europe_london_converted,Antalyaspor,Giresunspor,4,1,H,,,,played,True,1,0,13,14,8,6,17,16,4,2,3,0,0,0,football_data,data/raw/football_data/2021-22.csv,298,
24dc9fa7cba585881170e304524186ac4ec6af126a6d34e679d5ab52d7d839ac,2021-22,2022-03-20,13:30,Europe/Istanbul,football_data_europe_london_converted,Sivasspor,Altay,2,1,H,,,,played,True,0,0,12,10,5,3,14,17,7,1,1,2,0,0,football_data,data/raw/football_data/2021-22.csv,299,
469d54e32e2eb1d4cd3314566d61cb92e708c69badd7d862a8466d5e88f58955,2021-22,2022-03-20,16:00,Europe/Istanbul,football_data_europe_london_converted,Gaziantep FK,Galatasaray,3,1,H,,,,played,True,1,1,19,13,7,4,10,11,7,7,0,3,0,0,football_data,data/raw/football_data/2021-22.csv,300,
c7d6bc46f0b354128086ff0a1d2a43a5d3579782e262b81885e3fea6a48a932e,2021-22,2022-03-20,19:00,Europe/Istanbul,football_data_europe_london_converted,Fenerbahce,Konyaspor,2,1,H,,,,played,True,0,1,27,7,12,2,7,12,11,2,3,3,0,0,football_data,data/raw/football_data/2021-22.csv,301,
187173e4d813b8f7547ea4d63aaa5a7c0fa0abdfb48d4662879512821e1ff1c4,2021-22,2022-04-02,13:30,Europe/Istanbul,football_data_europe_london_converted,Giresunspor,Sivasspor,2,2,D,,,,played,True,0,2,18,12,7,5,8,11,7,3,0,1,0,0,football_data,data/raw/football_data/2021-22.csv,302,
57f71c9907bf41751cf259539909953e2d319bddc8dddd2df998516876a04711,2021-22,2022-04-02,16:00,Europe/Istanbul,football_data_europe_london_converted,Altay,Antalyaspor,1,2,A,,,,played,True,0,1,13,12,5,4,12,13,2,7,5,2,0,0,football_data,data/raw/football_data/2021-22.csv,303,
b45c55812602d80d9866dbee2dab3bba66c88db9c106764d5581196ac08c4476,2021-22,2022-04-02,16:00,Europe/Istanbul,football_data_europe_london_converted,Kayserispor,Fenerbahce,0,4,A,,,,played,True,0,2,7,17,1,9,17,15,4,0,1,2,0,0,football_data,data/raw/football_data/2021-22.csv,304,
7868f05a5ea9b1f3cf2e9fd1bcb3f1a023a18d4dc191d12b4a1efba0b94d084b,2021-22,2022-04-02,20:30,Europe/Istanbul,football_data_europe_london_converted,Galatasaray,Fatih Karagumruk,2,0,H,,,,played,True,2,0,10,11,4,7,12,8,5,7,1,2,0,0,football_data,data/raw/football_data/2021-22.csv,305,
18df39d5648edd05c9e2b2713bb9a9de35b02330d8540732aad2e2952f5bd9da,2021-22,2022-04-03,13:30,Europe/Istanbul,football_data_europe_london_converted,Kasimpasa,Gaziantep FK,2,1,H,,,,played,True,1,1,17,6,8,3,11,8,7,3,4,3,1,1,football_data,data/raw/football_data/2021-22.csv,306,
f8c5da3c0c80238a1f6ae4497671eda80bc42d49ce127dca2db637f7c722488c,2021-22,2022-04-03,16:00,Europe/Istanbul,football_data_europe_london_converted,Alanyaspor,Rizespor,2,1,H,,,,played,True,1,0,12,12,5,3,17,14,7,8,0,1,0,0,football_data,data/raw/football_data/2021-22.csv,307,
c92287e1a633e5692f91e0547e2ca90c3912456229b896c6a1f032671e227fe6,2021-22,2022-04-03,16:00,Europe/Istanbul,football_data_europe_london_converted,Konyaspor,Goztepe,3,0,H,,,,played,True,2,0,17,7,7,1,12,7,6,9,0,1,0,1,football_data,data/raw/football_data/2021-22.csv,308,
7a1f400dc7d21668df53859a5475030717836ad9e081351bfb7dcb5a752df94b,2021-22,2022-04-03,20:30,Europe/Istanbul,football_data_europe_london_converted,Trabzonspor,Besiktas,1,1,D,,,,played,True,0,0,8,15,2,3,16,18,3,4,3,4,0,1,football_data,data/raw/football_data/2021-22.csv,309,
c105c922de74124d4a6773c8579caec0d739e429e4902d3ad54a9faa3bab9106,2021-22,2022-04-04,20:30,Europe/Istanbul,football_data_europe_london_converted,Hatayspor,Adana Demirspor,0,0,D,,,,played,True,0,0,10,17,2,5,11,15,3,3,4,1,1,0,football_data,data/raw/football_data/2021-22.csv,311,
5b03f521d2d199f6ab8e15793637575c853096905c82ada363bd936a975c9e08,2021-22,2022-04-04,20:30,Europe/Istanbul,football_data_europe_london_converted,Istanbul Basaksehir,Yeni Malatyaspor,1,0,H,,,,played,True,1,0,28,7,11,2,17,12,12,1,0,1,0,0,football_data,data/raw/football_data/2021-22.csv,310,
ac3c8938a1284312941f14a940331d086fefdb8376fb364c621fe02bbd317415,2021-22,2022-04-09,13:30,Europe/Istanbul,football_data_europe_london_converted,Fatih Karagumruk,Kasimpasa,3,2,H,,,,played,True,2,0,10,16,5,4,13,18,3,4,3,3,0,0,football_data,data/raw/football_data/2021-22.csv,312,
7c21daa51e0f87050ef1597779c90d9d3062e0d74bf4bad8b7cb989238544478,2021-22,2022-04-09,16:00,Europe/Istanbul,football_data_europe_london_converted,Goztepe,Kayserispor,1,2,A,,,,played,True,1,2,19,8,7,3,17,8,6,4,1,2,0,0,football_data,data/raw/football_data/2021-22.csv,313,
04eefecd8c137d42a5d3da732a0824580839828408ac07a88276fb717f8221dd,2021-22,2022-04-09,16:00,Europe/Istanbul,football_data_europe_london_converted,Rizespor,Konyaspor,2,1,H,,,,played,True,1,1,11,9,3,3,12,18,5,3,3,2,0,2,football_data,data/raw/football_data/2021-22.csv,314,
435bbbc4d0cb734a9ebd95d34331fb7cd175cb9e6339334b39c0d8670a7d1611,2021-22,2022-04-09,20:30,Europe/Istanbul,football_data_europe_london_converted,Besiktas,Alanyaspor,4,1,H,,,,played,True,3,1,11,4,6,1,23,8,0,3,3,0,0,0,football_data,data/raw/football_data/2021-22.csv,315,
08831d3a0f87b5a24aa2a42809ed472f79eca558d0cc100afe66a7914621c367,2021-22,2022-04-09,20:30,Europe/Istanbul,football_data_europe_london_converted,Gaziantep FK,Trabzonspor,0,0,D,,,,played,True,0,0,17,19,6,5,7,9,5,6,3,1,0,0,football_data,data/raw/football_data/2021-22.csv,316,
98ff29ec6766525a4b08c233e69bd4f0944c465189a726b1105f5aa10f3b0eb8,2021-22,2022-04-10,13:30,Europe/Istanbul,football_data_europe_london_converted,Yeni Malatyaspor,Giresunspor,0,1,A,,,,played,True,0,1,10,12,4,4,12,18,4,4,3,1,0,0,football_data,data/raw/football_data/2021-22.csv,317,
a13a14d347786758c53b37fceb9524f5028c0055334f8f319d11dd8cea519870,2021-22,2022-04-10,16:00,Europe/Istanbul,football_data_europe_london_converted,Adana Demirspor,Altay,3,1,H,,,,played,True,2,0,18,13,9,4,6,10,7,7,1,1,0,0,football_data,data/raw/football_data/2021-22.csv,318,
1d91cd9747dbf16150aaab1af860658e4fa277889295f7a96b187ba9575826ec,2021-22,2022-04-10,16:00,Europe/Istanbul,football_data_europe_london_converted,Sivasspor,Istanbul Basaksehir,0,2,A,,,,played,True,0,1,19,14,7,2,13,15,6,5,2,3,0,0,football_data,data/raw/football_data/2021-22.csv,319,
fce39ec59d84c754dd676c017495ee78e89272a9bac96f321455373956213605,2021-22,2022-04-10,20:30,Europe/Istanbul,football_data_europe_london_converted,Fenerbahce,Galatasaray,2,0,H,,,,played,True,1,0,8,6,3,1,18,18,4,2,3,4,0,0,football_data,data/raw/football_data/2021-22.csv,320,
e161edc09ce7d16561c365c59b663695b65c0239fe8e644f80c433c96258e504,2021-22,2022-04-11,20:30,Europe/Istanbul,football_data_europe_london_converted,Antalyaspor,Hatayspor,4,1,H,,,,played,True,3,1,14,6,8,4,11,11,3,5,1,1,0,1,football_data,data/raw/football_data/2021-22.csv,321,
a7b559a5560db807855203cbcd7c79a3f33a2084d2c989edcea53bbd479af406,2021-22,2022-04-15,20:30,Europe/Istanbul,football_data_europe_london_converted,Kayserispor,Rizespor,1,1,D,,,,played,True,0,0,14,9,5,3,14,16,8,5,2,2,0,0,football_data,data/raw/football_data/2021-22.csv,322,
ec4a995bac256d42428733215e84dc60073279858183ddaddaf067547d1214dc,2021-22,2022-04-15,20:30,Europe/Istanbul,football_data_europe_london_converted,Trabzonspor,Fatih Karagumruk,1,1,D,,,,played,True,0,1,30,11,6,1,11,8,15,4,1,3,0,0,football_data,data/raw/football_data/2021-22.csv,323,
79ad77b9dc67bc035472e9693a9b14595acdabb71fbe2ea349daeadd6a3bcfba,2021-22,2022-04-16,13:30,Europe/Istanbul,football_data_europe_london_converted,Hatayspor,Sivasspor,1,1,D,,,,played,True,0,1,7,8,3,4,8,11,4,4,2,1,0,0,football_data,data/raw/football_data/2021-22.csv,324,
1bac69bc1aec79379079609dc1d06f8d2572e4ac244fea2ad0e471bb3e97422c,2021-22,2022-04-16,16:00,Europe/Istanbul,football_data_europe_london_converted,Alanyaspor,Antalyaspor,1,3,A,,,,played,True,0,2,14,8,5,4,15,7,7,1,1,3,0,0,football_data,data/raw/football_data/2021-22.csv,325,
6187e40f2dbc0b6ea3664f77a5cdc5595c932e79630dd589654640bfad496c68,2021-22,2022-04-16,16:00,Europe/Istanbul,football_data_europe_london_converted,Altay,Istanbul Basaksehir,1,1,D,,,,played,True,0,1,11,18,4,6,12,14,3,9,2,1,0,0,football_data,data/raw/football_data/2021-22.csv,326,
b6eba1186645d6b6c1250d8f29342c13e5101b0bb69b35b94c9395045f7969bc,2021-22,2022-04-16,20:30,Europe/Istanbul,football_data_europe_london_converted,Fenerbahce,Goztepe,2,0,H,,,,played,True,1,0,14,9,3,3,7,17,2,6,0,3,0,1,football_data,data/raw/football_data/2021-22.csv,327,
be513ae76f4490d0ff2ec952cbe416e1a7ed5901094068801b70597c621b2c87,2021-22,2022-04-17,13:30,Europe/Istanbul,football_data_europe_london_converted,Konyaspor,Gaziantep FK,4,1,H,,,,played,True,2,0,20,8,9,6,10,10,3,7,1,2,0,1,football_data,data/raw/football_data/2021-22.csv,328,
711cc03febb6aa7c2f1e71225ac33b490d7f2043bf5c76d131135042ed93a947,2021-22,2022-04-17,16:00,Europe/Istanbul,football_data_europe_london_converted,Kasimpasa,Adana Demirspor,4,0,H,,,,played,True,2,0,22,9,8,5,13,11,3,7,1,1,0,1,football_data,data/raw/football_data/2021-22.csv,329,
7f387a5ce9d9d758fcafb73738e7fcf138200d863060582af39a8505a8aeb180,2021-22,2022-04-17,20:30,Europe/Istanbul,football_data_europe_london_converted,Giresunspor,Besiktas,0,0,D,,,,played,True,0,0,9,14,3,4,12,15,3,8,1,1,0,0,football_data,data/raw/football_data/2021-22.csv,330,
eb177d2ebfa0d17553c132d01ff2c02c70bb43b2581180256739cfb229f98f4a,2021-22,2022-04-18,20:30,Europe/Istanbul,football_data_europe_london_converted,Galatasaray,Yeni Malatyaspor,2,0,H,,,,played,True,0,0,19,15,10,8,10,9,6,3,1,2,0,0,football_data,data/raw/football_data/2021-22.csv,331,
5432c94a5043efe03d69af49e50230d8c21bef10af1d06a50a38ba092be49080,2021-22,2022-04-22,20:30,Europe/Istanbul,football_data_europe_london_converted,Rizespor,Fenerbahce,0,6,A,,,,played,True,0,3,9,20,3,14,13,10,6,11,3,1,1,0,football_data,data/raw/football_data/2021-22.csv,332,
5477d31031168f9fdc38874ae4882afb7828fd701f303901faea412d04577fbf,2021-22,2022-04-23,16:00,Europe/Istanbul,football_data_europe_london_converted,Fatih Karagumruk,Giresunspor,2,1,H,,,,played,True,0,0,7,8,2,4,12,6,2,5,1,0,1,0,football_data,data/raw/football_data/2021-22.csv,334,
dd6f24475c51980f012a46054b16c0785177fd5286aca8743544d327235afbf2,2021-22,2022-04-23,16:00,Europe/Istanbul,football_data_europe_london_converted,Gaziantep FK,Goztepe,1,1,D,,,,played,True,0,0,16,13,4,5,12,11,12,2,1,1,0,0,football_data,data/raw/football_data/2021-22.csv,333,
9eb7429dde45bac87458390a8c3ea18321a0590de06ddb64e4a2ef37eec40ad9,2021-22,2022-04-23,20:30,Europe/Istanbul,football_data_europe_london_converted,Adana Demirspor,Trabzonspor,1,3,A,,,,played,True,0,2,14,11,3,6,12,9,9,0,1,1,0,0,football_data,data/raw/football_data/2021-22.csv,335,
07889f446d30cd4319d9836e82e566d27de4467cf7425093145351d0967be2f5,2021-22,2022-04-24,16:00,Europe/Istanbul,football_data_europe_london_converted,Istanbul Basaksehir,Hatayspor,3,0,H,,,,played,True,0,0,21,3,8,1,6,10,3,2,1,1,0,0,football_data,data/raw/football_data/2021-22.csv,336,
ea8d497755e3db9ec2743a9390088f2044057a6d66fe4cf21bd61fa10cb87b81,2021-22,2022-04-24,16:00,Europe/Istanbul,football_data_europe_london_converted,Yeni Malatyaspor,Konyaspor,2,3,A,,,,played,True,0,2,11,13,5,7,9,11,1,10,2,2,1,0,football_data,data/raw/football_data/2021-22.csv,337,
bcd117d0fbac5eb1f09b54c348905dd654f8120e4d0bcd379bc6a69d24edb079,2021-22,2022-04-24,20:30,Europe/Istanbul,football_data_europe_london_converted,Altay,Galatasaray,0,1,A,,,,played,True,0,1,14,7,4,5,15,8,6,5,3,4,0,0,football_data,data/raw/football_data/2021-22.csv,338,
1dc8d3da72dcf0ffd20636984616d7b5d1abab9c950eaedddaf501cef94f3231,2021-22,2022-04-24,20:30,Europe/Istanbul,football_data_europe_london_converted,Antalyaspor,Kayserispor,1,1,D,,,,played,True,0,0,7,12,1,4,11,10,5,4,0,1,0,0,football_data,data/raw/football_data/2021-22.csv,339,
40c85250a38b58954b3c2d03c2a538e003d887dd1f1b88a389baae69f7802bcf,2021-22,2022-04-25,20:30,Europe/Istanbul,football_data_europe_london_converted,Besiktas,Kasimpasa,0,3,A,,,,played,True,0,2,15,9,3,5,16,10,4,5,5,5,0,0,football_data,data/raw/football_data/2021-22.csv,340,
cea43d34f91c2688a2bedcf4ceb6b03409d61bb5112ff901c1d44a4653a3f441,2021-22,2022-04-25,20:30,Europe/Istanbul,football_data_europe_london_converted,Sivasspor,Alanyaspor,1,0,H,,,,played,True,0,0,4,13,1,2,7,11,4,7,2,5,0,0,football_data,data/raw/football_data/2021-22.csv,341,
f183a389489b42b1b3e380323fa7796e0d3a6bd92de45184ba44894c914db8ce,2021-22,2022-04-29,20:30,Europe/Istanbul,football_data_europe_london_converted,Fenerbahce,Gaziantep FK,3,2,H,,,,played,True,1,0,14,8,6,3,16,8,4,7,2,4,0,0,football_data,data/raw/football_data/2021-22.csv,342,
5a3979129cf3e9b3c87b4ff15c2eb6b910f7fafee41fe6d82a3d2b6b0cf17ac6,2021-22,2022-04-29,20:30,Europe/Istanbul,football_data_europe_london_converted,Giresunspor,Adana Demirspor,2,0,H,,,,played,True,1,0,14,9,5,1,11,15,4,2,0,1,0,0,football_data,data/raw/football_data/2021-22.csv,343,
ee75ffd517e38606dae8fdc797624bc6737f73f265cd8acf25408d72d5c7fc03,2021-22,2022-04-30,16:00,Europe/Istanbul,football_data_europe_london_converted,Kasimpasa,Istanbul Basaksehir,2,3,A,,,,played,True,1,2,13,16,3,8,12,14,5,3,0,2,0,0,football_data,data/raw/football_data/2021-22.csv,344,
4502fa375e4e40d9e1ccd967ba6a653a2d7003e65c2537dc2ce653d86e3430d9,2021-22,2022-04-30,16:00,Europe/Istanbul,football_data_europe_london_converted,Konyaspor,Fatih Karagumruk,1,2,A,,,,played,True,1,0,15,11,2,3,12,12,4,3,1,1,0,0,football_data,data/raw/football_data/2021-22.csv,345,
69136cfab7db4c299829bd1afe5f225a395ba2def788d2b049f68383d68d9045,2021-22,2022-04-30,20:30,Europe/Istanbul,football_data_europe_london_converted,Hatayspor,Altay,0,1,A,,,,played,True,0,1,10,7,1,3,7,14,9,2,3,1,0,0,football_data,data/raw/football_data/2021-22.csv,346,
3bf1e62491589f1fbd64cd8def21b893fb14819e5077359848147a23a8e3affb,2021-22,2022-04-30,20:30,Europe/Istanbul,football_data_europe_london_converted,Trabzonspor,Antalyaspor,2,2,D,,,,played,True,1,0,9,12,5,7,9,12,5,4,3,4,0,0,football_data,data/raw/football_data/2021-22.csv,347,
58d8079a9a72a23f5796e5b43b5d399e8b5b287c06f3fca0c013f0b5dac502d9,2021-22,2022-05-01,16:00,Europe/Istanbul,football_data_europe_london_converted,Alanyaspor,Yeni Malatyaspor,2,1,H,,,,played,True,0,1,40,4,11,3,15,11,17,2,2,1,0,1,football_data,data/raw/football_data/2021-22.csv,348,
0093018eee8778c627f1715985bdd6f8ac49343381767e360fcc708b775f369b,2021-22,2022-05-01,16:00,Europe/Istanbul,football_data_europe_london_converted,Kayserispor,Besiktas,2,3,A,,,,played,True,1,0,13,17,4,6,13,20,4,6,0,4,0,1,football_data,data/raw/football_data/2021-22.csv,349,
0c87a46b68bce4dff045fff343b81dafa57dcbcb97a86e88bf3918c1c801f72a,2021-22,2022-05-01,20:30,Europe/Istanbul,football_data_europe_london_converted,Galatasaray,Sivasspor,2,3,A,,,,played,True,1,1,10,14,3,5,10,17,6,1,2,4,0,0,football_data,data/raw/football_data/2021-22.csv,350,
519ff92841dc02f3c07275dd7320d3d76881d1524aa5389822f52fb19e8eed0f,2021-22,2022-05-01,20:30,Europe/Istanbul,football_data_europe_london_converted,Goztepe,Rizespor,1,7,A,,,,played,True,1,3,19,13,5,7,8,7,7,1,1,0,0,0,football_data,data/raw/football_data/2021-22.csv,351,
1b9849eed479ae9ab187a49b394a97d0b0ecd3f439d1e8478a3e4d536d3fe9ed,2021-22,2022-05-06,20:00,Europe/Istanbul,football_data_europe_london_converted,Gaziantep FK,Kayserispor,1,1,D,,,,played,True,1,1,12,8,4,4,14,6,4,3,1,3,0,0,football_data,data/raw/football_data/2021-22.csv,352,
424f035ad7ed6fb9682c2dfe6c978d8f3713d1c3cb96fb52ee27323408a58224,2021-22,2022-05-06,20:00,Europe/Istanbul,football_data_europe_london_converted,Hatayspor,Trabzonspor,1,1,D,,,,played,True,0,0,10,15,5,6,12,9,10,4,1,0,0,0,football_data,data/raw/football_data/2021-22.csv,353,
87c441f5d5ac87afb3faa854a30c7dd485254c32596d0d214b859f8543864831,2021-22,2022-05-07,16:00,Europe/Istanbul,football_data_europe_london_converted,Fatih Karagumruk,Goztepe,3,1,H,,,,played,True,1,0,19,5,7,1,14,10,7,4,2,1,0,0,football_data,data/raw/football_data/2021-22.csv,354,
06779d85602546e84db525c24be2cb157b6df79835d77b3ca5eaca51edb7c3a1,2021-22,2022-05-07,16:00,Europe/Istanbul,football_data_europe_london_converted,Sivasspor,Kasimpasa,1,3,A,,,,played,True,0,0,14,10,4,4,14,15,3,4,2,2,0,0,football_data,data/raw/football_data/2021-22.csv,355,
7afd061f4c266498b0d27108a283c00801ee8b646da2f1af0116ff5a03f51c37,2021-22,2022-05-07,19:00,Europe/Istanbul,football_data_europe_london_converted,Adana Demirspor,Alanyaspor,1,2,A,,,,played,True,1,1,14,11,6,5,12,22,6,3,3,4,0,0,football_data,data/raw/football_data/2021-22.csv,356,
2a6039dd5adf1e2dd6b4a2b70d4b1bfc9bfe0cdae13a6106bd743424b628427f,2021-22,2022-05-07,19:00,Europe/Istanbul,football_data_europe_london_converted,Istanbul Basaksehir,Galatasaray,0,0,D,,,,played,True,0,0,21,11,10,4,9,4,10,3,0,0,0,0,football_data,data/raw/football_data/2021-22.csv,357,
2129000d3d603b5a5e19d79aef6536336d060a03867113538734cddb8640d0f4,2021-22,2022-05-08,16:00,Europe/Istanbul,football_data_europe_london_converted,Altay,Giresunspor,1,1,D,,,,played,True,0,1,17,8,5,2,10,15,8,5,1,4,0,0,football_data,data/raw/football_data/2021-22.csv,358,
851bab2d2876c8b6269738124538437a9c81b93e5db0afc25b92a6d3f9dc573c,2021-22,2022-05-08,16:00,Europe/Istanbul,football_data_europe_london_converted,Yeni Malatyaspor,Rizespor,1,3,A,,,,played,True,1,2,13,12,2,8,9,11,4,6,1,2,0,0,football_data,data/raw/football_data/2021-22.csv,359,
75577b061aa3d58a6b4f49b4289a19d4d11872b500cc14c6050eaf337d229159,2021-22,2022-05-08,19:00,Europe/Istanbul,football_data_europe_london_converted,Besiktas,Fenerbahce,1,1,D,,,,played,True,1,1,9,8,3,2,22,13,6,8,6,3,0,0,football_data,data/raw/football_data/2021-22.csv,360,
c8a2d914e2028c9f1e9400dad2088223829a3947a121d38cacf926996a5c1d3c,2021-22,2022-05-09,20:00,Europe/Istanbul,football_data_europe_london_converted,Antalyaspor,Konyaspor,3,2,H,,,,played,True,2,2,16,15,6,4,13,10,2,5,1,2,0,0,football_data,data/raw/football_data/2021-22.csv,361,
6cf2d57d2e78bf921db3cf1197f6e87f74d57de36375442fa33b95c11fd46d00,2021-22,2022-05-14,19:00,Europe/Istanbul,football_data_europe_london_converted,Kayserispor,Yeni Malatyaspor,3,0,H,,,,played,True,2,0,11,12,6,3,16,19,6,1,1,3,0,0,football_data,data/raw/football_data/2021-22.csv,362,
8be3145dd184a4ee0acc1bca6ecce352992259966df936065c0a8fd9f5e2a942,2021-22,2022-05-15,16:00,Europe/Istanbul,football_data_europe_london_converted,Goztepe,Besiktas,0,2,A,,,,played,True,0,2,18,8,7,3,20,10,5,1,6,4,1,2,football_data,data/raw/football_data/2021-22.csv,363,
9faacc3f1f76f648ad8c9c0fe2b440586cd72fae386c208fe794b908709c58be,2021-22,2022-05-15,16:00,Europe/Istanbul,football_data_europe_london_converted,Trabzonspor,Altay,2,1,H,,,,played,True,1,0,16,5,3,3,6,6,5,1,1,0,0,0,football_data,data/raw/football_data/2021-22.csv,364,
21dd93fe3666b78fec24e43d1a63753fe4122357ec3afdf4303704214ed0c8df,2021-22,2022-05-15,19:00,Europe/Istanbul,football_data_europe_london_converted,Alanyaspor,Gaziantep FK,3,0,H,,,,played,True,0,0,20,11,8,3,17,10,5,2,3,3,0,0,football_data,data/raw/football_data/2021-22.csv,365,
6c78f91b2a7c4abdcf114ea49b27f9edfa2b48b08cc096c5bab2840f0d525c4f,2021-22,2022-05-15,19:00,Europe/Istanbul,football_data_europe_london_converted,Fenerbahce,Fatih Karagumruk,0,0,D,,,,played,True,0,0,16,12,6,4,11,2,8,5,4,2,0,0,football_data,data/raw/football_data/2021-22.csv,366,
0ea906418a3dbf570e2816d320fa0c05249314878bff75c1a8c392578afef395,2021-22,2022-05-15,19:00,Europe/Istanbul,football_data_europe_london_converted,Giresunspor,Istanbul Basaksehir,1,1,D,,,,played,True,0,1,9,8,3,2,13,7,4,5,4,2,0,0,football_data,data/raw/football_data/2021-22.csv,367,
6b9c753dcbe30703e7be97f714f959477bc8626601e9144ab22dbecba0e18042,2021-22,2022-05-15,19:00,Europe/Istanbul,football_data_europe_london_converted,Kasimpasa,Antalyaspor,2,4,A,,,,played,True,1,1,16,20,4,8,9,7,3,6,2,1,0,0,football_data,data/raw/football_data/2021-22.csv,368,
75cd25185268441c7a7ad0711fa59262ec30c6db8e4920b8d17f462a62a9100e,2021-22,2022-05-15,19:00,Europe/Istanbul,football_data_europe_london_converted,Konyaspor,Hatayspor,3,1,H,,,,played,True,1,1,22,7,7,1,10,13,7,2,1,2,0,0,football_data,data/raw/football_data/2021-22.csv,369,
c5dc707c531d7ce997020687cf9abba692687d96322eaad439875fc4df7739c9,2021-22,2022-05-16,20:00,Europe/Istanbul,football_data_europe_london_converted,Galatasaray,Adana Demirspor,3,2,H,,,,played,True,1,1,20,10,9,4,15,11,7,1,3,2,0,0,football_data,data/raw/football_data/2021-22.csv,370,
502fb5e9f387d650494a139ebdd05c5f550f52b73e782562180ce8068b6bde68,2021-22,2022-05-16,20:00,Europe/Istanbul,football_data_europe_london_converted,Rizespor,Sivasspor,1,2,A,,,,played,True,1,1,9,14,3,3,11,12,3,6,2,3,0,0,football_data,data/raw/football_data/2021-22.csv,371,
17161e9b591fc73846434624ca265219455c1a2de921bf06bdc7f5afb4de1d3c,2021-22,2022-05-20,20:00,Europe/Istanbul,football_data_europe_london_converted,Antalyaspor,Galatasaray,1,1,D,,,,played,True,1,0,14,13,3,3,13,10,5,6,2,2,0,0,football_data,data/raw/football_data/2021-22.csv,372,
61f08f86677ff2ff985249b0c764cd657dce9168e845cbbc88a5db12df8ad865,2021-22,2022-05-20,20:00,Europe/Istanbul,football_data_europe_london_converted,Gaziantep FK,Rizespor,2,0,H,,,,played,True,1,0,21,11,6,6,9,11,8,6,2,0,0,0,football_data,data/raw/football_data/2021-22.csv,373,
a21804e6a869b7a22bb56651fc9312c8e49941f695cb86a1476ca0e88a53f2e6,2021-22,2022-05-21,16:00,Europe/Istanbul,football_data_europe_london_converted,Altay,Kasimpasa,2,4,A,,,,played,True,1,2,12,12,7,6,11,12,6,3,0,1,0,0,football_data,data/raw/football_data/2021-22.csv,374,
c787da33377597422cd7df11cef9db09d664b3188a44e8dfe0a2b27618a150be,2021-22,2022-05-21,16:00,Europe/Istanbul,football_data_europe_london_converted,Sivasspor,Kayserispor,2,1,H,,,,played,True,1,0,9,5,6,2,10,8,3,5,0,0,0,0,football_data,data/raw/football_data/2021-22.csv,375,
e196377c5495298d82bd8352ed973e543b168258bb1d3ccbffcf2f779f1a70cc,2021-22,2022-05-21,19:00,Europe/Istanbul,football_data_europe_london_converted,Besiktas,Konyaspor,1,1,D,,,,played,True,0,1,21,12,5,1,19,11,7,5,3,3,0,0,football_data,data/raw/football_data/2021-22.csv,376,
eaa113cf2d0dda7e9a004a0f7c52cb775404265511364886cbb1d5474058320e,2021-22,2022-05-21,19:00,Europe/Istanbul,football_data_europe_london_converted,Yeni Malatyaspor,Fenerbahce,0,5,A,,,,played,True,0,1,7,29,4,12,8,8,0,10,1,3,1,0,football_data,data/raw/football_data/2021-22.csv,377,
5d79c37c605b9580792ba9d9c95f381af4e2e8472f20685d17ad66778bf21ea8,2021-22,2022-05-22,16:00,Europe/Istanbul,football_data_europe_london_converted,Fatih Karagumruk,Alanyaspor,0,1,A,,,,played,True,0,1,17,18,5,6,11,14,8,7,1,2,0,0,football_data,data/raw/football_data/2021-22.csv,379,
b362f66c100ec22c04b58531cc2df244da2f5d6d701e10b523e24962c6afe3bd,2021-22,2022-05-22,16:00,Europe/Istanbul,football_data_europe_london_converted,Istanbul Basaksehir,Trabzonspor,3,1,H,,,,played,True,3,0,12,14,4,6,20,11,3,7,2,0,0,0,football_data,data/raw/football_data/2021-22.csv,378,
ee46dc4e61062e0e565c58b33d806cea6ac1822eb3b2d0fe17836c8477a3b8a6,2021-22,2022-05-22,19:00,Europe/Istanbul,football_data_europe_london_converted,Adana Demirspor,Goztepe,7,0,H,,,,played,True,5,0,23,6,10,1,11,8,2,1,0,2,0,0,football_data,data/raw/football_data/2021-22.csv,380,
50e5f1e7412ba080e3995d55cdbe8dd8388eac8b80bf35062395f53d9bc3c039,2021-22,2022-05-22,19:00,Europe/Istanbul,football_data_europe_london_converted,Hatayspor,Giresunspor,4,1,H,,,,played,True,1,1,18,6,8,3,10,6,11,3,0,1,0,0,football_data,data/raw/football_data/2021-22.csv,381,
51e1eab522d2772122c4dad42d4dff1fb8b9d40466970f67bf40db25793fd713,2022-23,2022-08-05,21:00,Europe/Istanbul,football_data_europe_london_converted,Istanbulspor,Trabzonspor,0,2,A,,,,played,True,0,1,3,13,2,5,13,11,1,10,2,2,0,0,football_data,data/raw/football_data/2022-23.csv,2,
45e27b075533447860ccafaebd518382c86a808e1491a72ce1fe55ced433370f,2022-23,2022-08-06,19:15,Europe/Istanbul,football_data_europe_london_converted,Sivasspor,Gaziantep FK,1,1,D,,,,played,True,0,1,9,16,3,6,11,14,2,6,2,3,0,0,football_data,data/raw/football_data/2022-23.csv,3,
73878914872b964fe026da3d68d8cd217d231465b93da12c2084790d1be55801,2022-23,2022-08-06,21:45,Europe/Istanbul,football_data_europe_london_converted,Besiktas,Kayserispor,1,0,H,,,,played,True,0,0,20,5,6,1,22,14,9,4,5,2,1,1,football_data,data/raw/football_data/2022-23.csv,4,
677b2c311dad7055a04df23738259e8c829b878ad2d28699ddcdef61b9356bbb,2022-23,2022-08-07,19:15,Europe/Istanbul,football_data_europe_london_converted,Fatih Karagumruk,Alanyaspor,2,4,A,,,,played,True,0,2,17,10,4,6,19,19,10,3,2,3,0,0,football_data,data/raw/football_data/2022-23.csv,6,
c16c5bb79ec56fea3a3385c2e88e20f451c97466d0bffe16c7d9802b70ecf2fb,2022-23,2022-08-07,19:15,Europe/Istanbul,football_data_europe_london_converted,Giresunspor,Adana Demirspor,2,3,A,,,,played,True,0,2,14,10,5,4,21,16,6,1,3,2,0,0,football_data,data/raw/football_data/2022-23.csv,5,
8fc1b07201f4126026542614bdd8c0dc201e3a0fb58525a161a8c5282e0178dc,2022-23,2022-08-07,21:45,Europe/Istanbul,football_data_europe_london_converted,Antalyaspor,Galatasaray,0,1,A,,,,played,True,0,0,12,13,4,4,17,16,1,6,2,4,0,0,football_data,data/raw/football_data/2022-23.csv,7,
1c60360a90a2b674d06a424d2877b9082cb946fdfd965ec9f04cc32b44999854,2022-23,2022-08-08,19:15,Europe/Istanbul,football_data_europe_london_converted,Istanbul Basaksehir,Kasimpasa,4,0,H,,,,played,True,2,0,15,9,7,3,14,15,6,5,2,3,0,0,football_data,data/raw/football_data/2022-23.csv,8,
c7dfc29ca41b8f3b60517392b23d47d55a1da1e884d826aeec8308256e58972d,2022-23,2022-08-08,21:45,Europe/Istanbul,football_data_europe_london_converted,Ankaragucu,Konyaspor,0,0,D,,,,played,True,0,0,12,10,3,0,14,6,6,3,1,0,0,0,football_data,data/raw/football_data/2022-23.csv,9,
5d88574c13ad141d9499db4b772cc65462c5994ea333a5f14d883fe96c843c98,2022-23,2022-08-08,21:45,Europe/Istanbul,football_data_europe_london_converted,Fenerbahce,Umraniyespor,3,3,D,,,,played,True,2,1,17,10,6,5,14,13,5,5,7,2,0,0,football_data,data/raw/football_data/2022-23.csv,10,
fe4143f1271116929fa51fce949829022bca7a2acdf962e36e1aa405bcf8f2bc,2022-23,2022-08-12,21:00,Europe/Istanbul,football_data_europe_london_converted,Trabzonspor,Hatayspor,1,0,H,,,,played,True,0,0,21,7,6,3,18,10,11,2,2,3,0,0,football_data,data/raw/football_data/2022-23.csv,11,
83843ffc093dd9a26007ee3590176e20bbc22769a89f98817450d89beeee70e4,2022-23,2022-08-13,19:15,Europe/Istanbul,football_data_europe_london_converted,Kayserispor,Istanbulspor,1,0,H,,,,played,True,1,0,8,13,4,1,8,10,4,5,3,2,0,0,football_data,data/raw/football_data/2022-23.csv,12,
9a90ec7b4d40add08d998ea95414b5dc576e8593efbdaad5c1e7fbcac1e35fbc,2022-23,2022-08-13,21:45,Europe/Istanbul,football_data_europe_london_converted,Adana Demirspor,Sivasspor,3,0,H,,,,played,True,1,0,27,10,13,1,12,6,7,1,2,0,0,0,football_data,data/raw/football_data/2022-23.csv,13,
fff1f0bb04f61bf1ab74082e3c0173f84ed91d9a6fc83d909c97dc1edddbbb25,2022-23,2022-08-13,21:45,Europe/Istanbul,football_data_europe_london_converted,Galatasaray,Giresunspor,0,1,A,,,,played,True,0,0,14,5,2,4,7,11,10,3,3,2,0,0,football_data,data/raw/football_data/2022-23.csv,14,
c5b09089fbffe25e7869b6def1544ba02c8ac769ee50099f92cc0c2a7d103755,2022-23,2022-08-14,19:15,Europe/Istanbul,football_data_europe_london_converted,Gaziantep FK,Ankaragucu,1,0,H,,,,played,True,0,0,20,6,9,0,12,12,9,4,2,3,0,0,football_data,data/raw/football_data/2022-23.csv,15,
04f0ebf99de807a220b3f76323ee0f23e39464e4b5bcae94e3b71a63982f07d0,2022-23,2022-08-14,19:15,Europe/Istanbul,football_data_europe_london_converted,Umraniyespor,Antalyaspor,0,1,A,,,,played,True,0,0,14,11,2,2,15,12,4,5,1,2,0,0,football_data,data/raw/football_data/2022-23.csv,16,
1ae39f9e857f93ca7b11f321cfa8ae2036a1fc5505ac14c91b809d349c2d1a70,2022-23,2022-08-14,21:45,Europe/Istanbul,football_data_europe_london_converted,Alanyaspor,Besiktas,3,3,D,,,,played,True,1,3,11,6,3,4,22,16,12,1,3,4,0,1,football_data,data/raw/football_data/2022-23.csv,17,
eff59955a5087b6b9c74ca1fb07c1a4efcda935c25a948192013cadb432a1360,2022-23,2022-08-15,19:15,Europe/Istanbul,football_data_europe_london_converted,Konyaspor,Istanbul Basaksehir,0,0,D,,,,played,True,0,0,9,9,2,3,7,8,0,5,1,3,0,0,football_data,data/raw/football_data/2022-23.csv,18,
b00c7d28756f5e89cded108491125e25714afcea2879e43a283cf58b070bea53,2022-23,2022-08-15,21:45,Europe/Istanbul,football_data_europe_london_converted,Kasimpasa,Fenerbahce,0,6,A,,,,played,True,0,3,6,24,2,9,18,10,2,8,3,1,1,0,football_data,data/raw/football_data/2022-23.csv,19,
53bde3494d7355b50a4e757a2c1dfe1ca0cb650bf9d946b29c2fbfb9de104fbf,2022-23,2022-08-19,21:00,Europe/Istanbul,football_data_europe_london_converted,Umraniyespor,Galatasaray,0,1,A,,,,played,True,0,0,15,24,3,10,18,14,3,5,6,2,0,0,football_data,data/raw/football_data/2022-23.csv,20,
c6318094438faff11f8c9e93c0053882e445cada8da1d0bd36c5fb5664ee56df,2022-23,2022-08-20,19:15,Europe/Istanbul,football_data_europe_london_converted,Giresunspor,Kasimpasa,1,0,H,,,,played,True,0,0,14,11,7,4,11,13,8,6,3,2,0,0,football_data,data/raw/football_data/2022-23.csv,21,
ab5a2001ad628ddf37e2b0b6554396aa4cd427269c9bb987a99abed768e47f70,2022-23,2022-08-20,19:15,Europe/Istanbul,football_data_europe_london_converted,Hatayspor,Gaziantep FK,1,2,A,,,,played,True,1,1,14,11,3,3,5,10,4,3,2,3,0,0,football_data,data/raw/football_data/2022-23.csv,22,
14b0f08ce76eb22d6737ffeacda6d33369ac4f63edf8dbca753cca73f8012657,2022-23,2022-08-20,21:45,Europe/Istanbul,football_data_europe_london_converted,Antalyaspor,Trabzonspor,5,2,H,,,,played,True,2,1,13,17,6,5,10,8,3,5,1,2,0,0,football_data,data/raw/football_data/2022-23.csv,23,
4a308b9322858a1488a0ccf424f6e0caf1ea3ee3f653771cc317de905d7c3826,2022-23,2022-08-21,19:15,Europe/Istanbul,football_data_europe_london_converted,Istanbul Basaksehir,Kayserispor,2,0,H,,,,played,True,1,0,12,10,8,2,16,7,4,3,5,0,0,0,football_data,data/raw/football_data/2022-23.csv,24,
10dcafb21cfb3e7989ccd074010c67bf3929224b7526fb58da64b23f96b883f2,2022-23,2022-08-21,21:45,Europe/Istanbul,football_data_europe_london_converted,Besiktas,Fatih Karagumruk,4,1,H,,,,played,True,2,0,19,7,8,3,19,7,6,3,3,3,0,0,football_data,data/raw/football_data/2022-23.csv,25,
9fd57d5b6ac3b56224c055845ebea320340ccaed4840e3a92a3eed90a0413e10,2022-23,2022-08-22,19:15,Europe/Istanbul,football_data_europe_london_converted,Istanbulspor,Konyaspor,0,4,A,,,,played,True,0,2,11,14,4,9,16,7,7,3,1,3,0,0,football_data,data/raw/football_data/2022-23.csv,26,
6bf2e19b95c625356a42d69e3d00cfa3517169bdcc282ab817f7ee3f18942338,2022-23,2022-08-22,19:15,Europe/Istanbul,football_data_europe_london_converted,Sivasspor,Alanyaspor,1,1,D,,,,played,True,1,0,10,13,3,5,14,8,4,6,2,2,0,0,football_data,data/raw/football_data/2022-23.csv,27,
829cc2fab38542219ba8b54f1a59dd3a53606b4ed649ffecf46fe6cc12a293a7,2022-23,2022-08-22,21:45,Europe/Istanbul,football_data_europe_london_converted,Fenerbahce,Adana Demirspor,4,2,H,,,,played,True,2,0,11,14,7,9,15,13,2,2,3,4,0,1,football_data,data/raw/football_data/2022-23.csv,28,
342abb8aacdae9b1e0d74f8faf0badb44ffc95b114f9bc0f0cf1532c15195281,2022-23,2022-08-26,21:00,Europe/Istanbul,football_data_europe_london_converted,Gaziantep FK,Antalyaspor,5,2,H,,,,played,True,1,2,13,10,8,5,13,8,3,4,3,3,0,0,football_data,data/raw/football_data/2022-23.csv,29,
8e13f538dd63ed1d807110268934a1db1079529f5d8e6ab47dc1b4735f5cff4a,2022-23,2022-08-27,19:15,Europe/Istanbul,football_data_europe_london_converted,Fatih Karagumruk,Ankaragucu,4,1,H,,,,played,True,2,0,13,10,9,4,9,13,0,7,2,3,0,0,football_data,data/raw/football_data/2022-23.csv,30,
1fe5aa400ff77e5da633586afb05e9016352136e308e7342c2c3949c983028a6,2022-23,2022-08-27,21:45,Europe/Istanbul,football_data_europe_london_converted,Adana Demirspor,Umraniyespor,1,0,H,,,,played,True,1,0,15,15,4,2,9,12,4,1,2,2,0,0,football_data,data/raw/football_data/2022-23.csv,31,
3251b67b7f7f890f451bfaa8f9c229cd488fd4c4e774449602d1d2d01808f852,2022-23,2022-08-27,21:45,Europe/Istanbul,football_data_europe_london_converted,Alanyaspor,Istanbulspor,0,1,A,,,,played,True,0,0,14,10,3,5,12,15,9,1,3,4,0,1,football_data,data/raw/football_data/2022-23.csv,32,
3e699e99518bb782aaf72c860bf099b41723b6f3f791daa5ae6bed5c822f0e67,2022-23,2022-08-28,19:15,Europe/Istanbul,football_data_europe_london_converted,Kasimpasa,Hatayspor,1,0,H,,,,played,True,1,0,12,11,6,3,14,12,5,4,3,1,0,0,football_data,data/raw/football_data/2022-23.csv,33,
74a9597ffc4e9e386bf7a2ca568f2c01f1736f37bf2099f4534f8d01f4d5fc1d,2022-23,2022-08-28,19:15,Europe/Istanbul,football_data_europe_london_converted,Kayserispor,Giresunspor,3,0,H,,,,played,True,1,0,15,11,3,6,6,13,3,7,1,2,0,0,football_data,data/raw/football_data/2022-23.csv,34,
e171e50a01e13b8e620c955c10c879114cbf256e51e0222c57f1887c15f9f546,2022-23,2022-08-28,21:45,Europe/Istanbul,football_data_europe_london_converted,Trabzonspor,Galatasaray,0,0,D,,,,played,True,0,0,10,13,3,4,18,16,2,5,3,2,0,0,football_data,data/raw/football_data/2022-23.csv,35,
05304fe3aba87dd2a3bfc0efc448c0eee4f96c7ee363c59b4e6e6addce605626,2022-23,2022-08-29,19:15,Europe/Istanbul,football_data_europe_london_converted,Konyaspor,Fenerbahce,1,0,H,,,,played,True,0,0,6,8,4,2,8,4,4,2,4,0,1,1,football_data,data/raw/football_data/2022-23.csv,36,
961b705df5a6a385b97f76e59f1365b81114c0144498178aecc32f8db02f5807,2022-23,2022-08-29,21:45,Europe/Istanbul,football_data_europe_london_converted,Besiktas,Sivasspor,3,1,H,,,,played,True,3,0,18,6,10,3,13,15,5,4,0,2,0,0,football_data,data/raw/football_data/2022-23.csv,37,
59720f55d9f0ac8eb233259fdd6b071f83c9c1bdd7fe456d49db6d60e1cf43c3,2022-23,2022-09-02,21:00,Europe/Istanbul,football_data_europe_london_converted,Umraniyespor,Trabzonspor,0,1,A,,,,played,True,0,0,7,23,2,7,10,12,7,5,0,3,0,0,football_data,data/raw/football_data/2022-23.csv,38,
5207ecd94668c29b79d5d01e73867942a1bdc84c6af037b6e64c1bb635de2736,2022-23,2022-09-03,19:15,Europe/Istanbul,football_data_europe_london_converted,Istanbul Basaksehir,Alanyaspor,2,0,H,,,,played,True,1,0,10,8,3,1,8,18,3,8,1,3,0,0,football_data,data/raw/football_data/2022-23.csv,39,
b7f38b86d8106ac5f5cbbe98a5e72613a3cf7e635f1872007bdf90991a4f1462,2022-23,2022-09-03,19:15,Europe/Istanbul,football_data_europe_london_converted,Sivasspor,Fatih Karagumruk,0,0,D,,,,played,True,0,0,7,12,3,3,7,13,11,6,2,2,1,0,football_data,data/raw/football_data/2022-23.csv,40,
417a0811d8e67569a5ab07f62aaa99e1e740965472ca74ebff5dba079e3fa227,2022-23,2022-09-03,21:45,Europe/Istanbul,football_data_europe_london_converted,Fenerbahce,Kayserispor,2,0,H,,,,played,True,1,0,17,5,4,2,19,15,3,1,2,2,0,0,football_data,data/raw/football_data/2022-23.csv,41,
420a53ff5844bb52960e412d6a8df08d1e92654c16efebb7f9ac182c5ade2022,2022-23,2022-09-03,21:45,Europe/Istanbul,football_data_europe_london_converted,Giresunspor,Konyaspor,0,1,A,,,,played,True,0,0,10,18,3,4,11,16,7,8,3,0,0,0,football_data,data/raw/football_data/2022-23.csv,42,
b5352d6424242b41582c3ef4033f9b9c8d6b05d529965d0a59175b05d4025eb6,2022-23,2022-09-04,19:15,Europe/Istanbul,football_data_europe_london_converted,Hatayspor,Adana Demirspor,1,1,D,,,,played,True,1,0,15,23,5,7,12,9,2,5,6,2,0,0,football_data,data/raw/football_data/2022-23.csv,43,
a2920012cdb4692b35d294ecd64a956158593965fd63abc2010bb68864a7da19,2022-23,2022-09-04,21:45,Europe/Istanbul,football_data_europe_london_converted,Ankaragucu,Besiktas,2,3,A,,,,played,True,1,2,7,11,2,6,13,19,2,1,4,1,1,0,football_data,data/raw/football_data/2022-23.csv,44,
69ba5b34b24b6ca8088fc0a1c7f8cf1f57b7558cc9fa963af4eb89ac5bcf24f3,2022-23,2022-09-04,21:45,Europe/Istanbul,football_data_europe_london_converted,Antalyaspor,Kasimpasa,0,2,A,,,,played,True,0,1,15,13,6,7,14,20,8,3,2,5,1,0,football_data,data/raw/football_data/2022-23.csv,45,
9a8b63bb8caf22f6befe7268af30d772d1f7fbc22435fc5555b10a37b6c39e76,2022-23,2022-09-05,21:00,Europe/Istanbul,football_data_europe_london_converted,Galatasaray,Gaziantep FK,2,1,H,,,,played,True,1,1,20,12,12,3,11,13,7,3,4,5,1,0,football_data,data/raw/football_data/2022-23.csv,46,
6e67ad132c1b4c1715d2da503370c34d344a30cc08517c6a7937cda1d08ef241,2022-23,2022-09-09,20:00,Europe/Istanbul,football_data_europe_london_converted,Alanyaspor,Ankaragucu,2,1,H,,,,played,True,0,0,11,11,6,3,17,9,4,3,2,0,0,0,football_data,data/raw/football_data/2022-23.csv,47,
3bd5b0d091ee767a40fb71378e7a6a09da63c127e446ff54d8f0c49eb8e94192,2022-23,2022-09-10,17:00,Europe/Istanbul,football_data_europe_london_converted,Konyaspor,Hatayspor,1,0,H,,,,played,True,0,0,13,6,6,1,5,11,6,4,1,1,0,0,football_data,data/raw/football_data/2022-23.csv,48,
29c0d9ce08a4b2ede21b60a52291a812da0e9ee7e011e1f3eea1c17f8b836c61,2022-23,2022-09-10,20:00,Europe/Istanbul,football_data_europe_london_converted,Fatih Karagumruk,Giresunspor,1,1,D,,,,played,True,0,0,10,4,3,2,14,14,5,1,3,3,0,0,football_data,data/raw/football_data/2022-23.csv,49,
a4c077996bebca0128b2639ea491d270a3af55f7c7f51d67034f9cde3914654e,2022-23,2022-09-11,17:00,Europe/Istanbul,football_data_europe_london_converted,Sivasspor,Istanbulspor,1,1,D,,,,played,True,0,0,13,6,5,4,10,10,9,1,2,3,0,0,football_data,data/raw/football_data/2022-23.csv,50,
385be2329d23d15003c9e7250d54e31fe740999de3048fd73ee0a7875b3688ac,2022-23,2022-09-11,20:00,Europe/Istanbul,football_data_europe_london_converted,Gaziantep FK,Umraniyespor,1,1,D,,,,played,True,0,0,5,18,4,6,14,11,2,3,3,3,0,0,football_data,data/raw/football_data/2022-23.csv,51,
e2ac97c4188792d0ce3a399e95147cb396276f3a9410c623aa86f8d712319286,2022-23,2022-09-11,20:00,Europe/Istanbul,football_data_europe_london_converted,Kasimpasa,Galatasaray,2,3,A,,,,played,True,1,1,13,22,7,6,14,10,6,8,2,0,0,0,football_data,data/raw/football_data/2022-23.csv,52,
b6c8b962f34547d46981123a5c990c85b899abced99118479cf35d32cffc522b,2022-23,2022-09-11,20:00,Europe/Istanbul,football_data_europe_london_converted,Kayserispor,Antalyaspor,1,0,H,,,,played,True,0,0,9,10,3,3,13,9,3,2,2,2,0,0,football_data,data/raw/football_data/2022-23.csv,53,
1060f1443dd96d1090b92229aeb72c3aa17d507b4bb65de8c0de5bbe7e65aecf,2022-23,2022-09-12,19:00,Europe/Istanbul,football_data_europe_london_converted,Besiktas,Istanbul Basaksehir,0,1,A,,,,played,True,0,0,21,7,2,1,9,11,5,4,3,5,0,0,football_data,data/raw/football_data/2022-23.csv,54,
177a3c745c023bbde144a674f70376ae947f7a53e8d7aec5134fbe29335d9c60,2022-23,2022-09-12,21:00,Europe/Istanbul,football_data_europe_london_converted,Adana Demirspor,Trabzonspor,3,2,H,,,,played,True,1,1,18,12,6,4,12,13,2,3,3,4,0,0,football_data,data/raw/football_data/2022-23.csv,55,
124cae44686062b31f428a41110efdd0368c9d441d633eeedf9b2962f2b84aa3,2022-23,2022-09-16,20:00,Europe/Istanbul,football_data_europe_london_converted,Galatasaray,Konyaspor,2,1,H,,,,played,True,1,1,18,19,5,5,14,13,6,4,4,4,0,1,football_data,data/raw/football_data/2022-23.csv,56,
ad94687866e8605639132f2778404624f90cb62e94f86cc5a320019e057b9c91,2022-23,2022-09-16,20:00,Europe/Istanbul,football_data_europe_london_converted,Hatayspor,Kayserispor,0,4,A,,,,played,True,0,2,16,9,4,6,9,12,8,3,0,1,1,0,football_data,data/raw/football_data/2022-23.csv,57,
072aa2a6600c86714601dbdb533e30c65db7dc09ee5f5952d651c70bf67f0267,2022-23,2022-09-17,17:00,Europe/Istanbul,football_data_europe_london_converted,Umraniyespor,Kasimpasa,1,2,A,,,,played,True,0,1,20,13,7,5,14,16,11,5,4,4,0,0,football_data,data/raw/football_data/2022-23.csv,58,
0103f8a432fdc875513832237ea338e0113e618cfd96904bd5975e8c5925e788,2022-23,2022-09-17,20:00,Europe/Istanbul,football_data_europe_london_converted,Antalyaspor,Adana Demirspor,0,3,A,,,,played,True,0,1,9,13,4,7,9,11,6,2,1,3,2,1,football_data,data/raw/football_data/2022-23.csv,59,
4254f1b4ed8c83c7102095e9eff79f7144c7388f4466df1f2190bb003133a9e9,2022-23,2022-09-17,20:00,Europe/Istanbul,football_data_europe_london_converted,Istanbulspor,Besiktas,2,2,D,,,,played,True,1,2,8,8,2,5,14,18,3,5,1,3,0,0,football_data,data/raw/football_data/2022-23.csv,60,
b13e0c0f9bf589922c4f9acdbde4ba24cb8a62bb39857b1fbdd40428c68cbc5b,2022-23,2022-09-18,17:00,Europe/Istanbul,football_data_europe_london_converted,Istanbul Basaksehir,Fatih Karagumruk,0,0,D,,,,played,True,0,0,8,7,1,3,8,19,6,3,0,3,1,1,football_data,data/raw/football_data/2022-23.csv,61,
166f31ffd26ee641240e8392f57f3f53714888356d907c25c09d74cbbaa0a2c0,2022-23,2022-09-18,17:00,Europe/Istanbul,football_data_europe_london_converted,Trabzonspor,Gaziantep FK,3,2,H,,,,played,True,2,2,21,10,8,3,9,9,9,2,2,3,0,0,football_data,data/raw/football_data/2022-23.csv,62,
9cd6b24131a0faaf5c08bbf36209ad9e3c63abdd898cb6f2ff8c18bcca94de39,2022-23,2022-09-18,20:00,Europe/Istanbul,football_data_europe_london_converted,Ankaragucu,Sivasspor,2,1,H,,,,played,True,2,0,11,13,6,5,17,13,5,5,3,4,0,0,football_data,data/raw/football_data/2022-23.csv,63,
1ef21d6165f0b3fa50e20ff42da0da0a02e04770e48dcd9cfc3f297372a21c74,2022-23,2022-09-18,20:00,Europe/Istanbul,football_data_europe_london_converted,Fenerbahce,Alanyaspor,5,0,H,,,,played,True,3,0,17,7,11,2,14,18,12,3,0,2,0,0,football_data,data/raw/football_data/2022-23.csv,64,
4d1110d04e41576679e8b614cb024e327a2d688e5c9d7c043f1f0120a33ddfba,2022-23,2022-10-01,14:30,Europe/Istanbul,football_data_europe_london_converted,Kasimpasa,Gaziantep FK,1,0,H,,,,played,True,0,0,11,8,4,1,16,21,4,6,2,1,0,0,football_data,data/raw/football_data/2022-23.csv,65,
d7f49db0c70d46cec3325b3df9bf07dada75b21553b7e27b1e7af28ca5ff86d1,2022-23,2022-10-01,17:00,Europe/Istanbul,football_data_europe_london_converted,Ankaragucu,Istanbul Basaksehir,1,2,A,,,,played,True,0,1,10,8,4,3,16,13,8,6,1,2,0,0,football_data,data/raw/football_data/2022-23.csv,66,
5a11a638ddaa575ee5def66aacbb91222e548f1c15c44f58a5af5c7ad781aa5d,2022-23,2022-10-01,17:00,Europe/Istanbul,football_data_europe_london_converted,Kayserispor,Trabzonspor,1,2,A,,,,played,True,1,0,12,20,3,9,12,13,7,6,4,4,0,0,football_data,data/raw/football_data/2022-23.csv,67,
828af25cd24c47ae0f25d101ce559f5a81c2b66fe0e16cab1d004f90f571797f,2022-23,2022-10-01,20:00,Europe/Istanbul,football_data_europe_london_converted,Adana Demirspor,Galatasaray,0,0,D,,,,played,True,0,0,8,23,2,4,12,15,4,7,2,5,1,0,football_data,data/raw/football_data/2022-23.csv,68,
f0c70499133418490108698c24740078a4689188f9c2532e20df43d76562ac6d,2022-23,2022-10-02,14:30,Europe/Istanbul,football_data_europe_london_converted,Alanyaspor,Giresunspor,1,1,D,,,,played,True,0,0,12,8,5,6,21,7,11,3,4,2,0,1,football_data,data/raw/football_data/2022-23.csv,69,
0bdfae2ac4fbca2236fb61700397eeb1043abe50123404d1e51085be4cd8c865,2022-23,2022-10-02,14:30,Europe/Istanbul,football_data_europe_london_converted,Sivasspor,Hatayspor,1,2,A,,,,played,True,1,2,29,4,8,2,8,11,12,4,1,5,0,1,football_data,data/raw/football_data/2022-23.csv,70,
f6ec1739c12b096617e7cad0f3ecb905ce2e21b94964c47ee5a81dd217603979,2022-23,2022-10-02,17:00,Europe/Istanbul,football_data_europe_london_converted,Konyaspor,Umraniyespor,1,0,H,,,,played,True,1,0,8,16,3,6,11,18,4,8,3,1,0,0,football_data,data/raw/football_data/2022-23.csv,71,
b06aace2ada2cb613e417107a2546605f8d2123d32bc2a99d888a9f70ce3300c,2022-23,2022-10-02,20:00,Europe/Istanbul,football_data_europe_london_converted,Besiktas,Fenerbahce,0,0,D,,,,played,True,0,0,9,9,1,3,19,17,3,4,2,2,0,0,football_data,data/raw/football_data/2022-23.csv,72,
94ce454ee62a3ac5d00df47ada9ceb6c5dab23aeecd1935c22e84f920bca2b25,2022-23,2022-10-03,20:00,Europe/Istanbul,football_data_europe_london_converted,Fatih Karagumruk,Istanbulspor,1,2,A,,,,played,True,1,0,7,15,2,4,13,7,5,4,2,2,0,0,football_data,data/raw/football_data/2022-23.csv,73,
9744eb24d3747ee2d536237653c64a72e662fd1da29f19a1ee4cccc242846288,2022-23,2022-10-07,20:00,Europe/Istanbul,football_data_europe_london_converted,Gaziantep FK,Adana Demirspor,1,1,D,,,,played,True,0,0,8,22,4,7,15,14,2,5,2,1,1,0,football_data,data/raw/football_data/2022-23.csv,74,
1507904e8518ae3cfbcea7aa98d6a49b6ea0ca77d87e88219c9134d9801b5e59,2022-23,2022-10-08,14:30,Europe/Istanbul,football_data_europe_london_converted,Istanbulspor,Ankaragucu,1,2,A,,,,played,True,0,1,10,14,2,7,13,14,5,2,2,2,0,0,football_data,data/raw/football_data/2022-23.csv,75,
b7d6f0047a1aa5a5a696231614a8fcf8da8450fc7c72cf91c716a10747abfec6,2022-23,2022-10-08,17:00,Europe/Istanbul,football_data_europe_london_converted,Antalyaspor,Konyaspor,1,1,D,,,,played,True,0,0,12,11,3,5,15,12,2,3,4,4,0,0,football_data,data/raw/football_data/2022-23.csv,76,
56f5c0b453cfd8424ca06a5bc5e5c5e9cc9656ee60b064ee1cca851eaf3d69ed,2022-23,2022-10-08,20:00,Europe/Istanbul,football_data_europe_london_converted,Giresunspor,Besiktas,0,1,A,,,,played,True,0,1,8,14,1,5,20,13,5,8,4,3,0,0,football_data,data/raw/football_data/2022-23.csv,77,
652047a9cfb4f1d83d7ae0ed5e994de94f69087effc8ac3c080e52913f2f7a59,2022-23,2022-10-09,14:30,Europe/Istanbul,football_data_europe_london_converted,Umraniyespor,Kayserispor,2,2,D,,,,played,True,0,1,10,12,5,3,11,16,3,4,3,0,1,0,football_data,data/raw/football_data/2022-23.csv,78,
8e7d054a4a9f89bb0bf6b801afc0fbc57e112b5500f4c308e2f58ba4886ed2a6,2022-23,2022-10-09,17:00,Europe/Istanbul,football_data_europe_london_converted,Hatayspor,Alanyaspor,1,0,H,,,,played,True,0,0,11,10,4,5,9,11,5,5,2,2,0,0,football_data,data/raw/football_data/2022-23.csv,79,
8eb33d4e26bf03ed0d1b3c6624d572b3dea68fdc5a28838bcec3e28506279252,2022-23,2022-10-09,20:00,Europe/Istanbul,football_data_europe_london_converted,Fenerbahce,Fatih Karagumruk,5,4,H,,,,played,True,2,2,16,6,9,4,17,16,3,0,1,4,0,0,football_data,data/raw/football_data/2022-23.csv,80,
3a80bad4a9acf74062a12318e04a61643f9337d9affd7507ce7709b2da26caae,2022-23,2022-10-10,20:00,Europe/Istanbul,football_data_europe_london_converted,Istanbul Basaksehir,Sivasspor,0,2,A,,,,played,True,0,1,21,7,6,5,10,9,9,3,2,0,0,0,football_data,data/raw/football_data/2022-23.csv,81,
2d561d316edbe41b8787dabc46a83affeca5d19d58bce831f37b2524b3c7c853,2022-23,2022-10-10,20:00,Europe/Istanbul,football_data_europe_london_converted,Trabzonspor,Kasimpasa,0,0,D,,,,played,True,0,0,20,7,3,1,10,18,10,3,1,3,0,0,football_data,data/raw/football_data/2022-23.csv,82,
f53f671f6323666939f85bd4e165e5154c12ebd2110844339d92f4a856a6bda6,2022-23,2022-10-14,20:00,Europe/Istanbul,football_data_europe_london_converted,Alanyaspor,Antalyaspor,3,2,H,,,,played,True,1,0,9,13,5,7,6,9,7,2,2,2,0,0,football_data,data/raw/football_data/2022-23.csv,83,
8148b73ac740a88e73b9a7ac6dfb279e314badcedc1480ce1805a436d81743a6,2022-23,2022-10-15,14:30,Europe/Istanbul,football_data_europe_london_converted,Fatih Karagumruk,Hatayspor,3,0,H,,,,played,True,2,0,14,13,5,0,6,18,5,6,3,2,0,0,football_data,data/raw/football_data/2022-23.csv,84,
a349998cf4faa281b9682b5186732bb6b53a087e35e8a2577791b66b5a444c3e,2022-23,2022-10-15,17:00,Europe/Istanbul,football_data_europe_london_converted,Kasimpasa,Adana Demirspor,1,4,A,,,,played,True,0,2,23,14,8,5,15,15,9,4,1,3,0,0,football_data,data/raw/football_data/2022-23.csv,85,
8ca1c7050c8c81b16e369150f06d6c8d2f7032de2aa54513f376ca6b4d35ba59,2022-23,2022-10-15,20:00,Europe/Istanbul,football_data_europe_london_converted,Kayserispor,Galatasaray,2,1,H,,,,played,True,2,0,18,12,5,3,11,10,6,15,2,1,0,0,football_data,data/raw/football_data/2022-23.csv,86,
cb70f54f9d362bc14c7656e290599f13c7263ed63d613068992b142321b6c07a,2022-23,2022-10-15,20:00,Europe/Istanbul,football_data_europe_london_converted,Konyaspor,Gaziantep FK,0,1,A,,,,played,True,0,0,19,6,5,2,15,17,8,5,2,5,0,0,football_data,data/raw/football_data/2022-23.csv,87,
48cf67eaa3414e34f76928aaf7fdc318c1645fd489b7764fd6e0d4cfe2b285e6,2022-23,2022-10-16,17:00,Europe/Istanbul,football_data_europe_london_converted,Istanbul Basaksehir,Istanbulspor,2,0,H,,,,played,True,1,0,11,10,5,1,10,14,5,2,4,1,0,0,football_data,data/raw/football_data/2022-23.csv,88,
83715b31270ea2d08bc90171db8b9e60c49d15b650298e8730194ff0fd3aedac,2022-23,2022-10-16,20:00,Europe/Istanbul,football_data_europe_london_converted,Besiktas,Trabzonspor,2,2,D,,,,played,True,1,2,17,10,7,4,11,12,4,3,2,3,0,1,football_data,data/raw/football_data/2022-23.csv,89,
e1f8fe8567884b316ebddab538a6f4a0865f9c41f81b4bd52c9f36e9718dfd8f,2022-23,2022-10-17,20:00,Europe/Istanbul,football_data_europe_london_converted,Ankaragucu,Fenerbahce,0,3,A,,,,played,True,0,2,8,10,1,5,12,15,5,2,2,1,0,0,football_data,data/raw/football_data/2022-23.csv,90,
5991215963f1c33093044849b01a2d3ef489c2b3a92a882d3ec8797ba3391a5b,2022-23,2022-10-17,20:00,Europe/Istanbul,football_data_europe_london_converted,Sivasspor,Giresunspor,3,0,H,,,,played,True,2,0,16,11,6,1,10,10,2,0,0,1,0,0,football_data,data/raw/football_data/2022-23.csv,91,
48be3e578e53eeb4e5ec1d7f2d7f73253da0ffd63ddfa3b80c3c15deed9e6110,2022-23,2022-10-21,20:00,Europe/Istanbul,football_data_europe_london_converted,Antalyaspor,Istanbulspor,2,1,H,,,,played,True,1,1,20,11,8,6,11,15,11,4,3,6,0,1,football_data,data/raw/football_data/2022-23.csv,92,
fb26d60dec09ab75e5e69dcf1f4aa99a2aa40dbe407ece6e9f683dbc79e04258,2022-23,2022-10-22,14:30,Europe/Istanbul,football_data_europe_london_converted,Umraniyespor,Fatih Karagumruk,1,3,A,,,,played,True,1,1,9,12,1,6,13,14,5,4,0,3,0,0,football_data,data/raw/football_data/2022-23.csv,93,
1b748e3a95547dbc0281abcf87d99650277cf0486cc5d05b4eeb838258654923,2022-23,2022-10-22,17:00,Europe/Istanbul,football_data_europe_london_converted,Trabzonspor,Sivasspor,1,0,H,,,,played,True,1,0,15,12,4,5,17,16,4,3,2,2,0,0,football_data,data/raw/football_data/2022-23.csv,94,
3f85ba3db1d25fc474c31f692fc6f5d5e53a98490bf117e36e7d5626fa7cb6c5,2022-23,2022-10-22,20:00,Europe/Istanbul,football_data_europe_london_converted,Fenerbahce,Istanbul Basaksehir,1,0,H,,,,played,True,0,0,14,3,3,1,19,19,6,3,1,2,0,0,football_data,data/raw/football_data/2022-23.csv,95,
b8f329e8686f87b48ad4f5e9e89d85b6c4e79118baefedb20715ebde6db50841,2022-23,2022-10-23,14:30,Europe/Istanbul,football_data_europe_london_converted,Kasimpasa,Kayserispor,0,1,A,,,,played,True,0,1,27,11,11,3,11,19,10,6,2,1,0,0,football_data,data/raw/football_data/2022-23.csv,96,
7ebab085fb458712eb2af0adbd809bdd8c16d3e67f9e11d8720b9dad288f6b1c,2022-23,2022-10-23,17:00,Europe/Istanbul,football_data_europe_london_converted,Adana Demirspor,Konyaspor,1,1,D,,,,played,True,1,1,24,12,4,4,12,17,2,2,1,6,0,0,football_data,data/raw/football_data/2022-23.csv,97,
ff553405ae298dc989f0403b42ea08d66b7e2250edf9a20e297902bb25867d14,2022-23,2022-10-23,20:00,Europe/Istanbul,football_data_europe_london_converted,Galatasaray,Alanyaspor,2,2,D,,,,played,True,2,0,18,15,12,6,12,10,7,5,3,3,2,0,football_data,data/raw/football_data/2022-23.csv,98,
be095cd93303bb69f77dc30364a493cfd2dadaaa2d6c621462ed00400aa7e424,2022-23,2022-10-24,20:00,Europe/Istanbul,football_data_europe_london_converted,Giresunspor,Ankaragucu,1,1,D,,,,played,True,0,0,17,8,7,3,12,17,5,2,3,5,0,0,football_data,data/raw/football_data/2022-23.csv,99,
50a723f5ffcaadaffe06159ef5903dc7536c843f61d65948ee81271c4e2cc547,2022-23,2022-10-24,20:00,Europe/Istanbul,football_data_europe_london_converted,Hatayspor,Besiktas,2,1,H,,,,played,True,0,1,8,18,3,4,9,10,1,11,4,2,0,0,football_data,data/raw/football_data/2022-23.csv,100,
541611f400beb7c70488285836281245455a1bb7250d88d74d30ae5ef4177b84,2022-23,2022-10-28,20:00,Europe/Istanbul,football_data_europe_london_converted,Fatih Karagumruk,Galatasaray,0,2,A,,,,played,True,0,0,6,35,1,12,9,13,3,11,2,1,1,0,football_data,data/raw/football_data/2022-23.csv,101,
9b2aed045729f4550dd920be633963a2de8fa7112153b3e101a7351f6fc56aa5,2022-23,2022-10-29,14:30,Europe/Istanbul,football_data_europe_london_converted,Konyaspor,Kasimpasa,1,1,D,,,,played,True,0,0,17,7,3,1,16,18,6,2,4,5,0,0,football_data,data/raw/football_data/2022-23.csv,102,
0fe6319502b4f2cb643e314323cf450faa92cd633cea30ac206d47e373add337,2022-23,2022-10-29,20:00,Europe/Istanbul,football_data_europe_london_converted,Alanyaspor,Gaziantep FK,2,0,H,,,,played,True,1,0,9,15,5,4,13,8,1,4,2,1,0,0,football_data,data/raw/football_data/2022-23.csv,103,
a991e8e444f7eef7e4e4c8ee5f8f9e9d7ee37dcb6b03b0827181a32ef181cd9c,2022-23,2022-10-30,14:30,Europe/Istanbul,football_data_europe_london_converted,Ankaragucu,Hatayspor,4,1,H,,,,played,True,1,0,17,6,9,1,6,9,6,5,2,1,0,0,football_data,data/raw/football_data/2022-23.csv,104,
e042a84a05d9302982e6ccd5290e5115ffed65e3925413bd470c13a8543499ef,2022-23,2022-10-30,17:00,Europe/Istanbul,football_data_europe_london_converted,Besiktas,Umraniyespor,5,2,H,,,,played,True,2,1,16,9,10,3,16,10,9,4,2,3,0,0,football_data,data/raw/football_data/2022-23.csv,105,
47950fac17247d32c476a9a33edcc4009a4981470569fffbe9491274b7f6fea4,2022-23,2022-10-30,17:00,Europe/Istanbul,football_data_europe_london_converted,Kayserispor,Adana Demirspor,2,2,D,,,,played,True,0,1,11,14,6,5,17,12,8,3,3,2,0,0,football_data,data/raw/football_data/2022-23.csv,106,
eb5d7a575aaf5d69ccca7008b21a44dd06bbd5b2e6628dd4bdc7c2245c9f1321,2022-23,2022-10-30,20:00,Europe/Istanbul,football_data_europe_london_converted,Istanbulspor,Fenerbahce,2,5,A,,,,played,True,0,2,4,13,2,7,15,12,2,2,1,1,0,0,football_data,data/raw/football_data/2022-23.csv,107,
238b0b004371aa9dcafa838d910bca8904e1021903ad954061919b7047ae2812,2022-23,2022-10-31,20:00,Europe/Istanbul,football_data_europe_london_converted,Istanbul Basaksehir,Giresunspor,3,1,H,,,,played,True,1,0,14,11,4,4,19,13,2,4,1,2,0,0,football_data,data/raw/football_data/2022-23.csv,108,
11c76d100cb089267751d18d5f49d3535dc244a9dfa10dd04baa1e8121c1d1ff,2022-23,2022-10-31,20:00,Europe/Istanbul,football_data_europe_london_converted,Sivasspor,Antalyaspor,0,2,A,,,,played,True,0,2,6,7,0,3,9,10,2,3,2,2,0,0,football_data,data/raw/football_data/2022-23.csv,109,
87a01aba1253b067e00c52bba2244132feab096b2716dd80a8015c35c6b1ceeb,2022-23,2022-11-04,20:00,Europe/Istanbul,football_data_europe_london_converted,Kasimpasa,Ankaragucu,1,1,D,,,,played,True,0,0,11,12,3,2,8,12,4,0,1,2,0,0,football_data,data/raw/football_data/2022-23.csv,110,
04c19394f14634fbf17ed9237906bd3f6d2e85e21230e8239d620c45272d5fcc,2022-23,2022-11-04,20:00,Europe/Istanbul,football_data_europe_london_converted,Umraniyespor,Alanyaspor,3,1,H,,,,played,True,2,0,12,8,6,3,7,12,4,7,1,2,0,0,football_data,data/raw/football_data/2022-23.csv,111,
6a41b6c850615f7843620e01fc5edd8b59e698999bbe330425bfd21aac094f43,2022-23,2022-11-05,14:30,Europe/Istanbul,football_data_europe_london_converted,Giresunspor,Istanbulspor,3,2,H,,,,played,True,1,1,16,12,4,3,4,13,9,2,1,5,0,1,football_data,data/raw/football_data/2022-23.csv,112,
c3ec6728f3c3b86e1e190edfd509bb5d3b8a3287c08831bd0d664383bf2de738,2022-23,2022-11-05,20:00,Europe/Istanbul,football_data_europe_london_converted,Galatasaray,Besiktas,2,1,H,,,,played,True,1,1,19,12,5,5,15,13,10,7,3,4,0,0,football_data,data/raw/football_data/2022-23.csv,113,
aa5a56549910134851f1eef9785b5d02535234010e70b5330540e212314f9323,2022-23,2022-11-06,14:30,Europe/Istanbul,football_data_europe_london_converted,Gaziantep FK,Kayserispor,1,2,A,,,,played,True,0,1,16,12,4,5,10,15,4,6,3,5,0,0,football_data,data/raw/football_data/2022-23.csv,114,
aef6df93add8ac45d4f52f0483cf942973ca8ede143f224212eca30799375633,2022-23,2022-11-06,17:00,Europe/Istanbul,football_data_europe_london_converted,Antalyaspor,Fatih Karagumruk,4,2,H,,,,played,True,3,2,22,16,7,7,17,17,9,1,1,3,0,0,football_data,data/raw/football_data/2022-23.csv,115,
8631a3b66b1635cce71140c1fa3ac0ba62935e99752ced2164ba0b143896a9b0,2022-23,2022-11-06,20:00,Europe/Istanbul,football_data_europe_london_converted,Trabzonspor,Konyaspor,2,2,D,,,,played,True,2,1,21,10,8,5,13,16,5,3,3,6,0,1,football_data,data/raw/football_data/2022-23.csv,116,
94215587a8ac3d23ce30eb648965ea160aec1b1655d4458a468e6d882b7b8d60,2022-23,2022-11-07,20:00,Europe/Istanbul,football_data_europe_london_converted,Fenerbahce,Sivasspor,1,0,H,,,,played,True,0,0,12,8,3,3,18,23,2,3,7,5,1,0,football_data,data/raw/football_data/2022-23.csv,117,
b028d6196bbaf8af42195daf15da417270ed434c316d7f27f2862102d89c1c8b,2022-23,2022-11-07,20:00,Europe/Istanbul,football_data_europe_london_converted,Hatayspor,Istanbul Basaksehir,3,3,D,,,,played,True,1,0,8,11,5,4,12,10,1,5,3,3,0,0,football_data,data/raw/football_data/2022-23.csv,118,
6156a10584e3e16177aa82bf941b399f63a01a7687ac52ee14b9dbb7fc50c5a9,2022-23,2022-11-11,20:00,Europe/Istanbul,football_data_europe_london_converted,Alanyaspor,Adana Demirspor,0,0,D,,,,played,True,0,0,16,9,4,1,21,11,4,6,4,1,0,1,football_data,data/raw/football_data/2022-23.csv,119,
35cd1e6686d95e8b0f7ca640f06b20b835ed19e801e1cb53c8364be69c5078ee,2022-23,2022-11-11,20:00,Europe/Istanbul,football_data_europe_london_converted,Ankaragucu,Trabzonspor,1,1,D,,,,played,True,0,0,10,9,1,3,11,7,5,4,2,2,0,0,football_data,data/raw/football_data/2022-23.csv,120,
66fb615d2bf8373f76b415bbd7f48f2b8fcb83ed35b7ea478ccb0f4886410371,2022-23,2022-11-12,14:30,Europe/Istanbul,football_data_europe_london_converted,Sivasspor,Umraniyespor,2,2,D,,,,played,True,1,1,13,15,9,6,12,16,6,5,1,0,0,0,football_data,data/raw/football_data/2022-23.csv,121,
3ec83ac68a79839f5c29af303ea49c0ce43dc82683e4d430aff5788e63d5ed83,2022-23,2022-11-12,17:00,Europe/Istanbul,football_data_europe_london_converted,Fenerbahce,Giresunspor,1,2,A,,,,played,True,1,0,16,9,4,4,16,18,6,3,3,3,1,0,football_data,data/raw/football_data/2022-23.csv,122,
0bd4e5be60673800d26ddc7f793d9ce79ed8a65a760457fe4f4fd036b6c9e371,2022-23,2022-11-12,20:00,Europe/Istanbul,football_data_europe_london_converted,Istanbul Basaksehir,Galatasaray,0,7,A,,,,played,True,0,3,10,16,3,10,14,15,2,6,2,2,0,0,football_data,data/raw/football_data/2022-23.csv,123,
652470590e8124ceaef8c431c4147546aecd498d40e39897c736862602653f1a,2022-23,2022-11-13,14:30,Europe/Istanbul,football_data_europe_london_converted,Fatih Karagumruk,Gaziantep FK,3,3,D,,,,played,True,1,2,18,11,8,5,16,11,7,5,1,3,0,0,football_data,data/raw/football_data/2022-23.csv,124,
5ea424a71a9f59f6fc26b5a2cc53b49f3887874def65213ead214b87f9839c5c,2022-23,2022-11-13,17:00,Europe/Istanbul,football_data_europe_london_converted,Istanbulspor,Hatayspor,0,1,A,,,,played,True,0,1,9,11,4,5,6,11,5,3,3,4,0,0,football_data,data/raw/football_data/2022-23.csv,125,
6635801b188b46bc982b466a88817b912a9044ca7b389180330fc628ef8760e5,2022-23,2022-11-13,17:00,Europe/Istanbul,football_data_europe_london_converted,Kayserispor,Konyaspor,1,2,A,,,,played,True,1,2,15,9,2,2,11,16,9,2,4,4,0,0,football_data,data/raw/football_data/2022-23.csv,126,
b8d140b9ae0c3da6fb8b6e455f3792e268705bf307c9e9150baa6a61bde581d5,2022-23,2022-12-23,20:00,Europe/Istanbul,football_data_europe_london_converted,Antalyaspor,Ankaragucu,0,2,A,,,,played,True,0,0,11,8,2,2,9,12,1,6,2,2,0,0,football_data,data/raw/football_data/2022-23.csv,127,
f6579940ba695aef87e132e218faa72f2b10631d84e327406dddf1d714b23141,2022-23,2022-12-23,20:00,Europe/Istanbul,football_data_europe_london_converted,Umraniyespor,Istanbul Basaksehir,1,3,A,,,,played,True,1,1,11,12,5,4,16,18,1,2,3,1,0,0,football_data,data/raw/football_data/2022-23.csv,128,
54a16ef7d4f3ab985d9c3878a8df76712b0ca9b5bfa658a59a7c5663652debd7,2022-23,2022-12-24,13:30,Europe/Istanbul,football_data_europe_london_converted,Hatayspor,Giresunspor,1,1,D,,,,played,True,0,0,11,12,4,4,10,12,4,4,2,3,0,0,football_data,data/raw/football_data/2022-23.csv,129,
70cfbf455f1dd3251751e5d5f8c06af5fba54d3eda5c5459f9ee3f28b7f1b17a,2022-23,2022-12-24,16:00,Europe/Istanbul,football_data_europe_london_converted,Kasimpasa,Sivasspor,1,2,A,,,,played,True,1,1,10,9,1,3,18,9,4,6,4,2,0,0,football_data,data/raw/football_data/2022-23.csv,130,
19d7b2933531863c7b3fe54a84f93e118f77e6201dbf12484240e59611169d7a,2022-23,2022-12-24,19:00,Europe/Istanbul,football_data_europe_london_converted,Trabzonspor,Fenerbahce,2,0,H,,,,played,True,0,0,18,8,7,0,20,19,5,2,4,5,0,1,football_data,data/raw/football_data/2022-23.csv,131,
9b83f26afdfd0d72d680d7202aa73b02dac15358a8913772b48ce351cd139156,2022-23,2022-12-25,13:30,Europe/Istanbul,football_data_europe_london_converted,Adana Demirspor,Fatih Karagumruk,2,1,H,,,,played,True,2,1,16,14,6,3,15,10,4,4,3,2,0,0,football_data,data/raw/football_data/2022-23.csv,132,
0308cca5748ea93f2f2a850fba1371e52037a8c4889a985ed18aa81bf31ac0d6,2022-23,2022-12-25,16:00,Europe/Istanbul,football_data_europe_london_converted,Gaziantep FK,Besiktas,1,1,D,,,,played,True,0,0,10,20,3,1,15,9,2,4,4,2,0,0,football_data,data/raw/football_data/2022-23.csv,133,
2edb2206f6b2e21951a34671c6a5fddc500674cbfbb04df7634ae989fb5d0969,2022-23,2022-12-25,16:00,Europe/Istanbul,football_data_europe_london_converted,Konyaspor,Alanyaspor,2,2,D,,,,played,True,1,0,10,15,3,6,9,21,4,5,3,4,0,0,football_data,data/raw/football_data/2022-23.csv,134,
15a2af5266737fcef6de7b7d281e5f5f0fc2ab2ee6e1970f999d3604e08683b8,2022-23,2022-12-25,19:00,Europe/Istanbul,football_data_europe_london_converted,Galatasaray,Istanbulspor,2,1,H,,,,played,True,2,0,17,12,5,2,13,7,12,5,4,2,0,0,football_data,data/raw/football_data/2022-23.csv,135,
3ce03b1eee026e4471c2ac1343c4076ee43b76834a0889236313fdc23fccc80b,2022-23,2022-12-27,17:00,Europe/Istanbul,football_data_europe_london_converted,Ankaragucu,Umraniyespor,1,2,A,,,,played,True,1,1,17,8,5,3,13,14,8,5,1,4,0,0,football_data,data/raw/football_data/2022-23.csv,136,
847c8fe93d8aba07f79bd88934568c8bbac6bc7cf46ee23c28a47abff51cbff6,2022-23,2022-12-27,17:00,Europe/Istanbul,football_data_europe_london_converted,Istanbul Basaksehir,Antalyaspor,2,0,H,,,,played,True,0,0,6,6,2,1,14,15,1,3,2,2,0,0,football_data,data/raw/football_data/2022-23.csv,137,
3c8f0b196296d103ba1e560641af49480d912ed9913a281e82927201df27c560,2022-23,2022-12-27,20:00,Europe/Istanbul,football_data_europe_london_converted,Fenerbahce,Hatayspor,4,0,H,,,,played,True,2,0,25,4,15,0,9,15,11,0,2,3,0,0,football_data,data/raw/football_data/2022-23.csv,138,
368363ed5a6fe8652ca519c517cff875ee639bf9a2f24827ffdec74b279f46b5,2022-23,2022-12-28,17:00,Europe/Istanbul,football_data_europe_london_converted,Alanyaspor,Kayserispor,3,1,H,,,,played,True,2,0,5,14,3,4,23,18,0,7,3,4,0,0,football_data,data/raw/football_data/2022-23.csv,139,
5a6d8f660619afacd057bd6c82f8bcdb5c0a8f2a23e1c82408498b5b82132db4,2022-23,2022-12-28,17:00,Europe/Istanbul,football_data_europe_london_converted,Istanbulspor,Kasimpasa,2,1,H,,,,played,True,1,1,10,11,4,3,15,15,3,5,2,4,0,0,football_data,data/raw/football_data/2022-23.csv,140,
6c68c7fefaa0a44cd239f99b690508fda23f0fdbeb0303329cbca5c362628e22,2022-23,2022-12-28,20:00,Europe/Istanbul,football_data_europe_london_converted,Fatih Karagumruk,Trabzonspor,4,1,H,,,,played,True,2,1,10,13,6,7,16,10,4,4,4,1,1,1,football_data,data/raw/football_data/2022-23.csv,141,
4e81883cbcb2bcb70a83aed69eb0e1ae54762efc80631120d4dfc37bb04b1e98,2022-23,2022-12-29,17:00,Europe/Istanbul,football_data_europe_london_converted,Giresunspor,Gaziantep FK,2,1,H,,,,played,True,1,0,13,11,6,6,13,13,6,3,5,3,0,0,football_data,data/raw/football_data/2022-23.csv,142,
30c0bcebd198db6cff83cd15ef5adf8ba602866c87f99da87b44968471bedebb,2022-23,2022-12-29,17:00,Europe/Istanbul,football_data_europe_london_converted,Sivasspor,Galatasaray,1,2,A,,,,played,True,0,1,15,12,6,8,14,14,2,3,4,5,1,0,football_data,data/raw/football_data/2022-23.csv,143,
5c18c71178fb213bc18b29a1a9a09522097dac434cc4f0fd84ca78cf73a0b88f,2022-23,2022-12-29,20:00,Europe/Istanbul,football_data_europe_london_converted,Besiktas,Adana Demirspor,1,0,H,,,,played,True,1,0,16,13,5,3,18,15,7,4,5,2,0,0,football_data,data/raw/football_data/2022-23.csv,144,
2f1f75372efdcbbfde7de7c910a93e4462f98c745d7c5024841cea55587abaf3,2022-23,2023-01-03,17:00,Europe/Istanbul,football_data_europe_london_converted,Umraniyespor,Hatayspor,2,2,D,,,,played,True,1,1,11,17,3,5,10,14,5,2,3,2,1,0,football_data,data/raw/football_data/2022-23.csv,145,
5dddbeb71c525b03dbacd583cb64f7579332682fe0b68c857fc8cf7502450180,2022-23,2023-01-03,20:00,Europe/Istanbul,football_data_europe_london_converted,Antalyaspor,Fenerbahce,1,2,A,,,,played,True,1,0,8,18,2,4,21,17,3,8,4,2,0,0,football_data,data/raw/football_data/2022-23.csv,146,
e8a3b27a56b2d51f5e6484f3686c0e31d18c8b9d98316988a88f483a24e1fd3c,2022-23,2023-01-04,17:00,Europe/Istanbul,football_data_europe_london_converted,Kasimpasa,Alanyaspor,4,1,H,,,,played,True,2,0,11,14,6,2,14,13,1,7,2,0,0,0,football_data,data/raw/football_data/2022-23.csv,147,
5de513e3f7e2aa31c6bdcf7a3bc83c932d1e05c8265b43fc255a59bbcc89dcb0,2022-23,2023-01-04,17:00,Europe/Istanbul,football_data_europe_london_converted,Kayserispor,Fatih Karagumruk,2,4,A,,,,played,True,0,2,19,11,5,7,12,16,6,2,1,3,0,0,football_data,data/raw/football_data/2022-23.csv,148,
a9071e78cec08fa082cb0487750c407524cd8dec27e705fdd6086923d50a7f88,2022-23,2023-01-04,20:00,Europe/Istanbul,football_data_europe_london_converted,Galatasaray,Ankaragucu,2,1,H,,,,played,True,2,1,12,9,5,2,17,15,6,4,2,3,0,0,football_data,data/raw/football_data/2022-23.csv,149,
165e209083eaae1706bf5261989c87d574f61e493919938304673357cdcce02b,2022-23,2023-01-04,20:00,Europe/Istanbul,football_data_europe_london_converted,Konyaspor,Sivasspor,2,2,D,,,,played,True,1,1,10,10,5,3,13,13,4,3,4,1,0,0,football_data,data/raw/football_data/2022-23.csv,150,
79458722a1c5cd515fccab146025abee6e3a3e73b741149093991c8136fec959,2022-23,2023-01-05,17:00,Europe/Istanbul,football_data_europe_london_converted,Gaziantep FK,Istanbul Basaksehir,1,1,D,,,,played,True,0,1,14,16,3,6,8,6,5,5,2,0,0,0,football_data,data/raw/football_data/2022-23.csv,151,
4edf1fd96c3eabd9a921525c0ea1db034ea0d4df457668a639d288305dd598bd,2022-23,2023-01-05,20:00,Europe/Istanbul,football_data_europe_london_converted,Adana Demirspor,Istanbulspor,6,0,H,,,,played,True,1,0,17,8,11,3,12,11,4,5,1,3,0,0,football_data,data/raw/football_data/2022-23.csv,152,
3039578560e9abab884204f96c062c6d4e9e1f7a41c0666233e6e19a491d8cfa,2022-23,2023-01-05,20:00,Europe/Istanbul,football_data_europe_london_converted,Trabzonspor,Giresunspor,3,0,H,,,,played,True,1,0,17,5,8,1,11,9,10,1,2,2,0,0,football_data,data/raw/football_data/2022-23.csv,153,
a0e0492faa271c49cb5bb9077da745d529276b34e25d5dbd0c615344dd9e97b1,2022-23,2023-01-07,16:00,Europe/Istanbul,football_data_europe_london_converted,Hatayspor,Antalyaspor,0,0,D,,,,played,True,0,0,9,11,4,4,17,8,3,2,2,2,0,0,football_data,data/raw/football_data/2022-23.csv,154,
15179384c7ad0e4bfa376655acd7564d26822a201a0665d28f5a8aef35de313c,2022-23,2023-01-07,19:00,Europe/Istanbul,football_data_europe_london_converted,Besiktas,Kasimpasa,2,1,H,,,,played,True,2,0,14,12,8,4,18,13,6,7,2,4,0,0,football_data,data/raw/football_data/2022-23.csv,155,
8a0cb34a5195923ff3be03b96a4fb8f673ab3b96595151f3229c8e320ad3d6c7,2022-23,2023-01-08,13:30,Europe/Istanbul,football_data_europe_london_converted,Fatih Karagumruk,Konyaspor,3,3,D,,,,played,True,2,0,6,17,5,9,16,11,1,6,5,1,0,0,football_data,data/raw/football_data/2022-23.csv,156,
5bd4d66c58ef580570b93737b8672d01eced7d4b386b029b66d4fafdb8214826,2022-23,2023-01-08,16:00,Europe/Istanbul,football_data_europe_london_converted,Ankaragucu,Kayserispor,2,1,H,,,,played,True,1,1,20,10,5,1,16,10,8,2,4,1,0,0,football_data,data/raw/football_data/2022-23.csv,157,
ce69dda7b5f031b5fb19ba3571ebc3316368b03d0de114ade7c02b2d8af9f501,2022-23,2023-01-08,16:00,Europe/Istanbul,football_data_europe_london_converted,Giresunspor,Umraniyespor,0,1,A,,,,played,True,0,0,24,11,6,2,10,11,14,7,2,2,0,0,football_data,data/raw/football_data/2022-23.csv,158,
31feefcf5c5385afed9a24a2999c1d4cb4c8aa6d38be03eca8ccd15252665629,2022-23,2023-01-08,19:00,Europe/Istanbul,football_data_europe_london_converted,Fenerbahce,Galatasaray,0,3,A,,,,played,True,0,1,13,13,4,8,10,20,8,4,2,5,1,0,football_data,data/raw/football_data/2022-23.csv,159,
9c4c72984e6fac1a8eede62ecdc73931f22d69a39dc940cef47957fadc444246,2022-23,2023-01-09,17:00,Europe/Istanbul,football_data_europe_london_converted,Istanbul Basaksehir,Adana Demirspor,2,1,H,,,,played,True,0,0,16,18,5,5,19,12,6,4,2,2,0,0,football_data,data/raw/football_data/2022-23.csv,160,
cc2fdd035aafc2b309d7f33f4a5116f227eae2eb545d16caa6fc80cb79f356e2,2022-23,2023-01-09,20:00,Europe/Istanbul,football_data_europe_london_converted,Alanyaspor,Trabzonspor,5,0,H,,,,played,True,3,0,11,15,6,5,12,12,2,4,2,3,0,0,football_data,data/raw/football_data/2022-23.csv,161,
f0f21fa235823630374c95579f3e0206beda9827f3d604dbf3c44f43d390519d,2022-23,2023-01-09,20:00,Europe/Istanbul,football_data_europe_london_converted,Istanbulspor,Gaziantep FK,1,1,D,,,,played,True,0,1,12,8,2,4,6,8,7,3,1,1,0,0,football_data,data/raw/football_data/2022-23.csv,162,
e13c71cf655de49b00bdc909aedf5543180525af723815210c2f164478778c16,2022-23,2023-01-13,19:00,Europe/Istanbul,football_data_europe_london_converted,Kayserispor,Sivasspor,4,1,H,,,,played,True,3,0,15,17,11,6,15,15,5,4,2,5,0,0,football_data,data/raw/football_data/2022-23.csv,163,
52cbba45f96f3b70a8aa42f41d0d9d18d6377592e84a1f6cade55e62baa1efb7,2022-23,2023-01-13,20:00,Europe/Istanbul,football_data_europe_london_converted,Galatasaray,Hatayspor,4,0,H,,,,played,True,3,0,28,10,10,4,11,10,8,3,0,0,0,0,football_data,data/raw/football_data/2022-23.csv,164,
46c436e576c5129791f15ae47f154cf326041b5a664a261af07457553b99e260,2022-23,2023-01-14,13:30,Europe/Istanbul,football_data_europe_london_converted,Antalyaspor,Giresunspor,2,2,D,,,,played,True,1,1,12,21,5,9,12,13,5,4,3,4,1,0,football_data,data/raw/football_data/2022-23.csv,165,
5c5261e60edf9c76a9a9e12705203d33083605d7c30e98229a12d448bdcc1d08,2022-23,2023-01-14,16:00,Europe/Istanbul,football_data_europe_london_converted,Adana Demirspor,Ankaragucu,3,1,H,,,,played,True,0,0,12,25,5,11,8,10,5,13,2,1,0,0,football_data,data/raw/football_data/2022-23.csv,166,
3f43bdbb55a38cf74253dbb278c77d95957ca01089eb7fa0209686232b5b12fd,2022-23,2023-01-14,16:00,Europe/Istanbul,football_data_europe_london_converted,Konyaspor,Besiktas,1,2,A,,,,played,True,1,0,15,20,6,4,10,18,4,5,1,1,0,0,football_data,data/raw/football_data/2022-23.csv,167,
832d7ca410b3f152d838c31ab32c2be388cf1c6f71c102b3637c440d102a6578,2022-23,2023-01-14,19:00,Europe/Istanbul,football_data_europe_london_converted,Trabzonspor,Istanbul Basaksehir,1,0,H,,,,played,True,1,0,9,17,4,3,17,14,2,10,1,4,0,1,football_data,data/raw/football_data/2022-23.csv,168,
2e8605654a164c1fb88c84fb3dea00dc0ac8ff26f18425fec43f229c9967b438,2022-23,2023-01-15,13:30,Europe/Istanbul,football_data_europe_london_converted,Umraniyespor,Istanbulspor,0,2,A,,,,played,True,0,2,27,8,6,3,10,12,12,2,2,4,0,0,football_data,data/raw/football_data/2022-23.csv,169,
cbc734f6055978298d2c2dd39352bde88f491bc6f5ea4efb190629b576545ca0,2022-23,2023-01-15,16:00,Europe/Istanbul,football_data_europe_london_converted,Kasimpasa,Fatih Karagumruk,2,2,D,,,,played,True,1,0,12,11,4,4,13,16,5,8,3,2,0,0,football_data,data/raw/football_data/2022-23.csv,170,
49d7c76a3777f6c1348ff2ffc60543b1406ca0468473bc52237d5948b157c770,2022-23,2023-01-15,19:00,Europe/Istanbul,football_data_europe_london_converted,Gaziantep FK,Fenerbahce,1,2,A,,,,played,True,0,1,10,20,3,7,15,17,4,11,5,3,1,0,football_data,data/raw/football_data/2022-23.csv,171,
1e7300381bcb67664b7919e5f05de72b445e6d58ccc0cda01ae3dbc0ddbc0fae,2022-23,2023-01-20,20:00,Europe/Istanbul,football_data_europe_london_converted,Adana Demirspor,Giresunspor,1,1,D,,,,played,True,0,1,31,9,6,2,13,17,17,1,6,4,1,1,football_data,data/raw/football_data/2022-23.csv,172,
568831b2e19baa3098ccc403e0f075a196db848e4a0095f5cdf6033182cf43a1,2022-23,2023-01-21,16:00,Europe/Istanbul,football_data_europe_london_converted,Kasimpasa,Istanbul Basaksehir,1,3,A,,,,played,True,1,0,11,19,4,11,19,12,4,8,7,1,1,0,football_data,data/raw/football_data/2022-23.csv,173,
80ef209ae48b640fad2041dfa3e4be242f69dd973c3ff2338de69e97fca039ee,2022-23,2023-01-21,19:00,Europe/Istanbul,football_data_europe_london_converted,Galatasaray,Antalyaspor,2,1,H,,,,played,True,0,0,20,7,6,2,12,18,16,1,2,3,0,1,football_data,data/raw/football_data/2022-23.csv,174,
cbb9f428990541759928de4b1ecdc356a8b19739426e519750bba30b9be2d683,2022-23,2023-01-22,13:30,Europe/Istanbul,football_data_europe_london_converted,Gaziantep FK,Sivasspor,1,2,A,,,,played,True,0,1,11,13,3,8,13,11,7,4,3,0,0,0,football_data,data/raw/football_data/2022-23.csv,175,
d9e47692f31a3be7e5f41e263b9fbd79d34069f9d33229004ba9a22d834313c5,2022-23,2023-01-22,16:00,Europe/Istanbul,football_data_europe_london_converted,Alanyaspor,Fatih Karagumruk,2,2,D,,,,played,True,1,0,15,9,5,5,9,6,7,2,1,1,0,0,football_data,data/raw/football_data/2022-23.csv,176,
320a2d6db80c1c0acd2e58279273776efed3c93b62cb828fb3958ff47af1fcbc,2022-23,2023-01-22,16:00,Europe/Istanbul,football_data_europe_london_converted,Kayserispor,Besiktas,0,2,A,,,,played,True,0,2,15,7,3,4,10,20,5,3,1,2,0,1,football_data,data/raw/football_data/2022-23.csv,177,
3f9fb1da59287eccb1edf953bc3048d38dbf61c62ef33ff75c34604ad4369031,2022-23,2023-01-22,19:00,Europe/Istanbul,football_data_europe_london_converted,Trabzonspor,Istanbulspor,4,0,H,,,,played,True,1,0,20,10,10,4,12,14,6,2,1,0,0,0,football_data,data/raw/football_data/2022-23.csv,178,
310625f27d558ea349d859c2929ffaa80e7d6a34adb4503eef189ba1b2c2f49d,2022-23,2023-01-23,20:00,Europe/Istanbul,football_data_europe_london_converted,Konyaspor,Ankaragucu,0,1,A,,,,played,True,0,0,13,8,7,3,14,15,6,4,3,2,0,0,football_data,data/raw/football_data/2022-23.csv,179,
4c55da161f3734ea20e0fa21a92e9e6b048a3f0289a8fa5186698d4c258fea8d,2022-23,2023-01-23,20:00,Europe/Istanbul,football_data_europe_london_converted,Umraniyespor,Fenerbahce,1,2,A,,,,played,True,0,0,7,22,2,7,11,15,1,6,3,4,1,0,football_data,data/raw/football_data/2022-23.csv,180,
46881d21692d88f6155caa29dd43b42efde09b3cbf74e86dfe3792d1a176764b,2022-23,2023-01-27,20:00,Europe/Istanbul,football_data_europe_london_converted,Besiktas,Alanyaspor,3,0,H,,,,played,True,1,0,21,6,8,3,14,15,3,3,0,2,0,0,football_data,data/raw/football_data/2022-23.csv,181,
eb41c947bbecb5876fd0e1fd49f57c03a70231da1c7dbd12bb2fc3f57c08c73c,2022-23,2023-01-28,13:30,Europe/Istanbul,football_data_europe_london_converted,Sivasspor,Adana Demirspor,1,2,A,,,,played,True,0,1,19,11,7,3,8,9,7,6,0,2,0,0,football_data,data/raw/football_data/2022-23.csv,182,
f1a83f2e54947076de78603ed65824365e17f351953ab8c69c638d658b96f6e8,2022-23,2023-01-28,16:00,Europe/Istanbul,football_data_europe_london_converted,Ankaragucu,Gaziantep FK,0,2,A,,,,played,True,0,0,17,16,5,8,7,12,5,11,1,4,0,0,football_data,data/raw/football_data/2022-23.csv,183,
325c74f17a222d52419c59c668232b2d0b527b24633e959cc5b70652c9db42c3,2022-23,2023-01-28,16:00,Europe/Istanbul,football_data_europe_london_converted,Hatayspor,Trabzonspor,2,1,H,,,,played,True,0,1,10,16,3,5,13,11,4,9,4,2,0,0,football_data,data/raw/football_data/2022-23.csv,184,
0d45c7918ae21298763fd2f7d2192c89f426ae9fa68e92b9657722a117084ec5,2022-23,2023-01-28,19:00,Europe/Istanbul,football_data_europe_london_converted,Antalyaspor,Umraniyespor,3,2,H,,,,played,True,1,1,25,7,10,4,12,8,8,2,3,1,0,0,football_data,data/raw/football_data/2022-23.csv,185,
699abc29bdc48b093c9b63a3747af3c106af8319af8e7aa26cff51f75f0b072d,2022-23,2023-01-28,19:00,Europe/Istanbul,football_data_europe_london_converted,Giresunspor,Galatasaray,0,4,A,,,,played,True,0,1,12,16,1,9,16,16,9,3,3,0,0,0,football_data,data/raw/football_data/2022-23.csv,186,
17b3302a9eb3d3c6c58b9f7acad4cdc546d21450fee04b9d2e7690c50a0dfed8,2022-23,2023-01-29,13:30,Europe/Istanbul,football_data_europe_london_converted,Istanbulspor,Kayserispor,2,4,A,,,,played,True,2,1,8,15,3,7,11,20,1,7,0,1,0,0,football_data,data/raw/football_data/2022-23.csv,187,
d3762759567e6c53b20485cc4a98746cbce9602faeab611d3c1653f65c80cea3,2022-23,2023-01-29,19:00,Europe/Istanbul,football_data_europe_london_converted,Fenerbahce,Kasimpasa,5,1,H,,,,played,True,2,1,22,4,11,1,16,23,6,1,2,4,0,0,football_data,data/raw/football_data/2022-23.csv,189,
f5b17f0aa031d2f3db3b57697b9ecb2df18ada7ba8767a8f48a480dc809ec0f8,2022-23,2023-01-29,19:00,Europe/Istanbul,football_data_europe_london_converted,Istanbul Basaksehir,Konyaspor,2,0,H,,,,played,True,1,0,13,12,5,2,13,10,6,3,0,0,0,0,football_data,data/raw/football_data/2022-23.csv,188,
5a9dad9e4de43b16675b9698f7aaeb7f99ecbdca4bce58cc8bb1a0d36f02f38e,2022-23,2023-01-31,17:00,Europe/Istanbul,football_data_europe_london_converted,Alanyaspor,Sivasspor,0,3,A,,,,played,True,0,2,8,10,2,6,9,16,4,4,2,2,0,0,football_data,data/raw/football_data/2022-23.csv,190,
533c8951432c8571c898c7be865ce540c79d5ff27e943992b47f5352a41f3efe,2022-23,2023-01-31,20:00,Europe/Istanbul,football_data_europe_london_converted,Fatih Karagumruk,Besiktas,1,1,D,,,,played,True,0,1,9,11,2,2,12,10,6,8,1,1,0,0,football_data,data/raw/football_data/2022-23.csv,191,
8c53cb96e67b3b0fcc8515c2f9d956e8376be335285f47e672f34350b80ae3ab,2022-23,2023-02-01,17:00,Europe/Istanbul,football_data_europe_london_converted,Gaziantep FK,Hatayspor,4,1,H,,,,played,True,1,1,12,12,5,2,15,13,4,2,4,2,0,0,football_data,data/raw/football_data/2022-23.csv,192,
2efb48c9c01c27d32cc86c1fa52dc8f3be24ce51f89fd9e0edcd350820115f85,2022-23,2023-02-01,17:00,Europe/Istanbul,football_data_europe_london_converted,Kasimpasa,Giresunspor,5,1,H,,,,played,True,3,1,13,12,7,6,15,8,4,6,2,2,0,0,football_data,data/raw/football_data/2022-23.csv,193,
eb4693365fade74618e5e1b66fab50d3633a76d9b3b938db336f984568c9a34d,2022-23,2023-02-01,20:00,Europe/Istanbul,football_data_europe_london_converted,Galatasaray,Umraniyespor,3,2,H,,,,played,True,1,2,30,5,12,5,13,14,13,1,0,3,0,1,football_data,data/raw/football_data/2022-23.csv,194,
6a2ccae2f50fd5ba6344e3eda04056862c92d0a64a505d2a657e87eaf8bb35bd,2022-23,2023-02-01,20:00,Europe/Istanbul,football_data_europe_london_converted,Trabzonspor,Antalyaspor,2,0,H,,,,played,True,1,0,18,6,7,1,10,15,3,4,1,0,0,0,football_data,data/raw/football_data/2022-23.csv,195,
4dad0b72123303e664db61b2920caa0bae112b23765d2472e528cdf2e3250756,2022-23,2023-02-02,17:00,Europe/Istanbul,football_data_europe_london_converted,Kayserispor,Istanbul Basaksehir,1,0,H,,,,played,True,0,0,20,25,9,5,13,18,5,10,2,3,0,0,football_data,data/raw/football_data/2022-23.csv,196,
e10010d3cd6d598ce4e8357339256cf7b533928f1c62a0777f9a77bb86fb19d1,2022-23,2023-02-02,17:00,Europe/Istanbul,football_data_europe_london_converted,Konyaspor,Istanbulspor,0,1,A,,,,played,True,0,0,15,14,2,3,13,8,5,4,2,1,0,0,football_data,data/raw/football_data/2022-23.csv,197,
90b9265b562263cf31536644c90684dd4dc029425bf25633f6b6c6f8b3a9bc2c,2022-23,2023-02-02,20:00,Europe/Istanbul,football_data_europe_london_converted,Adana Demirspor,Fenerbahce,1,1,D,,,,played,True,0,0,22,8,10,3,15,15,8,3,2,3,0,0,football_data,data/raw/football_data/2022-23.csv,198,
770488d94e3e02772a4bf41f6ad39391e39567bad10658656397767130000ee5,2022-23,2023-02-04,13:30,Europe/Istanbul,football_data_europe_london_converted,Ankaragucu,Fatih Karagumruk,0,2,A,,,,played,True,0,1,14,17,4,4,12,12,10,2,0,1,0,0,football_data,data/raw/football_data/2022-23.csv,199,
996e8dca2b92bb6191cb2f8f9064ce2579f409bd88f59af657811588183a87b1,2022-23,2023-02-04,16:00,Europe/Istanbul,football_data_europe_london_converted,Sivasspor,Besiktas,1,0,H,,,,played,True,1,0,9,9,2,0,15,20,3,5,2,2,0,0,football_data,data/raw/football_data/2022-23.csv,200,
957d8ced5f1002cb0f94ce8465958736bdcea257c50d7c19b2fcacd15674b732,2022-23,2023-02-04,19:00,Europe/Istanbul,football_data_europe_london_converted,Antalyaspor,Gaziantep FK,1,0,H,,,,played,True,1,0,10,12,2,3,14,8,5,7,3,5,0,1,football_data,data/raw/football_data/2022-23.csv,201,
d93e705e7ac5b440b816d0aa5d875e739caa2a540595919b3f732bfe8f5f2ad1,2022-23,2023-02-05,13:30,Europe/Istanbul,football_data_europe_london_converted,Istanbulspor,Alanyaspor,2,1,H,,,,played,True,0,0,7,14,4,5,7,10,1,11,1,0,0,0,football_data,data/raw/football_data/2022-23.csv,202,
480b2bf6834bf52710b949c8852c0cd4d9d7067184dc3060d79022f457867aaa,2022-23,2023-02-05,16:00,Europe/Istanbul,football_data_europe_london_converted,Hatayspor,Kasimpasa,1,0,H,,,,played,True,0,0,13,14,3,0,13,12,5,8,2,3,0,0,football_data,data/raw/football_data/2022-23.csv,203,
822a4d15ffda1ff3983e529668b3153922b1346111198b34f6114ca4127775a2,2022-23,2023-02-05,19:00,Europe/Istanbul,football_data_europe_london_converted,Galatasaray,Trabzonspor,2,1,H,,,,played,True,1,1,23,11,10,2,19,16,6,5,1,3,0,0,football_data,data/raw/football_data/2022-23.csv,204,
4cced2e104239d943c93e45750d0c048ac019a54a2cabeeb314a591dfba8f22b,2022-23,2023-02-25,16:00,Europe/Istanbul,football_data_europe_london_converted,Umraniyespor,Gaziantep FK,3,0,H,,,,not_played_forfeit,False,,,,,,,,,,,,,,,football_data,data/raw/football_data/2022-23.csv,205,
acb697e8cf53ecf6d7b94c2a8c8cbce37fadf6407728cfca5d57d9f6c1c72fa4,2022-23,2023-02-25,19:00,Europe/Istanbul,football_data_europe_london_converted,Fenerbahce,Konyaspor,4,0,H,,,,played,True,2,0,14,6,5,4,19,16,3,1,1,4,0,1,football_data,data/raw/football_data/2022-23.csv,206,
967a7abc1d6ea0307bfcf5f3781c78db1fb508c6aed68844ba8c22215143f735,2022-23,2023-02-25,19:00,Europe/Istanbul,football_data_europe_london_converted,Giresunspor,Kayserispor,1,2,A,,,,played,True,0,2,29,11,6,5,16,15,9,4,3,7,0,0,football_data,data/raw/football_data/2022-23.csv,207,
e547f0207a33d2e8d04977a3cea8adaa38c9184f16f8be86789e5085b0fdc56b,2022-23,2023-02-26,16:00,Europe/Istanbul,football_data_europe_london_converted,Umraniyespor,Adana Demirspor,1,1,D,,,,played,True,0,0,17,22,7,10,20,10,7,7,0,0,0,0,football_data,data/raw/football_data/2022-23.csv,208,
b809d84f18c951f34338e0d16f33499149189644b450b574cc80f596b1a53c9e,2022-23,2023-02-26,19:00,Europe/Istanbul,football_data_europe_london_converted,Besiktas,Antalyaspor,0,0,D,,,,played,True,0,0,20,3,5,1,12,16,8,1,1,3,0,0,football_data,data/raw/football_data/2022-23.csv,209,
8923a432c0af9cd5902a2fce0668782f230579d8f7c7913f29c5f4240075cbb2,2022-23,2023-03-03,20:00,Europe/Istanbul,football_data_europe_london_converted,Alanyaspor,Istanbul Basaksehir,1,0,H,,,,played,True,0,0,9,12,3,4,9,16,2,10,1,2,1,0,football_data,data/raw/football_data/2022-23.csv,210,
520fe3470c5498c1f342920fe72be318c2aa76db4cfb3347c590885b63f5cfe2,2022-23,2023-03-04,13:30,Europe/Istanbul,football_data_europe_london_converted,Fatih Karagumruk,Sivasspor,4,3,H,,,,played,True,1,1,16,20,9,7,18,8,4,5,3,1,0,0,football_data,data/raw/football_data/2022-23.csv,211,
54793d916f94ecf8f35d8f6b830a1f4610ae136d8699d4959af72e6fcc289287,2022-23,2023-03-04,16:00,Europe/Istanbul,football_data_europe_london_converted,Trabzonspor,Umraniyespor,1,2,A,,,,played,True,0,0,25,12,7,7,12,11,7,3,2,4,1,0,football_data,data/raw/football_data/2022-23.csv,212,
05e273ff945d9c61421c3d38e5ca3af4b91f4582b9255fb24d88314be06aa82a,2022-23,2023-03-04,19:00,Europe/Istanbul,football_data_europe_london_converted,Kayserispor,Fenerbahce,1,2,A,,,,played,True,0,1,15,17,3,4,13,11,10,7,0,1,0,0,football_data,data/raw/football_data/2022-23.csv,213,
e63cee9341923947d83d5eb6d9f36352d8121e22da14b0b6d6fe64c787778586,2022-23,2023-03-05,16:00,Europe/Istanbul,football_data_europe_london_converted,Adana Demirspor,Hatayspor,3,0,H,,,,not_played_forfeit,False,,,,,,,,,,,,,,,football_data,data/raw/football_data/2022-23.csv,214,
f06d7f4d35a3b9080445808a68a78665ba19d1ec5c44b951955cd2a15b08d1fd,2022-23,2023-03-05,16:00,Europe/Istanbul,football_data_europe_london_converted,Gaziantep FK,Galatasaray,0,3,A,,,,not_played_forfeit,False,,,,,,,,,,,,,,,football_data,data/raw/football_data/2022-23.csv,215,
5e06fb822f191d98f26bb2f696777c3d3209e62e90bd0ad6be05d21afb49041b,2022-23,2023-03-05,16:00,Europe/Istanbul,football_data_europe_london_converted,Konyaspor,Giresunspor,0,0,D,,,,played,True,0,0,18,6,6,1,14,13,2,1,3,4,0,0,football_data,data/raw/football_data/2022-23.csv,216,
efae1217331bcf7f447acc8305966ce6ce06855be3d58b7b85d50374e4e18f5e,2022-23,2023-03-05,19:00,Europe/Istanbul,football_data_europe_london_converted,Besiktas,Ankaragucu,2,1,H,,,,played,True,1,0,20,10,10,4,18,15,2,6,3,1,0,0,football_data,data/raw/football_data/2022-23.csv,217,
94274cdbdd504e6c83a6e1cf06e2989180d596ca2d7703250d65505a3965854d,2022-23,2023-03-06,20:00,Europe/Istanbul,football_data_europe_london_converted,Kasimpasa,Antalyaspor,3,1,H,,,,played,True,2,1,10,15,4,2,15,10,3,7,2,1,0,0,football_data,data/raw/football_data/2022-23.csv,218,
41b1e57aed6c3503597ed76e1bfb2c6976c935d8de74210f772e641b36fe9cff,2022-23,2023-03-10,20:00,Europe/Istanbul,football_data_europe_london_converted,Giresunspor,Fatih Karagumruk,2,2,D,,,,played,True,2,1,5,12,3,5,18,16,2,2,2,2,0,0,football_data,data/raw/football_data/2022-23.csv,219,
7eab471cc8b45a35e2fa64f2cb0ec985ce62e085813f072f2686ca8c5c055f58,2022-23,2023-03-11,16:00,Europe/Istanbul,football_data_europe_london_converted,Antalyaspor,Kayserispor,4,0,H,,,,played,True,1,0,20,5,10,1,13,18,7,2,1,0,0,0,football_data,data/raw/football_data/2022-23.csv,220,
359413cef6e83ea6615e955680095a2f8a0c59e0a1be91c365ae015b8838dafd,2022-23,2023-03-11,19:00,Europe/Istanbul,football_data_europe_london_converted,Galatasaray,Kasimpasa,1,0,H,,,,played,True,0,0,16,7,3,2,13,18,7,1,3,2,0,0,football_data,data/raw/football_data/2022-23.csv,221,
e8ff21a85890c73eb0c17b0397290ca32b3e2dc262a052256a4acfcb39d49f75,2022-23,2023-03-12,13:30,Europe/Istanbul,football_data_europe_london_converted,Ankaragucu,Alanyaspor,2,0,H,,,,played,True,1,0,18,10,6,1,16,17,4,2,2,2,0,0,football_data,data/raw/football_data/2022-23.csv,222,
6b773b9960232a04a1c9cb33f4dc1f0a8855b090de51fb9545174d6e90c593bb,2022-23,2023-03-12,13:30,Europe/Istanbul,football_data_europe_london_converted,Hatayspor,Konyaspor,0,3,A,,,,not_played_forfeit,False,,,,,,,,,,,,,,,football_data,data/raw/football_data/2022-23.csv,223,
472e734286d36c3a061b19e70f42e4b9f62a816799d5cc8788ec0a8dbbb0ee92,2022-23,2023-03-12,16:00,Europe/Istanbul,football_data_europe_london_converted,Trabzonspor,Adana Demirspor,4,1,H,,,,played,True,1,1,15,21,6,4,12,11,7,6,1,1,0,1,football_data,data/raw/football_data/2022-23.csv,224,
532710abd9d25ecb846401582a8e6e8de612c825748ff78d20d5216ad20a7feb,2022-23,2023-03-12,19:00,Europe/Istanbul,football_data_europe_london_converted,Istanbul Basaksehir,Besiktas,0,2,A,,,,played,True,0,1,13,12,2,4,9,15,10,5,0,2,1,0,football_data,data/raw/football_data/2022-23.csv,225,
ad585b328af2e9ff4dc0de89ded8aa613428887a9e023a7c2e7206da5ff4a12d,2022-23,2023-03-13,20:00,Europe/Istanbul,football_data_europe_london_converted,Istanbulspor,Sivasspor,3,0,H,,,,played,True,1,0,8,7,4,2,13,12,3,3,3,4,0,1,football_data,data/raw/football_data/2022-23.csv,226,
4f3cd811ee9191284cbfaa22c5fb55762c4105202b95698f5d74ccc24fdadeef,2022-23,2023-03-17,20:00,Europe/Istanbul,football_data_europe_london_converted,Konyaspor,Galatasaray,2,1,H,,,,played,True,0,1,15,17,3,7,19,19,4,6,6,4,0,0,football_data,data/raw/football_data/2022-23.csv,227,
ddf81ea41ecc91c4e06eb40f895d985126ba850c280b1a22260ea2c8304da56e,2022-23,2023-03-18,13:30,Europe/Istanbul,football_data_europe_london_converted,Kasimpasa,Umraniyespor,1,1,D,,,,played,True,1,1,20,7,3,2,14,23,9,5,1,1,0,0,football_data,data/raw/football_data/2022-23.csv,228,
350ae49933253875f767692d054de1d56c02a6014d27de2e3d96c0233e367e15,2022-23,2023-03-18,16:00,Europe/Istanbul,football_data_europe_london_converted,Adana Demirspor,Antalyaspor,2,0,H,,,,played,True,2,0,17,10,6,2,11,14,4,2,1,2,0,0,football_data,data/raw/football_data/2022-23.csv,229,
3b06754f9f8c42681ae51b4b15549a32ecce080e527aa0c630d3836115334c4f,2022-23,2023-03-18,19:00,Europe/Istanbul,football_data_europe_london_converted,Besiktas,Istanbulspor,3,1,H,,,,played,True,1,0,12,10,3,2,13,9,8,2,0,2,0,0,football_data,data/raw/football_data/2022-23.csv,230,
6a6ed75b2df4ad060eaf3d22dbc71e9f3f763cb889872c0a60c92f403483accb,2022-23,2023-03-19,16:00,Europe/Istanbul,football_data_europe_london_converted,Fatih Karagumruk,Istanbul Basaksehir,2,2,D,,,,played,True,1,1,12,14,5,5,14,11,2,7,2,1,0,0,football_data,data/raw/football_data/2022-23.csv,231,
ba34c8490b071bf2075b2af56208194385e95f0ff49f0662856298db66e6f033,2022-23,2023-03-19,16:00,Europe/Istanbul,football_data_europe_london_converted,Sivasspor,Ankaragucu,2,0,H,,,,played,True,1,0,24,7,7,1,10,6,3,5,0,0,0,0,football_data,data/raw/football_data/2022-23.csv,232,
85517cc0ddc36791ed9591f254f79a60bf715a80782b97f01c87e75c8b6ec2bc,2022-23,2023-03-19,19:00,Europe/Istanbul,football_data_europe_london_converted,Alanyaspor,Fenerbahce,1,3,A,,,,played,True,1,0,4,14,2,5,10,7,1,7,2,2,0,0,football_data,data/raw/football_data/2022-23.csv,233,
74378a8ee5cc11bac634ab0f7e269fbb7d43e337c3c31adcbc3b9d4ccc016c4f,2022-23,2023-03-19,21:00,Europe/Istanbul,football_data_europe_london_converted,Gaziantep FK,Trabzonspor,0,3,A,,,,not_played_forfeit,False,,,,,,,,,,,,,,,football_data,data/raw/football_data/2022-23.csv,234,
ce8054d373474408d0a34a686da2cb5d46bf1d31bf04e93e1adc3df98e2cdf8e,2022-23,2023-03-19,21:00,Europe/Istanbul,football_data_europe_london_converted,Kayserispor,Hatayspor,3,0,H,,,,not_played_forfeit,False,,,,,,,,,,,,,,,football_data,data/raw/football_data/2022-23.csv,235,
25caf0547ec22ddcd7f9a02689742a9b04a606f69add3869d69cd0b5084cee7d,2022-23,2023-04-01,16:00,Europe/Istanbul,football_data_europe_london_converted,Istanbul Basaksehir,Ankaragucu,1,0,H,,,,played,True,1,0,16,11,9,2,16,18,3,5,3,2,0,0,football_data,data/raw/football_data/2022-23.csv,236,
a1df5008541847a3f42ba0af0ccf748c2aec908729bfc4edf31d7361ee6ef7c1,2022-23,2023-04-01,16:00,Europe/Istanbul,football_data_europe_london_converted,Trabzonspor,Kayserispor,3,4,A,,,,played,True,1,2,21,14,6,4,11,12,4,2,0,1,0,0,football_data,data/raw/football_data/2022-23.csv,237,
259815b8ffc3a7d0af92aff4dcdca41aece2d1ef34335f14620b086fb557ebd4,2022-23,2023-04-01,20:30,Europe/Istanbul,football_data_europe_london_converted,Galatasaray,Adana Demirspor,2,0,H,,,,played,True,0,0,19,9,4,1,22,13,8,4,4,4,0,0,football_data,data/raw/football_data/2022-23.csv,238,
0b14e5bc73d5db8e51bf004cb85651d5ad05fc0c7e45172f039a34c63b4183d6,2022-23,2023-04-02,13:30,Europe/Istanbul,football_data_europe_london_converted,Umraniyespor,Konyaspor,2,2,D,,,,played,True,0,0,7,11,3,3,14,7,4,7,2,1,0,0,football_data,data/raw/football_data/2022-23.csv,239,
f2f439c6e7c90308076787a4853b97e661869d7c975c00a6bc3b5b3ce1edc4d5,2022-23,2023-04-02,16:00,Europe/Istanbul,football_data_europe_london_converted,Giresunspor,Alanyaspor,2,2,D,,,,played,True,0,1,22,10,7,4,15,20,7,2,2,4,0,0,football_data,data/raw/football_data/2022-23.csv,240,
d5acad1d773e6ea690f767b1525332e71bf22fefea08c47e3dc1717093f0dd3d,2022-23,2023-04-02,20:00,Europe/Istanbul,football_data_europe_london_converted,Gaziantep FK,Kasimpasa,0,3,A,,,,not_played_forfeit,False,,,,,,,,,,,,,,,football_data,data/raw/football_data/2022-23.csv,241,
99084ddae21ecd335e4f3aed288537922651f904cb38ef2a4e763d486ca53a47,2022-23,2023-04-02,20:00,Europe/Istanbul,football_data_europe_london_converted,Hatayspor,Sivasspor,0,3,A,,,,not_played_forfeit,False,,,,,,,,,,,,,,,football_data,data/raw/football_data/2022-23.csv,242,
1a0be781b7ac1da48cbc5a9cfbd647dbd7c71bc7749045dc793ecf6d30ba0b17,2022-23,2023-04-02,20:30,Europe/Istanbul,football_data_europe_london_converted,Fenerbahce,Besiktas,2,4,A,,,,played,True,1,0,21,8,8,5,16,18,8,2,3,6,0,1,football_data,data/raw/football_data/2022-23.csv,243,
d0ad473aa6c63d73d4dd3a66db26be3c1381e9ea6ec4627588f8255c4c59f109,2022-23,2023-04-03,20:30,Europe/Istanbul,football_data_europe_london_converted,Istanbulspor,Fatih Karagumruk,0,1,A,,,,played,True,0,1,11,11,3,5,11,19,8,3,5,3,0,1,football_data,data/raw/football_data/2022-23.csv,244,
2225a5e499f7a1ec8552042a200ec917e3b7365a03b1f8558badfbe4bb78d39b,2022-23,2023-04-07,20:30,Europe/Istanbul,football_data_europe_london_converted,Konyaspor,Antalyaspor,1,1,D,,,,played,True,1,1,11,9,3,2,13,14,6,4,2,3,0,0,football_data,data/raw/football_data/2022-23.csv,245,
bd5d419fc1ea9d0b024ba2b539d217b7b89b726e37e5c0a5a888a5ad4fbffc4e,2022-23,2023-04-08,16:00,Europe/Istanbul,football_data_europe_london_converted,Ankaragucu,Istanbulspor,3,2,H,,,,played,True,2,0,9,13,6,8,16,17,8,4,1,4,0,0,football_data,data/raw/football_data/2022-23.csv,246,
da3f94725b043ed966aab98f1e60a65741b0511b1046a8b8c86a441675149192,2022-23,2023-04-08,20:30,Europe/Istanbul,football_data_europe_london_converted,Kasimpasa,Trabzonspor,2,0,H,,,,played,True,1,0,15,11,7,3,17,10,5,5,0,0,0,0,football_data,data/raw/football_data/2022-23.csv,247,
06b90b3117b6e0b61d6f30b95f1e80e353290457eb2a8b8862cffa54e697b558,2022-23,2023-04-09,16:00,Europe/Istanbul,football_data_europe_london_converted,Sivasspor,Istanbul Basaksehir,1,1,D,,,,played,True,1,0,11,7,5,2,14,10,6,2,2,0,0,0,football_data,data/raw/football_data/2022-23.csv,248,
c44c853eda9c813962467ffc2e55a6fd7054e9b477a78e53018c7d2ab749edbc,2022-23,2023-04-09,20:00,Europe/Istanbul,football_data_europe_london_converted,Adana Demirspor,Gaziantep FK,3,0,H,,,,not_played_forfeit,False,,,,,,,,,,,,,,,football_data,data/raw/football_data/2022-23.csv,249,
cb72a1acf8fe6944b50919a30aead774b4c26083ba8071d3ebf804f5d7867c09,2022-23,2023-04-09,20:00,Europe/Istanbul,football_data_europe_london_converted,Alanyaspor,Hatayspor,3,0,H,,,,not_played_forfeit,False,,,,,,,,,,,,,,,football_data,data/raw/football_data/2022-23.csv,250,
92f203851bd6765425037e5d05d637b2610feeca1ab4dbee81fb1cb03d1929da,2022-23,2023-04-09,20:30,Europe/Istanbul,football_data_europe_london_converted,Besiktas,Giresunspor,3,1,H,,,,played,True,2,1,16,8,10,1,16,11,7,3,2,4,0,0,football_data,data/raw/football_data/2022-23.csv,251,
10c3e61c9025edb3fda208cb593bb2f2131e17bc66a16a8865feef84c7d365d1,2022-23,2023-04-10,16:00,Europe/Istanbul,football_data_europe_london_converted,Kayserispor,Umraniyespor,3,1,H,,,,played,True,1,1,18,20,5,5,22,12,5,7,4,4,0,1,football_data,data/raw/football_data/2022-23.csv,252,
4b39dc5fceb42c9556ee104369aff60942a9f77a9b482fcaf5a50b8448f797e4,2022-23,2023-04-10,20:30,Europe/Istanbul,football_data_europe_london_converted,Fatih Karagumruk,Fenerbahce,1,2,A,,,,played,True,1,0,8,11,4,4,16,15,1,4,1,1,0,0,football_data,data/raw/football_data/2022-23.csv,253,
97cb2501de585381d3136f08783978e7680badad3170b392a7074c951ecea8cf,2022-23,2023-04-14,20:30,Europe/Istanbul,football_data_europe_london_converted,Antalyaspor,Alanyaspor,3,1,H,,,,played,True,2,1,15,9,8,3,12,13,4,1,2,2,0,1,football_data,data/raw/football_data/2022-23.csv,254,
5c66d27b592194810c793d965145ded730ea4af90244a4b8d437c53169918b8c,2022-23,2023-04-14,20:30,Europe/Istanbul,football_data_europe_london_converted,Galatasaray,Kayserispor,6,0,H,,,,played,True,4,0,29,8,17,1,11,15,2,7,2,0,0,1,football_data,data/raw/football_data/2022-23.csv,255,
26b64b4c3d05b748b034b95eca57784310abaa12202a7d21c0c62d00153cc41b,2022-23,2023-04-15,16:00,Europe/Istanbul,football_data_europe_london_converted,Adana Demirspor,Kasimpasa,5,0,H,,,,played,True,3,0,22,6,12,2,7,17,7,0,2,3,0,0,football_data,data/raw/football_data/2022-23.csv,256,
bbe38060c1716fa4d56391d02bbf572b738073c611536ef0c815049d52eb38af,2022-23,2023-04-15,16:00,Europe/Istanbul,football_data_europe_london_converted,Istanbulspor,Istanbul Basaksehir,1,0,H,,,,played,True,1,0,9,13,4,5,16,15,4,6,2,6,0,0,football_data,data/raw/football_data/2022-23.csv,257,
dff38d8282b32f795bb934e9d65a8f1878691d3f11039954860f45cd4287307d,2022-23,2023-04-15,20:30,Europe/Istanbul,football_data_europe_london_converted,Fenerbahce,Ankaragucu,2,1,H,,,,played,True,0,0,19,10,9,4,14,26,8,7,2,7,0,0,football_data,data/raw/football_data/2022-23.csv,258,
cd015e3e95c78fc879588b13d934ff09493c555090b4d591e529eafc60c3226c,2022-23,2023-04-16,16:00,Europe/Istanbul,football_data_europe_london_converted,Giresunspor,Sivasspor,1,0,H,,,,played,True,1,0,9,11,3,4,13,13,2,6,3,2,0,0,football_data,data/raw/football_data/2022-23.csv,259,
2901f8192b6db0c079c7daf460cfa4e10786b846b3718015892ab1e420ba6869,2022-23,2023-04-16,20:00,Europe/Istanbul,football_data_europe_london_converted,Gaziantep FK,Konyaspor,0,3,A,,,,not_played_forfeit,False,,,,,,,,,,,,,,,football_data,data/raw/football_data/2022-23.csv,260,
6323a7d623aebaa0798f6614616f40ab83d93bedc1af447cfe4549283395a275,2022-23,2023-04-16,20:00,Europe/Istanbul,football_data_europe_london_converted,Hatayspor,Fatih Karagumruk,0,3,A,,,,not_played_forfeit,False,,,,,,,,,,,,,,,football_data,data/raw/football_data/2022-23.csv,261,
45cfc303f92acbf2b33fec37a2d1eedc954e5a80d19b086662856aedd5668791,2022-23,2023-04-16,20:30,Europe/Istanbul,football_data_europe_london_converted,Trabzonspor,Besiktas,0,0,D,,,,played,True,0,0,12,12,4,5,11,18,6,8,4,2,0,0,football_data,data/raw/football_data/2022-23.csv,262,
a8ff5d6354d9a1254e7f6303fd7213f5da36f73da4fd3f60bec8d804ba8bbd49,2022-23,2023-04-18,20:30,Europe/Istanbul,football_data_europe_london_converted,Alanyaspor,Galatasaray,1,4,A,,,,played,True,1,2,10,19,2,13,16,12,6,3,3,1,0,0,football_data,data/raw/football_data/2022-23.csv,263,
d6682646624024264dfa7dba4906b2469da299da22a3980f200948bca2976607,2022-23,2023-04-18,20:30,Europe/Istanbul,football_data_europe_london_converted,Fatih Karagumruk,Umraniyespor,4,2,H,,,,played,True,2,1,16,19,8,4,15,11,5,8,5,2,0,0,football_data,data/raw/football_data/2022-23.csv,264,
2ec495a25bad08ee9a186cac4dc89d7672b05d270bb890d197b8425751d0d9ad,2022-23,2023-04-19,17:00,Europe/Istanbul,football_data_europe_london_converted,Istanbulspor,Antalyaspor,3,3,D,,,,played,True,2,1,8,17,6,6,19,10,3,5,8,1,0,0,football_data,data/raw/football_data/2022-23.csv,265,
2b26ce298dc7f782ea47520860aa90f130225e539d51b235bcebb1831cf1e10b,2022-23,2023-04-19,17:00,Europe/Istanbul,football_data_europe_london_converted,Kayserispor,Kasimpasa,0,0,D,,,,played,True,0,0,8,8,3,2,15,10,3,3,1,2,0,1,football_data,data/raw/football_data/2022-23.csv,266,
9d2a4664f6321c756419353e4fbb0bf0ed195eced04d33dc328a30ade9ae9bef,2022-23,2023-04-19,20:00,Europe/Istanbul,football_data_europe_london_converted,Besiktas,Hatayspor,3,0,H,,,,not_played_forfeit,False,,,,,,,,,,,,,,,football_data,data/raw/football_data/2022-23.csv,267,
334753c2267f60d9d494bd34c6ddf56b8810e2ceb6776e1760b3018d04b38ec2,2022-23,2023-04-19,20:30,Europe/Istanbul,football_data_europe_london_converted,Istanbul Basaksehir,Fenerbahce,1,2,A,,,,played,True,1,0,6,20,3,5,18,6,5,4,9,1,2,0,football_data,data/raw/football_data/2022-23.csv,268,
4d02c78ad9629f8def12a9fe4b605bebcbc2b2da4effd1eea4b06ed50986e7f0,2022-23,2023-04-19,20:30,Europe/Istanbul,football_data_europe_london_converted,Konyaspor,Adana Demirspor,1,2,A,,,,played,True,1,1,12,11,2,7,17,12,6,3,3,2,0,1,football_data,data/raw/football_data/2022-23.csv,269,
a8cdc9c910243da33160a97209e17907d464861f46222e969419c08f04dd01e4,2022-23,2023-04-20,17:00,Europe/Istanbul,football_data_europe_london_converted,Ankaragucu,Giresunspor,3,1,H,,,,played,True,0,1,20,3,6,0,8,6,6,2,1,2,0,0,football_data,data/raw/football_data/2022-23.csv,270,
7b17dc12f55c8ee3c52f6b3fe3585af635f172bd201284d51ba045bba6f341a7,2022-23,2023-04-20,20:30,Europe/Istanbul,football_data_europe_london_converted,Sivasspor,Trabzonspor,4,1,H,,,,played,True,2,1,18,4,10,2,10,11,6,1,1,1,0,1,football_data,data/raw/football_data/2022-23.csv,271,
ad3662653eae5591c864971d862f2033982a5d7395299a218e78c8a77b59a704,2022-23,2023-04-22,19:00,Europe/Istanbul,football_data_europe_london_converted,Umraniyespor,Besiktas,0,2,A,,,,played,True,0,1,8,16,2,6,7,19,3,9,0,2,0,0,football_data,data/raw/football_data/2022-23.csv,272,
3d18e8e4452334de81254acfc2fdbc5a2f39e34b3daa950844fa5f92e4360cd4,2022-23,2023-04-23,13:30,Europe/Istanbul,football_data_europe_london_converted,Kasimpasa,Konyaspor,1,2,A,,,,played,True,1,2,17,13,9,6,12,12,9,4,2,1,0,0,football_data,data/raw/football_data/2022-23.csv,273,
1d061f2e451b13b46b90daed15d03698a702bf4544544656de146eef7578c504,2022-23,2023-04-23,16:00,Europe/Istanbul,football_data_europe_london_converted,Adana Demirspor,Kayserispor,5,3,H,,,,played,True,4,3,16,14,6,3,8,13,5,3,2,3,0,1,football_data,data/raw/football_data/2022-23.csv,274,
8318be4cbc4ca26caa45f15a77639fb1a7ddc109ac3f26df59ebfa3f8d7bf0cf,2022-23,2023-04-23,19:00,Europe/Istanbul,football_data_europe_london_converted,Galatasaray,Fatih Karagumruk,3,3,D,,,,played,True,2,3,24,7,9,3,14,14,5,4,0,3,0,0,football_data,data/raw/football_data/2022-23.csv,275,
3c2285509f06833243f6ede05d4b9efa7edf00f858e5d983abba74f2af6ba77c,2022-23,2023-04-23,20:00,Europe/Istanbul,football_data_europe_london_converted,Gaziantep FK,Alanyaspor,0,3,A,,,,not_played_forfeit,False,,,,,,,,,,,,,,,football_data,data/raw/football_data/2022-23.csv,276,
a2fad0cb6f9213a5c2c48f1565d89e6e70d4ba37a138beb5827d45e8fd676b2d,2022-23,2023-04-23,20:00,Europe/Istanbul,football_data_europe_london_converted,Hatayspor,Ankaragucu,0,3,A,,,,not_played_forfeit,False,,,,,,,,,,,,,,,football_data,data/raw/football_data/2022-23.csv,277,
eb1446616a8117d9d22cd1ebddbced3572a6ac1a90b6b8ba762651450ff4e4b2,2022-23,2023-04-24,17:00,Europe/Istanbul,football_data_europe_london_converted,Giresunspor,Istanbul Basaksehir,2,4,A,,,,played,True,0,4,25,14,8,6,14,20,9,1,2,3,0,0,football_data,data/raw/football_data/2022-23.csv,278,
30499ba0b8b0c29eab8167ac371e72d95efa1a62200199da6ae185ffdd32db15,2022-23,2023-04-24,20:00,Europe/Istanbul,football_data_europe_london_converted,Antalyaspor,Sivasspor,1,2,A,,,,played,True,0,2,21,9,7,3,12,16,14,4,0,2,0,0,football_data,data/raw/football_data/2022-23.csv,279,
29bd18e94f82d3290557654d798ec83c8619f02503f12f70c623714d6cabcc4a,2022-23,2023-04-24,20:00,Europe/Istanbul,football_data_europe_london_converted,Fenerbahce,Istanbulspor,3,3,D,,,,played,True,1,0,15,7,5,4,14,14,6,1,3,4,0,0,football_data,data/raw/football_data/2022-23.csv,280,
9a7e2c8381a376a7f95037c6d8d8c990613b96946dc7cfa3b8770e533f80d9db,2022-23,2023-04-28,20:00,Europe/Istanbul,football_data_europe_london_converted,Alanyaspor,Umraniyespor,1,0,H,,,,played,True,1,0,8,13,4,6,11,13,4,6,0,2,0,0,football_data,data/raw/football_data/2022-23.csv,281,
05112827b1662f69f17ce42f08982e883f1c6c9798d42b0e3a0a7e8aaccf5639,2022-23,2023-04-29,16:00,Europe/Istanbul,football_data_europe_london_converted,Fatih Karagumruk,Antalyaspor,0,1,A,,,,played,True,0,1,4,8,2,2,14,10,5,5,1,0,0,0,football_data,data/raw/football_data/2022-23.csv,282,
185f6b75b58c932ca6aa537f721a66323ae987548c4ea5c3df284260749d0344,2022-23,2023-04-29,16:00,Europe/Istanbul,football_data_europe_london_converted,Konyaspor,Trabzonspor,2,1,H,,,,played,True,1,1,12,8,5,3,13,17,6,5,2,2,0,1,football_data,data/raw/football_data/2022-23.csv,283,
8538978f0afd53436aead0b37bcd192ce23ee442d7ec1f3eb3c71962610482c2,2022-23,2023-04-29,19:00,Europe/Istanbul,football_data_europe_london_converted,Ankaragucu,Kasimpasa,0,0,D,,,,played,True,0,0,6,8,2,3,14,12,5,3,1,2,0,0,football_data,data/raw/football_data/2022-23.csv,284,
e689c2f08e909479dfedb60ee893f1b1c918db69a35b5b123a18ea4fef107cb7,2022-23,2023-04-29,19:00,Europe/Istanbul,football_data_europe_london_converted,Sivasspor,Fenerbahce,1,3,A,,,,played,True,0,3,10,7,3,4,9,19,3,1,0,4,0,1,football_data,data/raw/football_data/2022-23.csv,285,
e2c8a50fc01fef4e4025e47ac073d440eb33743b60d4c7912d6ec360e202eadc,2022-23,2023-04-30,19:00,Europe/Istanbul,football_data_europe_london_converted,Besiktas,Galatasaray,3,1,H,,,,played,True,1,1,13,7,6,1,12,13,4,1,6,2,0,0,football_data,data/raw/football_data/2022-23.csv,286,
f7dbf8d5daa3255847ba6b30f27670c03831e349e825c98a5955067077fb1fce,2022-23,2023-04-30,20:00,Europe/Istanbul,football_data_europe_london_converted,Istanbul Basaksehir,Hatayspor,3,0,H,,,,not_played_forfeit,False,,,,,,,,,,,,,,,football_data,data/raw/football_data/2022-23.csv,287,
ec3d987a3459fe69340b1e9703aa9b4ad6be0c2f1e0c214aa1221b825ddf749b,2022-23,2023-04-30,20:00,Europe/Istanbul,football_data_europe_london_converted,Kayserispor,Gaziantep FK,3,0,H,,,,not_played_forfeit,False,,,,,,,,,,,,,,,football_data,data/raw/football_data/2022-23.csv,288,
8f2f203639d2e63445557f64fb7709f5175f26a285e2726e2dab5b93b505b42d,2022-23,2023-05-01,20:00,Europe/Istanbul,football_data_europe_london_converted,Istanbulspor,Giresunspor,1,0,H,,,,played,True,1,0,5,20,2,6,5,12,3,4,3,2,1,0,football_data,data/raw/football_data/2022-23.csv,289,
c6fe43d86eda0d70fcbafef5fb8eb8642d80e0f08133f103ca0eae3720b92ef2,2022-23,2023-05-06,19:00,Europe/Istanbul,football_data_europe_london_converted,Antalyaspor,Besiktas,1,3,A,,,,played,True,1,0,9,11,3,5,11,10,3,5,1,0,1,0,football_data,data/raw/football_data/2022-23.csv,290,
9a447be3f652e22930548ba22c02a07e35b4ec3fd237f31bc91a9cab0d0e21f8,2022-23,2023-05-06,21:00,Europe/Istanbul,football_data_europe_london_converted,Adana Demirspor,Alanyaspor,4,2,H,,,,played,True,2,2,17,13,8,5,9,13,2,2,1,2,0,0,football_data,data/raw/football_data/2022-23.csv,291,
91a6642519f1d3f30f50bd8a0085ae0b0af19ddeac52f37a6920f63395d7cc86,2022-23,2023-05-07,13:30,Europe/Istanbul,football_data_europe_london_converted,Umraniyespor,Sivasspor,4,1,H,,,,played,True,2,1,15,5,9,2,21,14,7,7,6,1,0,1,football_data,data/raw/football_data/2022-23.csv,292,
9a4256ef851c3287d32a5de55247ea5aec6b8494f31fc463635299a2e15c50be,2022-23,2023-05-07,16:00,Europe/Istanbul,football_data_europe_london_converted,Konyaspor,Kayserispor,2,2,D,,,,played,True,0,0,7,8,3,4,14,7,3,7,1,1,0,0,football_data,data/raw/football_data/2022-23.csv,293,
87b0446efe7c707dd07ab2efd0fbfb039964d93704c8ba47057853d13dc07526,2022-23,2023-05-07,19:00,Europe/Istanbul,football_data_europe_london_converted,Giresunspor,Fenerbahce,1,1,D,,,,played,True,0,1,7,11,5,4,14,14,3,11,5,2,0,0,football_data,data/raw/football_data/2022-23.csv,294,
47db0168260dfed14991dfbbf669c059e66217c1bb687dbc7e50e96ac5918f45,2022-23,2023-05-07,20:00,Europe/Istanbul,football_data_europe_london_converted,Gaziantep FK,Fatih Karagumruk,0,3,A,,,,not_played_forfeit,False,,,,,,,,,,,,,,,football_data,data/raw/football_data/2022-23.csv,295,
e9c0a9512abc8e5c02fb1d90c4f0e78a7d34334ea9aa11a2b31893a9759fde89,2022-23,2023-05-07,20:00,Europe/Istanbul,football_data_europe_london_converted,Hatayspor,Istanbulspor,0,3,A,,,,not_played_forfeit,False,,,,,,,,,,,,,,,football_data,data/raw/football_data/2022-23.csv,296,
23229602d1c6cee2a557af41bbe40813b52eecf9262980fd9737c0a5c5bac74b,2022-23,2023-05-08,20:00,Europe/Istanbul,football_data_europe_london_converted,Galatasaray,Istanbul Basaksehir,1,0,H,,,,played,True,1,0,19,8,5,5,10,5,10,4,2,1,0,0,football_data,data/raw/football_data/2022-23.csv,297,
69b42d0ca3e2737f79b854d07372ae99ebbb9670eb32f247acab891f1d14ff0c,2022-23,2023-05-08,20:00,Europe/Istanbul,football_data_europe_london_converted,Trabzonspor,Ankaragucu,2,0,H,,,,played,True,1,0,14,3,5,0,11,5,5,4,1,1,0,1,football_data,data/raw/football_data/2022-23.csv,298,
fd22744eaad806f1d4bbca1c6d429a930cf7cd9c366c9e10dcf0d934d1b233e4,2022-23,2023-05-16,17:00,Europe/Istanbul,football_data_europe_london_converted,Sivasspor,Kasimpasa,1,2,A,,,,played,True,0,0,15,6,1,3,11,11,6,1,3,1,0,1,football_data,data/raw/football_data/2022-23.csv,299,
2e39a868054211987980bb6f36a07d1caa569e4dedfcf7bfe4d090b35c97c458,2022-23,2023-05-16,20:00,Europe/Istanbul,football_data_europe_london_converted,Alanyaspor,Konyaspor,0,3,A,,,,played,True,0,1,12,14,5,6,12,11,3,3,4,2,0,0,football_data,data/raw/football_data/2022-23.csv,300,
7be93218d34d4f4492e6d094535858dcf853ae700f118915df5036fad951b05a,2022-23,2023-05-16,20:00,Europe/Istanbul,football_data_europe_london_converted,Istanbulspor,Galatasaray,0,2,A,,,,played,True,0,1,9,20,1,5,12,10,3,9,3,1,0,1,football_data,data/raw/football_data/2022-23.csv,301,
dfcac06df8902c809943f461854ed5debbf7520d8f2dd457e0f18d2a98601c3b,2022-23,2023-05-17,17:00,Europe/Istanbul,football_data_europe_london_converted,Istanbul Basaksehir,Umraniyespor,1,1,D,,,,played,True,1,0,6,14,3,4,13,7,3,4,2,1,1,0,football_data,data/raw/football_data/2022-23.csv,302,
3ccfe4f3ee1502fdcdc670690fa3c70c506984e4c976dfe1a88487ee19585598,2022-23,2023-05-17,20:00,Europe/Istanbul,football_data_europe_london_converted,Ankaragucu,Antalyaspor,1,1,D,,,,played,True,0,0,10,7,3,4,7,15,3,2,1,3,0,0,football_data,data/raw/football_data/2022-23.csv,303,
85d0e28968f659239cce3691f717030a3a1c051c2b94ad9f71c53336d51e532d,2022-23,2023-05-17,20:00,Europe/Istanbul,football_data_europe_london_converted,Besiktas,Gaziantep FK,3,0,H,,,,not_played_forfeit,False,,,,,,,,,,,,,,,football_data,data/raw/football_data/2022-23.csv,304,
25174cc066ec29df51a6b9174e43bd111a3757507b78571050e0d9f66d784bc6,2022-23,2023-05-17,20:00,Europe/Istanbul,football_data_europe_london_converted,Fatih Karagumruk,Adana Demirspor,2,3,A,,,,played,True,1,0,13,19,6,6,12,10,1,8,4,2,0,0,football_data,data/raw/football_data/2022-23.csv,306,
e54d6dea4245730d33450290b7f2359bb0a576e4e6953702cbb18ea253b8fa2d,2022-23,2023-05-17,20:00,Europe/Istanbul,football_data_europe_london_converted,Giresunspor,Hatayspor,3,0,H,,,,not_played_forfeit,False,,,,,,,,,,,,,,,football_data,data/raw/football_data/2022-23.csv,305,
6e5b22178502d2a04966c2e3527b8f560c64b0d2bd95666d0ed8d70eccb1ec89,2022-23,2023-05-18,20:00,Europe/Istanbul,football_data_europe_london_converted,Fenerbahce,Trabzonspor,3,1,H,,,,played,True,1,0,13,9,9,6,10,14,9,3,0,2,0,0,football_data,data/raw/football_data/2022-23.csv,307,
2fd888e8ed5876fc3578281b918670a25c6ef5f3036e1b2ae4107fb030acd25a,2022-23,2023-05-20,16:00,Europe/Istanbul,football_data_europe_london_converted,Kasimpasa,Istanbulspor,1,0,H,,,,played,True,0,0,11,9,7,3,16,9,8,4,2,1,0,0,football_data,data/raw/football_data/2022-23.csv,308,
7c53bac2d374479f9d90c87a4c8c50b0208ed1c3b07b076fcee0156d23b8293c,2022-23,2023-05-20,19:00,Europe/Istanbul,football_data_europe_london_converted,Galatasaray,Sivasspor,2,0,H,,,,played,True,1,0,11,4,3,2,13,12,6,3,1,1,0,0,football_data,data/raw/football_data/2022-23.csv,309,
d9404cef1cc0a2ac890b8ded6ebf178a03de4df95145385ac7d08108319b25db,2022-23,2023-05-20,19:00,Europe/Istanbul,football_data_europe_london_converted,Kayserispor,Alanyaspor,0,4,A,,,,played,True,0,2,19,7,7,6,3,19,12,2,0,2,0,0,football_data,data/raw/football_data/2022-23.csv,310,
f5ccf6d541e2f7a119b96a967bb598056d70859bc2e124c9c5a7a1562156056a,2022-23,2023-05-21,16:00,Europe/Istanbul,football_data_europe_london_converted,Umraniyespor,Ankaragucu,1,2,A,,,,played,True,1,1,12,14,3,6,12,10,4,9,2,2,0,0,football_data,data/raw/football_data/2022-23.csv,311,
0d698b9f611deec3ac72ca39521fe354606e02b2a5fda89a8bc2140e451719f0,2022-23,2023-05-21,19:00,Europe/Istanbul,football_data_europe_london_converted,Adana Demirspor,Besiktas,1,4,A,,,,played,True,1,1,18,14,7,11,13,15,6,8,4,5,0,0,football_data,data/raw/football_data/2022-23.csv,312,
065cb83b25c76ed0c93fe3d82a52c62d365890784e4e2e6f571dcb1d770a30fd,2022-23,2023-05-21,19:00,Europe/Istanbul,football_data_europe_london_converted,Antalyaspor,Istanbul Basaksehir,0,0,D,,,,played,True,0,0,15,5,9,4,12,7,6,2,0,2,0,0,football_data,data/raw/football_data/2022-23.csv,313,
5bf4315c4a59fab0472ee6fa3d00abf7c2e9909573ef30b522ae5a340dad198c,2022-23,2023-05-21,20:00,Europe/Istanbul,football_data_europe_london_converted,Gaziantep FK,Giresunspor,0,3,A,,,,not_played_forfeit,False,,,,,,,,,,,,,,,football_data,data/raw/football_data/2022-23.csv,314,
cadd7698a5658d965b97b6b30421cad0882da39770d508e9d5be68d97734526f,2022-23,2023-05-21,20:00,Europe/Istanbul,football_data_europe_london_converted,Hatayspor,Fenerbahce,0,3,A,,,,not_played_forfeit,False,,,,,,,,,,,,,,,football_data,data/raw/football_data/2022-23.csv,315,
6411a69c68ebf0c90ded43fcda474ae40affb06309c4f07786530ddeff104d6b,2022-23,2023-05-22,20:00,Europe/Istanbul,football_data_europe_london_converted,Trabzonspor,Fatih Karagumruk,4,1,H,,,,played,True,3,1,12,9,6,3,13,7,2,1,1,0,0,0,football_data,data/raw/football_data/2022-23.csv,316,
9e589eaa05874e85e2ed8bbea60b2dbc930a58cf86a6971abad34a6553554388,2022-23,2023-05-30,20:00,Europe/Istanbul,football_data_europe_london_converted,Alanyaspor,Kasimpasa,1,3,A,,,,played,True,0,0,14,18,4,8,14,3,5,2,1,1,0,0,football_data,data/raw/football_data/2022-23.csv,317,
af08ab64160206d6c6700c36105b3d800db158830a610edcb47670df7576eede,2022-23,2023-05-30,20:00,Europe/Istanbul,football_data_europe_london_converted,Ankaragucu,Galatasaray,1,4,A,,,,played,True,1,2,14,18,7,10,9,13,4,7,3,0,0,0,football_data,data/raw/football_data/2022-23.csv,318,
40b0efe8c6f8cac5ea4c50ddb022da1d5c65cb2ae481f727ca874f7ee9fe350a,2022-23,2023-05-30,20:00,Europe/Istanbul,football_data_europe_london_converted,Fatih Karagumruk,Kayserispor,2,0,H,,,,played,True,2,0,19,7,6,0,7,11,4,4,2,2,0,1,football_data,data/raw/football_data/2022-23.csv,324,
e3e7730d4fe1cc17f5428a49054a9b5e4e4a65deebe2b448687f45f0cdf6edcd,2022-23,2023-05-30,20:00,Europe/Istanbul,football_data_europe_london_converted,Fenerbahce,Antalyaspor,2,0,H,,,,played,True,1,0,15,8,8,3,11,10,8,2,1,3,0,0,football_data,data/raw/football_data/2022-23.csv,320,
e9d10e4ed76c5ae19480c56bcd71cf113dfe0995b0e1c3ffd51f91513bd123d3,2022-23,2023-05-30,20:00,Europe/Istanbul,football_data_europe_london_converted,Giresunspor,Trabzonspor,2,4,A,,,,played,True,0,2,11,25,3,12,12,13,1,7,1,3,0,0,football_data,data/raw/football_data/2022-23.csv,321,
43ee9b01483044b985a171ea84106c5460e221f8367bb83278a99c04ae074ff9,2022-23,2023-05-30,20:00,Europe/Istanbul,football_data_europe_london_converted,Hatayspor,Umraniyespor,0,3,A,,,,not_played_forfeit,False,,,,,,,,,,,,,,,football_data,data/raw/football_data/2022-23.csv,322,
b1302642a3ddef096ecfba906fbe984352f41a3d9f2a9d3f5af48f4e42ed5ee6,2022-23,2023-05-30,20:00,Europe/Istanbul,football_data_europe_london_converted,Istanbul Basaksehir,Gaziantep FK,3,0,H,,,,not_played_forfeit,False,,,,,,,,,,,,,,,football_data,data/raw/football_data/2022-23.csv,319,
4a703cb9c3b41d114a520e9fdca68550229d412222cb382bc7a64847429813f4,2022-23,2023-05-30,20:00,Europe/Istanbul,football_data_europe_london_converted,Istanbulspor,Adana Demirspor,0,2,A,,,,played,True,0,1,20,25,6,9,7,6,16,8,1,1,0,0,football_data,data/raw/football_data/2022-23.csv,323,
be79f67d7a70c87cbf5bdd71c1ee508cff9ec753a71b70a5503390408d97b531,2022-23,2023-05-30,20:00,Europe/Istanbul,football_data_europe_london_converted,Sivasspor,Konyaspor,1,0,H,,,,played,True,1,0,9,6,2,2,17,14,4,2,1,2,0,0,football_data,data/raw/football_data/2022-23.csv,325,
81b422eed70c050cdf0976cdf7ac6dc22bd3eb6493162a2117acce525afc3d25,2022-23,2023-06-03,16:00,Europe/Istanbul,football_data_europe_london_converted,Konyaspor,Fatih Karagumruk,1,1,D,,,,played,True,1,1,21,18,6,5,13,6,3,3,3,1,0,0,football_data,data/raw/football_data/2022-23.csv,326,
eafbf9673f0457a05c2dbecc3f680544548506f1ed5e672f44e9be1b0d8f65d0,2022-23,2023-06-03,19:00,Europe/Istanbul,football_data_europe_london_converted,Adana Demirspor,Istanbul Basaksehir,2,3,A,,,,played,True,1,2,25,15,11,6,7,14,9,8,1,1,0,0,football_data,data/raw/football_data/2022-23.csv,327,
34cde0fd8759f9abb7dcef018a7528e62b1ba14feae293890c34cb36b52e943b,2022-23,2023-06-03,19:00,Europe/Istanbul,football_data_europe_london_converted,Antalyaspor,Hatayspor,3,0,H,,,,not_played_forfeit,False,,,,,,,,,,,,,,,football_data,data/raw/football_data/2022-23.csv,328,
66608c023b75744de77c6ab85cd33227535c5e6e666e5b8360a09791db1fb064,2022-23,2023-06-03,19:00,Europe/Istanbul,football_data_europe_london_converted,Gaziantep FK,Istanbulspor,0,3,A,,,,not_played_forfeit,False,,,,,,,,,,,,,,,football_data,data/raw/football_data/2022-23.csv,329,
ab14ba568d7b1b3d7821f45bd5519a0894048b0dc11ee18aa58bdb5898550ac0,2022-23,2023-06-03,19:00,Europe/Istanbul,football_data_europe_london_converted,Kasimpasa,Besiktas,2,5,A,,,,played,True,0,2,15,16,6,6,11,13,5,5,2,3,0,0,football_data,data/raw/football_data/2022-23.csv,330,
d2fe84fcd70be6ba1a609f56b731d5a877185ef791c7b64970f90df66dbfaccd,2022-23,2023-06-03,19:00,Europe/Istanbul,football_data_europe_london_converted,Kayserispor,Ankaragucu,0,1,A,,,,played,True,0,1,8,5,4,1,16,9,7,1,0,1,0,0,football_data,data/raw/football_data/2022-23.csv,331,
50b05490b711b0df0680e389cec2c0e2112e4765f051e9e1b4e38d5ae08ad6d9,2022-23,2023-06-03,19:00,Europe/Istanbul,football_data_europe_london_converted,Trabzonspor,Alanyaspor,5,1,H,,,,played,True,4,1,23,6,10,4,7,9,5,2,0,0,0,1,football_data,data/raw/football_data/2022-23.csv,332,
0ac860de24305d23ebaf671d74322a94a802d21b4221dff189d783616cb02706,2022-23,2023-06-03,19:00,Europe/Istanbul,football_data_europe_london_converted,Umraniyespor,Giresunspor,0,1,A,,,,played,True,0,1,8,8,1,4,17,13,5,4,5,1,0,0,football_data,data/raw/football_data/2022-23.csv,333,
224f2069b0c40e3ffdc2e0f23769538b5ca74ef4b128ad9a25aad47ec3894923,2022-23,2023-06-04,19:00,Europe/Istanbul,football_data_europe_london_converted,Galatasaray,Fenerbahce,3,0,H,,,,played,True,1,0,13,2,6,0,12,14,6,3,1,2,0,1,football_data,data/raw/football_data/2022-23.csv,334,
cf2e768bcc3fd3bff6cd24d8f238d58416ff6fe3048ce7db6fb1e5089ce8ecab,2022-23,2023-06-06,17:00,Europe/Istanbul,football_data_europe_london_converted,Fatih Karagumruk,Kasimpasa,3,0,H,,,,played,True,1,0,11,14,6,2,10,12,0,11,3,1,0,0,football_data,data/raw/football_data/2022-23.csv,335,
1537c41514b5bacdb661d600c6f34190e57dc4628201deb22a2a53516328d1df,2022-23,2023-06-06,17:00,Europe/Istanbul,football_data_europe_london_converted,Sivasspor,Kayserispor,1,1,D,,,,played,True,1,1,15,10,3,2,16,10,6,1,0,1,0,0,football_data,data/raw/football_data/2022-23.csv,336,
634db47b76e3efddcb6439f00f0cc519ad39f4f759ec648fc482621831fd06a9,2022-23,2023-06-06,20:00,Europe/Istanbul,football_data_europe_london_converted,Istanbul Basaksehir,Trabzonspor,3,1,H,,,,played,True,1,0,16,17,6,4,6,10,3,5,0,0,0,0,football_data,data/raw/football_data/2022-23.csv,337,
c49db42fad57e546a21732052bfc881132268dcf95639b4825c648d7f32a5a04,2022-23,2023-06-07,20:00,Europe/Istanbul,football_data_europe_london_converted,Ankaragucu,Adana Demirspor,1,2,A,,,,played,True,0,1,16,11,7,5,13,9,7,1,0,0,0,0,football_data,data/raw/football_data/2022-23.csv,338,
6323f9eea40dafb8ea2e7cd574cae0abcf2fdd8521ee9fdfb39a1582112593d7,2022-23,2023-06-07,20:00,Europe/Istanbul,football_data_europe_london_converted,Besiktas,Konyaspor,3,3,D,,,,played,True,2,1,17,6,8,3,13,12,9,3,1,3,0,1,football_data,data/raw/football_data/2022-23.csv,339,
5a8be861b550d71bf29f13edc8b50cb4a22a5174b818a8e529bd52fbae93b118,2022-23,2023-06-07,20:00,Europe/Istanbul,football_data_europe_london_converted,Fenerbahce,Gaziantep FK,3,0,H,,,,not_played_forfeit,False,,,,,,,,,,,,,,,football_data,data/raw/football_data/2022-23.csv,340,
b98b7ffa41c43df7fb905a2c2611c12b90e276dff40b8fea94181edc3d88ef76,2022-23,2023-06-07,20:00,Europe/Istanbul,football_data_europe_london_converted,Giresunspor,Antalyaspor,2,0,H,,,,played,True,1,0,5,18,3,5,12,11,3,11,3,1,1,0,football_data,data/raw/football_data/2022-23.csv,341,
ea5f4d04b3b2ec45d037ac8d2a819042b7f7574fb63aaf38e8e9c54cef94672e,2022-23,2023-06-07,20:00,Europe/Istanbul,football_data_europe_london_converted,Hatayspor,Galatasaray,0,3,A,,,,not_played_forfeit,False,,,,,,,,,,,,,,,football_data,data/raw/football_data/2022-23.csv,342,
cfc1937d05c3e5292dfc86f7cf101438057bef0243c270b56784b76d0f08da13,2022-23,2023-06-07,20:00,Europe/Istanbul,football_data_europe_london_converted,Istanbulspor,Umraniyespor,4,0,H,,,,played,True,1,0,24,3,12,1,13,10,8,1,3,1,0,0,football_data,data/raw/football_data/2022-23.csv,343,
3d73e5ae9c5ff64fb470eaa8486424070a22be4ce2dba87e44953b3348e4bbeb,2023-24,2023-08-11,21:00,Europe/Istanbul,football_data_europe_london_converted,Trabzonspor,Antalyaspor,1,0,H,,,,played,True,1,0,13,11,5,2,18,11,6,9,0,1,0,0,football_data,data/raw/football_data/2023-24.csv,2,
60d28821b7ef8572c7678a01ae0493ba912a249ed7fa2c9474cd87fecd782ed3,2023-24,2023-08-12,19:15,Europe/Istanbul,football_data_europe_london_converted,Kasimpasa,Ankaragucu,3,2,H,,,,played,True,1,0,15,9,5,3,8,15,3,5,1,0,0,0,football_data,data/raw/football_data/2023-24.csv,3,
9164fa6bd2fa4fbd3bfa9280f2fd138cf15ff300633a435ccfadf9fb2e0b38bf,2023-24,2023-08-12,19:15,Europe/Istanbul,football_data_europe_london_converted,Konyaspor,Istanbulspor,1,1,D,,,,played,True,0,1,15,4,2,2,13,10,10,2,3,5,1,2,football_data,data/raw/football_data/2023-24.csv,4,
e4621bcba05ec08d4d51788f16a891605985386aabb682e08508d890cef1dd56,2023-24,2023-08-12,21:45,Europe/Istanbul,football_data_europe_london_converted,Kayserispor,Galatasaray,0,0,D,,,,played,True,0,0,12,17,3,3,11,6,3,9,2,2,0,0,football_data,data/raw/football_data/2023-24.csv,5,
fc06eced7da9e48ee5ad746b767cb5b9f57443a662b41685c7ec401287bff998,2023-24,2023-08-12,21:45,Europe/Istanbul,football_data_europe_london_converted,Pendikspor,Hatayspor,1,5,A,,,,played,True,0,2,6,15,4,9,10,18,4,2,0,1,0,0,football_data,data/raw/football_data/2023-24.csv,6,
70632261c39a80bc5610514e7c8bae986a8e20415cb72af67339f8ad5f78deb4,2023-24,2023-08-13,19:15,Europe/Istanbul,football_data_europe_london_converted,Sivasspor,Samsunspor,1,1,D,,,,played,True,1,0,6,11,2,3,11,11,4,5,2,1,0,0,football_data,data/raw/football_data/2023-24.csv,7,
97bdfb7f60e04c98a3081e1763a2fabc246cb3c088fa7fd9154bec2b626afcf1,2023-24,2023-08-13,21:45,Europe/Istanbul,football_data_europe_london_converted,Adana Demirspor,Rizespor,2,1,H,,,,played,True,1,0,9,13,6,4,15,14,4,5,6,6,0,0,football_data,data/raw/football_data/2023-24.csv,8,
b161da6d2d6d49c96807fcd14c2735e6724c21b31e8e5bd0b1f47808496fe53d,2023-24,2023-08-13,21:45,Europe/Istanbul,football_data_europe_london_converted,Fenerbahce,Gaziantep FK,2,1,H,,,,played,True,2,1,21,4,5,1,13,12,3,1,0,6,0,1,football_data,data/raw/football_data/2023-24.csv,9,
ebff92175d7fb6f45cee2c375229f7a58991c6eabc1ba2d87a7a3ea5099a7493,2023-24,2023-08-14,21:00,Europe/Istanbul,football_data_europe_london_converted,Alanyaspor,Istanbul Basaksehir,2,0,H,,,,played,True,1,0,11,8,4,3,15,14,4,5,5,4,0,1,football_data,data/raw/football_data/2023-24.csv,10,
0ca38e8437e08e4a16cffdacfb85ed27a3c65d448ae154921fea3d8fa7cd35e8,2023-24,2023-08-14,21:00,Europe/Istanbul,football_data_europe_london_converted,Fatih Karagumruk,Besiktas,0,1,A,,,,played,True,0,0,2,9,0,6,13,14,4,4,4,1,0,0,football_data,data/raw/football_data/2023-24.csv,11,
ecdbf4fa269860d27bcfa875530a0f0a2b25f320055e04b9d042d93b9cb6c085,2023-24,2023-08-18,21:00,Europe/Istanbul,football_data_europe_london_converted,Antalyaspor,Konyaspor,1,1,D,,,,played,True,0,0,14,7,3,3,14,12,5,5,2,2,0,0,football_data,data/raw/football_data/2023-24.csv,12,
2238d228b6da9df284f7fdf81cdef23c95bc1060caef8568311d8b547d3ca272,2023-24,2023-08-18,21:00,Europe/Istanbul,football_data_europe_london_converted,Istanbulspor,Kayserispor,1,1,D,,,,played,True,0,0,7,9,3,4,11,11,4,6,1,0,0,0,football_data,data/raw/football_data/2023-24.csv,13,
6b52491f0a64df09db129f644338eeb70b90c6b72c7de583f5c1060aa6f5b530,2023-24,2023-08-19,19:15,Europe/Istanbul,football_data_europe_london_converted,Rizespor,Alanyaspor,0,0,D,,,,played,True,0,0,10,8,3,2,12,13,3,3,3,3,0,1,football_data,data/raw/football_data/2023-24.csv,14,
cfb64b465ab53685dc55301a00ce01933f12a7ef64dd861380b6dbe8780025ca,2023-24,2023-08-19,21:45,Europe/Istanbul,football_data_europe_london_converted,Galatasaray,Trabzonspor,2,0,H,,,,played,True,1,0,15,5,5,1,21,3,7,1,4,3,0,0,football_data,data/raw/football_data/2023-24.csv,15,
67cfa45775b07711384c02bb31abe00594a5cfd3399be9bad77b56653e7f6f3a,2023-24,2023-08-19,21:45,Europe/Istanbul,football_data_europe_london_converted,Hatayspor,Kasimpasa,0,0,D,,,,played,True,0,0,8,11,2,2,7,6,3,1,0,0,0,0,football_data,data/raw/football_data/2023-24.csv,16,
98b127b8b500b831f0ddb0b97ba13580591364ee9fb3bcb50f7d640fafe84d19,2023-24,2023-08-20,19:15,Europe/Istanbul,football_data_europe_london_converted,Istanbul Basaksehir,Fatih Karagumruk,0,2,A,,,,played,True,0,2,15,9,5,2,11,14,5,4,3,4,0,0,football_data,data/raw/football_data/2023-24.csv,17,
3444bb97a29aa63890ad6dc540941dc482ccfe1832868ada88c229f9d0a2f0fd,2023-24,2023-08-20,21:45,Europe/Istanbul,football_data_europe_london_converted,Besiktas,Pendikspor,1,1,D,,,,played,True,1,0,15,11,6,1,11,9,6,4,4,2,0,0,football_data,data/raw/football_data/2023-24.csv,18,
e760683cbdc3bfedcc060751280890eeefeeb9b61715638d4ad4a7d944e1b890,2023-24,2023-08-20,21:45,Europe/Istanbul,football_data_europe_london_converted,Gaziantep FK,Sivasspor,1,3,A,,,,played,True,0,2,11,13,2,7,19,16,7,4,6,4,0,0,football_data,data/raw/football_data/2023-24.csv,19,
bfaacd4a55c96fc32ad4b4739b9f932ea71ae5cf56584ca7794d90ed637807ee,2023-24,2023-08-21,21:00,Europe/Istanbul,football_data_europe_london_converted,Ankaragucu,Adana Demirspor,1,1,D,,,,played,True,1,1,18,12,5,4,9,10,3,4,1,1,0,0,football_data,data/raw/football_data/2023-24.csv,20,
0e400e9862093909f0bd467810b60b956a1e21124afec063ebbebbe9fdb4c727,2023-24,2023-08-21,21:00,Europe/Istanbul,football_data_europe_london_converted,Samsunspor,Fenerbahce,0,2,A,,,,played,True,0,0,5,13,1,6,11,10,2,5,1,1,0,0,football_data,data/raw/football_data/2023-24.csv,21,
400b6e92396df4ee798ed6f324a36ba4d889e8427630a834bbca1c02563dbbe7,2023-24,2023-08-25,21:00,Europe/Istanbul,football_data_europe_london_converted,Konyaspor,Gaziantep FK,2,0,H,,,,played,True,0,0,17,8,8,3,9,8,10,2,1,2,0,0,football_data,data/raw/football_data/2023-24.csv,22,
2a6234b00b8fed41fa2c8de64514bfe6d73bfa014daf16509021fd31f5059744,2023-24,2023-08-26,19:15,Europe/Istanbul,football_data_europe_london_converted,Kasimpasa,Pendikspor,1,1,D,,,,played,True,0,1,7,16,3,6,10,19,9,2,3,2,0,1,football_data,data/raw/football_data/2023-24.csv,23,
bfdced9a29a60d370ccf78378253004920624ad12f3e26beca154b8e99c24dbb,2023-24,2023-08-26,19:15,Europe/Istanbul,football_data_europe_london_converted,Trabzonspor,Rizespor,2,3,A,,,,played,True,0,2,20,12,7,7,10,17,9,2,1,2,0,0,football_data,data/raw/football_data/2023-24.csv,24,
de120e13ae47de6366c2f11a23a9e7fac3ffd09312bc5bc2e010c29b97e060d3,2023-24,2023-08-26,21:45,Europe/Istanbul,football_data_europe_london_converted,Sivasspor,Antalyaspor,1,1,D,,,,played,True,1,1,6,8,2,4,11,15,3,4,3,3,0,0,football_data,data/raw/football_data/2023-24.csv,25,
33507953394cb10446cca6222b0f36a8e29acc1e46f882fa270f8d791af3f229,2023-24,2023-08-27,19:15,Europe/Istanbul,football_data_europe_london_converted,Fatih Karagumruk,Ankaragucu,1,1,D,,,,played,True,1,0,6,7,2,5,15,12,3,5,1,1,0,0,football_data,data/raw/football_data/2023-24.csv,26,
27dbf4c3b3c9b0d064a5f6a87e033a2a4b1fda7270d537b1c3055428a16bbd29,2023-24,2023-08-27,19:15,Europe/Istanbul,football_data_europe_london_converted,Kayserispor,Samsunspor,2,1,H,,,,played,True,2,1,11,6,4,1,7,8,3,2,0,0,0,0,football_data,data/raw/football_data/2023-24.csv,27,
7b80cea0f5e023019e27ee763046ce60da2b884adae90eee1b33573429d208a4,2023-24,2023-08-27,21:45,Europe/Istanbul,football_data_europe_london_converted,Alanyaspor,Hatayspor,0,0,D,,,,played,True,0,0,15,5,5,0,9,17,9,1,4,3,0,0,football_data,data/raw/football_data/2023-24.csv,28,
e61c20c45e2166eb72ebf85561473cd159532c39b87837971f6656287ed7dd15,2023-24,2023-09-01,21:00,Europe/Istanbul,football_data_europe_london_converted,Kasimpasa,Trabzonspor,1,5,A,,,,played,True,0,3,19,7,6,6,10,16,9,3,3,3,0,0,football_data,data/raw/football_data/2023-24.csv,29,
ee4299c45a2c31295edc086ffd5615c6f977e9f4046f23acf2082eeef1e454c6,2023-24,2023-09-01,21:00,Europe/Istanbul,football_data_europe_london_converted,Rizespor,Fatih Karagumruk,1,0,H,,,,played,True,1,0,13,17,4,3,12,17,1,6,3,2,0,0,football_data,data/raw/football_data/2023-24.csv,30,
ce8e203932a6c36e4c6070cccebc9152420c7bd35e301575fe45c4e7d641092c,2023-24,2023-09-02,19:15,Europe/Istanbul,football_data_europe_london_converted,Istanbul Basaksehir,Konyaspor,0,1,A,,,,played,True,0,0,11,13,2,5,13,13,2,4,4,2,1,0,football_data,data/raw/football_data/2023-24.csv,31,
f4691a452ab71adcacac5aa9d7b32ed2dc25897b000dc180344a8b26ee491df6,2023-24,2023-09-02,19:15,Europe/Istanbul,football_data_europe_london_converted,Pendikspor,Alanyaspor,1,1,D,,,,played,True,0,0,10,8,3,4,9,14,8,4,2,2,0,0,football_data,data/raw/football_data/2023-24.csv,32,
b4a71f272142c77009ce7d2e671f3753bef7dd212703e0b9c334d3f5cfb4ed06,2023-24,2023-09-02,21:45,Europe/Istanbul,football_data_europe_london_converted,Antalyaspor,Kayserispor,1,1,D,,,,played,True,1,1,20,7,7,3,14,11,9,3,2,3,0,0,football_data,data/raw/football_data/2023-24.csv,33,
150340309903aa02c8c76f83cd0414de28816044bfbb7b6d41484d8116e9e3da,2023-24,2023-09-02,21:45,Europe/Istanbul,football_data_europe_london_converted,Gaziantep FK,Galatasaray,0,3,A,,,,played,True,0,1,15,15,7,4,12,13,4,7,2,0,0,0,football_data,data/raw/football_data/2023-24.csv,34,
42e528de163cb2f589c4ede6b781dc53da86e24d5e715dba6f9181ae2cddbf8f,2023-24,2023-09-03,19:15,Europe/Istanbul,football_data_europe_london_converted,Besiktas,Sivasspor,2,0,H,,,,played,True,2,0,17,5,8,1,17,17,7,2,2,4,0,0,football_data,data/raw/football_data/2023-24.csv,35,
c134e783e3bf295eaea9a441de83bc7fec77316dcd02c2d767bcb3102b87df25,2023-24,2023-09-03,21:45,Europe/Istanbul,football_data_europe_london_converted,Ankaragucu,Fenerbahce,0,1,A,,,,played,True,0,0,14,14,2,2,15,14,4,2,2,3,0,1,football_data,data/raw/football_data/2023-24.csv,36,
3f85d39f5e9ddde358c1fc4afac27565ae3762f87546db4e3eed0420a3bb3458,2023-24,2023-09-03,21:45,Europe/Istanbul,football_data_europe_london_converted,Hatayspor,Adana Demirspor,3,3,D,,,,played,True,0,1,14,11,7,6,19,9,3,7,6,2,0,0,football_data,data/raw/football_data/2023-24.csv,37,
5236595e0dd4da4224358c98c1b7c8ae9b724cd1f50466c724179f69d06d6f52,2023-24,2023-09-16,17:00,Europe/Istanbul,football_data_europe_london_converted,Kayserispor,Gaziantep FK,2,0,H,,,,played,True,1,0,10,16,4,5,11,8,3,7,0,1,0,0,football_data,data/raw/football_data/2023-24.csv,38,
c5a16542825bd2bec18b10f47f487d430c7fcd488be929fa92bbb475f9db6495,2023-24,2023-09-16,17:00,Europe/Istanbul,football_data_europe_london_converted,Konyaspor,Rizespor,1,2,A,,,,played,True,1,0,6,11,4,2,12,14,2,4,2,1,0,0,football_data,data/raw/football_data/2023-24.csv,39,
705a5ffc4b5566559b10c9d3967ac6153a54d5018eafdbe6181d24e1dd10f213,2023-24,2023-09-16,20:00,Europe/Istanbul,football_data_europe_london_converted,Adana Demirspor,Pendikspor,3,0,H,,,,played,True,2,0,18,15,7,5,8,6,6,6,0,3,0,0,football_data,data/raw/football_data/2023-24.csv,40,
a2af6c2f4b8e84b984c06007d709bd080a48839f2f6ab0b6f7eb3d72e8b5dfe3,2023-24,2023-09-16,20:00,Europe/Istanbul,football_data_europe_london_converted,Galatasaray,Samsunspor,4,2,H,,,,played,True,3,0,9,9,5,4,17,15,2,6,1,3,0,0,football_data,data/raw/football_data/2023-24.csv,41,
f77fcbb4162d359c3fb4a382b09776d03fe60cbdf92b224f28181b43d99c180a,2023-24,2023-09-17,17:00,Europe/Istanbul,football_data_europe_london_converted,Fenerbahce,Antalyaspor,3,2,H,,,,played,True,1,1,17,14,10,6,13,11,7,5,3,4,0,0,football_data,data/raw/football_data/2023-24.csv,42,
9740344320b8eed5a2ca9dccd272a8fe6363f47839699021f28d9ee61bd7b432,2023-24,2023-09-17,17:00,Europe/Istanbul,football_data_europe_london_converted,Istanbulspor,Istanbul Basaksehir,0,2,A,,,,played,True,0,0,5,20,0,8,15,9,0,7,4,0,0,0,football_data,data/raw/football_data/2023-24.csv,43,
9b9b9fdff5477d7fe3e256e9ea5e7f723764f4491582fe74e37e0752f68e5f2a,2023-24,2023-09-17,20:00,Europe/Istanbul,football_data_europe_london_converted,Alanyaspor,Kasimpasa,3,3,D,,,,played,True,2,1,13,17,6,3,9,11,5,7,0,0,0,0,football_data,data/raw/football_data/2023-24.csv,44,
13035543b9a4a0e29fc640503d36b646541d234d1cac2387a04f8503f39c19e9,2023-24,2023-09-17,20:00,Europe/Istanbul,football_data_europe_london_converted,Trabzonspor,Besiktas,3,0,H,,,,played,True,2,0,8,7,5,1,15,11,2,7,4,1,0,0,football_data,data/raw/football_data/2023-24.csv,45,
39ea590a3508ea9010d719a7acc18d28d318397eab057adf9fa578e73abfa14f,2023-24,2023-09-18,20:00,Europe/Istanbul,football_data_europe_london_converted,Fatih Karagumruk,Hatayspor,0,0,D,,,,played,True,0,0,5,18,2,5,14,9,3,3,3,2,0,0,football_data,data/raw/football_data/2023-24.csv,46,
a519e9a1eedebef123906b9aeb67768d0a6bace32914009261ec2632c6ac7873,2023-24,2023-09-18,20:00,Europe/Istanbul,football_data_europe_london_converted,Sivasspor,Ankaragucu,1,3,A,,,,played,True,1,1,15,15,9,5,7,12,5,3,3,2,1,0,football_data,data/raw/football_data/2023-24.csv,47,
1cf8557f32446bd2878d7fb13a3d78c32075dd5a0611c7e4558d501bf7103522,2023-24,2023-09-22,20:00,Europe/Istanbul,football_data_europe_london_converted,Gaziantep FK,Istanbulspor,2,0,H,,,,played,True,0,0,13,5,2,0,11,13,8,4,1,5,0,0,football_data,data/raw/football_data/2023-24.csv,48,
8468aa038bda335eac19127e335c0798a19f32fc53d3d5c0e6aac2e6e07f67ae,2023-24,2023-09-23,17:00,Europe/Istanbul,football_data_europe_london_converted,Pendikspor,Fatih Karagumruk,1,1,D,,,,played,True,1,0,8,10,4,4,13,10,5,4,0,1,0,0,football_data,data/raw/football_data/2023-24.csv,49,
ee92225d9ce314af63f1d6f325e122dec4fdea9d2e942f7c94170ee388418ba9,2023-24,2023-09-23,17:00,Europe/Istanbul,football_data_europe_london_converted,Rizespor,Sivasspor,1,1,D,,,,played,True,1,1,14,14,4,4,12,17,5,4,7,3,0,0,football_data,data/raw/football_data/2023-24.csv,50,
7fd35da22b55977068badc3aec71002282d01959d46880a26d95b91584ec64c8,2023-24,2023-09-23,20:00,Europe/Istanbul,football_data_europe_london_converted,Antalyaspor,Samsunspor,2,0,H,,,,played,True,2,0,7,9,3,1,22,11,1,4,2,1,0,0,football_data,data/raw/football_data/2023-24.csv,51,
99525808bbae480dec6bd540c141279b6e96a273c9af3fac0e8598f73839760f,2023-24,2023-09-23,20:00,Europe/Istanbul,football_data_europe_london_converted,Istanbul Basaksehir,Galatasaray,1,2,A,,,,played,True,0,1,6,17,2,4,18,15,2,4,3,2,0,0,football_data,data/raw/football_data/2023-24.csv,52,
6ae891c795839b81ff5ce9843182d8fbf1717ffef34ef2eb838b939f6fdd1129,2023-24,2023-09-24,17:00,Europe/Istanbul,football_data_europe_london_converted,Ankaragucu,Konyaspor,1,1,D,,,,played,True,1,1,15,7,1,1,15,8,4,2,1,1,0,0,football_data,data/raw/football_data/2023-24.csv,53,
6cac1703b67b9c93c71cf335d8e048d03eeb7263b5de92801d805cd1d665cffb,2023-24,2023-09-24,17:00,Europe/Istanbul,football_data_europe_london_converted,Besiktas,Kayserispor,2,1,H,,,,played,True,0,0,23,5,10,1,13,10,7,2,1,0,0,0,football_data,data/raw/football_data/2023-24.csv,54,
3cbdbb3644d01dae36add5d4ee305cff01382372339be1a98d573094c20e6e33,2023-24,2023-09-24,20:00,Europe/Istanbul,football_data_europe_london_converted,Alanyaspor,Fenerbahce,0,1,A,,,,played,True,0,1,2,14,1,7,15,14,4,5,2,6,0,0,football_data,data/raw/football_data/2023-24.csv,55,
96aba3a8530140a9b0db3f1c25ca893867ff48f0993ab2094d0431c1ec590be1,2023-24,2023-09-24,20:00,Europe/Istanbul,football_data_europe_london_converted,Kasimpasa,Adana Demirspor,2,1,H,,,,played,True,1,0,13,19,7,6,21,7,6,11,4,2,0,3,football_data,data/raw/football_data/2023-24.csv,56,
8a96b28894cd15788d8169a7ef0caf4300ca454596ee68c629e3068d420906d1,2023-24,2023-09-25,20:00,Europe/Istanbul,football_data_europe_london_converted,Hatayspor,Trabzonspor,3,2,H,,,,played,True,0,1,9,6,3,3,22,13,9,1,6,2,0,0,football_data,data/raw/football_data/2023-24.csv,57,
09ad7400f67481451c013053ff03ecb602142ed109a97afffada4a7a2c126dba,2023-24,2023-09-26,20:00,Europe/Istanbul,football_data_europe_london_converted,Istanbulspor,Galatasaray,0,1,A,,,,played,True,0,1,4,17,3,7,12,16,3,4,1,2,0,0,football_data,data/raw/football_data/2023-24.csv,58,
a1281a210cfb0b6600cac45f085a253bc2e3ab89bf57c8f46aebb2bbd2fa8a98,2023-24,2023-09-27,20:00,Europe/Istanbul,football_data_europe_london_converted,Adana Demirspor,Besiktas,4,2,H,,,,played,True,2,0,14,16,7,5,16,15,1,5,2,1,0,0,football_data,data/raw/football_data/2023-24.csv,59,
e8f0aaf459de0416adb115320c932fa00359ac5540dd18bd55f243916f556d02,2023-24,2023-09-28,20:00,Europe/Istanbul,football_data_europe_london_converted,Fenerbahce,Istanbul Basaksehir,4,0,H,,,,played,True,3,0,16,6,8,0,22,9,14,2,4,1,0,0,football_data,data/raw/football_data/2023-24.csv,60,
c1eebd556606205fe59d24f3abda1d4da0176a2880bd88fa5aa0d02cacec68e0,2023-24,2023-09-29,20:00,Europe/Istanbul,football_data_europe_london_converted,Samsunspor,Gaziantep FK,1,2,A,,,,played,True,0,2,18,4,2,3,13,12,9,2,2,3,0,0,football_data,data/raw/football_data/2023-24.csv,61,
c0d6cda6b9c6f811c9d39b00c31ec2caa823e918d2ab28d969c65f5254f736e8,2023-24,2023-09-30,13:30,Europe/Istanbul,football_data_europe_london_converted,Sivasspor,Hatayspor,0,0,D,,,,played,True,0,0,12,4,4,1,9,20,6,7,3,3,0,0,football_data,data/raw/football_data/2023-24.csv,62,
e253818b759c96b799d6d97814ef9d91867c3dcad333ac958d2944bdfbfa7d52,2023-24,2023-09-30,16:00,Europe/Istanbul,football_data_europe_london_converted,Istanbulspor,Antalyaspor,1,2,A,,,,played,True,1,0,4,17,3,5,8,17,4,8,2,3,0,0,football_data,data/raw/football_data/2023-24.csv,63,
91fd7496d9f78b599f85d057325b6977621a32fdad03725cc15b56e5387e6d2c,2023-24,2023-09-30,16:00,Europe/Istanbul,football_data_europe_london_converted,Trabzonspor,Pendikspor,2,1,H,,,,played,True,2,1,11,9,3,4,19,8,4,2,2,1,1,0,football_data,data/raw/football_data/2023-24.csv,64,
a734604d6fd66408b80601f422c979943296be013489540af9bad7a95a4df8fe,2023-24,2023-09-30,19:00,Europe/Istanbul,football_data_europe_london_converted,Galatasaray,Ankaragucu,2,1,H,,,,played,True,0,0,34,7,13,2,11,10,12,3,0,3,0,0,football_data,data/raw/football_data/2023-24.csv,65,
abb6706b40f49a80de51c1fcbcca83342227e85e576d4eef3f7b73ff401062a2,2023-24,2023-10-01,13:30,Europe/Istanbul,football_data_europe_london_converted,Fatih Karagumruk,Kasimpasa,2,3,A,,,,played,True,1,3,13,4,4,3,9,14,8,0,3,3,0,0,football_data,data/raw/football_data/2023-24.csv,66,
60730c15d10dc09df6ac7f436fca2997668b6dca95f41f64229e700052b420e8,2023-24,2023-10-01,16:00,Europe/Istanbul,football_data_europe_london_converted,Fenerbahce,Rizespor,5,0,H,,,,played,True,1,0,23,5,11,1,10,15,8,2,1,3,0,0,football_data,data/raw/football_data/2023-24.csv,67,
540000325221dd317c8ef7a1c7e1bb0f24d49d076c144629424b4a96bbb491de,2023-24,2023-10-01,19:00,Europe/Istanbul,football_data_europe_london_converted,Adana Demirspor,Alanyaspor,4,0,H,,,,played,True,1,0,15,9,7,1,11,14,7,3,2,3,0,0,football_data,data/raw/football_data/2023-24.csv,68,
13bc776482be6e4c1b0177292578e5fac5b1746a5b5b7451157abd7eb39d45e4,2023-24,2023-10-01,19:00,Europe/Istanbul,football_data_europe_london_converted,Konyaspor,Besiktas,0,2,A,,,,played,True,0,1,5,6,3,1,13,20,2,6,2,3,1,0,football_data,data/raw/football_data/2023-24.csv,69,
d2192b70faea31f12595caa3f1c8f31d8f7560f977af28f0a9f5d7b6795ce0f5,2023-24,2023-10-02,20:00,Europe/Istanbul,football_data_europe_london_converted,Kayserispor,Istanbul Basaksehir,0,0,D,,,,played,True,0,0,14,8,1,4,6,15,10,5,2,2,0,0,football_data,data/raw/football_data/2023-24.csv,70,
68d916891a362e77d8cd280f61aaf16254a87fc0afc8e1a6ba9be9880942f6df,2023-24,2023-10-06,20:00,Europe/Istanbul,football_data_europe_london_converted,Adana Demirspor,Trabzonspor,1,0,H,,,,played,True,1,0,13,18,8,3,17,9,3,3,5,3,0,0,football_data,data/raw/football_data/2023-24.csv,71,
43d18f0218abf4c997b91e07fcb30f64c72f6f465a61a6ae7efc699901f92008,2023-24,2023-10-06,20:00,Europe/Istanbul,football_data_europe_london_converted,Alanyaspor,Fatih Karagumruk,2,1,H,,,,played,True,1,0,6,10,3,4,16,16,3,6,4,1,0,0,football_data,data/raw/football_data/2023-24.csv,72,
cc7c09f6e2684f203a13b5fab3dc9a36e14d6e77aa8cc0a2baa10f36e7116d46,2023-24,2023-10-07,13:30,Europe/Istanbul,football_data_europe_london_converted,Pendikspor,Sivasspor,2,3,A,,,,played,True,0,1,15,15,6,7,14,13,9,4,5,2,0,0,football_data,data/raw/football_data/2023-24.csv,73,
4ce60b2afa1d11d028de15aa924945021f9571a8132e070d23f8de45820714a8,2023-24,2023-10-07,16:00,Europe/Istanbul,football_data_europe_london_converted,Ankaragucu,Kayserispor,3,0,H,,,,played,True,0,0,12,4,8,1,1,10,1,3,0,0,0,0,football_data,data/raw/football_data/2023-24.csv,74,
8f5b970a126772130f200088553c991cd0ed46fc0004c9ab6987d3ea93a8b1e0,2023-24,2023-10-07,19:00,Europe/Istanbul,football_data_europe_london_converted,Antalyaspor,Galatasaray,0,2,A,,,,played,True,0,0,12,11,4,7,15,21,3,7,1,3,0,0,football_data,data/raw/football_data/2023-24.csv,75,
b4fe4de97099ae519ff4ba718083a4cc0ecbd477e6a241e2600b6db363da5f49,2023-24,2023-10-07,19:00,Europe/Istanbul,football_data_europe_london_converted,Istanbul Basaksehir,Gaziantep FK,2,0,H,,,,played,True,2,0,8,12,3,1,12,10,5,7,0,0,0,0,football_data,data/raw/football_data/2023-24.csv,76,
69e402f011f8de85f906131e18f7390f4b0c0d73cf6fab035090d0b10c932d0a,2023-24,2023-10-08,13:30,Europe/Istanbul,football_data_europe_london_converted,Rizespor,Samsunspor,1,0,H,,,,played,True,0,0,8,12,4,3,9,15,4,8,3,3,1,0,football_data,data/raw/football_data/2023-24.csv,77,
cdc59cf27c07a7e831cab7ffb43c5bf2cb1ea445ef7194ca280a9f28b2de02c6,2023-24,2023-10-08,16:00,Europe/Istanbul,football_data_europe_london_converted,Besiktas,Istanbulspor,2,0,H,,,,played,True,1,0,17,4,5,2,12,10,4,4,2,2,0,0,football_data,data/raw/football_data/2023-24.csv,78,
7da1b208b7a5151c9f163c2d0eb201d532631f86ff999899e81fad430fa9316f,2023-24,2023-10-08,19:00,Europe/Istanbul,football_data_europe_london_converted,Hatayspor,Konyaspor,3,1,H,,,,played,True,1,1,10,8,5,5,19,10,3,2,2,0,0,0,football_data,data/raw/football_data/2023-24.csv,79,
bc66dab9e714db92b0f90567ef7eafd6a556523162cbec04bc2403a3f9fc80e4,2023-24,2023-10-08,19:00,Europe/Istanbul,football_data_europe_london_converted,Kasimpasa,Fenerbahce,0,2,A,,,,played,True,0,2,6,20,1,7,13,12,1,8,5,0,0,0,football_data,data/raw/football_data/2023-24.csv,80,
f051a3b95c75092d3d0d6fa38acf8eeb3625cb5abc9793d5e87fec592cfa1cdf,2023-24,2023-10-21,13:30,Europe/Istanbul,football_data_europe_london_converted,Kayserispor,Rizespor,3,1,H,,,,played,True,1,0,20,12,7,3,13,12,5,2,5,2,0,0,football_data,data/raw/football_data/2023-24.csv,81,
5cad180929ae8fb1831c893b61da8a548584ac02922bee65240db2ff2764b167,2023-24,2023-10-21,16:00,Europe/Istanbul,football_data_europe_london_converted,Gaziantep FK,Antalyaspor,1,0,H,,,,played,True,0,0,10,8,2,2,16,14,6,4,1,2,0,0,football_data,data/raw/football_data/2023-24.csv,82,
aa2527ab096c30ad6cfa206c98eba7e2ade6d4f4108fa67909198bb871b6d5cc,2023-24,2023-10-21,16:00,Europe/Istanbul,football_data_europe_london_converted,Konyaspor,Pendikspor,1,2,A,,,,played,True,0,0,16,8,8,3,4,12,5,2,1,3,0,0,football_data,data/raw/football_data/2023-24.csv,83,
30187d18c595e36e4c51bea2c2dc957cd03b7507c41db2527126f0fcbe20864b,2023-24,2023-10-21,19:00,Europe/Istanbul,football_data_europe_london_converted,Galatasaray,Besiktas,2,1,H,,,,played,True,1,0,25,2,10,2,12,19,6,2,3,5,0,1,football_data,data/raw/football_data/2023-24.csv,84,
5532dd4564015a37c6970bb7706199ac1e16d1a37e0a6cb29ff99ea892a69b1e,2023-24,2023-10-22,13:30,Europe/Istanbul,football_data_europe_london_converted,Sivasspor,Kasimpasa,0,1,A,,,,played,True,0,0,17,17,8,6,10,9,7,8,0,2,0,0,football_data,data/raw/football_data/2023-24.csv,85,
de40b5c3b6f2db5d96d2ac4fcd023000ee41a5ef20b8f00535ef5290685ea569,2023-24,2023-10-22,16:00,Europe/Istanbul,football_data_europe_london_converted,Istanbulspor,Ankaragucu,2,1,H,,,,played,True,1,1,7,9,3,1,14,14,2,5,0,3,0,0,football_data,data/raw/football_data/2023-24.csv,86,
40d31ec0ad30d49f6b78c2b55d9abf6c7112996e2fa4b2fbc9ce10de92251b2e,2023-24,2023-10-22,19:00,Europe/Istanbul,football_data_europe_london_converted,Fenerbahce,Hatayspor,4,2,H,,,,played,True,3,0,17,8,6,5,10,14,7,5,1,4,0,0,football_data,data/raw/football_data/2023-24.csv,87,
89f673232d372d7c9633fa36caa3e86ed412e83f7a015fff6ecc305e0540d4da,2023-24,2023-10-22,19:00,Europe/Istanbul,football_data_europe_london_converted,Samsunspor,Istanbul Basaksehir,0,0,D,,,,played,True,0,0,20,7,5,0,17,8,8,0,2,2,0,0,football_data,data/raw/football_data/2023-24.csv,88,
53e1adbe289f7a3d5b88085966eca88b663c30941ee50630a05ef2ce53680301,2023-24,2023-10-23,20:00,Europe/Istanbul,football_data_europe_london_converted,Fatih Karagumruk,Adana Demirspor,2,0,H,,,,played,True,0,0,10,11,6,5,18,8,5,4,0,1,0,0,football_data,data/raw/football_data/2023-24.csv,89,
a0c61d594fab5ec2a9fe9cf114fde355416de33792ddc9511ff4ae5494e9948e,2023-24,2023-10-23,20:00,Europe/Istanbul,football_data_europe_london_converted,Trabzonspor,Alanyaspor,1,0,H,,,,played,True,0,0,14,15,3,3,15,4,7,5,1,2,0,0,football_data,data/raw/football_data/2023-24.csv,90,
fb5c8494d4a61002a4df5c8d8d5d23a3c9999f8a109d036983811b8fca71fdcd,2023-24,2023-10-27,20:00,Europe/Istanbul,football_data_europe_london_converted,Hatayspor,Kayserispor,1,2,A,,,,played,True,0,1,18,8,9,2,10,15,12,1,5,0,0,0,football_data,data/raw/football_data/2023-24.csv,91,
c64a7ad91d66b2b41233dd8b88c0f0cf3a1779d97a930b833c105be719574cba,2023-24,2023-10-27,20:00,Europe/Istanbul,football_data_europe_london_converted,Kasimpasa,Istanbulspor,3,1,H,,,,played,True,1,0,19,17,11,6,13,11,8,5,2,2,0,0,football_data,data/raw/football_data/2023-24.csv,92,
45316407f8858f383d8a2ce773abe5e56170a2cc9addb37e06b49b4f385e4294,2023-24,2023-10-28,16:00,Europe/Istanbul,football_data_europe_london_converted,Alanyaspor,Sivasspor,1,2,A,,,,played,True,0,0,12,15,5,4,13,12,7,2,3,1,0,0,football_data,data/raw/football_data/2023-24.csv,93,
80ec5af64482d7140fd92a12ad1307a0eda282788e0103c957e91947bb3190a6,2023-24,2023-10-28,19:00,Europe/Istanbul,football_data_europe_london_converted,Adana Demirspor,Konyaspor,3,0,H,,,,played,True,0,0,15,13,5,4,12,10,4,5,1,1,0,0,football_data,data/raw/football_data/2023-24.csv,94,
5b05cc37a4b44b43c01bcf6507d4cacb89ee34748eecb72130ca6a31afabdb57,2023-24,2023-10-28,19:00,Europe/Istanbul,football_data_europe_london_converted,Rizespor,Galatasaray,0,1,A,,,,played,True,0,0,11,20,3,5,14,11,6,5,2,2,0,0,football_data,data/raw/football_data/2023-24.csv,95,
454f2d5d3daadeb58945e0b66de02bf7d5beefa2211ba4f3c6f224b2c31124c2,2023-24,2023-10-29,16:00,Europe/Istanbul,football_data_europe_london_converted,Fatih Karagumruk,Trabzonspor,0,0,D,,,,played,True,0,0,6,12,3,0,8,11,6,3,2,1,0,0,football_data,data/raw/football_data/2023-24.csv,96,
d1fbd57ffb751f83270d7f6cd4b8edfab668603a1f0d8ab99e6b90ac702b51e3,2023-24,2023-10-29,19:00,Europe/Istanbul,football_data_europe_london_converted,Ankaragucu,Samsunspor,2,0,H,,,,played,True,0,0,12,3,5,2,8,14,4,6,0,2,0,0,football_data,data/raw/football_data/2023-24.csv,97,
b066c1df2e56e3307ee8d8e8412933d4834630b217732cb9a7fc1620da48b853,2023-24,2023-10-29,19:00,Europe/Istanbul,football_data_europe_london_converted,Antalyaspor,Istanbul Basaksehir,1,0,H,,,,played,True,1,0,11,8,1,3,20,19,7,5,3,5,0,0,football_data,data/raw/football_data/2023-24.csv,98,
4aeaee6d7a4891a4871a9c1406bd39ccc8141b489cfb0a110c16838855d2c71f,2023-24,2023-10-29,19:00,Europe/Istanbul,football_data_europe_london_converted,Pendikspor,Fenerbahce,0,5,A,,,,played,True,0,2,2,19,0,10,7,11,0,7,1,2,0,0,football_data,data/raw/football_data/2023-24.csv,99,
1d9ed9e1e8832e43fcdcc9623f8e4a1f29f33c95b4bde2e78a4104cb0ed7dea8,2023-24,2023-10-30,20:00,Europe/Istanbul,football_data_europe_london_converted,Besiktas,Gaziantep FK,2,0,H,,,,played,True,0,0,13,12,6,6,15,16,7,3,2,5,1,1,football_data,data/raw/football_data/2023-24.csv,100,
7f85d499c6fecfa7df8507a12e9a4a1fd3ec489421b1ac3e33529e467a968343,2023-24,2023-11-03,20:00,Europe/Istanbul,football_data_europe_london_converted,Galatasaray,Kasimpasa,2,1,H,,,,played,True,1,0,13,12,3,5,11,12,5,3,2,3,0,0,football_data,data/raw/football_data/2023-24.csv,101,
2bb2e7b11027ff7924d8b6f9265fed2217101ef0ccb3065bf2ac19426154db14,2023-24,2023-11-04,13:30,Europe/Istanbul,football_data_europe_london_converted,Istanbulspor,Pendikspor,2,4,A,,,,played,True,1,2,15,22,4,11,14,8,4,7,2,3,0,0,football_data,data/raw/football_data/2023-24.csv,102,
4318ca8f949322a4539d7fac660b6e4bf1320b0a20eb0de7cba8500f88f53176,2023-24,2023-11-04,16:00,Europe/Istanbul,football_data_europe_london_converted,Samsunspor,Hatayspor,2,1,H,,,,played,True,0,1,15,10,6,3,7,16,12,4,3,7,0,1,football_data,data/raw/football_data/2023-24.csv,103,
f3499895c157cff921a5602b2f3d4134c032d2bfa02fac9f304d99846007bc1e,2023-24,2023-11-04,19:00,Europe/Istanbul,football_data_europe_london_converted,Fenerbahce,Trabzonspor,2,3,A,,,,played,True,0,1,12,6,4,4,14,27,10,4,5,4,1,0,football_data,data/raw/football_data/2023-24.csv,104,
7cdd08240b2fbe8d63d2ee27feafdff0aa955b0999a112400283bf13777db860,2023-24,2023-11-05,13:30,Europe/Istanbul,football_data_europe_london_converted,Sivasspor,Adana Demirspor,1,1,D,,,,played,True,1,0,19,14,10,4,14,15,5,6,1,3,0,0,football_data,data/raw/football_data/2023-24.csv,105,
82d583b5c984e3e235c514e1771cc61b7de4493fd90aa3693e87ae4f1c0f9985,2023-24,2023-11-05,16:00,Europe/Istanbul,football_data_europe_london_converted,Istanbul Basaksehir,Ankaragucu,3,3,D,,,,played,True,2,2,9,10,4,5,7,12,1,3,2,0,0,0,football_data,data/raw/football_data/2023-24.csv,106,
fcf63018dc5346fbd3022838a5b21e3a55f0fa6220ef2b34efc1d729197ed1c0,2023-24,2023-11-05,16:00,Europe/Istanbul,football_data_europe_london_converted,Konyaspor,Fatih Karagumruk,1,1,D,,,,played,True,0,0,10,9,3,2,13,19,2,8,2,4,0,0,football_data,data/raw/football_data/2023-24.csv,107,
9dea7c9716026cde64b9340ec49516b7a6debd2525b6f317ba0ac798bc8850f2,2023-24,2023-11-05,19:00,Europe/Istanbul,football_data_europe_london_converted,Antalyaspor,Besiktas,3,2,H,,,,played,True,0,1,5,17,3,5,13,13,3,6,1,3,0,0,football_data,data/raw/football_data/2023-24.csv,108,
c348342fd5243b4fe241e4baee5f2f8aa86069077a8e2a3c54851417c20267d1,2023-24,2023-11-06,20:00,Europe/Istanbul,football_data_europe_london_converted,Gaziantep FK,Rizespor,2,0,H,,,,played,True,1,0,9,14,5,2,8,8,3,5,3,1,0,0,football_data,data/raw/football_data/2023-24.csv,109,
20efe45facfa7b506b0dc1aaae96219e34ac6a1e0a701213adc2725341adaf7e,2023-24,2023-11-06,20:00,Europe/Istanbul,football_data_europe_london_converted,Kayserispor,Alanyaspor,1,0,H,,,,played,True,0,0,12,9,4,6,17,9,8,5,1,3,0,0,football_data,data/raw/football_data/2023-24.csv,110,
cf2e875767d031a04e295862f00dceafd2d5584adbfdf800596c56dadf5b1fd4,2023-24,2023-11-08,20:00,Europe/Istanbul,football_data_europe_london_converted,Samsunspor,Istanbulspor,2,1,H,,,,played,True,0,1,12,6,4,3,16,12,7,2,3,5,0,0,football_data,data/raw/football_data/2023-24.csv,111,
d51c4f0829574195ecf35658574c00d26f55afe85ed58ffafb2754884f09fc44,2023-24,2023-11-10,20:00,Europe/Istanbul,football_data_europe_london_converted,Ankaragucu,Antalyaspor,0,4,A,,,,played,True,0,2,10,21,2,9,9,11,2,5,3,0,0,0,football_data,data/raw/football_data/2023-24.csv,112,
5f026399d1037d46dffa9fce735b02b509784641f6603ea62aad1194d64f3d68,2023-24,2023-11-10,20:00,Europe/Istanbul,football_data_europe_london_converted,Trabzonspor,Konyaspor,2,1,H,,,,played,True,0,0,13,13,5,3,16,14,6,4,1,3,0,0,football_data,data/raw/football_data/2023-24.csv,113,
fd33ae98228c79a72b121aee2980ccf6ff4b1dfdff28aa7392f15e87766dd57a,2023-24,2023-11-11,13:30,Europe/Istanbul,football_data_europe_london_converted,Kasimpasa,Kayserispor,3,4,A,,,,played,True,1,3,19,8,9,5,4,15,6,4,0,1,0,0,football_data,data/raw/football_data/2023-24.csv,114,
b85a535c27835eaaadfd571ae07ebb0b9f884777b46a87f5a0cc253d0b3fd555,2023-24,2023-11-11,16:00,Europe/Istanbul,football_data_europe_london_converted,Alanyaspor,Gaziantep FK,0,3,A,,,,played,True,0,2,13,9,3,5,12,10,8,1,3,1,0,0,football_data,data/raw/football_data/2023-24.csv,115,
03ca957c1a04701985ce28db3b9a06b0e2905d90f9581529a7d2c93ca452ef67,2023-24,2023-11-11,16:00,Europe/Istanbul,football_data_europe_london_converted,Fatih Karagumruk,Sivasspor,3,0,H,,,,played,True,1,0,13,11,7,3,16,4,5,4,2,2,0,0,football_data,data/raw/football_data/2023-24.csv,116,
f5f5d8b674734d2a7755e801cc5fa9b6883e05d70a3c1fd744475d7df0c830fa,2023-24,2023-11-11,19:00,Europe/Istanbul,football_data_europe_london_converted,Hatayspor,Galatasaray,2,1,H,,,,played,True,1,1,6,18,4,6,16,11,2,9,2,1,0,0,football_data,data/raw/football_data/2023-24.csv,117,
fa1c3ab9940c532b70390ac85acd8f35accaa7ea17ef779ed406aeef196c1f45,2023-24,2023-11-12,13:30,Europe/Istanbul,football_data_europe_london_converted,Pendikspor,Samsunspor,1,0,H,,,,played,True,0,0,10,16,4,8,10,18,4,3,1,3,0,0,football_data,data/raw/football_data/2023-24.csv,118,
4c73d489a876721be4f9b684cebc463a71a3037b9655cfb6c27c21425bbff8fc,2023-24,2023-11-12,16:00,Europe/Istanbul,football_data_europe_london_converted,Besiktas,Istanbul Basaksehir,1,0,H,,,,played,True,0,0,12,7,4,2,18,17,5,6,2,3,0,0,football_data,data/raw/football_data/2023-24.csv,119,
fe4beb29ee43e7167130a4ebce97ea1381bef47274d5a4e606f677699806ef9e,2023-24,2023-11-12,16:00,Europe/Istanbul,football_data_europe_london_converted,Rizespor,Istanbulspor,1,0,H,,,,played,True,1,0,8,7,3,0,17,7,6,6,1,0,0,0,football_data,data/raw/football_data/2023-24.csv,120,
660c8e110f3399a2b32371195af302411a10a2e1ef452eecd34218da9f9d733d,2023-24,2023-11-12,19:00,Europe/Istanbul,football_data_europe_london_converted,Adana Demirspor,Fenerbahce,0,0,D,,,,played,True,0,0,4,18,0,9,13,15,3,5,3,3,0,0,football_data,data/raw/football_data/2023-24.csv,121,
23e5348be336a291cab1c534addd776078fc708454628119bddc241374f14ffc,2023-24,2023-11-25,13:30,Europe/Istanbul,football_data_europe_london_converted,Istanbulspor,Hatayspor,2,1,H,,,,played,True,1,0,15,10,10,3,9,14,8,6,2,3,0,0,football_data,data/raw/football_data/2023-24.csv,122,
2e4db42e6fbcc6c3e020ed8bb006fbd51001b95ba3daf2897562fc165e7f319a,2023-24,2023-11-25,16:00,Europe/Istanbul,football_data_europe_london_converted,Gaziantep FK,Ankaragucu,0,1,A,,,,played,True,0,1,9,12,2,5,8,19,2,4,4,5,0,0,football_data,data/raw/football_data/2023-24.csv,123,
f27627f8bb238ccf64913b39a45a242ffd6440ec45ca9c92e975de0317ad107f,2023-24,2023-11-25,16:00,Europe/Istanbul,football_data_europe_london_converted,Konyaspor,Kasimpasa,2,0,H,,,,played,True,0,0,17,8,7,1,11,12,2,9,0,1,0,0,football_data,data/raw/football_data/2023-24.csv,124,
5fcc767052f050389c3b624616037fc4fcfb391322550d5aee6404becc942f67,2023-24,2023-11-25,19:00,Europe/Istanbul,football_data_europe_london_converted,Galatasaray,Alanyaspor,4,0,H,,,,played,True,2,0,26,4,11,1,12,8,9,3,1,1,0,0,football_data,data/raw/football_data/2023-24.csv,125,
ebc1256dad4fb11aef1af3b6686f48324958438564840d6f78bab0568b508cd5,2023-24,2023-11-26,13:30,Europe/Istanbul,football_data_europe_london_converted,Kayserispor,Adana Demirspor,1,1,D,,,,played,True,0,1,14,9,4,3,23,8,9,4,3,3,0,0,football_data,data/raw/football_data/2023-24.csv,126,
3dc1d0c369d15398ffca0ae1dbde6b178523dd01dd11dc68a779d803195ee1f0,2023-24,2023-11-26,16:00,Europe/Istanbul,football_data_europe_london_converted,Antalyaspor,Rizespor,0,0,D,,,,played,True,0,0,16,8,10,3,12,17,6,4,1,5,0,0,football_data,data/raw/football_data/2023-24.csv,127,
4f15e5e567c87644ff84648e78dc0b366a3681311d4ad21657a28a3559a416ad,2023-24,2023-11-26,16:00,Europe/Istanbul,football_data_europe_london_converted,Samsunspor,Besiktas,1,2,A,,,,played,True,1,1,13,16,5,5,17,9,9,5,2,1,0,0,football_data,data/raw/football_data/2023-24.csv,128,
b7a5b53371358e3f0127e4879278e2c50d24fac863b7ae74e045269ef9dba9af,2023-24,2023-11-26,19:00,Europe/Istanbul,football_data_europe_london_converted,Fenerbahce,Fatih Karagumruk,2,1,H,,,,played,True,0,1,9,9,3,2,20,17,1,2,5,4,0,0,football_data,data/raw/football_data/2023-24.csv,129,
7c6affc0416c9d10cb570f507bf171f972b2a4f5e6383a602710bd7125f6d46a,2023-24,2023-11-27,20:00,Europe/Istanbul,football_data_europe_london_converted,Istanbul Basaksehir,Pendikspor,4,1,H,,,,played,True,1,1,10,12,5,3,13,14,7,4,1,2,0,0,football_data,data/raw/football_data/2023-24.csv,130,
ed4767072f8830745f9608de5719e6ca7fa9a0330466ef1efe034b0c2af83261,2023-24,2023-11-27,20:00,Europe/Istanbul,football_data_europe_london_converted,Sivasspor,Trabzonspor,3,3,D,,,,played,True,2,2,17,13,9,6,11,10,5,2,1,1,0,0,football_data,data/raw/football_data/2023-24.csv,131,
7c1a51392da46161cb7144d840702e029df528449dc9678ed68c4f1ef528543f,2023-24,2023-12-01,20:00,Europe/Istanbul,football_data_europe_london_converted,Fatih Karagumruk,Istanbulspor,3,0,H,,,,played,True,1,0,15,6,5,0,12,9,3,5,3,1,0,0,football_data,data/raw/football_data/2023-24.csv,133,
518fa0de0325de58061b7e74a954b0567d3834d1fdedb9c6c1d105a3546c8ff7,2023-24,2023-12-01,20:00,Europe/Istanbul,football_data_europe_london_converted,Hatayspor,Antalyaspor,3,3,D,,,,played,True,1,1,14,13,8,7,14,5,6,5,2,2,0,0,football_data,data/raw/football_data/2023-24.csv,132,
5e9d34b96dffdefc4240677b5be8a5505170b583cabbf4da6843a0920d7d0285,2023-24,2023-12-02,13:30,Europe/Istanbul,football_data_europe_london_converted,Alanyaspor,Konyaspor,2,2,D,,,,played,True,2,1,19,13,5,6,10,20,4,6,2,2,0,0,football_data,data/raw/football_data/2023-24.csv,134,
377dffa4ee6e2f7f09f57f5c7bd657c02b95de1aee5c1f2de4908818f9d66980,2023-24,2023-12-02,16:00,Europe/Istanbul,football_data_europe_london_converted,Rizespor,Istanbul Basaksehir,3,2,H,,,,played,True,2,2,19,16,7,9,10,13,6,5,2,3,0,0,football_data,data/raw/football_data/2023-24.csv,135,
a04bd70325a6e11af256fc33aa4825f04cb5bd22aaeb84bee66f19a6e4b848cf,2023-24,2023-12-02,19:00,Europe/Istanbul,football_data_europe_london_converted,Adana Demirspor,Samsunspor,2,3,A,,,,played,True,1,2,11,11,4,6,9,13,7,4,2,2,0,0,football_data,data/raw/football_data/2023-24.csv,136,
8e6fb642fb38df47e3bf28f665941a7ae9f5e9e6db63988f89eb759d887d501c,2023-24,2023-12-02,19:00,Europe/Istanbul,football_data_europe_london_converted,Pendikspor,Galatasaray,0,2,A,,,,played,True,0,0,9,18,0,6,8,11,2,6,2,3,0,0,football_data,data/raw/football_data/2023-24.csv,137,
9489d43b98bdae75012920bc66cec75bd074e0837c93ab3c71de449ffc687f10,2023-24,2023-12-03,13:30,Europe/Istanbul,football_data_europe_london_converted,Kasimpasa,Gaziantep FK,4,2,H,,,,played,True,3,0,24,15,7,4,19,13,5,6,5,5,1,0,football_data,data/raw/football_data/2023-24.csv,138,
2b8144736d3447090697665cd1f6e67979d7430974a62b4669b3c04ece44932f,2023-24,2023-12-03,16:00,Europe/Istanbul,football_data_europe_london_converted,Trabzonspor,Kayserispor,0,1,A,,,,played,True,0,0,15,9,2,4,7,15,4,2,3,2,0,0,football_data,data/raw/football_data/2023-24.csv,139,
29500601844c37b1f885e35564b0f7deaa26a7062968cf6d268baacd10683d6b,2023-24,2023-12-03,19:00,Europe/Istanbul,football_data_europe_london_converted,Ankaragucu,Besiktas,1,1,D,,,,played,True,1,0,11,9,4,4,19,10,1,5,1,1,0,0,football_data,data/raw/football_data/2023-24.csv,140,
2ca0bd982e8eefb938bb0a56516b881d437d43c7300fff0691a9f604c58ad22d,2023-24,2023-12-04,20:00,Europe/Istanbul,football_data_europe_london_converted,Fenerbahce,Sivasspor,4,1,H,,,,played,True,2,0,8,9,5,3,18,12,4,2,1,1,0,0,football_data,data/raw/football_data/2023-24.csv,141,
7c0be37900b02821f8e6201685415f8e4bef27b4b30c8f4a3b682c3183090a75,2023-24,2023-12-08,20:00,Europe/Istanbul,football_data_europe_london_converted,Galatasaray,Adana Demirspor,3,1,H,,,,played,True,2,1,22,13,7,5,15,9,7,4,2,0,0,0,football_data,data/raw/football_data/2023-24.csv,142,
4285db35da12066a39e6e0c9ca9fa10ebb20c7b652c45f6ae08b07809d096829,2023-24,2023-12-09,13:30,Europe/Istanbul,football_data_europe_london_converted,Antalyaspor,Fatih Karagumruk,2,1,H,,,,played,True,2,1,2,11,2,2,15,17,2,4,4,7,1,0,football_data,data/raw/football_data/2023-24.csv,143,
ece6b80f2aef7febb79631061fb8e724c13a602bd802abebe3cf7c486ff9e050,2023-24,2023-12-09,16:00,Europe/Istanbul,football_data_europe_london_converted,Samsunspor,Kasimpasa,4,2,H,,,,played,True,2,0,12,13,7,6,15,9,3,4,1,0,0,0,football_data,data/raw/football_data/2023-24.csv,144,
60ce8b33bf1b9145bc51579c51b912625caf8a3ee86f70e5f0054a9534895230,2023-24,2023-12-09,19:00,Europe/Istanbul,football_data_europe_london_converted,Besiktas,Fenerbahce,1,3,A,,,,played,True,1,1,4,23,1,10,18,13,1,6,5,4,0,0,football_data,data/raw/football_data/2023-24.csv,145,
a0a7f3818ec8fcdecee89b60508832d001b0d41b6f348b15b1689892c405fcec,2023-24,2023-12-10,13:30,Europe/Istanbul,football_data_europe_london_converted,Istanbulspor,Alanyaspor,0,1,A,,,,played,True,0,0,11,18,2,7,23,10,1,9,1,2,0,0,football_data,data/raw/football_data/2023-24.csv,146,
cfab5e87c9acfcea6f61a9e03fe4be68db7b2e8fe2db303e2c2ba3622d0432cd,2023-24,2023-12-10,16:00,Europe/Istanbul,football_data_europe_london_converted,Istanbul Basaksehir,Hatayspor,1,0,H,,,,played,True,1,0,9,16,4,3,19,18,1,7,3,3,1,0,football_data,data/raw/football_data/2023-24.csv,147,
848c43eb28d7e4d3ff813d685e8892278a8b5ceb7e8270c6e4e7ebbd43aad8d2,2023-24,2023-12-10,16:00,Europe/Istanbul,football_data_europe_london_converted,Kayserispor,Pendikspor,2,0,H,,,,played,True,0,0,11,11,5,4,9,9,4,5,0,1,0,0,football_data,data/raw/football_data/2023-24.csv,148,
3105a881a2078a3a01855a9a946b199ffe3584c65d089f446e36cdf92e31963d,2023-24,2023-12-10,19:00,Europe/Istanbul,football_data_europe_london_converted,Gaziantep FK,Trabzonspor,1,3,A,,,,played,True,0,0,8,20,4,11,6,11,2,3,1,2,0,0,football_data,data/raw/football_data/2023-24.csv,149,
0800d3986383515f5798921d4ea6c78e470835d7993a61769a3ab8b87febb396,2023-24,2023-12-11,20:00,Europe/Istanbul,football_data_europe_london_converted,Ankaragucu,Rizespor,1,1,D,,,,played,True,1,0,15,13,7,2,11,19,2,1,4,6,1,1,football_data,data/raw/football_data/2023-24.csv,150,
1c677b446cd81cd46682f4a0a9180b2ac1ca6b97b9d09ac08a1e1b39a114db28,2023-24,2023-12-11,20:00,Europe/Istanbul,football_data_europe_london_converted,Konyaspor,Sivasspor,0,1,A,,,,played,True,0,1,13,10,1,3,8,13,7,2,3,4,0,0,football_data,data/raw/football_data/2023-24.csv,151,
c1051af7a4be774af94e831bbf9e9a032c0d3ac7b927a6f90b7e29c16f6de374,2023-24,2023-12-19,17:00,Europe/Istanbul,football_data_europe_london_converted,Istanbul Basaksehir,Sivasspor,3,1,H,,,,played,True,1,1,15,7,6,4,22,11,3,1,1,2,0,0,football_data,data/raw/football_data/2023-24.csv,152,
6c7847b7e113003e601ad69409a8780115e147cc358cac77cf88d3a89d3a7694,2023-24,2023-12-19,20:00,Europe/Istanbul,football_data_europe_london_converted,Gaziantep FK,Adana Demirspor,2,2,D,,,,played,True,1,0,15,15,5,7,15,9,5,5,0,1,0,0,football_data,data/raw/football_data/2023-24.csv,153,
7a0d60f3f5dffd4c71a1381450d28add27b5cfdfbb956d2ff75ea2920d494469,2023-24,2023-12-19,20:00,Europe/Istanbul,football_data_europe_london_converted,Istanbulspor,Trabzonspor,0,3,A,,,,abandoned_forfeit,False,,,,,,,,,,,,,,,football_data,data/raw/football_data/2023-24.csv,154,
8341a09e0b6a0d33f3ec2f54141840b09bf0d37ef16c588d7aa3fd463fc9c285,2023-24,2023-12-20,17:00,Europe/Istanbul,football_data_europe_london_converted,Kayserispor,Fenerbahce,3,4,A,,,,played,True,1,2,16,13,6,6,22,11,5,3,2,5,0,2,football_data,data/raw/football_data/2023-24.csv,155,
94473dca42e15158e9349fe47a474a3439c8d394918bc7986a761f3298c1ef4f,2023-24,2023-12-20,20:00,Europe/Istanbul,football_data_europe_london_converted,Antalyaspor,Kasimpasa,0,0,D,,,,played,True,0,0,9,6,1,3,10,11,5,11,2,2,0,0,football_data,data/raw/football_data/2023-24.csv,156,
2fb7a736b9b56e04ed99d518a8247446c6f0c880870554a3e8a2b662855a56a7,2023-24,2023-12-20,20:00,Europe/Istanbul,football_data_europe_london_converted,Galatasaray,Fatih Karagumruk,1,0,H,,,,played,True,1,0,18,7,8,3,11,11,7,4,3,3,0,0,football_data,data/raw/football_data/2023-24.csv,157,
0fe5dba0246f6199367cb0145f2e7fab72110e0c9c2f4481ffa42263352e62b4,2023-24,2023-12-21,17:00,Europe/Istanbul,football_data_europe_london_converted,Rizespor,Pendikspor,5,1,H,,,,played,True,3,1,8,12,5,5,9,11,5,6,2,3,0,1,football_data,data/raw/football_data/2023-24.csv,158,
23f6eac498ca346ddc74497efbd8a956e0f876a172b47e420fdf72937c3593f2,2023-24,2023-12-21,17:00,Europe/Istanbul,football_data_europe_london_converted,Samsunspor,Konyaspor,1,1,D,,,,played,True,0,1,8,12,3,2,18,11,4,8,3,0,0,0,football_data,data/raw/football_data/2023-24.csv,159,
041472d17241360d5112cfcb05b3e2da373fa8de2e1f64d01f6d3b25dffa4e0c,2023-24,2023-12-21,20:00,Europe/Istanbul,football_data_europe_london_converted,Ankaragucu,Hatayspor,0,0,D,,,,played,True,0,0,13,11,4,5,9,15,6,5,0,2,0,0,football_data,data/raw/football_data/2023-24.csv,160,
0600fa752d7c5ec400cd6f085851a48f8d06f3a9989946fc5d922bf29761dfe6,2023-24,2023-12-21,20:00,Europe/Istanbul,football_data_europe_london_converted,Besiktas,Alanyaspor,1,3,A,,,,played,True,1,1,16,10,3,3,16,7,10,3,3,2,0,0,football_data,data/raw/football_data/2023-24.csv,161,
a127d24240340beaa5af9e8ed98fbda240ab4381ab2cbc62320dd1291e94fed9,2023-24,2023-12-23,13:30,Europe/Istanbul,football_data_europe_london_converted,Sivasspor,Istanbulspor,1,0,H,,,,played,True,0,0,16,6,6,0,7,12,9,7,0,2,0,0,football_data,data/raw/football_data/2023-24.csv,162,
85f2998d905472dff105f72e12c52e0b0f67b104f8f3dabb1d8a75820d450b24,2023-24,2023-12-23,16:00,Europe/Istanbul,football_data_europe_london_converted,Fatih Karagumruk,Gaziantep FK,0,3,A,,,,played,True,0,1,9,7,3,3,15,9,2,3,3,1,0,0,football_data,data/raw/football_data/2023-24.csv,163,
2f96b991ba26aaf00386fdc7c330e8966ab504aa250250644526e36baddaffb5,2023-24,2023-12-23,19:00,Europe/Istanbul,football_data_europe_london_converted,Trabzonspor,Istanbul Basaksehir,1,1,D,,,,played,True,1,1,18,6,4,1,13,18,5,6,0,2,0,0,football_data,data/raw/football_data/2023-24.csv,164,
46dfcc87b15fd8c69b82de881e763ae182edaeae079d037174c502919cd3a36a,2023-24,2023-12-24,13:30,Europe/Istanbul,football_data_europe_london_converted,Konyaspor,Kayserispor,2,0,H,,,,played,True,0,0,11,13,4,4,6,19,2,5,1,4,0,0,football_data,data/raw/football_data/2023-24.csv,165,
edb69171afa5d3989970384e3721c7296d58e1ca95bc584c66be82b5892b31be,2023-24,2023-12-24,16:00,Europe/Istanbul,football_data_europe_london_converted,Adana Demirspor,Antalyaspor,2,1,H,,,,played,True,2,0,6,22,2,3,17,10,1,10,4,2,0,0,football_data,data/raw/football_data/2023-24.csv,166,
6f30dceb05b041d78f8d48badd2e186623084474a20a6d0a004165538fa84506,2023-24,2023-12-24,19:00,Europe/Istanbul,football_data_europe_london_converted,Fenerbahce,Galatasaray,0,0,D,,,,played,True,0,0,6,8,0,1,19,26,2,6,3,4,0,0,football_data,data/raw/football_data/2023-24.csv,167,
2eedf1829d96ec7b0e4a81fcbf5e3cb77963eac2f1886f1ceec881593832db1f,2023-24,2023-12-25,17:00,Europe/Istanbul,football_data_europe_london_converted,Alanyaspor,Samsunspor,3,1,H,,,,played,True,2,0,15,17,7,3,9,19,3,4,1,4,0,0,football_data,data/raw/football_data/2023-24.csv,168,
9c89decc6401d9dc7711d0fbc12ea9c61dc172996c92aa5007ef8a256df1c4ef,2023-24,2023-12-25,17:00,Europe/Istanbul,football_data_europe_london_converted,Kasimpasa,Rizespor,2,2,D,,,,played,True,1,1,21,11,9,3,9,16,3,4,0,1,0,0,football_data,data/raw/football_data/2023-24.csv,169,
9fa3449549231201636e8a3c65fc9f41f5aa9f4ccffa235de3e4c35dabbe2db5,2023-24,2023-12-25,20:00,Europe/Istanbul,football_data_europe_london_converted,Hatayspor,Besiktas,1,2,A,,,,played,True,0,1,7,15,2,7,11,9,5,8,1,1,0,0,football_data,data/raw/football_data/2023-24.csv,170,
a45b95f4310081bc3877a2131dffcb5ae0a6b0a591804fd86931bbe061d32a01,2023-24,2023-12-25,20:00,Europe/Istanbul,football_data_europe_london_converted,Pendikspor,Ankaragucu,1,1,D,,,,played,True,0,1,14,8,4,1,10,12,5,3,0,3,0,0,football_data,data/raw/football_data/2023-24.csv,171,
3623c6d52daabd9d10cfee3c5ec949f8b6e659dd154c077e18c801ea5ddd9551,2023-24,2024-01-05,17:00,Europe/Istanbul,football_data_europe_london_converted,Gaziantep FK,Pendikspor,2,2,D,,,,played,True,1,0,9,8,2,4,7,16,1,5,2,6,0,0,football_data,data/raw/football_data/2023-24.csv,172,
92e25de2c87206f5f868b19700a05fa9079205c657a1ef1cde3c895e379eb67a,2023-24,2024-01-05,20:00,Europe/Istanbul,football_data_europe_london_converted,Antalyaspor,Alanyaspor,0,0,D,,,,played,True,0,0,11,8,2,2,15,12,9,5,2,0,0,0,football_data,data/raw/football_data/2023-24.csv,173,
fde989269db31422a68b409592a70ba38f56fabcfcc2fbdee479f99e258323ff,2023-24,2024-01-05,20:00,Europe/Istanbul,football_data_europe_london_converted,Besiktas,Kasimpasa,1,3,A,,,,played,True,1,1,10,14,3,7,20,13,4,3,2,2,0,0,football_data,data/raw/football_data/2023-24.csv,174,
b857bcf7cb13a247f861b54341a6a98fd7f299f456d897ceb05d66ad0da33728,2023-24,2024-01-06,13:30,Europe/Istanbul,football_data_europe_london_converted,Rizespor,Hatayspor,2,0,H,,,,played,True,1,0,10,16,3,0,11,10,3,4,0,2,0,0,football_data,data/raw/football_data/2023-24.csv,175,
6db873dafaa1edaef27a5d809317cde59d374ee3ef256883d1724bb12d854b98,2023-24,2024-01-06,16:00,Europe/Istanbul,football_data_europe_london_converted,Istanbul Basaksehir,Adana Demirspor,0,0,D,,,,played,True,0,0,8,11,1,4,11,12,6,6,3,0,0,0,football_data,data/raw/football_data/2023-24.csv,176,
08f312efb9b9ba3f5888204296285fd892979526155e00d014396bd544b2a65e,2023-24,2024-01-06,19:00,Europe/Istanbul,football_data_europe_london_converted,Ankaragucu,Trabzonspor,0,1,A,,,,played,True,0,1,16,10,2,2,18,8,4,3,1,1,0,0,football_data,data/raw/football_data/2023-24.csv,177,
f22bac9d85a5b3c83b4ff2668cae8ca39348fa975f77f88eea642190a867acbe,2023-24,2024-01-06,19:00,Europe/Istanbul,football_data_europe_london_converted,Samsunspor,Fatih Karagumruk,1,0,H,,,,played,True,0,0,12,7,4,1,22,14,3,5,2,3,0,0,football_data,data/raw/football_data/2023-24.csv,178,
246687eb4cbe843d01f0e99642c2e79046f92f1bd6949a34b2e919856b5312f3,2023-24,2024-01-07,13:30,Europe/Istanbul,football_data_europe_london_converted,Kayserispor,Sivasspor,1,3,A,,,,played,True,1,1,15,10,3,5,8,11,7,7,4,3,0,0,football_data,data/raw/football_data/2023-24.csv,179,
c2ce145671f7ed16783763636a5e54104374fe369c5c509e5660ef965ad6ba1a,2023-24,2024-01-07,16:00,Europe/Istanbul,football_data_europe_london_converted,Istanbulspor,Fenerbahce,1,5,A,,,,played,True,1,4,15,23,8,15,12,13,4,8,3,1,0,0,football_data,data/raw/football_data/2023-24.csv,180,
2ec17c7773cc7eaec75a793008ded414aad727a1e1b89d9f25d2475706fbd3a6,2023-24,2024-01-07,19:00,Europe/Istanbul,football_data_europe_london_converted,Galatasaray,Konyaspor,3,0,H,,,,played,True,0,0,27,7,9,4,20,14,13,3,3,3,0,0,football_data,data/raw/football_data/2023-24.csv,181,
6e6912a01d7feca4cef03a7e82bfbd535f38a43c13d1ca0de4e4d34a40e8ccd2,2023-24,2024-01-09,17:00,Europe/Istanbul,football_data_europe_london_converted,Alanyaspor,Ankaragucu,1,1,D,,,,played,True,0,0,8,11,3,3,10,10,3,3,3,2,1,1,football_data,data/raw/football_data/2023-24.csv,182,
2ee7cdaf02f4ea7eb897cf851637306b0e1dea83d3146e45dc5226ce0f96b414,2023-24,2024-01-09,17:00,Europe/Istanbul,football_data_europe_london_converted,Pendikspor,Antalyaspor,0,1,A,,,,played,True,0,1,14,12,3,2,10,16,5,7,2,4,0,0,football_data,data/raw/football_data/2023-24.csv,183,
8a1f57b7785b92e3a1d6dd5376d4dead1697bb18ac25eff7dd5033c335130534,2023-24,2024-01-09,20:00,Europe/Istanbul,football_data_europe_london_converted,Kasimpasa,Istanbul Basaksehir,0,3,A,,,,played,True,0,1,15,7,1,5,16,12,6,3,2,1,0,0,football_data,data/raw/football_data/2023-24.csv,184,
1d4dac358519dc2d0d89b43f0e65c8130c09b51bf6d526b86838e8a72cef5398,2023-24,2024-01-09,20:00,Europe/Istanbul,football_data_europe_london_converted,Rizespor,Besiktas,0,4,A,,,,played,True,0,2,28,15,7,7,10,15,10,5,3,1,0,0,football_data,data/raw/football_data/2023-24.csv,185,
c8abcc7db2459455ccc83bf7b2ad70ee85d0df1690804232b17e3e4c2d6b5672,2023-24,2024-01-10,17:00,Europe/Istanbul,football_data_europe_london_converted,Fatih Karagumruk,Kayserispor,4,1,H,,,,played,True,3,1,15,14,10,6,9,6,5,3,0,2,0,0,football_data,data/raw/football_data/2023-24.csv,187,
01392559725dc0a8666ecc80138a0007d80477bc06c391260e5c56d4443d33eb,2023-24,2024-01-10,17:00,Europe/Istanbul,football_data_europe_london_converted,Hatayspor,Gaziantep FK,0,0,D,,,,played,True,0,0,14,7,7,2,14,4,5,5,3,0,0,0,football_data,data/raw/football_data/2023-24.csv,186,
640910f0c4e2ad103efef4c2e39aa539c6482feb3f19ea5311c8366e4554684e,2023-24,2024-01-10,20:00,Europe/Istanbul,football_data_europe_london_converted,Adana Demirspor,Istanbulspor,2,2,D,,,,played,True,1,0,18,13,7,5,6,15,7,7,0,3,0,0,football_data,data/raw/football_data/2023-24.csv,188,
a0bc834b364bcd5c63c0a96601a054360b47aae830662f060b38c5dd4b420a41,2023-24,2024-01-10,20:00,Europe/Istanbul,football_data_europe_london_converted,Fenerbahce,Konyaspor,7,1,H,,,,played,True,5,0,17,6,11,1,14,8,7,0,1,2,0,0,football_data,data/raw/football_data/2023-24.csv,189,
ecfdb7feabb07073d55c9ae8b5042380f89c884315a5ba02effc6c61687ba6c8,2023-24,2024-01-11,17:00,Europe/Istanbul,football_data_europe_london_converted,Sivasspor,Galatasaray,1,1,D,,,,played,True,0,1,14,21,5,8,9,21,4,8,0,3,0,1,football_data,data/raw/football_data/2023-24.csv,190,
e14bbb94cec3179e9d4af57918a47035fd78427c5eeb9bbc2a7ae20fd9af1dc3,2023-24,2024-01-11,20:00,Europe/Istanbul,football_data_europe_london_converted,Trabzonspor,Samsunspor,2,1,H,,,,played,True,2,0,13,19,7,8,12,19,5,1,3,1,0,0,football_data,data/raw/football_data/2023-24.csv,191,
0cdbd3d6698358f8c4f89e2d0055b85207038b58191ca9217e029d962386aa0e,2023-24,2024-01-13,13:30,Europe/Istanbul,football_data_europe_london_converted,Ankaragucu,Kasimpasa,3,1,H,,,,played,True,1,1,12,16,8,2,14,15,2,5,1,1,0,0,football_data,data/raw/football_data/2023-24.csv,192,
6e0b58accb35d37b5dbbb02df142f7e6bcb008ccce61eb3680f728180448b586,2023-24,2024-01-13,13:30,Europe/Istanbul,football_data_europe_london_converted,Hatayspor,Pendikspor,1,1,D,,,,played,True,0,0,8,12,4,2,8,10,4,6,4,1,0,0,football_data,data/raw/football_data/2023-24.csv,193,
43f15f16bc411a08b27638862d9278f96ad44f3306dc9106eeee8252306a5173,2023-24,2024-01-13,16:00,Europe/Istanbul,football_data_europe_london_converted,Istanbul Basaksehir,Alanyaspor,3,2,H,,,,played,True,2,1,11,13,6,3,19,12,4,3,1,1,0,0,football_data,data/raw/football_data/2023-24.csv,194,
01fae7aaca2c27365c27802aeaa1c05f2ccd1fa8c4cacabc7e2e881c376a01ed,2023-24,2024-01-13,19:00,Europe/Istanbul,football_data_europe_london_converted,Besiktas,Fatih Karagumruk,3,0,H,,,,played,True,0,0,19,7,6,3,17,9,6,4,3,0,0,0,football_data,data/raw/football_data/2023-24.csv,195,
52ebbc63393ea36e842aaf66e628c292f4a3c721708c83e2e2f40f71a8a58d4a,2023-24,2024-01-13,19:00,Europe/Istanbul,football_data_europe_london_converted,Rizespor,Adana Demirspor,1,0,H,,,,played,True,0,0,15,15,6,3,19,11,9,4,1,0,0,0,football_data,data/raw/football_data/2023-24.csv,196,
84746c85e012526c16b703bc0e12d9ae5f4bb1438140f5b8cd2da85fa807e24a,2023-24,2024-01-14,13:30,Europe/Istanbul,football_data_europe_london_converted,Istanbulspor,Konyaspor,0,0,D,,,,played,True,0,0,19,8,7,1,14,7,8,3,2,1,0,0,football_data,data/raw/football_data/2023-24.csv,197,
1247fe5a2c9be4e6250963a569054cccc85e9d9b99e419b2433ffd83daa3bb98,2023-24,2024-01-14,16:00,Europe/Istanbul,football_data_europe_london_converted,Antalyaspor,Trabzonspor,1,1,D,,,,played,True,0,1,14,4,3,2,17,9,6,2,1,0,0,0,football_data,data/raw/football_data/2023-24.csv,198,
afaba198b005dad10ffb390af3ba49a484ab9ac8cdfe2b97a3c62da4714a039f,2023-24,2024-01-14,16:00,Europe/Istanbul,football_data_europe_london_converted,Samsunspor,Sivasspor,2,0,H,,,,played,True,2,0,16,6,10,2,22,10,5,2,5,0,1,1,football_data,data/raw/football_data/2023-24.csv,199,
8d1e098b70c47c7d40e7d06db9c9594cd4a19492efc5f92c20233e6353588574,2023-24,2024-01-14,19:00,Europe/Istanbul,football_data_europe_london_converted,Gaziantep FK,Fenerbahce,0,1,A,,,,played,True,0,0,5,17,4,6,14,8,4,10,3,2,0,0,football_data,data/raw/football_data/2023-24.csv,200,
ebe16ce493e1cd068aa0b569beb0ddf1cfba95a21cfe426b23674786026b003a,2023-24,2024-01-15,20:00,Europe/Istanbul,football_data_europe_london_converted,Galatasaray,Kayserispor,2,1,H,,,,played,True,1,0,29,10,8,3,7,17,8,5,1,6,0,0,football_data,data/raw/football_data/2023-24.csv,201,
a0dedd3b3d774671da2e528b1b67fbd50952e3e642cbbf38d38fdb778e047e12,2023-24,2024-01-20,13:30,Europe/Istanbul,football_data_europe_london_converted,Kasimpasa,Hatayspor,3,0,H,,,,played,True,0,0,16,5,4,2,5,10,5,7,1,2,0,0,football_data,data/raw/football_data/2023-24.csv,202,
ee7a7159eff1a498b2c51bb8d1260ee95c0bd521d34f3642fa8e998d01a1f703,2023-24,2024-01-20,16:00,Europe/Istanbul,football_data_europe_london_converted,Alanyaspor,Rizespor,2,1,H,,,,played,True,0,0,23,17,5,3,9,9,8,4,4,0,0,0,football_data,data/raw/football_data/2023-24.csv,203,
8f1fe30cf998c4324bd8947bba05446ecb5b3e30a04278bfcaa29b5ef31574ad,2023-24,2024-01-20,16:00,Europe/Istanbul,football_data_europe_london_converted,Fatih Karagumruk,Istanbul Basaksehir,1,1,D,,,,played,True,0,1,14,16,5,6,16,13,4,3,3,2,1,0,football_data,data/raw/football_data/2023-24.csv,204,
50568608f97a89c4fec19041af4eabcb2eeab7cc1271bd3a4aa57273d63a1848,2023-24,2024-01-20,19:00,Europe/Istanbul,football_data_europe_london_converted,Adana Demirspor,Ankaragucu,1,1,D,,,,played,True,0,0,12,9,4,3,11,13,6,5,0,1,0,0,football_data,data/raw/football_data/2023-24.csv,205,
07ad09c3c6379faa99c9d1fad99581a7a5fb2f84fffa691759fab69bf677f3c7,2023-24,2024-01-20,19:00,Europe/Istanbul,football_data_europe_london_converted,Pendikspor,Besiktas,4,0,H,,,,played,True,1,0,9,17,5,4,10,11,1,6,1,2,0,0,football_data,data/raw/football_data/2023-24.csv,206,
7cc4baa3de298bf004a5bd47d322f810d888e48043cdb062d2bf649ebc72b575,2023-24,2024-01-21,13:30,Europe/Istanbul,football_data_europe_london_converted,Sivasspor,Gaziantep FK,2,2,D,,,,played,True,2,2,14,15,5,7,9,15,3,5,3,5,0,1,football_data,data/raw/football_data/2023-24.csv,207,
d3a242c1343bb167ff9cb505c50ab5ed51aa2184ae8fdd76b26b0a73c5c1ac2d,2023-24,2024-01-21,16:00,Europe/Istanbul,football_data_europe_london_converted,Fenerbahce,Samsunspor,1,1,D,,,,played,True,1,0,21,6,7,4,7,14,8,1,1,3,0,0,football_data,data/raw/football_data/2023-24.csv,208,
de336e7da414f8b573302d6286a35499c14de3bb904f0c3cf44746c281a26635,2023-24,2024-01-21,16:00,Europe/Istanbul,football_data_europe_london_converted,Konyaspor,Antalyaspor,1,1,D,,,,played,True,1,0,8,12,2,1,8,11,5,4,2,3,0,0,football_data,data/raw/football_data/2023-24.csv,209,
46e9a631ff71c766bfdf3bd844df1b472c1961eab310b05db586d48daddc0bcd,2023-24,2024-01-21,19:00,Europe/Istanbul,football_data_europe_london_converted,Trabzonspor,Galatasaray,1,5,A,,,,played,True,0,1,16,16,1,10,14,17,11,6,1,4,0,0,football_data,data/raw/football_data/2023-24.csv,210,
3877ce4cdb19010227fac899cd09a9727243617c0b1977ba39df74384ad7b5c3,2023-24,2024-01-22,20:00,Europe/Istanbul,football_data_europe_london_converted,Kayserispor,Istanbulspor,0,1,A,,,,played,True,0,0,10,16,4,8,15,11,5,7,2,3,0,0,football_data,data/raw/football_data/2023-24.csv,211,
8fb914960b11c54916e454b6c14c1f643fd81506528aed12f8b2a745e70adeb6,2023-24,2024-01-23,17:00,Europe/Istanbul,football_data_europe_london_converted,Hatayspor,Alanyaspor,1,1,D,,,,played,True,1,0,4,18,1,3,17,4,3,5,4,2,0,0,football_data,data/raw/football_data/2023-24.csv,212,
33ae9f28cbc0f09d379826fd5efcebcd487732d2b806af0e0309afe86446172a,2023-24,2024-01-23,20:00,Europe/Istanbul,football_data_europe_london_converted,Besiktas,Adana Demirspor,0,0,D,,,,played,True,0,0,20,6,7,0,13,10,8,2,4,4,0,1,football_data,data/raw/football_data/2023-24.csv,213,
8de04307883810a15ff128a7a87cf2434b7a2f53a31e39f7e70c3227c6e405f6,2023-24,2024-01-23,20:00,Europe/Istanbul,football_data_europe_london_converted,Pendikspor,Kasimpasa,3,2,H,,,,played,True,2,2,11,8,5,3,12,10,6,2,2,2,0,0,football_data,data/raw/football_data/2023-24.csv,214,
7f58113c6cc0a476df0bb9be169b81f52ea04ba73dfdb47c0f8fafe6183617da,2023-24,2024-01-24,17:00,Europe/Istanbul,football_data_europe_london_converted,Ankaragucu,Fatih Karagumruk,2,0,H,,,,played,True,1,0,8,11,5,4,14,9,2,9,1,3,0,0,football_data,data/raw/football_data/2023-24.csv,215,
cd54d33e70cbcdab6cebc8ffed3c49d8e16baec405d0c828e1932dd70e64f2a8,2023-24,2024-01-24,17:00,Europe/Istanbul,football_data_europe_london_converted,Gaziantep FK,Konyaspor,1,1,D,,,,played,True,1,1,8,7,1,4,19,13,3,5,2,2,0,0,football_data,data/raw/football_data/2023-24.csv,216,
02976daa6420742f1e9988a4efca1993259710d0b4b0ffefa1b63951233a8c86,2023-24,2024-01-24,20:00,Europe/Istanbul,football_data_europe_london_converted,Antalyaspor,Sivasspor,2,1,H,,,,played,True,2,1,24,8,12,4,10,15,8,6,2,1,0,0,football_data,data/raw/football_data/2023-24.csv,217,
59e2973bfbefe6da61fdb88f6a6eac3411628ecb5c3a99042df398ffb9876f6c,2023-24,2024-01-24,20:00,Europe/Istanbul,football_data_europe_london_converted,Istanbul Basaksehir,Fenerbahce,0,1,A,,,,played,True,0,0,4,31,1,9,16,14,1,7,9,4,2,0,football_data,data/raw/football_data/2023-24.csv,218,
9cdfd069e98f8c4aacc4f7787996669749f6082e03ebd7b5851ab56f10c33e54,2023-24,2024-01-25,17:00,Europe/Istanbul,football_data_europe_london_converted,Samsunspor,Kayserispor,2,0,H,,,,played,True,1,0,11,8,5,2,3,12,3,5,0,0,0,0,football_data,data/raw/football_data/2023-24.csv,219,
b3d26e8c5310095a6028c4353601d347fc4bb39efd6c251592d4637fd99b5d58,2023-24,2024-01-25,20:00,Europe/Istanbul,football_data_europe_london_converted,Galatasaray,Istanbulspor,3,1,H,,,,played,True,1,1,16,6,4,2,11,22,3,2,2,5,0,1,football_data,data/raw/football_data/2023-24.csv,220,
7ce8496a20644561b1d2a4560740cd5323eadda72aa223610b5ec430c06d1946,2023-24,2024-01-25,20:00,Europe/Istanbul,football_data_europe_london_converted,Rizespor,Trabzonspor,1,0,H,,,,played,True,0,0,15,10,5,3,21,12,3,3,3,1,0,0,football_data,data/raw/football_data/2023-24.csv,221,
6e73719d5526a0bc65453438b4d88a8b6c5c6872068711f8061ec806bd4c6640,2023-24,2024-01-27,16:00,Europe/Istanbul,football_data_europe_london_converted,Alanyaspor,Pendikspor,1,1,D,,,,played,True,0,0,8,10,2,3,9,15,5,5,2,1,0,0,football_data,data/raw/football_data/2023-24.csv,222,
3fea76dd6fb4549a7498b9e960d46981b4aba82b1bc2ea751aa9b6d46e0652b8,2023-24,2024-01-27,19:00,Europe/Istanbul,football_data_europe_london_converted,Adana Demirspor,Hatayspor,0,1,A,,,,played,True,0,1,13,4,0,2,12,24,5,3,5,4,1,0,football_data,data/raw/football_data/2023-24.csv,223,
68fe3235ce516ff68d4e8da0d3c105673600711a0e5629133f21e89753241fd2,2023-24,2024-01-28,13:30,Europe/Istanbul,football_data_europe_london_converted,Konyaspor,Istanbul Basaksehir,2,3,A,,,,played,True,2,0,12,15,3,5,6,12,1,4,3,2,0,0,football_data,data/raw/football_data/2023-24.csv,224,
5986b51293481bc265ba9143519840e6cf61af1a38310ae7c261035d811a703e,2023-24,2024-01-28,16:00,Europe/Istanbul,football_data_europe_london_converted,Fatih Karagumruk,Rizespor,4,0,H,,,,played,True,1,0,17,5,5,3,13,15,5,7,2,2,0,0,football_data,data/raw/football_data/2023-24.csv,225,
5eadde2b1d72000f5e3a47445e82b2dc35a819893c91bcdf1b005e16cfde2315,2023-24,2024-01-28,16:00,Europe/Istanbul,football_data_europe_london_converted,Sivasspor,Besiktas,1,0,H,,,,played,True,1,0,8,14,4,3,22,9,3,10,6,4,0,0,football_data,data/raw/football_data/2023-24.csv,226,
64af52ce7d9c93bc750f0fba3561141e08955e3846006ff9776356a7b1deda82,2023-24,2024-01-28,19:00,Europe/Istanbul,football_data_europe_london_converted,Fenerbahce,Ankaragucu,2,1,H,,,,played,True,2,1,22,4,10,2,17,13,9,0,0,0,0,0,football_data,data/raw/football_data/2023-24.csv,227,
239c9671c41bea17abac323ee5ff8050518f4c763c4d0f7c450a7cdc5d47c34c,2023-24,2024-01-29,17:00,Europe/Istanbul,football_data_europe_london_converted,Istanbulspor,Samsunspor,1,1,D,,,,played,True,0,0,9,12,5,3,15,13,4,4,3,1,0,0,football_data,data/raw/football_data/2023-24.csv,228,
98f7bc6fd4f1f653f662513c5fd4c8fe2a821e299a1bc2e41ec6cabf7d48c96b,2023-24,2024-01-29,17:00,Europe/Istanbul,football_data_europe_london_converted,Kayserispor,Antalyaspor,1,1,D,,,,played,True,0,1,15,13,5,3,13,12,6,7,2,1,0,0,football_data,data/raw/football_data/2023-24.csv,229,
624e064aefff8ab0117d081b550fba5e6bac511e71597670a4da07427e78d6be,2023-24,2024-01-29,20:00,Europe/Istanbul,football_data_europe_london_converted,Galatasaray,Gaziantep FK,2,1,H,,,,played,True,0,1,33,6,9,4,7,10,13,2,1,5,0,0,football_data,data/raw/football_data/2023-24.csv,230,
7767598bc2941cede51cdbcd584eaa8fe16c5c83fea71d2cce577ad7cc5b8c5f,2023-24,2024-01-29,20:00,Europe/Istanbul,football_data_europe_london_converted,Trabzonspor,Kasimpasa,2,3,A,,,,played,True,1,0,21,15,8,6,15,11,7,3,1,2,0,0,football_data,data/raw/football_data/2023-24.csv,231,
8f8f23c9045e2dbf1d8009f871e4aee8cb3adcb137aa16465aa989fcbc8a7798,2023-24,2024-02-02,17:00,Europe/Istanbul,football_data_europe_london_converted,Ankaragucu,Sivasspor,0,0,D,,,,played,True,0,0,10,9,2,5,7,10,7,1,2,2,0,0,football_data,data/raw/football_data/2023-24.csv,232,
81056cdf2902f2369d1912f18a630e930a76e676907b835a3ef702348659414f,2023-24,2024-02-02,17:00,Europe/Istanbul,football_data_europe_london_converted,Hatayspor,Fatih Karagumruk,3,1,H,,,,played,True,1,0,5,18,3,4,14,7,4,5,0,2,0,0,football_data,data/raw/football_data/2023-24.csv,233,
af67a735ea5de793803e6ece266d1b2ba2c2fb3de910c8fccb5ff2c8b478b0ec,2023-24,2024-02-02,20:00,Europe/Istanbul,football_data_europe_london_converted,Samsunspor,Galatasaray,0,2,A,,,,played,True,0,2,17,16,5,5,14,5,4,4,2,1,0,0,football_data,data/raw/football_data/2023-24.csv,234,
bec9efd8afb499d394bf4ab9aecfc908b5e03a2c912466dd6132607ca405b01b,2023-24,2024-02-03,13:30,Europe/Istanbul,football_data_europe_london_converted,Rizespor,Konyaspor,0,0,D,,,,played,True,0,0,24,19,3,6,9,10,12,4,1,1,0,0,football_data,data/raw/football_data/2023-24.csv,235,
78a3757bd38614b77be77d3f145b7f96d34ef18c8d22b4b804610bb2908efc2b,2023-24,2024-02-03,16:00,Europe/Istanbul,football_data_europe_london_converted,Istanbul Basaksehir,Istanbulspor,2,0,H,,,,played,True,1,0,22,7,9,3,8,9,8,3,1,1,0,0,football_data,data/raw/football_data/2023-24.csv,236,
c519c1571b3feac6b4d6d64086c4af370f9f4071e20f5d2160b0d7f2e773ddde,2023-24,2024-02-03,19:00,Europe/Istanbul,football_data_europe_london_converted,Antalyaspor,Fenerbahce,0,2,A,,,,played,True,0,1,16,14,5,7,13,17,6,7,1,0,0,0,football_data,data/raw/football_data/2023-24.csv,237,
ac9d1191f653a07f943d226f4497e90871caaec8a1a14b1ddf79ae62bbb5cb1f,2023-24,2024-02-03,19:00,Europe/Istanbul,football_data_europe_london_converted,Gaziantep FK,Kayserispor,1,1,D,,,,played,True,0,1,12,15,3,4,10,12,9,4,2,4,0,0,football_data,data/raw/football_data/2023-24.csv,238,
6f477711b4a7fc1ff9b2ecbc5b7a00a5cccaf6b2263db94e3c07cc308a462640,2023-24,2024-02-04,13:30,Europe/Istanbul,football_data_europe_london_converted,Pendikspor,Adana Demirspor,2,1,H,,,,played,True,2,0,16,16,5,6,20,7,7,6,3,1,1,0,football_data,data/raw/football_data/2023-24.csv,239,
d6a39729a3395d07d040138fa42ebf9fff8cb66e69c369390c5e9e0056a9e1fc,2023-24,2024-02-04,16:00,Europe/Istanbul,football_data_europe_london_converted,Kasimpasa,Alanyaspor,2,1,H,,,,played,True,1,1,19,7,7,3,10,8,7,9,0,4,0,0,football_data,data/raw/football_data/2023-24.csv,240,
44009ca3393c9fb3d2e54dc5c83d3c2327788635bb57c2301c19e945de70c109,2023-24,2024-02-04,19:00,Europe/Istanbul,football_data_europe_london_converted,Besiktas,Trabzonspor,2,0,H,,,,played,True,1,0,9,13,3,2,22,11,6,6,3,0,0,0,football_data,data/raw/football_data/2023-24.csv,241,
b89759531a0ca464db1f61545e82393fc19260a021eb0ba1649199ebc3b5a9ea,2023-24,2024-02-09,20:00,Europe/Istanbul,football_data_europe_london_converted,Adana Demirspor,Kasimpasa,1,3,A,,,,played,True,0,2,23,13,4,7,15,11,7,4,5,3,0,0,football_data,data/raw/football_data/2023-24.csv,242,
7a67f5ed1a1b8f320ff696f9676b0d47a2d3b119c8a72ca2cd282a929c1160ef,2023-24,2024-02-10,16:00,Europe/Istanbul,football_data_europe_london_converted,Fatih Karagumruk,Pendikspor,2,0,H,,,,played,True,1,0,12,8,6,1,11,17,6,9,1,0,0,0,football_data,data/raw/football_data/2023-24.csv,243,
c6e2b522a2552c62f2144e2a56ee4d17c022ba39cd0927a570196fcac7f9d7f6,2023-24,2024-02-10,19:00,Europe/Istanbul,football_data_europe_london_converted,Galatasaray,Istanbul Basaksehir,2,0,H,,,,played,True,2,0,18,9,7,1,13,11,7,3,2,2,0,0,football_data,data/raw/football_data/2023-24.csv,244,
1456cb4735e72480b22a5acf4449f26989dbea132c4bacc51bcd4c6327dedca6,2023-24,2024-02-11,13:30,Europe/Istanbul,football_data_europe_london_converted,Sivasspor,Rizespor,1,0,H,,,,played,True,1,0,7,17,2,5,15,10,0,6,1,1,0,0,football_data,data/raw/football_data/2023-24.csv,245,
da3badad5a8bccdce202512042688b62ae853130be8abaf4246ac3f8ccd3c40e,2023-24,2024-02-11,16:00,Europe/Istanbul,football_data_europe_london_converted,Istanbulspor,Gaziantep FK,1,3,A,,,,played,True,1,1,3,8,1,5,14,12,3,3,4,2,1,0,football_data,data/raw/football_data/2023-24.csv,246,
861ac86f4b0a7af932d29fc031de738e5b27a687125477ed6b1177580365df84,2023-24,2024-02-11,16:00,Europe/Istanbul,football_data_europe_london_converted,Konyaspor,Ankaragucu,1,0,H,,,,played,True,1,0,14,9,1,1,15,6,4,2,3,1,0,0,football_data,data/raw/football_data/2023-24.csv,247,
7e3417d7fdc210f4edb0eaf70a0ce987d0e9d74ed2943775fa8c9d34798f49c8,2023-24,2024-02-11,19:00,Europe/Istanbul,football_data_europe_london_converted,Fenerbahce,Alanyaspor,2,2,D,,,,played,True,0,1,21,5,8,3,10,20,9,0,3,5,0,0,football_data,data/raw/football_data/2023-24.csv,248,
f2ef3d97314d36bab70d3e53997e3f2670affae8b86975c1dd0601170810e7a6,2023-24,2024-02-12,17:00,Europe/Istanbul,football_data_europe_london_converted,Trabzonspor,Hatayspor,2,0,H,,,,played,True,0,0,23,11,11,2,10,9,10,5,2,1,0,0,football_data,data/raw/football_data/2023-24.csv,249,
893b3520beaea155684143af1362487c92d5714d80f50d986d23ade30a9b235e,2023-24,2024-02-12,20:00,Europe/Istanbul,football_data_europe_london_converted,Kayserispor,Besiktas,0,0,D,,,,played,True,0,0,14,6,4,1,17,9,7,3,3,0,0,0,football_data,data/raw/football_data/2023-24.csv,250,
8ce6c76639e16b22acf2f3e6ae42309bad9cd3285165dbc6145bee8be62c01d5,2023-24,2024-02-12,20:00,Europe/Istanbul,football_data_europe_london_converted,Samsunspor,Antalyaspor,2,0,H,,,,played,True,0,0,11,11,6,2,18,8,3,2,2,2,0,0,football_data,data/raw/football_data/2023-24.csv,251,
858ee48dd4de34f73a7e16dc7e66c4a0124a99a42ba7663f7ae04cc9a1e37a11,2023-24,2024-02-16,20:00,Europe/Istanbul,football_data_europe_london_converted,Kasimpasa,Fatih Karagumruk,1,1,D,,,,played,True,1,1,7,16,4,5,17,12,3,11,2,1,0,0,football_data,data/raw/football_data/2023-24.csv,252,
f52c0226f06e77b9ecf67fdfe3c2cd1abd31f67701e8680aed960aab9c6901be,2023-24,2024-02-17,13:30,Europe/Istanbul,football_data_europe_london_converted,Antalyaspor,Istanbulspor,2,2,D,,,,played,True,2,0,14,12,5,8,11,16,6,6,2,2,0,0,football_data,data/raw/football_data/2023-24.csv,253,
248be2b6e14226eff559c020abd4119582e0608367e41a1b347c17c5e80a6d1f,2023-24,2024-02-17,16:00,Europe/Istanbul,football_data_europe_london_converted,Hatayspor,Sivasspor,1,1,D,,,,played,True,0,1,15,4,6,2,14,10,6,2,1,1,0,0,football_data,data/raw/football_data/2023-24.csv,254,
d380b1fd3df84460fc6168e04bbe64c33b66a11ecbf2fabae7f89bf9ebc9f9e7,2023-24,2024-02-17,19:00,Europe/Istanbul,football_data_europe_london_converted,Rizespor,Fenerbahce,1,3,A,,,,played,True,1,0,8,13,4,5,16,18,3,6,4,2,0,0,football_data,data/raw/football_data/2023-24.csv,255,
6fcc7e95861c010ff03b89daeb0df1df810478cadcc52eef39c6c7ae0191bbe5,2023-24,2024-02-18,13:30,Europe/Istanbul,football_data_europe_london_converted,Alanyaspor,Adana Demirspor,3,3,D,,,,played,True,2,0,8,19,6,9,12,15,3,6,4,1,0,0,football_data,data/raw/football_data/2023-24.csv,256,
0b03de83f0c180e0265161787d5246bae939a10924aa4c2d508ddc3f0e834e29,2023-24,2024-02-18,16:00,Europe/Istanbul,football_data_europe_london_converted,Gaziantep FK,Samsunspor,1,1,D,,,,played,True,0,0,12,10,2,5,13,17,2,4,3,3,0,0,football_data,data/raw/football_data/2023-24.csv,257,
a895d54e088ffae796fe75498e3e493f3625954948c54047f45ddead3706984f,2023-24,2024-02-18,16:00,Europe/Istanbul,football_data_europe_london_converted,Pendikspor,Trabzonspor,0,2,A,,,,played,True,0,0,7,11,1,3,12,12,4,6,0,1,0,0,football_data,data/raw/football_data/2023-24.csv,258,
3d16fd38b41c453da9f41e8386373cdfda7b26d23247632e9f30c0c63294c103,2023-24,2024-02-18,19:00,Europe/Istanbul,football_data_europe_london_converted,Ankaragucu,Galatasaray,0,3,A,,,,played,True,0,3,8,24,3,10,6,14,3,16,1,1,0,0,football_data,data/raw/football_data/2023-24.csv,259,
2c86317c12ddb960c9c0072a024b9d274a4308a56733ecace4d917761c976f39,2023-24,2024-02-19,20:00,Europe/Istanbul,football_data_europe_london_converted,Besiktas,Konyaspor,2,0,H,,,,played,True,0,0,19,4,6,2,8,8,6,4,2,0,0,0,football_data,data/raw/football_data/2023-24.csv,260,
cf0dcc3748228551ce958f8712748df91af82fa678de10e8eb7b3a7c6021995a,2023-24,2024-02-19,20:00,Europe/Istanbul,football_data_europe_london_converted,Istanbul Basaksehir,Kayserispor,2,3,A,,,,played,True,0,2,18,14,8,7,7,26,7,3,2,4,0,0,football_data,data/raw/football_data/2023-24.csv,261,
71409d1985065761a1c5d69425f4adaa0cfc408e16f741f2265d7906f6e3a8a6,2023-24,2024-02-23,20:00,Europe/Istanbul,football_data_europe_london_converted,Samsunspor,Rizespor,3,0,H,,,,played,True,1,0,15,11,3,4,19,8,2,8,2,1,0,0,football_data,data/raw/football_data/2023-24.csv,262,
2db499512b8356721683d423da6f7ae3185d9fce4d9f4487e198a96e87d74e90,2023-24,2024-02-24,13:30,Europe/Istanbul,football_data_europe_london_converted,Kayserispor,Ankaragucu,3,2,H,,,,played,True,0,2,10,9,4,5,10,13,4,3,4,3,0,0,football_data,data/raw/football_data/2023-24.csv,263,
549ac4211ce080cc2b2c18afe14a3a9e354b143ea4a097ef0ba1ff7f398e345f,2023-24,2024-02-24,16:00,Europe/Istanbul,football_data_europe_london_converted,Gaziantep FK,Istanbul Basaksehir,0,2,A,,,,played,True,0,0,13,4,6,4,13,12,5,0,1,3,0,0,football_data,data/raw/football_data/2023-24.csv,264,
7d65a078a114f7e85a33f611ca362fc67edb965c9de7fe1809e0c94683a5c91b,2023-24,2024-02-24,19:00,Europe/Istanbul,football_data_europe_london_converted,Fenerbahce,Kasimpasa,2,1,H,,,,played,True,0,0,18,10,5,2,10,23,4,3,2,3,0,0,football_data,data/raw/football_data/2023-24.csv,265,
95045f1d7b4f84ad2339fe9528b116f0668a7a07ef394cf6dd9f5106e688d94d,2023-24,2024-02-24,19:00,Europe/Istanbul,football_data_europe_london_converted,Konyaspor,Hatayspor,2,0,H,,,,played,True,0,0,13,7,4,4,8,15,4,3,6,3,0,0,football_data,data/raw/football_data/2023-24.csv,266,
821f2e5511a4c521b77ef1ca651ec9cb819fecc85efac806fab25ae1f1f44df0,2023-24,2024-02-25,13:30,Europe/Istanbul,football_data_europe_london_converted,Sivasspor,Pendikspor,4,1,H,,,,played,True,1,1,12,12,5,6,10,14,3,3,2,4,0,0,football_data,data/raw/football_data/2023-24.csv,267,
9003e43a32cd335ab6bc66b4504defb9c2d5bb481b7274d7fd4ebdb9b76e08ab,2023-24,2024-02-25,16:00,Europe/Istanbul,football_data_europe_london_converted,Fatih Karagumruk,Alanyaspor,1,1,D,,,,played,True,1,0,6,19,1,3,10,14,1,11,3,2,1,0,football_data,data/raw/football_data/2023-24.csv,268,
5d345aa167b0319234afc12587d3c56f8a2a454368865d27938cb8d2a9dd67c2,2023-24,2024-02-25,16:00,Europe/Istanbul,football_data_europe_london_converted,Trabzonspor,Adana Demirspor,1,0,H,,,,played,True,1,0,19,12,7,3,16,16,4,5,2,3,0,1,football_data,data/raw/football_data/2023-24.csv,269,
2f7d6452c7abdc2661b93534ad453c367874f51cbc246469c515411c25fef7ec,2023-24,2024-02-25,19:00,Europe/Istanbul,football_data_europe_london_converted,Istanbulspor,Besiktas,0,2,A,,,,played,True,0,1,14,15,6,6,9,16,4,7,1,3,0,0,football_data,data/raw/football_data/2023-24.csv,270,
425448e403d470e199893dbb4cd144a35516585643d0b217b783e6e38b2d84d9,2023-24,2024-02-26,20:00,Europe/Istanbul,football_data_europe_london_converted,Galatasaray,Antalyaspor,2,1,H,,,,played,True,2,1,14,15,8,4,14,14,5,6,2,4,0,0,football_data,data/raw/football_data/2023-24.csv,271,
398c1ee2229fa788cb05408aff6b9b7ba5a7502077c102d86cadcee7a0d48187,2023-24,2024-03-01,20:00,Europe/Istanbul,football_data_europe_london_converted,Kasimpasa,Sivasspor,0,0,D,,,,played,True,0,0,17,7,3,3,16,10,5,1,2,1,0,0,football_data,data/raw/football_data/2023-24.csv,272,
fa606a57de0312d2f96407b3a60ac7f947ac4cd60e65864a8f4674bf83950a54,2023-24,2024-03-02,13:30,Europe/Istanbul,football_data_europe_london_converted,Ankaragucu,Istanbulspor,1,1,D,,,,played,True,0,1,15,14,5,6,4,12,10,2,3,4,1,1,football_data,data/raw/football_data/2023-24.csv,273,
97dee533a9c13475a960932442fd7473a837f282ba1c707497712842e5d7a042,2023-24,2024-03-02,16:00,Europe/Istanbul,football_data_europe_london_converted,Rizespor,Kayserispor,3,0,H,,,,played,True,0,0,21,14,8,6,11,13,3,2,1,3,0,0,football_data,data/raw/football_data/2023-24.csv,274,
f7e5b18947575c41078990cd6038565004f4f0acc0f07e43bc5fc064cab418bc,2023-24,2024-03-02,19:00,Europe/Istanbul,football_data_europe_london_converted,Hatayspor,Fenerbahce,0,2,A,,,,played,True,0,2,10,14,1,6,14,14,3,4,1,5,0,0,football_data,data/raw/football_data/2023-24.csv,275,
d7e7b6d4d5bef22da09db4220c96ec64329cd276ea75501aa70f2cc33c368f5b,2023-24,2024-03-03,13:30,Europe/Istanbul,football_data_europe_london_converted,Istanbul Basaksehir,Samsunspor,1,0,H,,,,played,True,0,0,10,8,6,2,6,13,5,5,0,3,0,1,football_data,data/raw/football_data/2023-24.csv,276,
f7cfd73984ac10757a604144f101d57d4970b9ef922b22df4e6b861d13ccdf59,2023-24,2024-03-03,13:30,Europe/Istanbul,football_data_europe_london_converted,Pendikspor,Konyaspor,0,2,A,,,,played,True,0,1,9,13,0,5,16,20,4,4,5,5,0,0,football_data,data/raw/football_data/2023-24.csv,277,
a5beac356d2afad6093325d8e7a11f409c6822f8eaba2dbc971a61b12e5f517e,2023-24,2024-03-03,19:00,Europe/Istanbul,football_data_europe_london_converted,Besiktas,Galatasaray,0,1,A,,,,played,True,0,1,12,13,3,3,7,14,4,11,2,0,1,0,football_data,data/raw/football_data/2023-24.csv,278,
7403dee20eb69c980b05d642fdcfefc95850216b4d7b2c8f749044396a8eb9ae,2023-24,2024-03-04,17:00,Europe/Istanbul,football_data_europe_london_converted,Adana Demirspor,Fatih Karagumruk,1,0,H,,,,played,True,1,0,13,12,5,1,17,12,7,7,4,4,0,1,football_data,data/raw/football_data/2023-24.csv,279,
226aa3ca64e1e9b426491f258ce02d0111baa7167bbb63e129196fa12c4a22ec,2023-24,2024-03-04,20:00,Europe/Istanbul,football_data_europe_london_converted,Alanyaspor,Trabzonspor,3,1,H,,,,played,True,2,0,11,24,5,7,17,8,1,9,3,0,0,0,football_data,data/raw/football_data/2023-24.csv,280,
39739e7c2ce904e89493fe374095bf7cc1838f25698079b35de9ac8a6125bf6e,2023-24,2024-03-04,20:00,Europe/Istanbul,football_data_europe_london_converted,Antalyaspor,Gaziantep FK,1,0,H,,,,played,True,1,0,20,8,10,3,12,11,11,5,1,2,0,0,football_data,data/raw/football_data/2023-24.csv,281,
b4f45c36021cf2358c4f50bc6b634d1a580e27c2ce88b1234e360847b85375a7,2023-24,2024-03-08,20:00,Europe/Istanbul,football_data_europe_london_converted,Galatasaray,Rizespor,6,2,H,,,,played,True,4,1,14,10,10,4,18,13,3,3,1,1,0,0,football_data,data/raw/football_data/2023-24.csv,282,
e3c01687474987f95d70ccb726fd56e9560c4b10c3f13a8048149857c5cbee23,2023-24,2024-03-09,13:30,Europe/Istanbul,football_data_europe_london_converted,Sivasspor,Alanyaspor,1,2,A,,,,played,True,0,0,16,5,5,4,9,17,5,4,3,2,0,0,football_data,data/raw/football_data/2023-24.csv,283,
c27451e6a64b39e75b3b05d60156e46c3e225081ca22970afc727fff1828697d,2023-24,2024-03-09,16:00,Europe/Istanbul,football_data_europe_london_converted,Konyaspor,Adana Demirspor,2,2,D,,,,played,True,2,1,13,13,5,3,12,12,3,6,0,3,0,0,football_data,data/raw/football_data/2023-24.csv,284,
7b835e2177d6e30461eabac70eeca0d72072dc9d9be7bd08f2ef921a82e0f39c,2023-24,2024-03-09,19:00,Europe/Istanbul,football_data_europe_london_converted,Istanbul Basaksehir,Antalyaspor,1,0,H,,,,played,True,0,0,12,9,4,0,11,10,10,3,1,1,0,0,football_data,data/raw/football_data/2023-24.csv,285,
1773efcdccbffcf6447c950e93237206e9f3f138dc2bbd07a47b27759940450d,2023-24,2024-03-09,19:00,Europe/Istanbul,football_data_europe_london_converted,Trabzonspor,Fatih Karagumruk,5,1,H,,,,played,True,1,1,27,6,12,2,10,13,8,2,0,3,0,0,football_data,data/raw/football_data/2023-24.csv,286,
303a137b7264b6c5ab1d545722cf5ee1f672573525999782882f5040b65db04e,2023-24,2024-03-10,13:30,Europe/Istanbul,football_data_europe_london_converted,Kayserispor,Hatayspor,1,1,D,,,,played,True,1,1,18,5,3,1,10,13,3,2,3,3,1,0,football_data,data/raw/football_data/2023-24.csv,287,
16175dd742d725fba7e62a5d9394c31e2915fa3059ec1a38803fb202e362a2ba,2023-24,2024-03-10,16:00,Europe/Istanbul,football_data_europe_london_converted,Istanbulspor,Kasimpasa,1,2,A,,,,played,True,1,0,8,24,2,9,10,6,4,9,2,0,0,0,football_data,data/raw/football_data/2023-24.csv,288,
4ba27050b4ed48acf5e38ecd7eff4a81d9140d19f137d932ded7b162791c059f,2023-24,2024-03-10,16:00,Europe/Istanbul,football_data_europe_london_converted,Samsunspor,Ankaragucu,2,1,H,,,,played,True,1,1,22,7,4,2,13,14,2,2,1,3,0,0,football_data,data/raw/football_data/2023-24.csv,289,
d4906b8878821f4aebe89f8d87f826dca7722ed15a73ad97cd1b166d9ac07bf7,2023-24,2024-03-10,19:00,Europe/Istanbul,football_data_europe_london_converted,Fenerbahce,Pendikspor,4,1,H,,,,played,True,0,1,20,4,7,1,15,29,8,1,7,8,0,2,football_data,data/raw/football_data/2023-24.csv,290,
7c6c4394fe203076b02dd72b712184bd74911c9904cc298764767779e689d2f7,2023-24,2024-03-11,20:30,Europe/Istanbul,football_data_europe_london_converted,Gaziantep FK,Besiktas,2,0,H,,,,played,True,1,0,8,13,4,5,10,12,2,3,3,3,0,0,football_data,data/raw/football_data/2023-24.csv,291,
c64b32f0bb8f38dc053c847d2cd5e187d9cce13e93c47db949282c355eca1018,2023-24,2024-03-15,20:30,Europe/Istanbul,football_data_europe_london_converted,Fatih Karagumruk,Konyaspor,1,1,D,,,,played,True,0,1,11,11,5,4,12,11,9,4,2,0,0,0,football_data,data/raw/football_data/2023-24.csv,292,
c4f60f8086b8a8b497760aafe1b9f9b868acab22eefa92f6b1776f0d1ebe0990,2023-24,2024-03-15,20:30,Europe/Istanbul,football_data_europe_london_converted,Pendikspor,Istanbulspor,1,0,H,,,,played,True,0,0,19,3,5,1,12,20,6,2,1,6,0,1,football_data,data/raw/football_data/2023-24.csv,293,
fd4b1f1e4c7a544c7a08606587a98ea75125861824cf5a3a1552e99861c0b653,2023-24,2024-03-16,13:30,Europe/Istanbul,football_data_europe_london_converted,Alanyaspor,Kayserispor,1,0,H,,,,played,True,0,0,8,13,3,3,11,18,0,3,1,3,0,0,football_data,data/raw/football_data/2023-24.csv,294,
5a8e9e01564b9e08c2d5bf793e324685e5fb58026bc8acaa5821cb9c00eae223,2023-24,2024-03-16,16:00,Europe/Istanbul,football_data_europe_london_converted,Ankaragucu,Istanbul Basaksehir,2,1,H,,,,played,True,0,0,13,12,6,4,10,10,1,2,0,2,0,0,football_data,data/raw/football_data/2023-24.csv,295,
068b221b0cc86593d36aabe071a4c43f4b097d49f660eeeb91dfc03addf968a5,2023-24,2024-03-16,20:30,Europe/Istanbul,football_data_europe_london_converted,Adana Demirspor,Sivasspor,4,1,H,,,,played,True,1,0,13,6,7,2,11,13,3,6,3,2,1,0,football_data,data/raw/football_data/2023-24.csv,296,
c5762569f3cc27c202af447d957c58854c866c8c8d05f174aa7db1479366d4e6,2023-24,2024-03-16,20:30,Europe/Istanbul,football_data_europe_london_converted,Besiktas,Antalyaspor,1,2,A,,,,played,True,0,2,20,10,7,2,11,14,8,5,2,3,0,0,football_data,data/raw/football_data/2023-24.csv,297,
59d7eeaebb3f55d0850e4bfd6fe7aa243d545df5bc29fd36f131b8cee851032f,2023-24,2024-03-17,13:30,Europe/Istanbul,football_data_europe_london_converted,Rizespor,Gaziantep FK,3,1,H,,,,played,True,0,0,10,14,6,8,14,10,6,8,1,2,0,0,football_data,data/raw/football_data/2023-24.csv,298,
5ed4d9fd2535e7258cedf96511cfa184b825f9b3ca0d3632f6d06475978e8bfa,2023-24,2024-03-17,16:00,Europe/Istanbul,football_data_europe_london_converted,Hatayspor,Samsunspor,3,0,H,,,,played,True,1,0,9,12,3,2,13,9,0,7,4,1,0,0,football_data,data/raw/football_data/2023-24.csv,299,
fab2734f194f73312aa55b5b4968abf7927e5d68b2dcd183f24abc53e3848172,2023-24,2024-03-17,16:00,Europe/Istanbul,football_data_europe_london_converted,Kasimpasa,Galatasaray,3,4,A,,,,played,True,1,1,16,12,5,6,12,8,2,4,4,1,1,0,football_data,data/raw/football_data/2023-24.csv,300,
e014439e089e004c143f0037521d3e80b76672a0ece39592599df8640e8694c0,2023-24,2024-03-17,20:30,Europe/Istanbul,football_data_europe_london_converted,Trabzonspor,Fenerbahce,2,3,A,,,,played,True,0,2,7,7,3,5,13,18,10,2,5,3,0,0,football_data,data/raw/football_data/2023-24.csv,301,
73295397e291be2388f52a57b8f61c54cba6a3e50b53053fc2388943e88e093f,2023-24,2024-04-02,17:00,Europe/Istanbul,football_data_europe_london_converted,Istanbulspor,Rizespor,0,4,A,,,,played,True,0,2,7,20,3,11,10,13,2,6,4,2,0,0,football_data,data/raw/football_data/2023-24.csv,302,
138a82e8cfcbd0427e4508dbef9657b0eec04f0796359d72a21a79aff7becddb,2023-24,2024-04-02,20:30,Europe/Istanbul,football_data_europe_london_converted,Antalyaspor,Ankaragucu,1,1,D,,,,played,True,1,0,6,16,2,6,6,12,3,9,1,1,0,0,football_data,data/raw/football_data/2023-24.csv,303,
74ae73da56e6e212adaac02e12149faec69d12d9fd105a067fef57818fe1bc64,2023-24,2024-04-02,20:30,Europe/Istanbul,football_data_europe_london_converted,Galatasaray,Hatayspor,1,0,H,,,,played,True,1,0,17,9,2,2,16,8,8,5,2,2,0,0,football_data,data/raw/football_data/2023-24.csv,304,
2ad239d29eddea922487342d58e7a9f055a611c126dca0212009ee16c0d557f4,2023-24,2024-04-02,20:30,Europe/Istanbul,football_data_europe_london_converted,Gaziantep FK,Alanyaspor,0,3,A,,,,played,True,0,2,20,13,4,7,10,10,7,3,0,2,0,0,football_data,data/raw/football_data/2023-24.csv,305,
77460db2f3d66220b9ad1f3424878caafe311a91c56e3aaeecbb0465cdd6426e,2023-24,2024-04-03,17:00,Europe/Istanbul,football_data_europe_london_converted,Sivasspor,Fatih Karagumruk,1,0,H,,,,played,True,0,0,15,18,6,6,12,13,6,7,1,4,0,0,football_data,data/raw/football_data/2023-24.csv,306,
31299050d44b6dac4fb13c92c8442637ef3f09d06af037d968c0b05ed9d8c34d,2023-24,2024-04-03,20:30,Europe/Istanbul,football_data_europe_london_converted,Fenerbahce,Adana Demirspor,4,2,H,,,,played,True,1,1,22,13,4,6,17,11,4,2,2,1,0,0,football_data,data/raw/football_data/2023-24.csv,307,
e8c92156617c636335239df986b633797dff5cd114fce41605628050e89632e2,2023-24,2024-04-03,20:30,Europe/Istanbul,football_data_europe_london_converted,Kayserispor,Kasimpasa,0,2,A,,,,played,True,0,1,14,12,3,3,14,5,6,4,3,2,1,0,football_data,data/raw/football_data/2023-24.csv,308,
ea9cf81fb00a6961ae164c52af0ad2731fa6c50ecee2984750665989eeb9fb97,2023-24,2024-04-03,20:30,Europe/Istanbul,football_data_europe_london_converted,Konyaspor,Trabzonspor,1,3,A,,,,played,True,0,1,14,7,5,3,11,10,6,4,3,3,0,0,football_data,data/raw/football_data/2023-24.csv,309,
bcd962c30f8ea9758ad70c9bbc8925906b840e3480636b700c3d01a59418e472,2023-24,2024-04-04,20:30,Europe/Istanbul,football_data_europe_london_converted,Istanbul Basaksehir,Besiktas,1,1,D,,,,played,True,0,1,19,7,4,2,14,25,9,4,3,3,0,0,football_data,data/raw/football_data/2023-24.csv,310,
7bfb23deed0bac9c73d944012f67e82afeace9252b88ee1c64d1a71f25c790ed,2023-24,2024-04-04,20:30,Europe/Istanbul,football_data_europe_london_converted,Samsunspor,Pendikspor,0,0,D,,,,played,True,0,0,6,12,2,4,12,7,10,9,1,2,0,0,football_data,data/raw/football_data/2023-24.csv,311,
d658814ece153c2eabc80fa3c3541fe20468c7c0aafb7d9f7a35448ed25af2c4,2023-24,2024-04-12,20:00,Europe/Istanbul,football_data_europe_london_converted,Trabzonspor,Sivasspor,0,1,A,,,,played,True,0,0,22,10,5,5,14,11,14,4,3,3,0,0,football_data,data/raw/football_data/2023-24.csv,312,
d428a133955fcc16edae4faff57b6a59618426c8cbee1d85450873c767afb490,2023-24,2024-04-13,13:30,Europe/Istanbul,football_data_europe_london_converted,Kasimpasa,Konyaspor,0,2,A,,,,played,True,0,1,5,4,0,2,15,14,5,5,3,4,0,0,football_data,data/raw/football_data/2023-24.csv,313,
bf0664961c150fc17d626779ad4e832fdd4d8e5944d0fdb6ec2bf24c82d397e3,2023-24,2024-04-13,16:00,Europe/Istanbul,football_data_europe_london_converted,Ankaragucu,Gaziantep FK,3,1,H,,,,played,True,1,1,12,7,7,2,12,7,5,6,1,1,0,0,football_data,data/raw/football_data/2023-24.csv,314,
f63d2313d6bf5ee41f0a7476d0f15c2d8f165d68a0fae63674fd530abc3a5c20,2023-24,2024-04-13,19:00,Europe/Istanbul,football_data_europe_london_converted,Adana Demirspor,Kayserispor,0,0,D,,,,played,True,0,0,27,13,6,4,6,12,9,2,0,1,0,0,football_data,data/raw/football_data/2023-24.csv,315,
5e2429acc7cd3303e45e99960eb5249d2ac006822ec0f431188b09a708bb3694,2023-24,2024-04-13,19:00,Europe/Istanbul,football_data_europe_london_converted,Besiktas,Samsunspor,1,1,D,,,,played,True,1,0,17,11,4,3,14,17,0,2,1,2,0,0,football_data,data/raw/football_data/2023-24.csv,316,
f36fae49d2b0ff47825a7576c4085b3af43531c9f4fb67d57f6685153b1ca5af,2023-24,2024-04-14,13:30,Europe/Istanbul,football_data_europe_london_converted,Pendikspor,Istanbul Basaksehir,2,3,A,,,,played,True,1,1,14,12,8,5,8,13,6,4,4,1,1,0,football_data,data/raw/football_data/2023-24.csv,317,
f135d11e4666457e05ec062c072f3fed353b9f72863d5f4549c58b86e5c19378,2023-24,2024-04-14,16:00,Europe/Istanbul,football_data_europe_london_converted,Hatayspor,Istanbulspor,0,3,A,,,,played,True,0,0,12,15,2,7,17,9,4,7,2,0,0,0,football_data,data/raw/football_data/2023-24.csv,318,
99a3c50a622efc0d177c89a0445c9936f3a5b0ed554d7861fb625ef797f44f11,2023-24,2024-04-14,16:00,Europe/Istanbul,football_data_europe_london_converted,Rizespor,Antalyaspor,3,0,H,,,,played,True,1,0,14,14,4,3,13,7,4,7,4,2,0,0,football_data,data/raw/football_data/2023-24.csv,319,
eca0e98b8179bd2fd8a0d8fcf56ae40bcc7cd222022bfe16ad34242851524409,2023-24,2024-04-14,19:00,Europe/Istanbul,football_data_europe_london_converted,Fatih Karagumruk,Fenerbahce,1,2,A,,,,played,True,1,0,11,16,7,7,11,14,3,6,5,3,2,0,football_data,data/raw/football_data/2023-24.csv,320,
0deffa4554534d562071909683019e11cb8352e92992a485ee08b373cec14f62,2023-24,2024-04-15,20:00,Europe/Istanbul,football_data_europe_london_converted,Alanyaspor,Galatasaray,0,4,A,,,,played,True,0,0,13,22,3,8,12,14,6,6,2,0,1,0,football_data,data/raw/football_data/2023-24.csv,321,
b27a23accc234a4d3a10c275fab54296cf102e70ea6d9a0c080fc9a0b549ee08,2023-24,2024-04-19,20:00,Europe/Istanbul,football_data_europe_london_converted,Besiktas,Ankaragucu,2,0,H,,,,played,True,1,0,17,17,5,2,12,13,8,6,2,2,0,0,football_data,data/raw/football_data/2023-24.csv,322,
55bcebe41128bca2af434a4b7f82a8ae41086cbc2b6302e9f5c037eda78e2ace,2023-24,2024-04-20,13:30,Europe/Istanbul,football_data_europe_london_converted,Istanbulspor,Fatih Karagumruk,1,2,A,,,,played,True,0,0,13,24,5,5,11,15,1,7,3,3,0,0,football_data,data/raw/football_data/2023-24.csv,323,
14efd8545e5387d0ef10aeeebe261a02cfd4e7ccba47972745eb9ca8d19e80eb,2023-24,2024-04-20,16:00,Europe/Istanbul,football_data_europe_london_converted,Konyaspor,Alanyaspor,0,2,A,,,,played,True,0,1,5,11,1,3,6,9,2,1,2,3,0,0,football_data,data/raw/football_data/2023-24.csv,324,
ccea99b46115517b87424702eac30d013d5c56b27fcd6cce83412e3b9c8e4f15,2023-24,2024-04-20,19:00,Europe/Istanbul,football_data_europe_london_converted,Kayserispor,Trabzonspor,1,2,A,,,,played,True,0,1,17,9,3,3,13,4,4,1,0,3,0,0,football_data,data/raw/football_data/2023-24.csv,325,
1caf42f099bddd88619c3c3565c3f6e7b87ba9cc97aa8cab4771d867115b7946,2023-24,2024-04-20,19:00,Europe/Istanbul,football_data_europe_london_converted,Samsunspor,Adana Demirspor,1,1,D,,,,played,True,0,1,14,8,5,3,18,6,7,4,2,3,0,0,football_data,data/raw/football_data/2023-24.csv,326,
4e83e9e8a4347ea3b38c926c4c0fc0a53e20cdde33127d640a88e69b8299bdaa,2023-24,2024-04-21,13:30,Europe/Istanbul,football_data_europe_london_converted,Istanbul Basaksehir,Rizespor,2,0,H,,,,played,True,1,0,12,11,4,2,10,12,1,4,1,1,0,1,football_data,data/raw/football_data/2023-24.csv,327,
9e3b6d7d46a12b06b04295a417e9ded4c2707024291c29ca59c372e4087fc76f,2023-24,2024-04-21,19:00,Europe/Istanbul,football_data_europe_london_converted,Antalyaspor,Hatayspor,2,1,H,,,,played,True,0,1,12,12,4,6,12,14,0,3,4,3,0,0,football_data,data/raw/football_data/2023-24.csv,328,
476c614e398333188917f3f20725fda88ff063db16c8affc2f654ecfb84c87ec,2023-24,2024-04-21,19:00,Europe/Istanbul,football_data_europe_london_converted,Galatasaray,Pendikspor,4,1,H,,,,played,True,2,0,19,7,8,4,15,8,4,3,1,2,0,0,football_data,data/raw/football_data/2023-24.csv,329,
143556dd21db028e826f07a7466d849c69341d2799cfbd63a0f12ce089acdff4,2023-24,2024-04-21,19:00,Europe/Istanbul,football_data_europe_london_converted,Gaziantep FK,Kasimpasa,2,0,H,,,,played,True,2,0,12,13,5,1,11,10,5,8,0,1,0,0,football_data,data/raw/football_data/2023-24.csv,330,
154297f59387d541af90aab0251cc0d1a9b044a87564225c2b9b8e20b1a7e9d7,2023-24,2024-04-22,20:00,Europe/Istanbul,football_data_europe_london_converted,Sivasspor,Fenerbahce,2,2,D,,,,played,True,0,1,9,15,4,6,6,11,3,2,4,1,0,0,football_data,data/raw/football_data/2023-24.csv,331,
7c84499cade08bb705e2e69240bd91d044b28f1c1cb6f662976ce3aa03dfe344,2023-24,2024-04-26,20:00,Europe/Istanbul,football_data_europe_london_converted,Adana Demirspor,Galatasaray,0,3,A,,,,played,True,0,0,18,25,8,9,8,9,5,6,2,0,0,0,football_data,data/raw/football_data/2023-24.csv,332,
886afc8cba30123bbdde74cebb82c52421fe66e51c933e84cc98d0ddd35bafee,2023-24,2024-04-27,16:00,Europe/Istanbul,football_data_europe_london_converted,Kasimpasa,Samsunspor,1,0,H,,,,played,True,1,0,11,13,2,2,16,17,4,8,2,3,0,0,football_data,data/raw/football_data/2023-24.csv,333,
afd019dba25e9acb5b5c1a72119367fe6ed24440fcdd54e539ecc9200009ce95,2023-24,2024-04-27,16:00,Europe/Istanbul,football_data_europe_london_converted,Sivasspor,Konyaspor,1,0,H,,,,played,True,0,0,7,7,2,2,12,11,1,6,2,2,0,0,football_data,data/raw/football_data/2023-24.csv,334,
ea3620f901dec871c32658824cf2ae162559a8b2381ae3fc5d846651bdfaf5f8,2023-24,2024-04-27,19:00,Europe/Istanbul,football_data_europe_london_converted,Fenerbahce,Besiktas,2,1,H,,,,played,True,1,0,13,6,6,4,14,18,4,2,1,3,0,1,football_data,data/raw/football_data/2023-24.csv,335,
56418063de6f42839fe2b292f72c2d302a362f2d22d4dd0848201cb9ec95cf0d,2023-24,2024-04-27,19:00,Europe/Istanbul,football_data_europe_london_converted,Hatayspor,Istanbul Basaksehir,1,2,A,,,,played,True,0,1,23,7,8,4,12,20,6,0,1,3,0,0,football_data,data/raw/football_data/2023-24.csv,336,
593ff772ff11c42829bb859569b622203b9d00ccf20d6b3de9e2b6d3480b2340,2023-24,2024-04-28,16:00,Europe/Istanbul,football_data_europe_london_converted,Alanyaspor,Istanbulspor,6,0,H,,,,played,True,3,0,18,10,7,5,12,10,4,3,1,4,0,0,football_data,data/raw/football_data/2023-24.csv,337,
7c8c4822ed752bfb79f76911c11ca70175063c34c7f05a97ba6d45febc297006,2023-24,2024-04-28,16:00,Europe/Istanbul,football_data_europe_london_converted,Pendikspor,Kayserispor,1,2,A,,,,played,True,1,1,21,10,4,2,12,14,5,5,2,4,0,1,football_data,data/raw/football_data/2023-24.csv,338,
ccbe849177d43e5adfdf5c4e9b5376d89e361642c4235c9619dab4f52976b5ec,2023-24,2024-04-28,19:00,Europe/Istanbul,football_data_europe_london_converted,Rizespor,Ankaragucu,2,2,D,,,,played,True,2,0,13,20,3,8,12,11,2,3,3,5,0,0,football_data,data/raw/football_data/2023-24.csv,339,
01f8dbbf9df433632f09cbb1a50fdda3a62c05df2c992dfeb552a3b650f02a4e,2023-24,2024-04-28,19:00,Europe/Istanbul,football_data_europe_london_converted,Trabzonspor,Gaziantep FK,4,2,H,,,,played,True,0,2,12,14,7,3,12,12,4,2,2,2,0,0,football_data,data/raw/football_data/2023-24.csv,340,
a12ef49b2a055ad22966be6e867acd5ee38b656eef8b2b8fc691cf37a686ea38,2023-24,2024-04-29,20:00,Europe/Istanbul,football_data_europe_london_converted,Fatih Karagumruk,Antalyaspor,4,1,H,,,,played,True,1,0,14,9,8,3,14,10,1,4,1,2,0,1,football_data,data/raw/football_data/2023-24.csv,341,
d533e5fa6f718f2c6682e00648008a65b3bd5c4859d2c7b11f15f0ca618c0333,2023-24,2024-05-03,20:00,Europe/Istanbul,football_data_europe_london_converted,Ankaragucu,Alanyaspor,1,1,D,,,,played,True,1,0,11,14,5,6,12,8,5,2,3,3,0,1,football_data,data/raw/football_data/2023-24.csv,342,
b80359275d61717dcc8fba89843f7e0cf02a5f7283718e2ac2bd47970c976008,2023-24,2024-05-03,20:00,Europe/Istanbul,football_data_europe_london_converted,Besiktas,Rizespor,3,2,H,,,,played,True,1,1,24,9,7,5,14,10,7,3,2,3,0,0,football_data,data/raw/football_data/2023-24.csv,343,
ceb5b9baf6cc2cdb39844f88ce45745600a2666c36dd2754d28a48de21c10089,2023-24,2024-05-04,16:00,Europe/Istanbul,football_data_europe_london_converted,Istanbulspor,Adana Demirspor,0,1,A,,,,played,True,0,1,14,14,5,4,9,15,7,5,3,2,0,0,football_data,data/raw/football_data/2023-24.csv,344,
8b22b9435c8f82cafed1879eeb2e3c194233c2385bb9838f8b2e3ea21ef64d93,2023-24,2024-05-04,19:00,Europe/Istanbul,football_data_europe_london_converted,Kayserispor,Fatih Karagumruk,2,2,D,,,,played,True,1,0,12,14,5,5,14,7,3,3,1,3,0,1,football_data,data/raw/football_data/2023-24.csv,345,
6eaa25e3602d32117db0b487fef04f2d80b00bfa3e961c43a3d433787ac8239d,2023-24,2024-05-04,19:00,Europe/Istanbul,football_data_europe_london_converted,Samsunspor,Trabzonspor,3,1,H,,,,played,True,3,1,8,6,4,3,21,12,3,2,5,2,0,0,football_data,data/raw/football_data/2023-24.csv,346,
0bddbac45aeba08e2a215365541164efcdad61d82fb7fa3b9a62e6c26d58ecb8,2023-24,2024-05-05,16:00,Europe/Istanbul,football_data_europe_london_converted,Istanbul Basaksehir,Kasimpasa,4,1,H,,,,played,True,2,0,15,6,7,1,16,8,5,4,2,0,0,0,football_data,data/raw/football_data/2023-24.csv,347,
cebef277e4c37604be5a2a6fa93913e8e61a2c88ac0b827164ad99ccbeb6a1b9,2023-24,2024-05-05,19:00,Europe/Istanbul,football_data_europe_london_converted,Galatasaray,Sivasspor,6,1,H,,,,played,True,2,0,23,9,9,3,13,12,5,1,0,3,0,0,football_data,data/raw/football_data/2023-24.csv,348,
532cbf8814991f4c64ea82bec11bce37c8274b12e9e8e19a7d8345dda60f621b,2023-24,2024-05-05,19:00,Europe/Istanbul,football_data_europe_london_converted,Gaziantep FK,Hatayspor,1,1,D,,,,played,True,1,1,14,17,5,5,15,13,8,3,2,5,0,0,football_data,data/raw/football_data/2023-24.csv,349,
572518e3f937762f132b3873cf6669bbc62afa76bf27dc5c84cb0afa07feaec1,2023-24,2024-05-06,20:00,Europe/Istanbul,football_data_europe_london_converted,Antalyaspor,Pendikspor,1,2,A,,,,played,True,1,2,15,23,8,10,10,14,8,5,4,2,1,0,football_data,data/raw/football_data/2023-24.csv,350,
d76b0aa941931fc791ee2c581ab8b93926f9cb80443f6a6f63911e381799beef,2023-24,2024-05-06,20:00,Europe/Istanbul,football_data_europe_london_converted,Konyaspor,Fenerbahce,0,0,D,,,,played,True,0,0,6,19,1,6,16,8,2,11,4,1,0,0,football_data,data/raw/football_data/2023-24.csv,351,
1bee6fd580dfcb9431ea6b54de0ba1dac4383efdf774bb047c1a5ce53fa63051,2023-24,2024-05-12,19:00,Europe/Istanbul,football_data_europe_london_converted,Adana Demirspor,Gaziantep FK,1,6,A,,,,played,True,1,3,6,15,4,9,8,13,0,2,4,3,1,0,football_data,data/raw/football_data/2023-24.csv,352,
0b757bfca811d8e6b5fc3e53fd44a30277eabf730d65aa41f6e7be10d023b333,2023-24,2024-05-12,19:00,Europe/Istanbul,football_data_europe_london_converted,Alanyaspor,Besiktas,1,1,D,,,,played,True,0,0,18,8,5,2,14,11,3,1,1,3,0,0,football_data,data/raw/football_data/2023-24.csv,353,
b04559533d188a8ad4f53538f0e969728803d84fa4a76d769ca70be8fcba5028,2023-24,2024-05-12,19:00,Europe/Istanbul,football_data_europe_london_converted,Fatih Karagumruk,Galatasaray,2,3,A,,,,played,True,1,1,15,25,5,6,11,9,5,10,0,0,0,0,football_data,data/raw/football_data/2023-24.csv,356,
d089debc377d47ba18604bc02f0b0e23ea0c40849332cfe3c63057b3c642cecb,2023-24,2024-05-12,19:00,Europe/Istanbul,football_data_europe_london_converted,Fenerbahce,Kayserispor,3,0,H,,,,played,True,2,0,25,10,15,3,12,11,7,3,1,4,0,0,football_data,data/raw/football_data/2023-24.csv,354,
65f6e4748f09eafefe2dc65773e66dcd46e9f4097ef7f6b897656560a734f5ba,2023-24,2024-05-12,19:00,Europe/Istanbul,football_data_europe_london_converted,Hatayspor,Ankaragucu,2,1,H,,,,played,True,0,0,16,12,5,5,10,5,2,6,6,2,0,0,football_data,data/raw/football_data/2023-24.csv,355,
ff37c3297f2ca21b39f183719753ca003507b981ea593f829b0c78ceba23dff2,2023-24,2024-05-12,19:00,Europe/Istanbul,football_data_europe_london_converted,Kasimpasa,Antalyaspor,3,1,H,,,,played,True,2,0,14,9,8,1,21,6,4,5,1,1,0,1,football_data,data/raw/football_data/2023-24.csv,357,
7e38000e66e829d83414fc1c45aa9bcd00bcf887d0435f3405896caec7e2f930,2023-24,2024-05-12,19:00,Europe/Istanbul,football_data_europe_london_converted,Konyaspor,Samsunspor,3,0,H,,,,played,True,3,0,9,5,6,1,14,17,5,6,2,3,0,0,football_data,data/raw/football_data/2023-24.csv,358,
068feb5e519360882862f6b14a2c97dfbb2e133be0693fe8edf92fb70084c1a2,2023-24,2024-05-12,19:00,Europe/Istanbul,football_data_europe_london_converted,Pendikspor,Rizespor,2,1,H,,,,played,True,0,1,15,14,6,4,14,15,7,3,3,5,0,0,football_data,data/raw/football_data/2023-24.csv,359,
38f6089c971d22e0a7fe26a33508aa3a9661725cf5c4842be62257c3eb481f67,2023-24,2024-05-12,19:00,Europe/Istanbul,football_data_europe_london_converted,Sivasspor,Istanbul Basaksehir,0,1,A,,,,played,True,0,1,10,9,2,5,8,14,10,3,2,2,1,0,football_data,data/raw/football_data/2023-24.csv,360,
6e54e5b8c5c216a11b8e92ba3a5bd43c6328977fd7bde49147985cfbaf99fb23,2023-24,2024-05-12,19:00,Europe/Istanbul,football_data_europe_london_converted,Trabzonspor,Istanbulspor,3,0,H,,,,played,True,2,0,12,14,5,4,9,7,7,12,0,0,0,0,football_data,data/raw/football_data/2023-24.csv,361,
9d4cc26bdd873d289f0c95d2d4ceda78a4254746bbf231227c48feb8662c7789,2023-24,2024-05-17,17:00,Europe/Istanbul,football_data_europe_london_converted,Istanbulspor,Sivasspor,1,3,A,,,,played,True,0,2,16,17,7,9,7,10,5,7,3,1,1,0,football_data,data/raw/football_data/2023-24.csv,362,
383b5a62c10ba6cc6174d1ac4e2bbdaf0cc645534f810a47a38236af08d9785f,2023-24,2024-05-17,20:00,Europe/Istanbul,football_data_europe_london_converted,Antalyaspor,Adana Demirspor,2,1,H,,,,played,True,1,0,11,15,5,6,11,14,3,8,1,1,0,0,football_data,data/raw/football_data/2023-24.csv,363,
aef49050b680c053fa24924eadef3e5e8cf8c708ed84994cdb1a6b1b04bab5e8,2023-24,2024-05-18,19:00,Europe/Istanbul,football_data_europe_london_converted,Ankaragucu,Pendikspor,0,0,D,,,,played,True,0,0,12,7,5,2,7,12,4,4,2,3,0,0,football_data,data/raw/football_data/2023-24.csv,364,
983aecac5276cbdc3e5ab3fff80c2ca9741ba065c505fd820d4a6c69cf27f6fa,2023-24,2024-05-18,19:00,Europe/Istanbul,football_data_europe_london_converted,Besiktas,Hatayspor,2,2,D,,,,played,True,0,1,19,9,7,3,6,17,7,3,6,3,0,0,football_data,data/raw/football_data/2023-24.csv,365,
0f9f58a13c673fec5dcd16240adf500ebab0b813dc6168c95debe41e47be54d7,2023-24,2024-05-18,19:00,Europe/Istanbul,football_data_europe_london_converted,Gaziantep FK,Fatih Karagumruk,3,1,H,,,,played,True,0,0,11,7,4,3,12,8,6,12,2,2,0,1,football_data,data/raw/football_data/2023-24.csv,367,
db7aeee41d28f6dc2f04c5f2dc97f44cc9d4069096100a6b55dc272488ca524b,2023-24,2024-05-18,19:00,Europe/Istanbul,football_data_europe_london_converted,Istanbul Basaksehir,Trabzonspor,0,1,A,,,,played,True,0,1,12,11,3,2,16,14,6,4,3,2,0,0,football_data,data/raw/football_data/2023-24.csv,366,
d767adc35514984753618b1dfd28fbbeece323242389a3317c35bf0e78ab4636,2023-24,2024-05-18,19:00,Europe/Istanbul,football_data_europe_london_converted,Kayserispor,Konyaspor,2,2,D,,,,played,True,1,1,8,15,3,7,5,14,1,9,4,2,1,0,football_data,data/raw/football_data/2023-24.csv,368,
74b09b474e7831ec8e3c5c6747e02d5a631574e5340014a91640b14a46aab183,2023-24,2024-05-18,19:00,Europe/Istanbul,football_data_europe_london_converted,Rizespor,Kasimpasa,0,0,D,,,,played,True,0,0,10,18,2,8,20,13,5,4,3,4,0,0,football_data,data/raw/football_data/2023-24.csv,369,
60bdf76f5947c88fcbe6372167a8356c2dd94891f70543530aecb43997476314,2023-24,2024-05-18,19:00,Europe/Istanbul,football_data_europe_london_converted,Samsunspor,Alanyaspor,1,1,D,,,,played,True,0,1,10,7,3,4,9,8,4,1,1,0,0,0,football_data,data/raw/football_data/2023-24.csv,370,
d89251ff2a786195dc7f11a7043c1a4dc9f2667a37c8e81d638800af5d0fa663,2023-24,2024-05-19,19:00,Europe/Istanbul,football_data_europe_london_converted,Galatasaray,Fenerbahce,0,1,A,,,,played,True,0,0,11,11,0,1,18,10,1,5,4,7,0,1,football_data,data/raw/football_data/2023-24.csv,371,
4b39e5ed41ae1efaa616f67d40ef0ab726dcb57d99abcf8ed415c1da97a157b9,2023-24,2024-05-24,20:00,Europe/Istanbul,football_data_europe_london_converted,Alanyaspor,Antalyaspor,1,1,D,,,,played,True,1,0,14,7,3,3,12,14,3,2,0,1,0,0,football_data,data/raw/football_data/2023-24.csv,372,
ca96fe905f1579fa6e3b49edc4751c68bd5fd339a259f594bd83d9add6057f81,2023-24,2024-05-25,16:00,Europe/Istanbul,football_data_europe_london_converted,Fatih Karagumruk,Samsunspor,3,1,H,,,,played,True,1,0,13,12,7,5,12,9,2,7,2,1,0,1,football_data,data/raw/football_data/2023-24.csv,373,
f7a33a0edf06cc6fd58f0f71f1d88b3cbb356f2ac0c51c67f10f29ce9391a014,2023-24,2024-05-25,19:00,Europe/Istanbul,football_data_europe_london_converted,Sivasspor,Kayserispor,2,1,H,,,,played,True,1,1,16,11,4,5,13,14,10,4,1,3,0,0,football_data,data/raw/football_data/2023-24.csv,374,
cc16eecb83db4d3d393cfb4444d16dcc5ba64d2292b352fdf71050f5b0a7a437,2023-24,2024-05-26,19:00,Europe/Istanbul,football_data_europe_london_converted,Adana Demirspor,Istanbul Basaksehir,2,6,A,,,,played,True,1,4,13,12,6,7,8,13,2,1,0,2,0,0,football_data,data/raw/football_data/2023-24.csv,375,
c7a8659048e1663bc6b22d16b97b2853039d0e1bd8e90c3c04dce48f0510d628,2023-24,2024-05-26,19:00,Europe/Istanbul,football_data_europe_london_converted,Fenerbahce,Istanbulspor,6,0,H,,,,played,True,3,0,26,9,14,2,12,8,4,5,2,1,0,0,football_data,data/raw/football_data/2023-24.csv,376,
b4b1d5934752ae49b33a668b8f89f93a042d5133b94c65ee4c636566dd0f49fb,2023-24,2024-05-26,19:00,Europe/Istanbul,football_data_europe_london_converted,Hatayspor,Rizespor,2,0,H,,,,played,True,1,0,13,10,6,3,12,7,2,4,0,0,0,0,football_data,data/raw/football_data/2023-24.csv,377,
471f5867f60c05a11e6aac8ef52a7287501569550ea298ec0d08733cdd46fcf8,2023-24,2024-05-26,19:00,Europe/Istanbul,football_data_europe_london_converted,Kasimpasa,Besiktas,2,1,H,,,,played,True,1,0,18,6,8,4,10,9,8,3,1,2,0,0,football_data,data/raw/football_data/2023-24.csv,378,
ccf93d2f6a691299e31b5c63b2acffa60ec7ea5bbbe9f52cb9b9137fd219bbbb,2023-24,2024-05-26,19:00,Europe/Istanbul,football_data_europe_london_converted,Konyaspor,Galatasaray,1,3,A,,,,played,True,0,1,9,23,2,6,9,13,3,10,2,2,0,0,football_data,data/raw/football_data/2023-24.csv,379,
4cb98370b0c1f0f25d0686c9686f881ae3578dbf7b765b815c04dcc25c18f621,2023-24,2024-05-26,19:00,Europe/Istanbul,football_data_europe_london_converted,Pendikspor,Gaziantep FK,0,1,A,,,,played,True,0,1,6,11,1,4,9,14,2,3,5,4,0,0,football_data,data/raw/football_data/2023-24.csv,380,
5bc1f89731bfe794e08c25d072c338d3c75ee815615f2eca360668dbe2756d04,2023-24,2024-05-26,19:00,Europe/Istanbul,football_data_europe_london_converted,Trabzonspor,Ankaragucu,4,2,H,,,,played,True,0,1,12,15,5,8,6,12,3,6,2,3,0,0,football_data,data/raw/football_data/2023-24.csv,381,
aa34667d83fc6a19e0f19609f3205d197b4bfbe7c82bce83c7fd8b57600695e2,2024-25,2024-08-09,21:00,Europe/Istanbul,football_data_europe_london_converted,Galatasaray,Hatayspor,2,1,H,,,,played,True,0,0,29,10,11,4,13,17,12,2,0,3,0,0,football_data,data/raw/football_data/2024-25.csv,2,
6b3b99a48a5295c0766f6489e0cd73fa81406aea198bdb145db5721e95c23da7,2024-25,2024-08-10,19:15,Europe/Istanbul,football_data_europe_london_converted,Kasimpasa,Konyaspor,2,3,A,,,,played,True,0,1,4,6,3,3,6,7,2,7,5,3,0,0,football_data,data/raw/football_data/2024-25.csv,3,
96602af39abf0187d9269cb26d30311f400374ce784165a9569312f8223cff1c,2024-25,2024-08-10,21:45,Europe/Istanbul,football_data_europe_london_converted,Antalyaspor,Goztepe,0,0,D,,,,played,True,0,0,10,10,3,2,9,24,4,6,2,1,0,0,football_data,data/raw/football_data/2024-25.csv,4,
1d6aa76fb4728455aea10d292dbb0ab3eb7b8821ea3099fbcdd443ddc3af2018,2024-25,2024-08-10,21:45,Europe/Istanbul,football_data_europe_london_converted,Fenerbahce,Adana Demirspor,1,0,H,,,,played,True,1,0,8,6,5,1,17,13,9,4,3,2,0,0,football_data,data/raw/football_data/2024-25.csv,5,
cd01c700b83cef32d5e2f628da4179748d01a4118c656e0f7d7b6ed0f1095ed4,2024-25,2024-08-11,19:15,Europe/Istanbul,football_data_europe_london_converted,Sivasspor,Trabzonspor,0,0,D,,,,played,True,0,0,15,17,5,2,14,12,5,7,1,0,0,0,football_data,data/raw/football_data/2024-25.csv,6,
96059012116b0dbff84cbc9abf7c8d993614f0c4ea37ba088a077ed42222a8b2,2024-25,2024-08-11,21:45,Europe/Istanbul,football_data_europe_london_converted,Alanyaspor,Eyupspor,1,1,D,,,,played,True,0,0,17,6,9,3,6,14,6,1,1,1,0,0,football_data,data/raw/football_data/2024-25.csv,7,
0677dd5c0596aaf1b2308771baad16a6e31d1073b10a9e2b926437198de8375a,2024-25,2024-08-11,21:45,Europe/Istanbul,football_data_europe_london_converted,Samsunspor,Besiktas,0,2,A,,,,played,True,0,2,7,10,4,2,12,10,6,2,2,1,0,0,football_data,data/raw/football_data/2024-25.csv,8,
bd64b05f1aa57c1419687ed1d1e3b33b10a678805012bb1fe09c2c28abf84baa,2024-25,2024-08-12,21:00,Europe/Istanbul,football_data_europe_london_converted,Bodrumspor,Gaziantep FK,0,1,A,,,,played,True,0,0,18,6,3,1,15,9,4,1,2,2,0,1,football_data,data/raw/football_data/2024-25.csv,9,
f988b82bd5cb0050238608d43ef180c82608ba4a5ac47907eb5f1967a225ac60,2024-25,2024-08-12,21:00,Europe/Istanbul,football_data_europe_london_converted,Rizespor,Istanbul Basaksehir,1,1,D,,,,played,True,1,1,27,6,6,1,16,16,12,1,0,2,0,0,football_data,data/raw/football_data/2024-25.csv,10,
b76dfb28a6fe815a0744105261bc681c848c4c7baad83fa383f4af24def3a5d7,2024-25,2024-08-16,21:00,Europe/Istanbul,football_data_europe_london_converted,Konyaspor,Galatasaray,1,2,A,,,,played,True,1,1,17,7,3,3,4,20,5,8,1,1,0,0,football_data,data/raw/football_data/2024-25.csv,11,
f02b0fa17355f9f36c6204a28bae29319795c1bc81829da87fd9aed088d0ff63,2024-25,2024-08-17,19:15,Europe/Istanbul,football_data_europe_london_converted,Kayserispor,Sivasspor,1,2,A,,,,played,True,1,1,22,9,8,4,14,15,5,4,1,3,0,1,football_data,data/raw/football_data/2024-25.csv,12,
aac17ab58198470d4aeebb95f46cafb3fca551dbaa97a4b1afe3c53194435140,2024-25,2024-08-17,21:45,Europe/Istanbul,football_data_europe_london_converted,Adana Demirspor,Rizespor,1,2,A,,,,played,True,0,1,12,10,5,5,15,18,1,6,2,0,0,0,football_data,data/raw/football_data/2024-25.csv,13,
240dd45ab0a8743b2074810457e056b1eddd0bfb957be1fd6a05a52ef5a96ea2,2024-25,2024-08-17,21:45,Europe/Istanbul,football_data_europe_london_converted,Goztepe,Fenerbahce,2,2,D,,,,played,True,0,2,16,13,8,5,22,14,5,5,3,3,0,0,football_data,data/raw/football_data/2024-25.csv,14,
96b93843ad064e3a54a1d673be23d193dd9d88aedeb121d09e1cc923ced51040,2024-25,2024-08-18,19:15,Europe/Istanbul,football_data_europe_london_converted,Istanbul Basaksehir,Alanyaspor,4,2,H,,,,played,True,1,2,12,13,8,3,19,11,4,4,4,3,0,0,football_data,data/raw/football_data/2024-25.csv,15,
5e848aed90f5d7ab11518626776281bf70b68a64f9ab0dabe1a4aa1e01638695,2024-25,2024-08-18,21:45,Europe/Istanbul,football_data_europe_london_converted,Besiktas,Antalyaspor,4,2,H,,,,played,True,2,1,17,7,9,3,18,15,3,0,4,1,0,1,football_data,data/raw/football_data/2024-25.csv,16,
a6fc212637c360187d2aae5d5801c807956a8369d9cffcb0f08327e884ac7de3,2024-25,2024-08-18,21:45,Europe/Istanbul,football_data_europe_london_converted,Gaziantep FK,Samsunspor,0,1,A,,,,played,True,0,1,20,14,8,4,9,14,6,3,3,3,0,0,football_data,data/raw/football_data/2024-25.csv,17,
d10efd784cf98d50c5897b4837f9a5b1f06ab197503fd71b746b471ba4ab9db5,2024-25,2024-08-19,21:00,Europe/Istanbul,football_data_europe_london_converted,Eyupspor,Bodrumspor,4,1,H,,,,played,True,0,1,16,15,9,5,8,13,3,4,1,1,0,0,football_data,data/raw/football_data/2024-25.csv,18,
1bdc9851c6682ee627b387fa2c165f3f54f136e39e708876a09c401cedb314fa,2024-25,2024-08-19,21:00,Europe/Istanbul,football_data_europe_london_converted,Hatayspor,Kasimpasa,1,1,D,,,,played,True,1,0,9,14,1,6,8,10,3,7,2,1,0,0,football_data,data/raw/football_data/2024-25.csv,19,
37b3734801da3fc68806c975f65cc6750f387e94353b734cef96852840ab7b3f,2024-25,2024-08-23,21:00,Europe/Istanbul,football_data_europe_london_converted,Alanyaspor,Goztepe,1,1,D,,,,played,True,0,1,11,10,3,3,6,23,8,2,1,4,0,0,football_data,data/raw/football_data/2024-25.csv,20,
bb7c39c66991024ad06274cc2966bc7c03b7d4f7944294bcbffdd309defea621,2024-25,2024-08-24,19:15,Europe/Istanbul,football_data_europe_london_converted,Sivasspor,Eyupspor,0,1,A,,,,played,True,0,1,7,6,3,3,8,8,4,4,2,3,0,0,football_data,data/raw/football_data/2024-25.csv,21,
96ea06e6da354cf6149e24c2fd60f1b1d035186c342a5919bb59b3d15e4b5f97,2024-25,2024-08-24,21:45,Europe/Istanbul,football_data_europe_london_converted,Bodrumspor,Konyaspor,3,1,H,,,,played,True,2,1,8,3,5,2,6,8,5,5,2,2,0,0,football_data,data/raw/football_data/2024-25.csv,22,
6d9bfe382182d809b36b29a03aee770a8b8b6e826633e25206e7f7244d7f15af,2024-25,2024-08-25,19:15,Europe/Istanbul,football_data_europe_london_converted,Kasimpasa,Adana Demirspor,2,2,D,,,,played,True,1,0,15,10,6,3,10,10,8,4,1,0,0,0,football_data,data/raw/football_data/2024-25.csv,23,
bd43b6092178c6401222f996328980d7540c76244fe361ac9d7b6f88e9d4f433,2024-25,2024-08-25,21:45,Europe/Istanbul,football_data_europe_london_converted,Antalyaspor,Hatayspor,3,2,H,,,,played,True,0,2,11,9,7,5,14,16,10,2,4,6,0,1,football_data,data/raw/football_data/2024-25.csv,24,
93ea3f19824b2df7a24b4c903e98c27353da140d95373a0e16f2909b55330fe4,2024-25,2024-08-25,21:45,Europe/Istanbul,football_data_europe_london_converted,Rizespor,Fenerbahce,0,5,A,,,,played,True,0,1,10,18,4,9,8,16,1,6,3,2,0,0,football_data,data/raw/football_data/2024-25.csv,25,
df55a203be07fef1238db1fa38c277bc29a9757a426b56023ae40da3d8b5948d,2024-25,2024-08-30,21:00,Europe/Istanbul,football_data_europe_london_converted,Fenerbahce,Alanyaspor,3,0,H,,,,played,True,1,0,18,8,7,1,12,11,2,1,1,4,0,0,football_data,data/raw/football_data/2024-25.csv,26,
62cb23a0d0f01f89338e1b49cd37051120d8aac3dc778b5f21644f4f05696e53,2024-25,2024-08-31,19:15,Europe/Istanbul,football_data_europe_london_converted,Konyaspor,Kayserispor,0,0,D,,,,played,True,0,0,9,10,1,3,8,15,6,5,1,1,0,0,football_data,data/raw/football_data/2024-25.csv,27,
75d9d645003f4faad27f38d0d52fe7c41567bbab03f5e144339ff1efb5b1cad6,2024-25,2024-08-31,19:15,Europe/Istanbul,football_data_europe_london_converted,Rizespor,Kasimpasa,0,1,A,,,,played,True,0,1,13,6,4,3,11,13,10,3,0,0,0,0,football_data,data/raw/football_data/2024-25.csv,28,
f28a5b9b73f34dfc40240e8d875f507f16564ba2c526ef94d45ba1b9bf11d320,2024-25,2024-08-31,21:45,Europe/Istanbul,football_data_europe_london_converted,Adana Demirspor,Galatasaray,1,5,A,,,,played,True,0,4,15,19,5,8,10,6,2,2,3,0,1,0,football_data,data/raw/football_data/2024-25.csv,29,
f51bdfbb33a685f471a1d0826fb145b19d4b5ad855f18e2882867bb0773233c6,2024-25,2024-08-31,21:45,Europe/Istanbul,football_data_europe_london_converted,Goztepe,Bodrumspor,2,0,H,,,,played,True,2,0,11,10,4,1,13,5,6,2,4,1,0,0,football_data,data/raw/football_data/2024-25.csv,30,
787b5a9df423f10e4df5275e68009eccad175ec84d1afd746d4a6deb0d3502b7,2024-25,2024-09-01,19:15,Europe/Istanbul,football_data_europe_london_converted,Eyupspor,Trabzonspor,0,0,D,,,,played,True,0,0,13,7,6,3,6,10,3,4,3,0,0,0,football_data,data/raw/football_data/2024-25.csv,32,
52ed165a5c5673547acce78eadaff4ef51b1d5ff1f3b9189c50a1e7d93c96bec,2024-25,2024-09-01,19:15,Europe/Istanbul,football_data_europe_london_converted,Istanbul Basaksehir,Antalyaspor,5,2,H,,,,played,True,1,2,14,10,8,3,17,14,3,5,1,2,0,0,football_data,data/raw/football_data/2024-25.csv,31,
772a10d8b072b3318ea257f4efd1f54b3b3799254fbdad735fe2da2ea7b0de14,2024-25,2024-09-01,21:45,Europe/Istanbul,football_data_europe_london_converted,Besiktas,Sivasspor,2,0,H,,,,played,True,1,0,12,7,8,1,15,9,5,5,4,5,0,0,football_data,data/raw/football_data/2024-25.csv,33,
663b585207e654fa0db578d52eb428ef5fc258fe7203cbe1b1eb41a76c77c3a2,2024-25,2024-09-01,21:45,Europe/Istanbul,football_data_europe_london_converted,Hatayspor,Samsunspor,0,3,A,,,,played,True,0,1,5,14,1,7,7,12,2,4,0,2,0,0,football_data,data/raw/football_data/2024-25.csv,34,
7b1cfa2af7326f47347d5833eef6388a83b65d15cb07599753f5e678ac8ee842,2024-25,2024-09-14,17:00,Europe/Istanbul,football_data_europe_london_converted,Samsunspor,Konyaspor,0,1,A,,,,played,True,0,1,12,6,2,3,11,14,12,1,0,2,0,0,football_data,data/raw/football_data/2024-25.csv,35,
01bef4cfa8493d91a13d400f72f188a61b28dbac4c5d5f4027195cfa7799701d,2024-25,2024-09-14,17:00,Europe/Istanbul,football_data_europe_london_converted,Sivasspor,Gaziantep FK,3,2,H,,,,played,True,1,1,16,14,4,5,15,15,3,5,5,6,1,0,football_data,data/raw/football_data/2024-25.csv,36,
e217836fb16c1e8050285dd1b22bdb1173b519ca658170da5ebc8972e409fa2d,2024-25,2024-09-14,20:00,Europe/Istanbul,football_data_europe_london_converted,Bodrumspor,Istanbul Basaksehir,0,1,A,,,,played,True,0,0,7,11,3,5,23,13,5,7,0,0,0,0,football_data,data/raw/football_data/2024-25.csv,37,
29c853ea0f55da368e0fa78838154239281ab1c1c68cb1348fbaaa083796b003,2024-25,2024-09-14,20:00,Europe/Istanbul,football_data_europe_london_converted,Galatasaray,Rizespor,5,0,H,,,,played,True,2,0,23,2,9,1,15,11,6,1,0,0,0,0,football_data,data/raw/football_data/2024-25.csv,38,
04acb93da04df77c1b95b38d8df4f1ab6fc3a129ca010e7840381b4a2025d4ab,2024-25,2024-09-15,17:00,Europe/Istanbul,football_data_europe_london_converted,Kasimpasa,Fenerbahce,0,2,A,,,,played,True,0,2,13,6,3,2,11,15,6,5,3,1,0,0,football_data,data/raw/football_data/2024-25.csv,39,
f6c1196ddb04fdd1bc39d1af57758685d44871ff467fa8c9ad336ae5d8d8ed7a,2024-25,2024-09-15,17:00,Europe/Istanbul,football_data_europe_london_converted,Kayserispor,Eyupspor,2,2,D,,,,played,True,0,2,10,10,6,5,11,10,6,8,4,2,0,0,football_data,data/raw/football_data/2024-25.csv,40,
661f685d6b38d8efa7ec734a426d1f0af800c1b364394651c8d4a6bf056c5465,2024-25,2024-09-15,20:00,Europe/Istanbul,football_data_europe_london_converted,Alanyaspor,Hatayspor,0,0,D,,,,played,True,0,0,8,9,2,2,11,15,5,4,3,1,0,0,football_data,data/raw/football_data/2024-25.csv,41,
56a821f152021860e2d4fb986566042c1273ee758a838c222b332622bf08458b,2024-25,2024-09-15,20:00,Europe/Istanbul,football_data_europe_london_converted,Trabzonspor,Besiktas,1,1,D,,,,played,True,1,1,5,14,1,4,14,8,1,13,2,3,1,0,football_data,data/raw/football_data/2024-25.csv,42,
962f69f4f853235b9c8808d7d8dc8f13ec29c5de91cf91b4ce00fd9fd36bde7e,2024-25,2024-09-16,20:00,Europe/Istanbul,football_data_europe_london_converted,Antalyaspor,Adana Demirspor,2,1,H,,,,played,True,0,0,12,16,5,9,9,9,8,4,1,2,0,0,football_data,data/raw/football_data/2024-25.csv,43,
a583db97770ef38b240547925d6cf8223ce67c383fb189cc937b378ddfc3cd83,2024-25,2024-09-17,20:00,Europe/Istanbul,football_data_europe_london_converted,Galatasaray,Gaziantep FK,3,1,H,,,,played,True,2,0,25,6,7,4,11,6,11,4,1,1,0,0,football_data,data/raw/football_data/2024-25.csv,44,
6cb7226f29039d77c2a41cd939e718e9a6b516036ea93e39056736c0362e764c,2024-25,2024-09-18,20:00,Europe/Istanbul,football_data_europe_london_converted,Samsunspor,Istanbul Basaksehir,2,0,H,,,,played,True,0,0,13,15,6,6,12,11,4,2,5,2,0,0,football_data,data/raw/football_data/2024-25.csv,45,
a473e37db6241418459fc02e24a60ec42efeee0368212c67adbe2949c7d2f91d,2024-25,2024-09-19,20:00,Europe/Istanbul,football_data_europe_london_converted,Trabzonspor,Kayserispor,2,2,D,,,,played,True,0,1,21,10,8,3,3,12,8,3,0,6,0,1,football_data,data/raw/football_data/2024-25.csv,46,
2877ba5756d5b42f59d8fa74208c2709e7a2e8d8d9d433962454ba4e6100276c,2024-25,2024-09-20,20:00,Europe/Istanbul,football_data_europe_london_converted,Hatayspor,Bodrumspor,0,1,A,,,,played,True,0,1,13,8,2,1,11,13,9,7,2,6,0,0,football_data,data/raw/football_data/2024-25.csv,47,
5df8a39689d7b94e2f83ba1a64aa758417ab62395fa291a7e1cfd4e0f59025b0,2024-25,2024-09-21,17:00,Europe/Istanbul,football_data_europe_london_converted,Konyaspor,Sivasspor,0,0,D,,,,played,True,0,0,14,9,5,5,16,13,7,4,5,4,0,0,football_data,data/raw/football_data/2024-25.csv,48,
71bcde2ce03e8947fd7dfe7ea32fc8b82bb8c7d67f609b00c8bf11bc014f1f66,2024-25,2024-09-21,20:00,Europe/Istanbul,football_data_europe_london_converted,Fenerbahce,Galatasaray,1,3,A,,,,played,True,0,2,27,14,12,8,13,23,10,2,3,6,0,0,football_data,data/raw/football_data/2024-25.csv,49,
c49b551195b4be2c279c880a8b2bf49014b7b28a93eb15009a18602b350e73d9,2024-25,2024-09-22,17:00,Europe/Istanbul,football_data_europe_london_converted,Kasimpasa,Antalyaspor,0,0,D,,,,played,True,0,0,13,4,3,2,18,18,3,1,1,6,1,0,football_data,data/raw/football_data/2024-25.csv,50,
9baed7e1e38cda15ae2c335155e99a24ccd850f1be0e980e073a05239921279e,2024-25,2024-09-22,17:00,Europe/Istanbul,football_data_europe_london_converted,Rizespor,Samsunspor,0,1,A,,,,played,True,0,0,13,9,2,2,13,11,3,0,2,2,0,0,football_data,data/raw/football_data/2024-25.csv,51,
68ecbb13e31bd3bfab1793f8fbba757fa6a05de5b5736186cab2f15fcccd747c,2024-25,2024-09-22,20:00,Europe/Istanbul,football_data_europe_london_converted,Adana Demirspor,Alanyaspor,0,2,A,,,,played,True,0,2,8,12,1,5,9,10,6,6,1,3,0,0,football_data,data/raw/football_data/2024-25.csv,52,
3a860dbc9201cbe80d95a50576a07c795356495c8461c6521caf3ffd8cc2754d,2024-25,2024-09-22,20:00,Europe/Istanbul,football_data_europe_london_converted,Besiktas,Eyupspor,2,1,H,,,,played,True,1,0,16,10,6,3,11,14,8,4,1,4,0,0,football_data,data/raw/football_data/2024-25.csv,53,
74674999ca7abcc350b5fc117cad6664486af65f0144901f604157f8eaa3e12e,2024-25,2024-09-23,20:00,Europe/Istanbul,football_data_europe_london_converted,Gaziantep FK,Trabzonspor,0,0,D,,,,played,True,0,0,12,10,4,3,15,12,9,2,5,4,0,0,football_data,data/raw/football_data/2024-25.csv,54,
52935908f4d490be1a31b54e9e05a2a76ec3005a18eb7da695b9dc5bbc83d82e,2024-25,2024-09-23,20:00,Europe/Istanbul,football_data_europe_london_converted,Goztepe,Kayserispor,3,0,H,,,,played,True,2,0,18,8,8,3,14,10,6,4,2,2,0,0,football_data,data/raw/football_data/2024-25.csv,55,
de4f7ed90a454f7cc4040ddeefb8bff080ca1edb57c6d3bf53b709ef09cee0c8,2024-25,2024-09-27,20:00,Europe/Istanbul,football_data_europe_london_converted,Sivasspor,Istanbul Basaksehir,1,2,A,,,,played,True,0,1,10,13,3,4,12,11,2,3,1,4,0,0,football_data,data/raw/football_data/2024-25.csv,56,
6578e141e6ac9cc2336d1cf398df201cf7d63459fc0027327671dc3e35936f49,2024-25,2024-09-28,16:00,Europe/Istanbul,football_data_europe_london_converted,Samsunspor,Goztepe,4,3,H,,,,played,True,1,2,22,9,11,4,6,9,6,3,0,2,0,0,football_data,data/raw/football_data/2024-25.csv,57,
7630044dd5e7f8d965f9b4cafb8c8a4b25fb2bc71d08c01e39d0c7eb9745921f,2024-25,2024-09-28,19:00,Europe/Istanbul,football_data_europe_london_converted,Alanyaspor,Rizespor,1,0,H,,,,played,True,1,0,7,7,2,2,10,13,7,2,3,3,0,0,football_data,data/raw/football_data/2024-25.csv,58,
b0a45f4536cbadde5905e690d772caf148c75d5ebaabf0c193bf81ffc253d50e,2024-25,2024-09-28,19:00,Europe/Istanbul,football_data_europe_london_converted,Galatasaray,Kasimpasa,3,3,D,,,,played,True,3,1,5,10,3,6,11,7,2,4,2,3,0,0,football_data,data/raw/football_data/2024-25.csv,59,
85d5600fa4bc434ba67f90de054c26415d0e1a34830d3b36904e7c730e4ec985,2024-25,2024-09-29,16:00,Europe/Istanbul,football_data_europe_london_converted,Eyupspor,Gaziantep FK,3,2,H,,,,played,True,1,1,11,11,5,4,13,8,5,5,1,4,0,0,football_data,data/raw/football_data/2024-25.csv,60,
dd6870daffa4f0adf27a647a49e7c44696fe1a904442ebf022824ba5a8ae2f97,2024-25,2024-09-29,16:00,Europe/Istanbul,football_data_europe_london_converted,Trabzonspor,Konyaspor,3,2,H,,,,played,True,2,1,11,9,4,4,11,7,4,2,4,1,0,0,football_data,data/raw/football_data/2024-25.csv,61,
40fe4bf3e5a25b1c1ef219ae9a5a12a2b68b84b3544b5a509eb1daa5da3ee8aa,2024-25,2024-09-29,19:00,Europe/Istanbul,football_data_europe_london_converted,Antalyaspor,Fenerbahce,0,2,A,,,,played,True,0,0,10,14,1,6,10,13,2,5,1,1,0,0,football_data,data/raw/football_data/2024-25.csv,62,
5b55b4b80af0e3a159611b50e3a0a0395a87678ee2ee619c76c57e155857af29,2024-25,2024-09-29,19:00,Europe/Istanbul,football_data_europe_london_converted,Bodrumspor,Adana Demirspor,3,1,H,,,,played,True,1,0,14,8,6,3,12,12,7,6,3,5,0,0,football_data,data/raw/football_data/2024-25.csv,63,
31fde70f72989875540788445a7e0ffba0c9784cd56b29fe9acd96949c37318e,2024-25,2024-09-30,20:00,Europe/Istanbul,football_data_europe_london_converted,Kayserispor,Besiktas,0,3,A,,,,played,True,0,0,10,9,4,5,12,11,7,3,4,3,0,0,football_data,data/raw/football_data/2024-25.csv,64,
c2ee12e99602bf38614e3b502132a05ac1aed21926357545a45fca5ec59ccbb8,2024-25,2024-10-04,20:00,Europe/Istanbul,football_data_europe_london_converted,Rizespor,Antalyaspor,2,1,H,,,,played,True,2,0,7,16,2,3,13,10,3,3,6,2,0,0,football_data,data/raw/football_data/2024-25.csv,65,
3fd2753d4c9f914fe93e21eb9532eaf84906d168b14419da272c4af1947e9c91,2024-25,2024-10-05,13:30,Europe/Istanbul,football_data_europe_london_converted,Kasimpasa,Bodrumspor,0,0,D,,,,played,True,0,0,20,4,5,1,9,15,5,0,0,4,0,1,football_data,data/raw/football_data/2024-25.csv,66,
7bec5bbadfdef4ce0ae74574fce7625915fef6a052b903b779e05a111132736d,2024-25,2024-10-05,16:00,Europe/Istanbul,football_data_europe_london_converted,Goztepe,Sivasspor,3,2,H,,,,played,True,2,0,12,10,4,6,17,6,4,4,3,2,0,0,football_data,data/raw/football_data/2024-25.csv,67,
9e2a8c09c3a83cf18286c3c51eac3bcc212ea6d1ddc838995bed8c68c5b5fc21,2024-25,2024-10-05,19:00,Europe/Istanbul,football_data_europe_london_converted,Hatayspor,Trabzonspor,1,1,D,,,,played,True,1,0,13,15,6,7,14,14,4,7,4,6,0,0,football_data,data/raw/football_data/2024-25.csv,69,
7c97431e5e56bcb8e2b90990e397e2956a3fa241650919857c24f093fea783da,2024-25,2024-10-05,19:00,Europe/Istanbul,football_data_europe_london_converted,Istanbul Basaksehir,Kayserispor,1,1,D,,,,played,True,0,1,16,11,8,4,12,17,3,3,1,1,0,0,football_data,data/raw/football_data/2024-25.csv,68,
e004474b205b360d8cd9488fccbcd03c6de8cb34db41dccfbe59ccf63530bc42,2024-25,2024-10-06,13:30,Europe/Istanbul,football_data_europe_london_converted,Konyaspor,Eyupspor,2,1,H,,,,played,True,0,0,12,7,6,4,10,11,5,2,5,2,0,0,football_data,data/raw/football_data/2024-25.csv,70,
30a9b5b6835d722bfac6cbd7bc4c4da05e19c0cff374ff22235d6267e8cc9f3d,2024-25,2024-10-06,16:00,Europe/Istanbul,football_data_europe_london_converted,Adana Demirspor,Samsunspor,1,3,A,,,,played,True,1,0,15,6,6,5,9,14,5,5,3,3,0,0,football_data,data/raw/football_data/2024-25.csv,71,
b27d948c4f367c248122e2fb006ecfc0810c5c16f76a9d73885722cf73b7cde0,2024-25,2024-10-06,19:00,Europe/Istanbul,football_data_europe_london_converted,Galatasaray,Alanyaspor,1,0,H,,,,played,True,1,0,12,4,8,0,14,6,10,3,2,3,0,0,football_data,data/raw/football_data/2024-25.csv,72,
908ff9a62b4c0e217dd67e591582757ffec6ec90adb9353ed2df0bb21225ef37,2024-25,2024-10-06,19:00,Europe/Istanbul,football_data_europe_london_converted,Gaziantep FK,Besiktas,1,1,D,,,,played,True,0,1,11,13,5,3,14,14,4,4,4,2,0,0,football_data,data/raw/football_data/2024-25.csv,73,
4089784f8775c4eb473937a7bb8054e23a57edc3cf64628184ec51b222decce1,2024-25,2024-10-19,13:30,Europe/Istanbul,football_data_europe_london_converted,Kayserispor,Gaziantep FK,2,2,D,,,,played,True,1,2,14,8,4,3,11,12,13,0,3,1,0,0,football_data,data/raw/football_data/2024-25.csv,74,
8a28b48a5320a4b0b2958d7e14bef638e427c4e18075b466027c92661cdb7e2a,2024-25,2024-10-19,16:00,Europe/Istanbul,football_data_europe_london_converted,Trabzonspor,Istanbul Basaksehir,1,0,H,,,,played,True,0,0,15,6,4,2,16,17,8,1,0,4,0,0,football_data,data/raw/football_data/2024-25.csv,75,
919753059cf922a564716d9b5a91c281f92d9e39be8fa85121d4b255bd761c76,2024-25,2024-10-19,19:00,Europe/Istanbul,football_data_europe_london_converted,Antalyaspor,Galatasaray,0,3,A,,,,played,True,0,1,12,14,5,9,10,7,5,7,2,4,0,0,football_data,data/raw/football_data/2024-25.csv,76,
5b8d88dcd6de33052023ce9a9a0110655fdb8ef2c80734626a8e62070cb5a7e7,2024-25,2024-10-19,19:00,Europe/Istanbul,football_data_europe_london_converted,Eyupspor,Goztepe,1,0,H,,,,played,True,1,0,9,10,6,4,13,16,4,3,0,2,0,0,football_data,data/raw/football_data/2024-25.csv,77,
b843fbfcf83c6d884287818807360b63b87a96a264f42324faafe1cf7bb66a5e,2024-25,2024-10-20,13:30,Europe/Istanbul,football_data_europe_london_converted,Sivasspor,Hatayspor,3,2,H,,,,played,True,1,1,14,9,6,3,2,11,8,7,1,1,0,0,football_data,data/raw/football_data/2024-25.csv,78,
41d07830e8996f99b96d434740ee4a8ad4a5f980f42051b66cc60a4ec32ec731,2024-25,2024-10-20,16:00,Europe/Istanbul,football_data_europe_london_converted,Besiktas,Konyaspor,2,0,H,,,,played,True,2,0,16,11,4,3,13,9,9,5,2,4,0,0,football_data,data/raw/football_data/2024-25.csv,79,
28e01048a07b55166b4956c72bef89f3348f7b837a0eee8391884472209553eb,2024-25,2024-10-20,19:00,Europe/Istanbul,football_data_europe_london_converted,Alanyaspor,Kasimpasa,1,2,A,,,,played,True,0,2,13,10,4,3,10,9,7,2,4,1,0,0,football_data,data/raw/football_data/2024-25.csv,80,
0cc7de9a7afdc2f0ba298c32844c5e2e1d575b1a4c5a344ef4350d2641cc9f6f,2024-25,2024-10-20,19:00,Europe/Istanbul,football_data_europe_london_converted,Samsunspor,Fenerbahce,2,2,D,,,,played,True,0,1,11,9,3,4,8,8,4,2,5,5,0,0,football_data,data/raw/football_data/2024-25.csv,81,
4bdd7af60b8f6d421926506de3c5964d98f8c7ff429637a47aa959ca55a4432d,2024-25,2024-10-21,20:00,Europe/Istanbul,football_data_europe_london_converted,Bodrumspor,Rizespor,0,1,A,,,,played,True,0,0,13,6,2,2,13,13,5,0,2,2,0,0,football_data,data/raw/football_data/2024-25.csv,82,
75ffb34bbc4e79bd191e34b8c17dcec59c70f32aadedda8d68a8cbadfd4f1810,2024-25,2024-10-25,20:00,Europe/Istanbul,football_data_europe_london_converted,Adana Demirspor,Sivasspor,2,4,A,,,,played,True,2,1,12,10,8,6,15,16,4,6,1,3,0,0,football_data,data/raw/football_data/2024-25.csv,83,
0c7be22ef40904a50e40234e3880aaf243cf6ec057dd988b334c5e57724df5bb,2024-25,2024-10-26,13:30,Europe/Istanbul,football_data_europe_london_converted,Hatayspor,Kayserispor,0,1,A,,,,played,True,0,0,12,14,3,4,13,16,6,6,0,1,0,0,football_data,data/raw/football_data/2024-25.csv,84,
69815a2e7fa742f64bc23107a3856a9c679b58943d3e39faef108b9e7c570d76,2024-25,2024-10-26,16:00,Europe/Istanbul,football_data_europe_london_converted,Kasimpasa,Samsunspor,1,4,A,,,,played,True,1,0,10,15,3,5,14,10,0,5,0,0,0,0,football_data,data/raw/football_data/2024-25.csv,85,
e9e780fc064598c534c38abc16b726602c0e97bcb742add0fa5d6bb6ea2bc099,2024-25,2024-10-26,19:00,Europe/Istanbul,football_data_europe_london_converted,Goztepe,Trabzonspor,2,1,H,,,,played,True,0,0,18,16,7,4,13,11,3,4,1,3,1,0,football_data,data/raw/football_data/2024-25.csv,86,
f954b4ae09c8c46160b1443df57ee1d6c74a0cd38fbbc0a32f01d043f30dba63,2024-25,2024-10-27,13:30,Europe/Istanbul,football_data_europe_london_converted,Gaziantep FK,Konyaspor,3,1,H,,,,played,True,1,1,14,8,5,2,13,15,8,3,2,2,0,0,football_data,data/raw/football_data/2024-25.csv,87,
ddcaadb460995a7b11da981e66aebbeff7f2777eba61f96fb6734da05c57f2a6,2024-25,2024-10-27,16:00,Europe/Istanbul,football_data_europe_london_converted,Alanyaspor,Antalyaspor,1,2,A,,,,played,True,1,0,16,7,2,3,10,12,7,3,2,1,0,0,football_data,data/raw/football_data/2024-25.csv,88,
11a87053b5b4edf1837cf9919817b002f8e403345c94e79f97b41b0f1a8af2c6,2024-25,2024-10-27,19:00,Europe/Istanbul,football_data_europe_london_converted,Fenerbahce,Bodrumspor,2,0,H,,,,played,True,1,0,19,8,5,1,15,8,9,1,2,1,0,0,football_data,data/raw/football_data/2024-25.csv,89,
6b9fb466e5ea8fdf6a675476b21db5900d59d4a71ae0ecfe5c5cf3ad843f3cd2,2024-25,2024-10-28,17:00,Europe/Istanbul,football_data_europe_london_converted,Istanbul Basaksehir,Eyupspor,1,1,D,,,,played,True,0,1,14,8,6,3,14,9,8,5,2,1,0,0,football_data,data/raw/football_data/2024-25.csv,90,
6c3634a1593efabaf10bacd2ef45ffb2e065af0e1541c130ff43b8ec68bb9216,2024-25,2024-10-28,20:00,Europe/Istanbul,football_data_europe_london_converted,Galatasaray,Besiktas,2,1,H,,,,played,True,1,0,17,8,6,3,19,13,8,5,4,3,0,0,football_data,data/raw/football_data/2024-25.csv,91,
6890bc697499bfbeff698456a5f4cdda990bcb795b3aa91a3fdd11d9755afd49,2024-25,2024-11-01,20:00,Europe/Istanbul,football_data_europe_london_converted,Gaziantep FK,Goztepe,2,1,H,,,,played,True,0,0,15,15,6,5,11,20,1,3,2,2,0,0,football_data,data/raw/football_data/2024-25.csv,92,
29678ffee320cc4a96e48ab5a93a96e6f5556e5c59ca552292eb72cef44037e5,2024-25,2024-11-02,13:30,Europe/Istanbul,football_data_europe_london_converted,Sivasspor,Rizespor,2,1,H,,,,played,True,0,1,7,14,3,3,10,16,6,4,5,2,1,0,football_data,data/raw/football_data/2024-25.csv,93,
dd763da0c4957bb8ea94863691660a40a1b1ab38391931817cfcbb924555ae80,2024-25,2024-11-02,16:00,Europe/Istanbul,football_data_europe_london_converted,Kayserispor,Adana Demirspor,0,0,D,,,,played,True,0,0,14,9,4,4,11,13,7,7,4,3,0,0,football_data,data/raw/football_data/2024-25.csv,94,
4722e840f1724a43ec210c93f921f6abaa40dc06a29d4f3f5af610091b60fbb8,2024-25,2024-11-02,19:00,Europe/Istanbul,football_data_europe_london_converted,Besiktas,Kasimpasa,1,3,A,,,,played,True,1,0,11,14,3,4,14,20,7,5,1,6,0,1,football_data,data/raw/football_data/2024-25.csv,95,
efe22c854d1a9f3cb9ea0cf123d3654e685f4b5d64dcb2d56a7154dcb1f3907b,2024-25,2024-11-03,13:30,Europe/Istanbul,football_data_europe_london_converted,Konyaspor,Istanbul Basaksehir,3,2,H,,,,played,True,1,1,13,15,5,6,16,13,2,3,3,2,0,0,football_data,data/raw/football_data/2024-25.csv,96,
88abfeea0f8c807ac6897f18f35a2d8e9cfab26da2643a88f9f23695e04957d2,2024-25,2024-11-03,16:00,Europe/Istanbul,football_data_europe_london_converted,Bodrumspor,Alanyaspor,0,0,D,,,,played,True,0,0,9,8,0,3,13,7,2,5,3,1,1,0,football_data,data/raw/football_data/2024-25.csv,97,
9963b6e3efbaa46b455cd68864f315af22433e75a2accbe2793c5b8bafa404ca,2024-25,2024-11-03,16:00,Europe/Istanbul,football_data_europe_london_converted,Eyupspor,Hatayspor,2,0,H,,,,played,True,1,0,9,15,4,2,16,16,3,5,3,4,0,0,football_data,data/raw/football_data/2024-25.csv,98,
2c1a457a94cfc5032e29ed7c9af8186b9c115abea54f9097458567f526e8e917,2024-25,2024-11-03,19:00,Europe/Istanbul,football_data_europe_london_converted,Trabzonspor,Fenerbahce,2,3,A,,,,played,True,0,1,14,20,4,9,13,12,9,10,7,2,0,0,football_data,data/raw/football_data/2024-25.csv,99,
f550bb7782a7199bc0e90340249c52719fe8e76e5528a7a04387111439ec2e95,2024-25,2024-11-04,20:00,Europe/Istanbul,football_data_europe_london_converted,Samsunspor,Antalyaspor,2,0,H,,,,played,True,1,0,16,10,8,4,16,14,5,2,3,1,0,0,football_data,data/raw/football_data/2024-25.csv,100,
4be556f1c396c1519b1bb60a291b06d2f2d7b89016d4ca875100a246dea4a15e,2024-25,2024-11-08,20:00,Europe/Istanbul,football_data_europe_london_converted,Kasimpasa,Kayserispor,1,2,A,,,,played,True,0,1,16,10,2,4,14,10,7,4,2,5,0,1,football_data,data/raw/football_data/2024-25.csv,101,
2be3af5f2cab1a7b9d1f5d72a213754c4d6e157528c0d431a2be9f4a6d9f2aa5,2024-25,2024-11-09,13:30,Europe/Istanbul,football_data_europe_london_converted,Antalyaspor,Bodrumspor,3,2,H,,,,played,True,3,1,13,11,5,5,11,10,4,5,3,1,0,0,football_data,data/raw/football_data/2024-25.csv,102,
90642659963cb33324223146c04d0d576e9348a2559f83ef5e51d9c851b8f749,2024-25,2024-11-09,16:00,Europe/Istanbul,football_data_europe_london_converted,Hatayspor,Gaziantep FK,3,1,H,,,,played,True,2,1,16,10,6,6,18,11,5,6,2,2,0,1,football_data,data/raw/football_data/2024-25.csv,103,
a012e4574509f0e9e5b17adedf1f0e602b0adf9ade61b0b772a0aadbb1f9ca57,2024-25,2024-11-09,19:00,Europe/Istanbul,football_data_europe_london_converted,Adana Demirspor,Eyupspor,0,1,A,,,,played,True,0,1,7,6,1,1,10,20,9,2,2,3,0,0,football_data,data/raw/football_data/2024-25.csv,104,
1989e17d6682f26b718572c89330b2f7e5f5977c52b39aeaf36857ef9077cd0f,2024-25,2024-11-09,19:00,Europe/Istanbul,football_data_europe_london_converted,Rizespor,Trabzonspor,3,1,H,,,,played,True,1,1,11,11,6,3,14,17,1,5,2,3,0,0,football_data,data/raw/football_data/2024-25.csv,105,
eaf3462862a8cb496d5ce020c50cecb95174e1c0b5ba6eacdd8ccf0541585d44,2024-25,2024-11-10,13:30,Europe/Istanbul,football_data_europe_london_converted,Goztepe,Konyaspor,2,0,H,,,,played,True,0,0,17,12,5,3,13,9,5,6,3,3,0,0,football_data,data/raw/football_data/2024-25.csv,106,
cf4e212f1b52bb57a8c7d02ae5f89311ca00058dac30519a4086b88272682ba0,2024-25,2024-11-10,16:00,Europe/Istanbul,football_data_europe_london_converted,Galatasaray,Samsunspor,3,2,H,,,,played,True,1,0,19,10,7,5,13,13,7,3,3,4,0,0,football_data,data/raw/football_data/2024-25.csv,107,
417c732d3f2264300bb868b1dd72a08a5381ef05aa0d02dcff3f49a332fef36a,2024-25,2024-11-10,19:00,Europe/Istanbul,football_data_europe_london_converted,Fenerbahce,Sivasspor,4,0,H,,,,played,True,1,0,24,6,8,1,11,15,8,5,1,6,0,0,football_data,data/raw/football_data/2024-25.csv,109,
fe5a1e069a47f368121e8085e22b34ab877ba574aed25d1d72080f8c7743bfe0,2024-25,2024-11-10,19:00,Europe/Istanbul,football_data_europe_london_converted,Istanbul Basaksehir,Besiktas,0,0,D,,,,played,True,0,0,11,12,1,1,9,15,6,2,3,3,0,0,football_data,data/raw/football_data/2024-25.csv,108,
aa2a620fe5c951cabfec0496c90ea98a635b02bd9be9bead8c9511abd4c11197,2024-25,2024-11-23,13:30,Europe/Istanbul,football_data_europe_london_converted,Eyupspor,Rizespor,1,2,A,,,,played,True,1,0,15,13,6,4,10,15,5,7,5,5,0,1,football_data,data/raw/football_data/2024-25.csv,110,
a3dd58ca48ff25c14e5e69ec0f5966f0a9e1aa87e8824e7250e5eae6e72e7c63,2024-25,2024-11-23,16:00,Europe/Istanbul,football_data_europe_london_converted,Gaziantep FK,Istanbul Basaksehir,3,0,H,,,,played,True,2,0,15,15,7,6,19,12,2,6,2,1,0,0,football_data,data/raw/football_data/2024-25.csv,111,
29af19f6312c661b622471cd8e1ee602f268bdeb90ad4f9fe82eece7bdcfceab,2024-25,2024-11-23,16:00,Europe/Istanbul,football_data_europe_london_converted,Kayserispor,Fenerbahce,2,6,A,,,,played,True,1,3,16,17,2,10,11,11,10,5,4,3,0,0,football_data,data/raw/football_data/2024-25.csv,112,
3b9003381a7220dcfa6777c923371d8e1423b2bc677f87026580594fc2c47df2,2024-25,2024-11-23,19:00,Europe/Istanbul,football_data_europe_london_converted,Bodrumspor,Galatasaray,0,1,A,,,,played,True,0,0,9,23,2,7,10,10,7,9,3,2,1,0,football_data,data/raw/football_data/2024-25.csv,113,
3bcd45253858609b9e2176b7bbd068167f9878f1c68bfab78ff49f9645d240a0,2024-25,2024-11-24,13:30,Europe/Istanbul,football_data_europe_london_converted,Sivasspor,Kasimpasa,0,0,D,,,,played,True,0,0,11,19,5,2,22,12,5,4,3,1,0,0,football_data,data/raw/football_data/2024-25.csv,114,
38636e65278f684c0fedb2d7869990644fe2ede983dcc4e477a11a7dcd49eaac,2024-25,2024-11-24,16:00,Europe/Istanbul,football_data_europe_london_converted,Konyaspor,Hatayspor,1,1,D,,,,played,True,1,0,10,14,2,3,12,15,2,8,4,3,0,0,football_data,data/raw/football_data/2024-25.csv,115,
a0c59379fcc09bfa29ea9812764919592ca1000b41bb8d6985e29a99c061903f,2024-25,2024-11-24,16:00,Europe/Istanbul,football_data_europe_london_converted,Samsunspor,Alanyaspor,1,1,D,,,,played,True,1,0,11,15,4,4,13,13,1,9,1,4,0,0,football_data,data/raw/football_data/2024-25.csv,116,
699c89b302f585f877b125a8aed3081f8ec538b845f272500f918a8c025b4c7d,2024-25,2024-11-24,19:00,Europe/Istanbul,football_data_europe_london_converted,Besiktas,Goztepe,2,4,A,,,,played,True,2,2,12,18,3,9,8,12,4,4,1,0,0,1,football_data,data/raw/football_data/2024-25.csv,117,
f45d4cf417fd80156f0b9fa5462f009d5de956e3cd6e435c01e1b8000b75f0af,2024-25,2024-11-25,20:00,Europe/Istanbul,football_data_europe_london_converted,Trabzonspor,Adana Demirspor,5,0,H,,,,played,True,1,0,23,10,8,3,20,9,8,1,1,2,0,0,football_data,data/raw/football_data/2024-25.csv,118,
791301f3061039057188d481402668683d97c8323bce3d22106c523846a37513,2024-25,2024-11-29,20:00,Europe/Istanbul,football_data_europe_london_converted,Antalyaspor,Sivasspor,2,1,H,,,,played,True,1,1,16,17,7,4,16,14,9,5,0,0,0,0,football_data,data/raw/football_data/2024-25.csv,119,
2f435e7455aae0cd86a68142651671d6ba7ebacb08e05bd1549878309a775b8e,2024-25,2024-11-30,13:30,Europe/Istanbul,football_data_europe_london_converted,Samsunspor,Bodrumspor,4,0,H,,,,played,True,1,0,15,7,6,0,14,9,3,4,0,0,0,0,football_data,data/raw/football_data/2024-25.csv,120,
cab8be4736f78560080062e034c3f8c46a7c6632cc96e7bdcb209228b61a5941,2024-25,2024-11-30,16:00,Europe/Istanbul,football_data_europe_london_converted,Adana Demirspor,Konyaspor,0,1,A,,,,played,True,0,0,13,15,4,5,10,16,1,9,2,3,0,0,football_data,data/raw/football_data/2024-25.csv,121,
08d090521d451276dc7cb85a69826113c3668bbf6ce9a8c0dee6d1f5f30f065f,2024-25,2024-11-30,19:00,Europe/Istanbul,football_data_europe_london_converted,Alanyaspor,Trabzonspor,2,1,H,,,,played,True,1,1,12,16,4,3,15,15,5,10,5,3,1,0,football_data,data/raw/football_data/2024-25.csv,122,
0bb11ac7087204ab4a83574d0061ff95de817df8495b4082b0b82c347f5d2736,2024-25,2024-11-30,19:00,Europe/Istanbul,football_data_europe_london_converted,Istanbul Basaksehir,Goztepe,4,1,H,,,,played,True,4,0,13,6,7,2,6,19,5,5,2,3,0,0,football_data,data/raw/football_data/2024-25.csv,123,
82965a6b6210a5f19f4e000676d4247c648339b8244caa59e82408d8f84b1779,2024-25,2024-12-01,16:00,Europe/Istanbul,football_data_europe_london_converted,Rizespor,Kayserispor,3,0,H,,,,played,True,1,0,12,8,6,2,9,11,3,8,4,4,0,1,football_data,data/raw/football_data/2024-25.csv,124,
f1ef3fe46df095dbf83efeffc4fb199b6029d635c63bbb5f82a45d413ad85eb7,2024-25,2024-12-01,19:00,Europe/Istanbul,football_data_europe_london_converted,Galatasaray,Eyupspor,2,2,D,,,,played,True,1,1,28,5,14,4,10,22,11,1,3,4,0,0,football_data,data/raw/football_data/2024-25.csv,125,
a80b6b444fb77c93c81d7d7b90ae1582350f18df78b8af996f9f64e33cabec16,2024-25,2024-12-02,20:00,Europe/Istanbul,football_data_europe_london_converted,Fenerbahce,Gaziantep FK,3,1,H,,,,played,True,1,1,17,6,4,2,8,10,17,3,4,3,0,0,football_data,data/raw/football_data/2024-25.csv,126,
94d355b71392e7fbcd759fda05fcd381640b6aff4b61adae0788d38069b107a5,2024-25,2024-12-02,20:00,Europe/Istanbul,football_data_europe_london_converted,Hatayspor,Besiktas,1,1,D,,,,played,True,1,1,12,11,4,2,16,11,6,9,9,3,0,0,football_data,data/raw/football_data/2024-25.csv,127,
1f94edcd8a8c00b838b71464b2c77f7011f78f566d55f335c23d2b9841748530,2024-25,2024-12-06,20:00,Europe/Istanbul,football_data_europe_london_converted,Trabzonspor,Kasimpasa,2,2,D,,,,played,True,0,1,20,9,7,3,14,14,8,1,2,4,0,0,football_data,data/raw/football_data/2024-25.csv,128,
a3c1008c9559117921fc4b50630a0609421730043a4327466545eeda4c0946ae,2024-25,2024-12-07,13:30,Europe/Istanbul,football_data_europe_london_converted,Konyaspor,Antalyaspor,1,1,D,,,,played,True,1,0,17,11,5,2,20,13,5,3,3,1,0,0,football_data,data/raw/football_data/2024-25.csv,129,
58f64b76c868be6aa4c061eae3d5b573951f9aa1cbe60d0f90e7de3c0e24fc51,2024-25,2024-12-07,16:00,Europe/Istanbul,football_data_europe_london_converted,Goztepe,Adana Demirspor,3,1,H,,,,played,True,2,0,26,12,7,5,16,4,7,6,2,1,1,0,football_data,data/raw/football_data/2024-25.csv,130,
725021c24231af418269a9844f8af034540db345bb12853540cc7ce6bd1176ed,2024-25,2024-12-07,19:00,Europe/Istanbul,football_data_europe_london_converted,Besiktas,Fenerbahce,1,0,H,,,,played,True,0,0,12,12,5,2,12,14,1,3,2,1,1,0,football_data,data/raw/football_data/2024-25.csv,131,
75d35e118eba87d743bb04b6ee46e3d55996dc03baea6d3ab90249edd7c6eb62,2024-25,2024-12-08,13:30,Europe/Istanbul,football_data_europe_london_converted,Eyupspor,Samsunspor,3,0,H,,,,played,True,0,0,15,12,5,2,14,18,5,3,2,2,0,0,football_data,data/raw/football_data/2024-25.csv,132,
ebc884d254ec279a68a9703b2d6cb12146910362b417b9bf7a8a1d48f43600b6,2024-25,2024-12-08,16:00,Europe/Istanbul,football_data_europe_london_converted,Kayserispor,Alanyaspor,2,0,H,,,,played,True,0,0,11,9,6,5,15,10,5,10,5,3,0,0,football_data,data/raw/football_data/2024-25.csv,133,
2ae04254cb7f16442a972e674a46106911621a9d77dc22abbe1b283f4adfca34,2024-25,2024-12-08,16:00,Europe/Istanbul,football_data_europe_london_converted,Sivasspor,Galatasaray,2,3,A,,,,played,True,1,2,11,16,5,8,16,8,3,7,6,4,0,1,football_data,data/raw/football_data/2024-25.csv,134,
22e5cc41a9ca06474112ce1d08612aefb81fa4b773242917d44425decce401d4,2024-25,2024-12-08,19:00,Europe/Istanbul,football_data_europe_london_converted,Istanbul Basaksehir,Hatayspor,3,0,H,,,,played,True,0,0,19,8,6,1,12,19,7,5,1,3,0,0,football_data,data/raw/football_data/2024-25.csv,135,
f9184ffa45dfca5cd6a7326cf6ba299a735d4a2cdc2442a3c0a600c5c693c3fe,2024-25,2024-12-09,20:00,Europe/Istanbul,football_data_europe_london_converted,Gaziantep FK,Rizespor,1,0,H,,,,played,True,1,0,7,13,2,3,13,11,3,5,3,1,0,0,football_data,data/raw/football_data/2024-25.csv,136,
0f825a631790bdca9fa05e9f1eff62216b11def99529c430cd03426e472bea82,2024-25,2024-12-13,20:00,Europe/Istanbul,football_data_europe_london_converted,Bodrumspor,Sivasspor,2,0,H,,,,played,True,0,0,10,7,5,0,17,11,4,2,3,1,0,1,football_data,data/raw/football_data/2024-25.csv,137,
97fdf528d3de7c334fb92a0ab880188d52dcc989383614f66d787a14b9f4453b,2024-25,2024-12-13,20:00,Europe/Istanbul,football_data_europe_london_converted,Kasimpasa,Eyupspor,2,0,H,,,,played,True,0,0,17,9,4,3,12,12,7,6,3,2,0,0,football_data,data/raw/football_data/2024-25.csv,138,
559616cf98fd9be0d81d9416f91190f10337ca5e0e15a38b645c57cffb6453d7,2024-25,2024-12-14,16:00,Europe/Istanbul,football_data_europe_london_converted,Rizespor,Konyaspor,1,1,D,,,,played,True,1,0,23,8,8,2,18,16,8,4,2,2,0,0,football_data,data/raw/football_data/2024-25.csv,139,
e9037d4de6728d065b84280ab96d571b923a177f79073f1415825d3343e7d814,2024-25,2024-12-14,19:00,Europe/Istanbul,football_data_europe_london_converted,Alanyaspor,Gaziantep FK,3,0,H,,,,played,True,0,0,20,8,6,1,7,13,6,1,2,3,0,0,football_data,data/raw/football_data/2024-25.csv,140,
44128532888ba1f9a297377d8d3a729db1c2c82cd6f949426c1fadcfc7f7d0e4,2024-25,2024-12-15,13:30,Europe/Istanbul,football_data_europe_london_converted,Hatayspor,Goztepe,1,1,D,,,,played,True,0,1,18,15,5,6,7,14,7,6,1,3,0,0,football_data,data/raw/football_data/2024-25.csv,141,
7b4e27c0d5763588a92e5831336b82e10258ae5fc32184b2fbf2ea9bd232597f,2024-25,2024-12-15,16:00,Europe/Istanbul,football_data_europe_london_converted,Antalyaspor,Kayserispor,2,0,H,,,,played,True,1,0,10,6,4,1,13,17,4,9,1,3,0,0,football_data,data/raw/football_data/2024-25.csv,142,
0c375159720bc66f6f91380477758f0741f4af180559220424b154dfc8001fb2,2024-25,2024-12-15,19:00,Europe/Istanbul,football_data_europe_london_converted,Fenerbahce,Istanbul Basaksehir,3,1,H,,,,played,True,1,0,22,2,7,1,14,9,14,0,1,5,0,1,football_data,data/raw/football_data/2024-25.csv,143,
c98ff3bd0f9ba0ad24a0ca2734daf6a69609165cea4152369c9ce9769b4d91a1,2024-25,2024-12-16,19:00,Europe/Istanbul,football_data_europe_london_converted,Adana Demirspor,Besiktas,2,1,H,,,,played,True,2,0,14,18,7,10,10,13,2,14,3,1,0,1,football_data,data/raw/football_data/2024-25.csv,144,
ee1867e90a9e9881a0b6744c8b04f2897d8d8614af5e28c942e1ab0af9a2e6cd,2024-25,2024-12-16,21:00,Europe/Istanbul,football_data_europe_london_converted,Galatasaray,Trabzonspor,4,3,H,,,,played,True,2,1,22,16,11,6,13,17,10,6,3,3,0,0,football_data,data/raw/football_data/2024-25.csv,145,
cc4f06d953edd3cd788a08bd5dd7351e3ae408e5a0b9220184ac672c812dd6f3,2024-25,2024-12-20,20:00,Europe/Istanbul,football_data_europe_london_converted,Eyupspor,Fenerbahce,1,1,D,,,,played,True,1,1,13,14,3,9,12,10,3,9,6,4,0,0,football_data,data/raw/football_data/2024-25.csv,146,
81235c0e91f1f30204d476a4be8b084b96d933dc50b4035e29d8815d8eddb53e,2024-25,2024-12-21,16:00,Europe/Istanbul,football_data_europe_london_converted,Sivasspor,Samsunspor,0,0,D,,,,played,True,0,0,10,17,2,6,9,14,2,10,4,3,1,0,football_data,data/raw/football_data/2024-25.csv,147,
43fd808437702b480b664c2466d6f440479f33aead66936535a88764dec9b94c,2024-25,2024-12-21,19:00,Europe/Istanbul,football_data_europe_london_converted,Besiktas,Alanyaspor,1,1,D,,,,played,True,1,1,12,9,5,1,16,16,6,7,1,2,0,0,football_data,data/raw/football_data/2024-25.csv,148,
9084ad4efe3b0ddf7c38a7afe7abac2252d8c5eb4edc552a74bac9ba1737d09b,2024-25,2024-12-22,13:30,Europe/Istanbul,football_data_europe_london_converted,Gaziantep FK,Antalyaspor,2,0,H,,,,played,True,1,0,20,8,7,1,13,12,4,3,1,4,0,1,football_data,data/raw/football_data/2024-25.csv,149,
d1b1d918ff22fe1a805616188ec2e3bde95b7aab953f4daa812c38bdece2cc8b,2024-25,2024-12-22,16:00,Europe/Istanbul,football_data_europe_london_converted,Goztepe,Rizespor,3,0,H,,,,played,True,1,0,16,11,5,2,12,16,3,5,0,0,0,0,football_data,data/raw/football_data/2024-25.csv,150,
55bca32bbcd2ee77273aa12753c2e6c0f6abb23343c94b35d5abf4759e3514db,2024-25,2024-12-22,16:00,Europe/Istanbul,football_data_europe_london_converted,Kayserispor,Galatasaray,1,5,A,,,,played,True,1,2,15,20,6,11,7,5,7,7,1,0,0,0,football_data,data/raw/football_data/2024-25.csv,151,
51092dcee3a72b287279fafa6f56ea2433d845309f411a3367e409dc6f0af271,2024-25,2024-12-22,19:00,Europe/Istanbul,football_data_europe_london_converted,Trabzonspor,Bodrumspor,1,0,H,,,,played,True,0,0,14,12,5,5,16,12,8,4,4,2,0,0,football_data,data/raw/football_data/2024-25.csv,152,
41d695d4d07debf36c41ec101b1112b971c7574d6c7673db722186ac01df18dd,2024-25,2024-12-23,20:00,Europe/Istanbul,football_data_europe_london_converted,Hatayspor,Adana Demirspor,1,3,A,,,,played,True,1,0,15,12,7,3,13,9,4,6,5,3,1,0,football_data,data/raw/football_data/2024-25.csv,154,
b0cdb30358df9d4d414cb6708b1f12406f33a2a6398c3d3eb47ce25d26f13434,2024-25,2024-12-23,20:00,Europe/Istanbul,football_data_europe_london_converted,Istanbul Basaksehir,Kasimpasa,2,2,D,,,,played,True,2,1,19,13,8,4,17,19,4,4,2,4,0,0,football_data,data/raw/football_data/2024-25.csv,153,
3f8b607eb7eca1e08dcb86cda4685fe996024f1c56307fe37dfd33c49fec0d1d,2024-25,2025-01-03,20:00,Europe/Istanbul,football_data_europe_london_converted,Alanyaspor,Konyaspor,2,1,H,,,,played,True,1,0,12,8,6,3,17,15,7,2,3,4,0,0,football_data,data/raw/football_data/2024-25.csv,155,
769f97587158a35512867eff6ed24843354f32d3a96951fc7683c93a8d61f52a,2024-25,2025-01-03,20:00,Europe/Istanbul,football_data_europe_london_converted,Rizespor,Besiktas,1,1,D,,,,played,True,1,1,21,9,5,2,17,15,6,2,4,2,0,0,football_data,data/raw/football_data/2024-25.csv,156,
481bab5d92535d5722d92070544a4662a3d2cc7acccd0e08607b717f9ea981f2,2024-25,2025-01-04,13:30,Europe/Istanbul,football_data_europe_london_converted,Adana Demirspor,Istanbul Basaksehir,0,1,A,,,,played,True,0,1,10,11,2,6,6,12,3,3,0,5,0,0,football_data,data/raw/football_data/2024-25.csv,157,
718300688d736b37c238672f3de2a2c1902a32a688b985c12c704b8dca73830e,2024-25,2025-01-04,16:00,Europe/Istanbul,football_data_europe_london_converted,Antalyaspor,Eyupspor,1,4,A,,,,played,True,0,3,22,15,8,6,13,5,11,4,2,3,0,0,football_data,data/raw/football_data/2024-25.csv,158,
ec6e7c4397d3d077b78f6105e35b14c1f5711d5d4f03d34c3b126c253a0278b9,2024-25,2025-01-04,19:00,Europe/Istanbul,football_data_europe_london_converted,Galatasaray,Goztepe,2,1,H,,,,played,True,1,1,11,7,3,2,12,15,9,4,1,2,0,0,football_data,data/raw/football_data/2024-25.csv,159,
3f125fea9933145de4645095b8fef2d617b1e25f881364c9e2f88746ac73f48b,2024-25,2025-01-04,20:00,Europe/Istanbul,football_data_europe_london_converted,Samsunspor,Trabzonspor,2,1,H,,,,played,True,1,0,9,14,3,5,7,8,2,8,1,1,0,0,football_data,data/raw/football_data/2024-25.csv,160,
7cde52d2b61919fa4f42b357e1d160d960f1463732465928a28fb9f9772bcee8,2024-25,2025-01-05,13:30,Europe/Istanbul,football_data_europe_london_converted,Kasimpasa,Gaziantep FK,2,2,D,,,,played,True,2,1,17,9,4,5,11,11,7,2,3,4,0,0,football_data,data/raw/football_data/2024-25.csv,161,
c21c9816ad145c7edc5fcad8a1c1281dd4e1995c46bdf3263b5aa90e7bf15270,2024-25,2025-01-05,16:00,Europe/Istanbul,football_data_europe_london_converted,Bodrumspor,Kayserispor,1,1,D,,,,played,True,0,0,14,8,4,3,10,13,6,6,2,4,0,0,football_data,data/raw/football_data/2024-25.csv,162,
e9fc55b4403dc2ce7514f4e0223cbd450cc300ef0abbd99410efee6c470efa0d,2024-25,2025-01-05,19:00,Europe/Istanbul,football_data_europe_london_converted,Fenerbahce,Hatayspor,2,1,H,,,,played,True,2,1,18,4,9,2,8,7,7,1,3,4,0,0,football_data,data/raw/football_data/2024-25.csv,163,
0038afba08c82ec86406e8652b2d82359025e58a8520a299e8120bb24100a2ad,2024-25,2025-01-11,13:30,Europe/Istanbul,football_data_europe_london_converted,Kayserispor,Samsunspor,0,1,A,,,,played,True,0,1,8,11,1,3,15,14,5,3,1,2,0,0,football_data,data/raw/football_data/2024-25.csv,164,
682cb84269812218f6f0a34fb6533d3690ea78b03a39a9da102f8d870f40bec9,2024-25,2025-01-11,16:00,Europe/Istanbul,football_data_europe_london_converted,Hatayspor,Rizespor,1,2,A,,,,played,True,1,1,15,15,5,5,7,8,3,4,4,2,0,0,football_data,data/raw/football_data/2024-25.csv,165,
df767bd2c01a884db8fb03bea89883ee43a11cff47a9972b85f2920afdc5cf02,2024-25,2025-01-11,19:00,Europe/Istanbul,football_data_europe_london_converted,Besiktas,Bodrumspor,2,1,H,,,,played,True,2,0,8,17,5,4,8,6,4,12,1,1,0,0,football_data,data/raw/football_data/2024-25.csv,166,
65d9e2b72f3c5196451b05c226c47f901188716a1ded507535535981abd34983,2024-25,2025-01-12,13:30,Europe/Istanbul,football_data_europe_london_converted,Sivasspor,Alanyaspor,1,1,D,,,,played,True,1,0,9,8,3,2,7,12,2,6,2,1,0,0,football_data,data/raw/football_data/2024-25.csv,167,
f1f64dff50e29994990ac00ba29ff1fa99d1902892ef01e4ac894281401f7371,2024-25,2025-01-12,16:00,Europe/Istanbul,football_data_europe_london_converted,Trabzonspor,Antalyaspor,5,0,H,,,,played,True,1,0,16,10,6,2,14,19,7,5,1,0,0,0,football_data,data/raw/football_data/2024-25.csv,168,
b1159f77638ef1a3a729debbac0047e7086eae3582bb99e49a1cb388353b261b,2024-25,2025-01-12,19:00,Europe/Istanbul,football_data_europe_london_converted,Gaziantep FK,Adana Demirspor,1,0,H,,,,played,True,1,0,10,10,6,3,10,7,2,11,4,1,0,0,football_data,data/raw/football_data/2024-25.csv,170,
ef738bf51d0c34a55d4a16ededa2edfe3f9e5349d950d01ec0d0438f0a50147d,2024-25,2025-01-12,19:00,Europe/Istanbul,football_data_europe_london_converted,Istanbul Basaksehir,Galatasaray,1,2,A,,,,played,True,0,1,7,14,2,3,17,16,7,5,4,4,0,0,football_data,data/raw/football_data/2024-25.csv,169,
67cac8681b38e0e6e9e5ba4b6196023bc3f16df8a638a6aee38b7cb6c4285fe1,2024-25,2025-01-13,20:00,Europe/Istanbul,football_data_europe_london_converted,Goztepe,Kasimpasa,5,0,H,,,,played,True,1,0,18,10,10,0,10,11,8,3,1,4,0,1,football_data,data/raw/football_data/2024-25.csv,171,
b3e248f855c705a84bf0c057fffe7ffee32232e4a0d77dc7e640f3dbef17fb8e,2024-25,2025-01-13,20:00,Europe/Istanbul,football_data_europe_london_converted,Konyaspor,Fenerbahce,2,3,A,,,,played,True,2,2,11,11,4,5,16,11,2,6,2,2,0,0,football_data,data/raw/football_data/2024-25.csv,172,
5aa8984e8bc07a1156cfce19e7058f27327cd17ebb710b643159b0c35841af67,2024-25,2025-01-17,20:00,Europe/Istanbul,football_data_europe_london_converted,Hatayspor,Galatasaray,1,1,D,,,,played,True,1,0,8,26,3,5,11,8,5,9,4,1,0,0,football_data,data/raw/football_data/2024-25.csv,173,
56ec3521bfeb4f28a53ecc2ebeb2f6eaa361c5ab5337fc46c38dbb40ea6fd6f4,2024-25,2025-01-18,13:30,Europe/Istanbul,football_data_europe_london_converted,Istanbul Basaksehir,Rizespor,2,0,H,,,,played,True,1,0,7,11,4,3,27,15,2,8,3,3,0,0,football_data,data/raw/football_data/2024-25.csv,174,
b039c56973a14a1afdd27f45b265780b94fa2e82b47f26347dd3bb19062f00ef,2024-25,2025-01-18,16:00,Europe/Istanbul,football_data_europe_london_converted,Gaziantep FK,Bodrumspor,0,0,D,,,,played,True,0,0,10,11,3,4,9,19,5,7,2,3,0,0,football_data,data/raw/football_data/2024-25.csv,175,
4a93ac4b26f3565ba263fa07b314bd47bb904db4cc3c49062c7d71fdd4a34117,2024-25,2025-01-18,19:00,Europe/Istanbul,football_data_europe_london_converted,Besiktas,Samsunspor,0,0,D,,,,played,True,0,0,24,5,6,3,6,16,5,4,0,4,0,1,football_data,data/raw/football_data/2024-25.csv,176,
89c141ce22bb4dece78d52793e5a96737faf2d89675b9ebd72555442e1952a23,2024-25,2025-01-19,13:30,Europe/Istanbul,football_data_europe_london_converted,Goztepe,Antalyaspor,1,0,H,,,,played,True,1,0,22,6,4,2,11,8,5,4,1,2,0,0,football_data,data/raw/football_data/2024-25.csv,177,
196d322cde710dc9c153c6b1d94506797561b5afa389e63920df3239600a1ea2,2024-25,2025-01-19,16:00,Europe/Istanbul,football_data_europe_london_converted,Konyaspor,Kasimpasa,3,3,D,,,,played,True,1,0,16,14,7,7,17,7,12,7,0,0,0,0,football_data,data/raw/football_data/2024-25.csv,178,
99725747f95812ebf6599cde944da026f41aa1327816f082bba245c089e6dd48,2024-25,2025-01-19,19:00,Europe/Istanbul,football_data_europe_london_converted,Adana Demirspor,Fenerbahce,0,4,A,,,,played,True,0,0,3,21,2,10,14,11,2,11,1,1,1,0,football_data,data/raw/football_data/2024-25.csv,179,
eb36793f4fbf710f31985799d71dc777945aa85cedecb247a08f61372a074b34,2024-25,2025-01-19,19:00,Europe/Istanbul,football_data_europe_london_converted,Eyupspor,Alanyaspor,3,0,H,,,,played,True,1,0,17,11,9,2,13,13,11,5,1,2,0,0,football_data,data/raw/football_data/2024-25.csv,180,
363a18a9d6c4ae71bca4ed0e62086e1955cc6a516fea15e9516391d36dc22edd,2024-25,2025-01-20,20:00,Europe/Istanbul,football_data_europe_london_converted,Trabzonspor,Sivasspor,4,0,H,,,,played,True,3,0,14,12,6,3,20,7,7,3,0,2,0,0,football_data,data/raw/football_data/2024-25.csv,181,
200b2efecf5a5d62a5cabd887e4d85597c8f26d568693d97250caaee7d99f0f1,2024-25,2025-01-24,20:00,Europe/Istanbul,football_data_europe_london_converted,Samsunspor,Gaziantep FK,2,1,H,,,,played,True,1,0,15,12,3,3,20,14,7,2,0,0,0,0,football_data,data/raw/football_data/2024-25.csv,182,
d19ccb2d45a42f9ca2307b5d181d037e5912bacc96f9c97322b228caf0d7ad69,2024-25,2025-01-25,13:30,Europe/Istanbul,football_data_europe_london_converted,Sivasspor,Kayserispor,5,2,H,,,,played,True,3,0,19,15,8,5,8,14,6,6,2,3,0,2,football_data,data/raw/football_data/2024-25.csv,183,
404e0bc2e56931bd648fb01283f5103ab42bd63ee7e913cc4bd920dae4abb9e3,2024-25,2025-01-25,16:00,Europe/Istanbul,football_data_europe_london_converted,Alanyaspor,Istanbul Basaksehir,5,4,H,,,,played,True,2,2,14,12,7,6,16,14,4,4,8,5,0,0,football_data,data/raw/football_data/2024-25.csv,184,
6c66d1078531e22c570c56aeccdc7fdeac9b303f9e4430014dd0c131c90dc82e,2024-25,2025-01-25,19:00,Europe/Istanbul,football_data_europe_london_converted,Galatasaray,Konyaspor,1,0,H,,,,played,True,1,0,18,7,9,0,15,18,6,2,2,1,0,0,football_data,data/raw/football_data/2024-25.csv,185,
ca6758c64515fcec3465c93f7e994794e404cba90d761f603287f57aebe0129a,2024-25,2025-01-26,13:30,Europe/Istanbul,football_data_europe_london_converted,Rizespor,Adana Demirspor,3,2,H,,,,played,True,1,0,14,12,6,3,23,9,8,2,4,3,0,0,football_data,data/raw/football_data/2024-25.csv,186,
0cd9a46c670db8af3a4eb5f6986b76f342f96a7830a4175a878a3398a5d382b0,2024-25,2025-01-26,16:00,Europe/Istanbul,football_data_europe_london_converted,Antalyaspor,Besiktas,1,1,D,,,,played,True,0,0,6,8,3,3,18,9,1,5,1,2,0,0,football_data,data/raw/football_data/2024-25.csv,187,
7905996dab50c1588db62901050083b5939244ccdd8c3933ea99a25f9a2fcf28,2024-25,2025-01-26,16:00,Europe/Istanbul,football_data_europe_london_converted,Bodrumspor,Eyupspor,0,1,A,,,,played,True,0,1,17,5,2,1,14,14,7,2,2,6,0,0,football_data,data/raw/football_data/2024-25.csv,188,
d4bde93f36ef41470f2ff32f23846815d760c3d0f4cac5058bfc8d9465e5ea5a,2024-25,2025-01-26,19:00,Europe/Istanbul,football_data_europe_london_converted,Fenerbahce,Goztepe,3,2,H,,,,played,True,0,1,13,15,6,6,16,25,4,4,3,2,0,0,football_data,data/raw/football_data/2024-25.csv,189,
91a3cc284627f9bf0d8811067dd1ddc0249bdc269c6474f0bac4271ce23d1c5c,2024-25,2025-01-27,20:00,Europe/Istanbul,football_data_europe_london_converted,Kasimpasa,Hatayspor,5,4,H,,,,played,True,2,3,31,10,10,8,11,10,11,5,3,3,0,1,football_data,data/raw/football_data/2024-25.csv,190,
5ef3a26a28c7cb2ee2588cafbc25d6f1852f1925ffa52adaaef068c3f4b79e96,2024-25,2025-01-31,20:00,Europe/Istanbul,football_data_europe_london_converted,Eyupspor,Sivasspor,1,0,H,,,,played,True,0,0,13,8,9,2,15,7,4,2,2,1,0,2,football_data,data/raw/football_data/2024-25.csv,191,
f1aa9880ee977e2d75fecc6f29ed02941f4feb4a930f5cbd7da3db721b8cc753,2024-25,2025-01-31,20:00,Europe/Istanbul,football_data_europe_london_converted,Konyaspor,Bodrumspor,3,1,H,,,,played,True,2,0,12,11,3,3,13,11,5,7,2,1,0,0,football_data,data/raw/football_data/2024-25.csv,192,
b8cf3a836e83524e304332e8e9cbfabb04dbb7700d4a48cf93afff3b8398d772,2024-25,2025-02-01,13:30,Europe/Istanbul,football_data_europe_london_converted,Hatayspor,Antalyaspor,2,3,A,,,,played,True,1,2,6,14,3,7,13,13,5,2,1,1,0,0,football_data,data/raw/football_data/2024-25.csv,193,
261fb6716eb5b4a0390e862b80790677ca721493bf2db0897dcda89b57c6994b,2024-25,2025-02-01,16:00,Europe/Istanbul,football_data_europe_london_converted,Kayserispor,Trabzonspor,0,0,D,,,,played,True,0,0,11,9,5,4,17,9,4,4,4,3,0,1,football_data,data/raw/football_data/2024-25.csv,194,
dc2c9620bd4bc41980feace26180ad6d2678e60a228f84e99ebaaaa59b1da88e,2024-25,2025-02-01,19:00,Europe/Istanbul,football_data_europe_london_converted,Istanbul Basaksehir,Samsunspor,4,0,H,,,,played,True,1,0,16,8,6,1,8,7,4,6,2,2,0,0,football_data,data/raw/football_data/2024-25.csv,195,
ff3196813bb79e05ce2c1b1f280f893f9c77b9f749d82df58f33aaa528b34c43,2024-25,2025-02-02,13:30,Europe/Istanbul,football_data_europe_london_converted,Adana Demirspor,Kasimpasa,3,5,A,,,,played,True,1,1,11,14,7,7,13,11,5,4,2,2,0,0,football_data,data/raw/football_data/2024-25.csv,196,
90a2facfe23e88adc391317a3e77b5c11a84e435dac55ff803bd3f65e0317f64,2024-25,2025-02-02,16:00,Europe/Istanbul,football_data_europe_london_converted,Goztepe,Alanyaspor,0,1,A,,,,played,True,0,1,25,8,9,3,15,10,7,3,3,2,0,0,football_data,data/raw/football_data/2024-25.csv,197,
7b45fb7e9f27ccb3a3e34cf591d6f1e430aa9e73e1ec56c89767b37014c3ba57,2024-25,2025-02-02,19:00,Europe/Istanbul,football_data_europe_london_converted,Fenerbahce,Rizespor,3,2,H,,,,played,True,1,2,36,6,10,4,9,16,10,1,4,6,0,2,football_data,data/raw/football_data/2024-25.csv,198,
edeadb66ee8aae1ac496980cdfb168f0cfcb0dab351cdf59a357f4f382d07f53,2024-25,2025-02-03,20:00,Europe/Istanbul,football_data_europe_london_converted,Gaziantep FK,Galatasaray,0,1,A,,,,played,True,0,1,17,16,4,7,15,16,7,8,4,5,0,0,football_data,data/raw/football_data/2024-25.csv,199,
19e50ef8c8242f44da1c220784d3503484d52bcc2558097c18dfb55a9f9b27ed,2024-25,2025-02-07,20:00,Europe/Istanbul,football_data_europe_london_converted,Samsunspor,Hatayspor,2,0,H,,,,played,True,2,0,16,14,6,4,13,18,4,7,1,2,0,0,football_data,data/raw/football_data/2024-25.csv,200,
40eccf1598ae303d8b61232473445417f480cd579ff581c07bdda1ad6b2743b7,2024-25,2025-02-08,16:00,Europe/Istanbul,football_data_europe_london_converted,Kayserispor,Konyaspor,3,2,H,,,,played,True,2,1,14,18,8,7,16,11,4,7,3,3,0,1,football_data,data/raw/football_data/2024-25.csv,201,
868f88166ad8fb33b285418c074367017a08f4bd174dcf0d6870283696848682,2024-25,2025-02-08,19:00,Europe/Istanbul,football_data_europe_london_converted,Sivasspor,Besiktas,0,2,A,,,,played,True,0,1,7,13,4,6,8,12,5,5,0,0,0,0,football_data,data/raw/football_data/2024-25.csv,202,
b7da0d906dd22bd3b1fdea4908c763db4485c1f3a3e99bba480465a490e76b13,2024-25,2025-02-09,13:30,Europe/Istanbul,football_data_europe_london_converted,Kasimpasa,Rizespor,3,2,H,,,,played,True,2,1,12,10,5,2,10,16,4,11,2,5,0,0,football_data,data/raw/football_data/2024-25.csv,203,
735c46afcb12e63df5d1145ed71e77d3662197c644f86babfc1cb6fb6b4e09ca,2024-25,2025-02-09,16:00,Europe/Istanbul,football_data_europe_london_converted,Alanyaspor,Fenerbahce,0,2,A,,,,played,True,0,2,12,8,3,5,17,13,2,3,4,4,0,0,football_data,data/raw/football_data/2024-25.csv,204,
f8811401c06495c1b5fa2422aea9561d1509860109cb0a91a10d2f38717f8337,2024-25,2025-02-09,19:00,Europe/Istanbul,football_data_europe_london_converted,Antalyaspor,Istanbul Basaksehir,0,0,D,,,,played,True,0,0,14,5,0,0,17,18,3,2,3,4,0,0,football_data,data/raw/football_data/2024-25.csv,205,
d7d38b79d52afc9e5469e14aef8f79ed7e2b6fda897223a2f80053348f3c8a35,2024-25,2025-02-09,19:00,Europe/Istanbul,football_data_europe_london_converted,Galatasaray,Adana Demirspor,3,0,H,,,,abandoned_forfeit,False,,,,,,,,,,,,,,,football_data,data/raw/football_data/2024-25.csv,206,
3d5a5363771ccebaede57bf4c7a1daca87600d08cf0e8428e9707b2e39121098,2024-25,2025-02-10,20:00,Europe/Istanbul,football_data_europe_london_converted,Bodrumspor,Goztepe,0,0,D,,,,played,True,0,0,8,14,1,1,4,14,4,5,0,1,0,0,football_data,data/raw/football_data/2024-25.csv,207,
7cba9c46b3522396de9b3365182547fc009d1e40b141e4ea392375912376d922,2024-25,2025-02-10,20:00,Europe/Istanbul,football_data_europe_london_converted,Trabzonspor,Eyupspor,1,0,H,,,,played,True,0,0,13,14,2,5,7,7,6,4,0,1,0,0,football_data,data/raw/football_data/2024-25.csv,208,
d4015080bbdd4e36ba3d0266015c9fd2f4ad37521208141f93d639044ff32d15,2024-25,2025-02-14,20:00,Europe/Istanbul,football_data_europe_london_converted,Adana Demirspor,Antalyaspor,1,1,D,,,,played,True,1,1,5,17,3,8,19,12,0,9,3,6,0,0,football_data,data/raw/football_data/2024-25.csv,209,
cdc8437717940e2fdef278cba69c3bd2241223bf92a88689bb2b274a6724b6e6,2024-25,2025-02-15,13:30,Europe/Istanbul,football_data_europe_london_converted,Gaziantep FK,Sivasspor,2,1,H,,,,played,True,1,1,12,10,6,2,20,15,6,2,4,5,0,0,football_data,data/raw/football_data/2024-25.csv,210,
73b5b5b215bde4f65b22b292a3b554a5a200e5873edb2edb207722d44360c452,2024-25,2025-02-15,16:00,Europe/Istanbul,football_data_europe_london_converted,Istanbul Basaksehir,Bodrumspor,0,1,A,,,,played,True,0,0,14,7,3,3,10,11,1,1,4,1,1,0,football_data,data/raw/football_data/2024-25.csv,211,
cff96e6fba11368998c63e2bc3e0a6cfe971023e8fea5fcafeef029490281282,2024-25,2025-02-15,19:00,Europe/Istanbul,football_data_europe_london_converted,Besiktas,Trabzonspor,2,1,H,,,,played,True,0,1,12,6,3,1,16,16,8,1,2,1,0,0,football_data,data/raw/football_data/2024-25.csv,212,
2c79f281fc3630b271205a2399a3a328ff7698b16dd2ce3f7f4de8667ae11d89,2024-25,2025-02-16,13:30,Europe/Istanbul,football_data_europe_london_converted,Hatayspor,Alanyaspor,1,0,H,,,,played,True,0,0,14,16,5,4,16,16,3,6,5,3,0,1,football_data,data/raw/football_data/2024-25.csv,213,
08ae778603d80e1bc67aaec7dc12a8412460ab17c213f32277bf149278c5493e,2024-25,2025-02-16,16:00,Europe/Istanbul,football_data_europe_london_converted,Eyupspor,Kayserispor,1,1,D,,,,played,True,0,0,6,9,2,5,12,15,4,6,3,3,0,0,football_data,data/raw/football_data/2024-25.csv,214,
a5761acd0254f6d6df60e003f1d342174165d7f4b70daddcf616ed88619994b1,2024-25,2025-02-16,16:00,Europe/Istanbul,football_data_europe_london_converted,Konyaspor,Samsunspor,0,1,A,,,,played,True,0,1,9,10,3,6,12,14,7,5,4,6,0,0,football_data,data/raw/football_data/2024-25.csv,215,
e681864086969df9d2eea25ac367346304fcd83f770a6c30cead93d46c32f4a7,2024-25,2025-02-16,19:00,Europe/Istanbul,football_data_europe_london_converted,Fenerbahce,Kasimpasa,3,1,H,,,,played,True,1,0,13,13,6,5,15,12,1,3,1,1,0,0,football_data,data/raw/football_data/2024-25.csv,216,
aad0d7c599b98378fc924bc8bf492b864032e6d74163acb52f22a3ac42dafb4e,2024-25,2025-02-17,20:00,Europe/Istanbul,football_data_europe_london_converted,Rizespor,Galatasaray,1,2,A,,,,played,True,0,0,16,18,4,3,11,15,3,7,3,2,0,0,football_data,data/raw/football_data/2024-25.csv,217,
462ee65ff8fee05b12825a4e757bbc2c9b263042e0c46ca1a49c89c3932e5b77,2024-25,2025-02-21,20:00,Europe/Istanbul,football_data_europe_london_converted,Bodrumspor,Hatayspor,1,0,H,,,,played,True,1,0,10,8,4,3,10,13,9,6,1,2,0,0,football_data,data/raw/football_data/2024-25.csv,218,
38b72200beee8d8d7b9b4fcdb54cebc87bcbf247940cd1ce11cf892e87dece9e,2024-25,2025-02-21,20:00,Europe/Istanbul,football_data_europe_london_converted,Eyupspor,Besiktas,1,3,A,,,,played,True,1,2,7,18,3,7,10,7,4,2,2,1,0,0,football_data,data/raw/football_data/2024-25.csv,219,
5c6d2978750d38987d19683b29227312365d338f10091ffc36eb837e45592a9a,2024-25,2025-02-22,13:30,Europe/Istanbul,football_data_europe_london_converted,Sivasspor,Konyaspor,1,1,D,,,,played,True,1,1,11,9,2,5,11,18,4,2,2,4,1,0,football_data,data/raw/football_data/2024-25.csv,220,
723d993a8fa9bab2e24e4908fa1da238afe2dc229028c1bab81f12d8f7adb99d,2024-25,2025-02-22,16:00,Europe/Istanbul,football_data_europe_london_converted,Antalyaspor,Kasimpasa,2,1,H,,,,played,True,2,0,9,11,5,5,19,11,4,6,1,2,0,0,football_data,data/raw/football_data/2024-25.csv,221,
6696e314789248bf6bd01bd7bae3660c9de04485e0966f32a00a30e8e8dd8dc3,2024-25,2025-02-22,19:00,Europe/Istanbul,football_data_europe_london_converted,Samsunspor,Rizespor,2,3,A,,,,played,True,2,0,9,13,3,4,12,13,1,5,1,2,0,0,football_data,data/raw/football_data/2024-25.csv,222,
d1064eb93f64686cabe983dd1229b24f0d07311f3ef7d028b72b8edac7121a3a,2024-25,2025-02-23,13:30,Europe/Istanbul,football_data_europe_london_converted,Kayserispor,Goztepe,1,0,H,,,,played,True,1,0,10,15,4,3,14,14,5,3,1,2,0,0,football_data,data/raw/football_data/2024-25.csv,223,
d8b0537fa5248c73a4fbb798406fe11445920e171eca836d856800e6b33d16c3,2024-25,2025-02-23,16:00,Europe/Istanbul,football_data_europe_london_converted,Alanyaspor,Adana Demirspor,3,2,H,,,,played,True,0,2,25,7,9,5,15,16,10,1,5,2,0,0,football_data,data/raw/football_data/2024-25.csv,224,
d2ed12d8e308ae2f624606e6178b2498db18e0507e64c9ed5b4fd38618795556,2024-25,2025-02-23,19:00,Europe/Istanbul,football_data_europe_london_converted,Trabzonspor,Gaziantep FK,3,2,H,,,,played,True,2,0,20,17,6,6,18,14,1,6,1,1,0,0,football_data,data/raw/football_data/2024-25.csv,225,
5ad9b11df614ad04f972311cb68c90521914dcfacb82af569400732f189c6006,2024-25,2025-02-24,20:00,Europe/Istanbul,football_data_europe_london_converted,Galatasaray,Fenerbahce,0,0,D,,,,played,True,0,0,4,10,1,3,20,15,0,5,5,2,0,0,football_data,data/raw/football_data/2024-25.csv,226,
c89dbdbe835cd540a31396792492ec42b74e0e213372f91b01312d175d01b299,2024-25,2025-03-01,16:00,Europe/Istanbul,football_data_europe_london_converted,Adana Demirspor,Bodrumspor,0,0,D,,,,played,True,0,0,11,13,1,4,9,12,3,6,0,0,0,0,football_data,data/raw/football_data/2024-25.csv,227,
d82f25968897754e3b68a2b543073228e518184e64374c89b85f500706a3a7c4,2024-25,2025-03-01,20:30,Europe/Istanbul,football_data_europe_london_converted,Besiktas,Kayserispor,2,0,H,,,,played,True,1,0,13,8,6,2,8,15,4,5,0,2,0,0,football_data,data/raw/football_data/2024-25.csv,228,
9dd4734e87a1821e48598d6f61ea1953c885677149b179aef435207c106a5ad2,2024-25,2025-03-02,13:30,Europe/Istanbul,football_data_europe_london_converted,Rizespor,Alanyaspor,3,1,H,,,,played,True,0,0,10,12,5,4,17,17,5,5,2,1,0,0,football_data,data/raw/football_data/2024-25.csv,229,
174b5b7dc2c36bd3399e7b7c97bbaf54ae4029840737248d5c42747da2a41f05,2024-25,2025-03-02,16:00,Europe/Istanbul,football_data_europe_london_converted,Kasimpasa,Galatasaray,3,3,D,,,,played,True,0,1,14,18,8,6,13,11,10,3,3,2,0,0,football_data,data/raw/football_data/2024-25.csv,230,
e7e448852afa75937bb84629ba94dcd525be3be71155950025c17cfc4dce5de3,2024-25,2025-03-02,20:30,Europe/Istanbul,football_data_europe_london_converted,Fenerbahce,Antalyaspor,3,0,H,,,,played,True,3,0,15,4,8,0,10,3,8,5,0,0,0,0,football_data,data/raw/football_data/2024-25.csv,231,
318d95ef02002d9dce8a3d9c8ca0743c1823d8c7dcdaacb23fb765e23d0fafab,2024-25,2025-03-03,16:00,Europe/Istanbul,football_data_europe_london_converted,Gaziantep FK,Eyupspor,3,1,H,,,,played,True,0,0,20,13,9,5,8,13,4,1,1,5,0,1,football_data,data/raw/football_data/2024-25.csv,232,
320f07000c3623272d88f0f5982927924755e522f811613d5c7e4c88de843e31,2024-25,2025-03-03,16:00,Europe/Istanbul,football_data_europe_london_converted,Konyaspor,Trabzonspor,1,0,H,,,,played,True,0,0,13,10,4,3,12,12,5,4,3,5,0,0,football_data,data/raw/football_data/2024-25.csv,233,
e53524c7f73c62cf0d4d587e054428d70ac13e8aec0d874def4b4edbb2e08e61,2024-25,2025-03-03,20:30,Europe/Istanbul,football_data_europe_london_converted,Goztepe,Samsunspor,2,2,D,,,,played,True,1,0,13,8,3,2,15,7,1,2,4,1,0,0,football_data,data/raw/football_data/2024-25.csv,235,
021170ca61cc5081b58af2240434622a5524d73ca4cf40d8aff557bde438155c,2024-25,2025-03-03,20:30,Europe/Istanbul,football_data_europe_london_converted,Istanbul Basaksehir,Sivasspor,1,0,H,,,,played,True,1,0,11,7,3,0,14,13,6,2,2,2,0,0,football_data,data/raw/football_data/2024-25.csv,234,
c6f7521bcf66730581c86afbcb10d88f7c5cd68d99a0efe36c0ff82a896b3f7f,2024-25,2025-03-07,20:30,Europe/Istanbul,football_data_europe_london_converted,Bodrumspor,Kasimpasa,1,0,H,,,,played,True,0,0,15,14,5,5,12,5,3,4,1,0,0,0,football_data,data/raw/football_data/2024-25.csv,236,
9ec0a1bcbbfaabe4b37d03e2ae048ceb7913061faa47bba1ef42f8062e0aae78,2024-25,2025-03-08,13:30,Europe/Istanbul,football_data_europe_london_converted,Kayserispor,Istanbul Basaksehir,3,1,H,,,,played,True,1,0,11,11,5,4,17,17,4,7,2,2,0,0,football_data,data/raw/football_data/2024-25.csv,237,
6d2cb37ec1df87334a9ca89c7652075cefe6337e6dd9735aa6854a8f8c32c440,2024-25,2025-03-08,16:00,Europe/Istanbul,football_data_europe_london_converted,Antalyaspor,Rizespor,2,1,H,,,,played,True,0,0,17,8,5,4,18,16,4,1,1,2,0,0,football_data,data/raw/football_data/2024-25.csv,238,
b06322195170a71d03108ff15c2ce27b5c5e53cea0a098264bfd3b31f2beda73,2024-25,2025-03-08,20:30,Europe/Istanbul,football_data_europe_london_converted,Trabzonspor,Hatayspor,1,2,A,,,,played,True,1,1,23,4,4,2,13,13,7,1,2,5,0,0,football_data,data/raw/football_data/2024-25.csv,239,
9851d0a83e81d3cb6628e1d31a44bc87b4e509f8654d06872bf797c772f4a641,2024-25,2025-03-09,13:30,Europe/Istanbul,football_data_europe_london_converted,Sivasspor,Goztepe,3,1,H,,,,played,True,0,1,15,10,5,3,9,12,2,5,4,5,0,1,football_data,data/raw/football_data/2024-25.csv,240,
73b94b3a52ff89924cfed93e145d123cf097630fe23694034ac8f1d8c3429b75,2024-25,2025-03-09,16:00,Europe/Istanbul,football_data_europe_london_converted,Eyupspor,Konyaspor,2,1,H,,,,played,True,1,0,7,10,5,3,19,12,5,5,6,2,1,0,football_data,data/raw/football_data/2024-25.csv,241,
11fc834f402e01064ab190d9b0b38970db0cce760a1eb171fc400545d1727b36,2024-25,2025-03-09,16:00,Europe/Istanbul,football_data_europe_london_converted,Samsunspor,Adana Demirspor,3,2,H,,,,played,True,2,1,20,7,8,4,10,8,8,2,1,2,0,0,football_data,data/raw/football_data/2024-25.csv,242,
a9bce1fbe82cbfb07ed5a77b6a5b5b0c1a034e401020a1c1f33c6afccfccdf03,2024-25,2025-03-09,20:30,Europe/Istanbul,football_data_europe_london_converted,Alanyaspor,Galatasaray,1,2,A,,,,played,True,1,0,10,18,2,6,12,15,3,4,2,7,0,1,football_data,data/raw/football_data/2024-25.csv,243,
658f5192dcecfe6b6cad5639f78d088d8012e75b4386ed816e751a7915f2929f,2024-25,2025-03-10,20:30,Europe/Istanbul,football_data_europe_london_converted,Besiktas,Gaziantep FK,1,2,A,,,,played,True,1,0,18,10,6,4,12,17,5,3,2,8,0,1,football_data,data/raw/football_data/2024-25.csv,244,
aff24afc9ce25af462249aaf942c5b6216a7b26e366258554b91f959d3207db3,2024-25,2025-03-14,20:30,Europe/Istanbul,football_data_europe_london_converted,Galatasaray,Antalyaspor,4,0,H,,,,played,True,3,0,23,6,7,1,12,14,7,4,0,3,0,0,football_data,data/raw/football_data/2024-25.csv,245,
206efda4e13106a011a0989a899d4e1102458868df5ec0c1391496450bc1f9b7,2024-25,2025-03-15,13:30,Europe/Istanbul,football_data_europe_london_converted,Gaziantep FK,Kayserispor,1,0,H,,,,played,True,0,0,14,15,2,4,12,18,3,4,2,1,0,0,football_data,data/raw/football_data/2024-25.csv,246,
f63a7ecdb9e1a25b82b5ef47dd7101b7801c8d5c83aea997e2e333578cc0702d,2024-25,2025-03-15,16:00,Europe/Istanbul,football_data_europe_london_converted,Kasimpasa,Alanyaspor,2,1,H,,,,played,True,2,1,11,15,5,2,13,12,2,6,1,1,0,0,football_data,data/raw/football_data/2024-25.csv,247,
663c015e0266f7b4e7e63448b496336e451355a316316cfb26c538c8ab3f7ac1,2024-25,2025-03-15,20:30,Europe/Istanbul,football_data_europe_london_converted,Istanbul Basaksehir,Trabzonspor,0,3,A,,,,played,True,0,1,13,9,5,4,10,13,4,2,4,2,1,0,football_data,data/raw/football_data/2024-25.csv,248,
b15fb81d5e036d2110bb365f430999f1bef4be18845946b828e90cd3b502c5d0,2024-25,2025-03-15,20:30,Europe/Istanbul,football_data_europe_london_converted,Konyaspor,Besiktas,1,0,H,,,,played,True,1,0,7,26,1,5,6,8,4,12,3,2,2,0,football_data,data/raw/football_data/2024-25.csv,249,
04e7af5dab91b8d6dad53af3e73fd0b5945a8c707e2d9e2918cd71ab81e5384f,2024-25,2025-03-16,13:30,Europe/Istanbul,football_data_europe_london_converted,Rizespor,Bodrumspor,0,2,A,,,,played,True,0,1,6,14,2,6,18,14,5,7,4,3,1,0,football_data,data/raw/football_data/2024-25.csv,250,
ed1c22a83a1f30193e25c8a5504154a0e123aa777ce12395635f47c10181d53a,2024-25,2025-03-16,16:00,Europe/Istanbul,football_data_europe_london_converted,Goztepe,Eyupspor,1,1,D,,,,played,True,0,0,13,7,4,3,16,14,4,4,4,6,0,1,football_data,data/raw/football_data/2024-25.csv,251,
4d198c9cfdbf33c6b6cc077f01908d23fae4cf827dc33f41e4d312b59a0522c5,2024-25,2025-03-16,16:00,Europe/Istanbul,football_data_europe_london_converted,Hatayspor,Sivasspor,3,2,H,,,,played,True,1,1,15,22,8,8,13,7,8,9,3,2,1,0,football_data,data/raw/football_data/2024-25.csv,252,
83d867c27e6da1de728bff3099d3acf96daef56d340bf542c02f98d41711cded,2024-25,2025-03-16,20:30,Europe/Istanbul,football_data_europe_london_converted,Fenerbahce,Samsunspor,0,0,D,,,,played,True,0,0,28,2,6,1,5,17,10,2,1,6,0,1,football_data,data/raw/football_data/2024-25.csv,253,
71ba165680940fa40ab730c537d0e40f775a6657668ce17303ef89a7b80485d5,2024-25,2025-03-28,16:00,Europe/Istanbul,football_data_europe_london_converted,Antalyaspor,Alanyaspor,2,1,H,,,,played,True,1,1,11,4,4,1,16,15,4,3,3,2,0,0,football_data,data/raw/football_data/2024-25.csv,254,
875b1ce0e45d2330dd954e9675f9e7d644fcad9db189da09e862a8b022b65fe2,2024-25,2025-03-28,16:00,Europe/Istanbul,football_data_europe_london_converted,Kayserispor,Hatayspor,5,0,H,,,,played,True,2,0,20,14,11,4,14,5,8,3,1,2,0,0,football_data,data/raw/football_data/2024-25.csv,255,
ce980558a4b247aa6a92c80175d59483537fc032b1ada1ab63eeaa5dce0fe9f3,2024-25,2025-03-28,20:30,Europe/Istanbul,football_data_europe_london_converted,Bodrumspor,Fenerbahce,2,4,A,,,,played,True,1,4,14,16,8,10,10,8,4,1,2,1,0,0,football_data,data/raw/football_data/2024-25.csv,256,
bf4c42c79a435821c7f2499ca70caf955f891629a3cbf0f279422102607d03c2,2024-25,2025-03-28,20:30,Europe/Istanbul,football_data_europe_london_converted,Konyaspor,Gaziantep FK,1,0,H,,,,played,True,0,0,14,6,4,5,16,15,2,2,4,4,0,0,football_data,data/raw/football_data/2024-25.csv,257,
75ecf3353842efa275c4273b9883394812cfaac2b00579b54d61ffe3a1750423,2024-25,2025-03-29,13:30,Europe/Istanbul,football_data_europe_london_converted,Sivasspor,Adana Demirspor,5,1,H,,,,played,True,2,1,12,7,6,3,13,8,3,6,3,1,0,0,football_data,data/raw/football_data/2024-25.csv,258,
c2e919e9ecfe84cb78439208517913d30cc5966ec21d48e013cc7736143162a8,2024-25,2025-03-29,16:00,Europe/Istanbul,football_data_europe_london_converted,Samsunspor,Kasimpasa,0,2,A,,,,played,True,0,0,13,9,5,5,7,13,2,2,1,3,0,0,football_data,data/raw/football_data/2024-25.csv,259,
4c715b12a76d11a05c2551733f00c42f8b9a78e0c458abe555765c5145f5ec58,2024-25,2025-03-29,16:00,Europe/Istanbul,football_data_europe_london_converted,Trabzonspor,Goztepe,1,1,D,,,,played,True,1,1,12,6,2,3,7,17,7,1,1,2,0,0,football_data,data/raw/football_data/2024-25.csv,260,
e0b8a9483d1294e7beb1c17c0b5ea3ac5898fd0ada03015c028cd43df7cd6dfd,2024-25,2025-03-29,20:30,Europe/Istanbul,football_data_europe_london_converted,Besiktas,Galatasaray,2,1,H,,,,played,True,1,1,20,9,6,3,14,23,9,3,3,3,1,1,football_data,data/raw/football_data/2024-25.csv,261,
01faf5419045f543d6da11feb004a2c8e290aaabfc0f64523a8469206141cc8d,2024-25,2025-03-31,20:00,Europe/Istanbul,football_data_europe_london_converted,Eyupspor,Istanbul Basaksehir,1,3,A,,,,played,True,1,1,11,12,4,7,5,18,4,3,1,1,0,0,football_data,data/raw/football_data/2024-25.csv,262,
5d2575ee918d2be0f43c5a0f2e11b61b377993893a38639bb5d66ee30a10d7f0,2024-25,2025-04-04,20:00,Europe/Istanbul,football_data_europe_london_converted,Adana Demirspor,Kayserispor,0,2,A,,,,played,True,0,1,12,10,3,7,10,14,7,7,3,3,0,1,football_data,data/raw/football_data/2024-25.csv,263,
fb8e2a0606813a96fdc5db21ef15d7ad96adeebfef73365713f8e9750e24cd45,2024-25,2025-04-05,13:30,Europe/Istanbul,football_data_europe_london_converted,Rizespor,Sivasspor,1,1,D,,,,played,True,0,0,9,13,4,3,12,6,9,2,0,0,0,0,football_data,data/raw/football_data/2024-25.csv,264,
72edfa60d03836ddb8d2788dad720927f3ccfa0aeb148828463c9ac28d3a4172,2024-25,2025-04-05,16:00,Europe/Istanbul,football_data_europe_london_converted,Istanbul Basaksehir,Konyaspor,1,0,H,,,,played,True,0,0,7,15,2,7,13,12,0,5,2,1,0,0,football_data,data/raw/football_data/2024-25.csv,265,
2098b0713811edbbb21bdccd03a82f4cd86438ca603ef061dec090b04db2751b,2024-25,2025-04-05,19:00,Europe/Istanbul,football_data_europe_london_converted,Antalyaspor,Samsunspor,2,1,H,,,,played,True,1,0,12,12,6,4,18,9,3,1,2,1,0,0,football_data,data/raw/football_data/2024-25.csv,266,
21d40c27f834b2d7f7b4b23482e15aa5af3cd6c9ba7fe9b9ed13e41fc288104d,2024-25,2025-04-06,13:30,Europe/Istanbul,football_data_europe_london_converted,Alanyaspor,Bodrumspor,0,1,A,,,,played,True,0,0,12,4,3,1,10,12,3,2,0,0,0,0,football_data,data/raw/football_data/2024-25.csv,267,
f4104543e2785748a10277f70e394f6c566d9f179c52e2656d24dc9f4d963fbd,2024-25,2025-04-06,16:00,Europe/Istanbul,football_data_europe_london_converted,Hatayspor,Eyupspor,0,1,A,,,,played,True,0,1,10,21,4,4,12,12,2,5,3,5,0,0,football_data,data/raw/football_data/2024-25.csv,268,
a9275cd09c7c559841677657d8042d60867f25bb391b2feea16c0020c048cb70,2024-25,2025-04-06,19:00,Europe/Istanbul,football_data_europe_london_converted,Fenerbahce,Trabzonspor,4,1,H,,,,played,True,0,1,21,13,8,3,8,19,2,3,2,3,0,0,football_data,data/raw/football_data/2024-25.csv,269,
b77415c80e550f3203a6cb9cceea160b21e9c7fc824dbc8914c5fa88baf17fe4,2024-25,2025-04-07,20:00,Europe/Istanbul,football_data_europe_london_converted,Goztepe,Gaziantep FK,1,1,D,,,,played,True,0,0,20,13,9,2,17,8,6,2,1,4,0,0,football_data,data/raw/football_data/2024-25.csv,270,
cdbd3c7dff06783ff2c1b2395ff09b59ff0ba110bdff3a5494d9e75fe7888a38,2024-25,2025-04-07,20:00,Europe/Istanbul,football_data_europe_london_converted,Kasimpasa,Besiktas,1,1,D,,,,played,True,1,0,18,8,4,2,11,5,4,5,5,1,0,1,football_data,data/raw/football_data/2024-25.csv,271,
28271cafa67301c0fe69895b40d4b74ef2148e75de9f555e0284776b9416d066,2024-25,2025-04-11,20:00,Europe/Istanbul,football_data_europe_london_converted,Samsunspor,Galatasaray,0,2,A,,,,played,True,0,1,5,11,0,3,11,14,0,6,2,4,0,0,football_data,data/raw/football_data/2024-25.csv,272,
24c38153b8104c506772b0a95d78e0edf15ab36067831669af7e9f68659b590a,2024-25,2025-04-12,16:00,Europe/Istanbul,football_data_europe_london_converted,Konyaspor,Goztepe,1,0,H,,,,played,True,1,0,9,18,2,3,10,12,4,6,4,1,0,0,football_data,data/raw/football_data/2024-25.csv,273,
15958149f6f634951107dcd7e91ac9eac1652d7b72c5cf18433556c8e6f84798,2024-25,2025-04-12,19:00,Europe/Istanbul,football_data_europe_london_converted,Besiktas,Istanbul Basaksehir,0,2,A,,,,played,True,0,0,12,8,3,4,16,12,3,6,1,0,0,0,football_data,data/raw/football_data/2024-25.csv,274,
7e7a5856df876315bcd092b6af87c6d60ed6a65e0d34a721e1f62e9441dc07d7,2024-25,2025-04-12,19:00,Europe/Istanbul,football_data_europe_london_converted,Bodrumspor,Antalyaspor,0,0,D,,,,played,True,0,0,9,6,2,2,15,18,3,1,1,3,0,0,football_data,data/raw/football_data/2024-25.csv,275,
26ba9cddcc2f2369b2a2a3db0bf099696f08131c2904e67adf85deec21e72225,2024-25,2025-04-13,16:00,Europe/Istanbul,football_data_europe_london_converted,Gaziantep FK,Hatayspor,2,1,H,,,,played,True,1,1,24,17,6,5,8,9,4,10,1,4,0,0,football_data,data/raw/football_data/2024-25.csv,276,
6d78d7cae0ed440af277e68af134039f54139fac51bc1cf095df076e42b384e3,2024-25,2025-04-13,16:00,Europe/Istanbul,football_data_europe_london_converted,Kayserispor,Kasimpasa,1,0,H,,,,played,True,0,0,7,10,1,4,13,14,3,8,4,1,1,0,football_data,data/raw/football_data/2024-25.csv,277,
c9e04ef890458ad86182d625708d8d37e7a585d6f97f9140ae82c147a2ba3760,2024-25,2025-04-13,19:00,Europe/Istanbul,football_data_europe_london_converted,Sivasspor,Fenerbahce,1,3,A,,,,played,True,0,1,12,17,5,7,9,13,5,6,2,2,1,0,football_data,data/raw/football_data/2024-25.csv,278,
78cfa6f8fb369658a6b62560a031cf5fc725fa5292743e8b1371a9dbddac3cc2,2024-25,2025-04-13,19:00,Europe/Istanbul,football_data_europe_london_converted,Trabzonspor,Rizespor,2,0,H,,,,played,True,2,0,17,5,7,2,15,12,4,5,3,4,0,1,football_data,data/raw/football_data/2024-25.csv,279,
f2be6f7c411bcb1862826df1cb743d1afa2615a1d2eff0eb0ea9c012fb8a4aef,2024-25,2025-04-14,20:00,Europe/Istanbul,football_data_europe_london_converted,Eyupspor,Adana Demirspor,6,0,H,,,,played,True,3,0,20,9,10,2,12,6,5,7,3,2,0,0,football_data,data/raw/football_data/2024-25.csv,280,
49aa57112ac69a9e30c9f58a860be0589f57fefc52a5a4f5cf9b39195ef6e6c2,2024-25,2025-04-18,20:00,Europe/Istanbul,football_data_europe_london_converted,Galatasaray,Bodrumspor,2,0,H,,,,played,True,1,0,35,1,14,0,8,7,16,1,1,0,0,0,football_data,data/raw/football_data/2024-25.csv,281,
76754db1e031cc12020e6bc7768def2c8d97818a3de7c60a9c646a34e56e877f,2024-25,2025-04-18,20:00,Europe/Istanbul,football_data_europe_london_converted,Hatayspor,Konyaspor,2,3,A,,,,played,True,2,1,15,14,6,5,8,13,2,3,1,1,0,0,football_data,data/raw/football_data/2024-25.csv,282,
fef629c2338d7db4d1107f77e925663b61716f2a51fcf23167c66530f3e28e3c,2024-25,2025-04-19,13:30,Europe/Istanbul,football_data_europe_london_converted,Kasimpasa,Sivasspor,3,1,H,,,,played,True,2,0,22,6,10,4,9,17,12,4,4,1,0,0,football_data,data/raw/football_data/2024-25.csv,283,
c60c5ed53be3cfb96559189cc6e5b811b7d4e97c66c89d08bc82efdf3e2c3cd9,2024-25,2025-04-19,16:00,Europe/Istanbul,football_data_europe_london_converted,Adana Demirspor,Trabzonspor,0,1,A,,,,played,True,0,1,6,9,1,3,9,12,2,4,1,0,0,0,football_data,data/raw/football_data/2024-25.csv,284,
3239eaf6a8e7b4d75f9142cfe6f44da3c9ae526147c19a31744ea2251a17dd7f,2024-25,2025-04-19,19:00,Europe/Istanbul,football_data_europe_london_converted,Goztepe,Besiktas,1,1,D,,,,played,True,0,1,16,7,7,2,12,10,5,3,3,1,0,0,football_data,data/raw/football_data/2024-25.csv,285,
54b0d504cd0db27f4ee971f6ce0e3310cf392f24f09103e80849f035e935f4c5,2024-25,2025-04-20,13:30,Europe/Istanbul,football_data_europe_london_converted,Istanbul Basaksehir,Gaziantep FK,2,1,H,,,,played,True,2,1,9,16,4,5,13,21,5,1,1,6,1,1,football_data,data/raw/football_data/2024-25.csv,286,
5c9dd134199d7ac3606a721bf9ad76a60f54d157dcf99bf6d09ca2230e7342de,2024-25,2025-04-20,16:00,Europe/Istanbul,football_data_europe_london_converted,Rizespor,Eyupspor,1,0,H,,,,played,True,0,0,11,7,3,1,11,11,9,6,0,0,0,0,football_data,data/raw/football_data/2024-25.csv,287,
3c0e56ab55215476df5f7f4ef833e9b28ebe09b64808e0b053a6aea2ff39b0e6,2024-25,2025-04-20,19:00,Europe/Istanbul,football_data_europe_london_converted,Fenerbahce,Kayserispor,3,3,D,,,,played,True,1,1,27,4,7,3,10,11,12,0,1,2,0,0,football_data,data/raw/football_data/2024-25.csv,288,
97c05bc58343fa8c222d34db498ecfdbda8c89d73a24bdc361ebdcd5e43ad32b,2024-25,2025-04-21,20:00,Europe/Istanbul,football_data_europe_london_converted,Alanyaspor,Samsunspor,1,0,H,,,,played,True,1,0,6,14,2,3,11,9,5,1,5,4,0,0,football_data,data/raw/football_data/2024-25.csv,289,
c9b3c71876333d001957b9b24be4294a75c294b4fa9ed04431d2a6d08cabb45f,2024-25,2025-04-25,20:00,Europe/Istanbul,football_data_europe_london_converted,Besiktas,Hatayspor,5,1,H,,,,played,True,1,1,16,15,8,6,7,7,4,4,0,1,0,0,football_data,data/raw/football_data/2024-25.csv,290,
ac61204910ac9ac706ebf69d470e8a1621b53c29102a9836c169aa57802df14b,2024-25,2025-04-26,16:00,Europe/Istanbul,football_data_europe_london_converted,Sivasspor,Antalyaspor,2,0,H,,,,played,True,0,0,12,9,4,2,13,12,6,4,4,3,0,0,football_data,data/raw/football_data/2024-25.csv,291,
50e5c95a78278658f91e6acb64f4dc75f42b074d9b617b95163e2d8c7c9ce3b9,2024-25,2025-04-26,19:00,Europe/Istanbul,football_data_europe_london_converted,Bodrumspor,Samsunspor,1,2,A,,,,played,True,1,2,23,6,7,4,10,20,9,6,2,5,0,0,football_data,data/raw/football_data/2024-25.csv,292,
b1b2dc438859ba715dd5724652f91b6a87264d2d13eb6adb39e59b33b98b0e9b,2024-25,2025-04-26,19:00,Europe/Istanbul,football_data_europe_london_converted,Gaziantep FK,Fenerbahce,1,3,A,,,,played,True,1,0,8,13,5,7,19,9,1,8,4,2,0,0,football_data,data/raw/football_data/2024-25.csv,293,
a65c07e7e82975abded280fe760278c98072e0770bc03e68bea1f4539011ef90,2024-25,2025-04-27,16:00,Europe/Istanbul,football_data_europe_london_converted,Konyaspor,Adana Demirspor,3,1,H,,,,played,True,0,1,26,6,8,3,12,7,11,0,3,3,0,0,football_data,data/raw/football_data/2024-25.csv,294,
5bcbcf616aa83442e30c4ac0c1d54a07cf5dfa4d4d7ef8a419ce9f67d1b63c17,2024-25,2025-04-27,16:00,Europe/Istanbul,football_data_europe_london_converted,Trabzonspor,Alanyaspor,4,3,H,,,,played,True,4,2,15,8,10,4,11,10,2,4,3,3,0,0,football_data,data/raw/football_data/2024-25.csv,295,
98b99dc907c40e7175b9ae38146b2f71a5e9015f5e19d7b91cd55520447f9bec,2024-25,2025-04-27,19:00,Europe/Istanbul,football_data_europe_london_converted,Eyupspor,Galatasaray,1,5,A,,,,played,True,0,1,8,17,3,8,12,14,3,5,2,2,0,0,football_data,data/raw/football_data/2024-25.csv,296,
6657e8353df26d07c005dcab0c833caed277834a9956a0ee69386afb4386be35,2024-25,2025-04-27,19:00,Europe/Istanbul,football_data_europe_london_converted,Kayserispor,Rizespor,1,0,H,,,,played,True,1,0,13,15,2,1,10,9,1,7,1,5,0,0,football_data,data/raw/football_data/2024-25.csv,297,
84409731317c615322ac0bee56288a451cf75093cf10fb10134f4f03853d00aa,2024-25,2025-04-28,20:00,Europe/Istanbul,football_data_europe_london_converted,Goztepe,Istanbul Basaksehir,4,1,H,,,,played,True,2,0,29,12,12,8,23,10,7,4,2,2,0,0,football_data,data/raw/football_data/2024-25.csv,298,
29912beeb83506a21effdccd6638ed9d349701f9bd460d8ec5e6a996482811ca,2024-25,2025-05-02,20:00,Europe/Istanbul,football_data_europe_london_converted,Antalyaspor,Konyaspor,1,0,H,,,,played,True,0,0,8,15,3,7,19,18,4,6,5,3,0,1,football_data,data/raw/football_data/2024-25.csv,299,
97c404e58fc266c503949593e446d8e9b50da2f274fc87f97aeb03be17437290,2024-25,2025-05-03,16:00,Europe/Istanbul,football_data_europe_london_converted,Alanyaspor,Kayserispor,1,1,D,,,,played,True,1,0,16,7,1,3,5,21,4,6,1,3,0,0,football_data,data/raw/football_data/2024-25.csv,300,
c0a662bfd533e7c61515996fc4a2f3e1fa2b61d2534982c17b972483c67a7781,2024-25,2025-05-03,16:00,Europe/Istanbul,football_data_europe_london_converted,Rizespor,Gaziantep FK,2,0,H,,,,played,True,0,0,20,14,10,3,10,10,12,6,3,0,0,0,football_data,data/raw/football_data/2024-25.csv,301,
8235b15312e0525d0d6c8c9c81b6810216d024d048b08010a4106cc6487ae90b,2024-25,2025-05-03,19:00,Europe/Istanbul,football_data_europe_london_converted,Galatasaray,Sivasspor,4,1,H,,,,played,True,4,1,26,3,10,1,7,11,3,0,1,2,0,0,football_data,data/raw/football_data/2024-25.csv,302,
6c0ebad4f0ac0e40e8b84ed01b2e33a7f1377818575c6a145d528c4c6223456a,2024-25,2025-05-03,19:00,Europe/Istanbul,football_data_europe_london_converted,Hatayspor,Istanbul Basaksehir,2,4,A,,,,played,True,1,2,8,18,4,5,14,13,4,7,4,1,0,0,football_data,data/raw/football_data/2024-25.csv,303,
878d3760faf886290eac6da107f9b8befe026a78724ae9abbbf7b1fb47133627,2024-25,2025-05-04,16:00,Europe/Istanbul,football_data_europe_london_converted,Samsunspor,Eyupspor,3,0,H,,,,played,True,1,0,18,9,4,0,11,10,5,3,1,4,0,0,football_data,data/raw/football_data/2024-25.csv,304,
3c82149fe6ee571bb6abf2c3ccef6ddaaf3618b49054f8d49fda2c19dea01665,2024-25,2025-05-04,19:00,Europe/Istanbul,football_data_europe_london_converted,Adana Demirspor,Goztepe,1,2,A,,,,played,True,1,2,12,15,3,6,8,26,3,4,3,3,0,0,football_data,data/raw/football_data/2024-25.csv,305,
70dd380fef6e31b0cfcbeb01e3f1b3b2848bdb3c34d92cd9988ca54e7030a607,2024-25,2025-05-04,19:00,Europe/Istanbul,football_data_europe_london_converted,Fenerbahce,Besiktas,0,1,A,,,,played,True,0,1,17,8,7,4,13,20,8,5,3,4,0,0,football_data,data/raw/football_data/2024-25.csv,306,
a0752203b2e739070ea74e11b229fe56633018bdf2a268c0f208ed931860fb0a,2024-25,2025-05-05,20:00,Europe/Istanbul,football_data_europe_london_converted,Kasimpasa,Trabzonspor,1,1,D,,,,played,True,1,0,14,9,6,2,19,14,12,1,5,2,0,0,football_data,data/raw/football_data/2024-25.csv,307,
90cc14b0fce171f28ba0d0198a0b5d7942f2bbb8819fe7f11dea419228fa87a0,2024-25,2025-05-09,20:00,Europe/Istanbul,football_data_europe_london_converted,Gaziantep FK,Alanyaspor,0,1,A,,,,played,True,0,0,10,8,3,4,13,13,2,0,2,2,1,0,football_data,data/raw/football_data/2024-25.csv,309,
299b45e439ce454e84f4b5a9e61dbc9ef3939f2972b90df723ffcd072c1aae60,2024-25,2025-05-09,20:00,Europe/Istanbul,football_data_europe_london_converted,Istanbul Basaksehir,Fenerbahce,1,4,A,,,,played,True,0,1,14,19,6,9,9,16,5,5,1,4,0,0,football_data,data/raw/football_data/2024-25.csv,308,
6c842c80c33ef594b9bd600e7290d47ab58d04fbcb4388c8bd2e4c5be73fe9d6,2024-25,2025-05-10,16:00,Europe/Istanbul,football_data_europe_london_converted,Eyupspor,Kasimpasa,0,3,A,,,,played,True,0,1,7,9,2,4,7,20,2,2,3,3,0,0,football_data,data/raw/football_data/2024-25.csv,310,
38ae81c7602c4fcfb4ce2535cc33f7a6b39a63452a687ae5288fe9f905c4e6dc,2024-25,2025-05-10,16:00,Europe/Istanbul,football_data_europe_london_converted,Konyaspor,Rizespor,2,1,H,,,,played,True,0,0,18,12,7,4,14,8,5,5,2,2,0,0,football_data,data/raw/football_data/2024-25.csv,311,
067f8306360628489133a99f2e5dfb2948fd80febe9640f82c2c23743902630c,2024-25,2025-05-10,19:00,Europe/Istanbul,football_data_europe_london_converted,Trabzonspor,Galatasaray,0,2,A,,,,played,True,0,0,13,19,5,10,8,12,1,9,1,2,0,0,football_data,data/raw/football_data/2024-25.csv,312,
cb09686eff0a2591ad08995f21e29ff10b0b3b4a2ff5840649bb662ec2ac30fc,2024-25,2025-05-11,16:00,Europe/Istanbul,football_data_europe_london_converted,Sivasspor,Bodrumspor,0,0,D,,,,played,True,0,0,13,7,2,0,10,10,9,5,2,4,0,0,football_data,data/raw/football_data/2024-25.csv,313,
2d86f8e409044353def1ab13ded8a3252b171adc7e7fd57235bb45a0d219c308,2024-25,2025-05-11,19:00,Europe/Istanbul,football_data_europe_london_converted,Besiktas,Adana Demirspor,4,1,H,,,,played,True,2,1,30,8,14,4,11,13,13,4,3,4,0,0,football_data,data/raw/football_data/2024-25.csv,314,
233bcd688e557e4f8a22da26a9965adb849fbbc617bca02ec2a0ea9a700e5e31,2024-25,2025-05-11,19:00,Europe/Istanbul,football_data_europe_london_converted,Goztepe,Hatayspor,1,1,D,,,,played,True,1,1,22,7,8,2,13,9,9,4,2,2,0,1,football_data,data/raw/football_data/2024-25.csv,315,
c844011a40c67be7875152910e82f6655e6f3f53591714f85278eaf523af1174,2024-25,2025-05-12,20:00,Europe/Istanbul,football_data_europe_london_converted,Kayserispor,Antalyaspor,3,1,H,,,,played,True,2,1,12,6,6,2,11,6,6,1,3,1,0,0,football_data,data/raw/football_data/2024-25.csv,316,
312dc67404d9f901b0931e9bf61303cd2233e1cea6a51440614604d3c2650ab3,2024-25,2025-05-17,19:00,Europe/Istanbul,football_data_europe_london_converted,Adana Demirspor,Hatayspor,0,5,A,,,,played,True,0,3,15,16,5,8,9,10,5,6,2,3,0,0,football_data,data/raw/football_data/2024-25.csv,317,
a02c97efcdd971719d72eefec721b136f7d7af477d04b2520fe132109c12dd1a,2024-25,2025-05-18,19:00,Europe/Istanbul,football_data_europe_london_converted,Alanyaspor,Besiktas,1,1,D,,,,played,True,1,0,11,12,4,6,10,14,4,2,0,2,0,0,football_data,data/raw/football_data/2024-25.csv,318,
445bc8d261f91ed32c3c83f2f9eea82e18d4669bef0c3823cb381e5364ce2079,2024-25,2025-05-18,19:00,Europe/Istanbul,football_data_europe_london_converted,Antalyaspor,Gaziantep FK,0,0,D,,,,played,True,0,0,8,7,3,2,10,14,5,6,2,2,0,0,football_data,data/raw/football_data/2024-25.csv,319,
62595484e5c8501aeb03134fa952d3aa550cf84617f9b095a5daeaaef4d3ee5d,2024-25,2025-05-18,19:00,Europe/Istanbul,football_data_europe_london_converted,Bodrumspor,Trabzonspor,1,1,D,,,,played,True,1,0,17,9,4,5,7,15,5,4,0,2,0,0,football_data,data/raw/football_data/2024-25.csv,320,
43f69c154724663a6ac95dac8ef9bf9315a88d0cd90f51c0efb906bf1a2d4cac,2024-25,2025-05-18,19:00,Europe/Istanbul,football_data_europe_london_converted,Fenerbahce,Eyupspor,2,1,H,,,,played,True,1,0,21,10,7,3,9,9,7,2,2,1,0,0,football_data,data/raw/football_data/2024-25.csv,321,
8a47534bdbfa91ef7dd3394bb17be8ac87a47d7b2af7ad2f7109cec4f72a671a,2024-25,2025-05-18,19:00,Europe/Istanbul,football_data_europe_london_converted,Galatasaray,Kayserispor,3,0,H,,,,played,True,2,0,24,4,5,2,13,9,5,3,4,2,0,0,football_data,data/raw/football_data/2024-25.csv,322,
521e831a0e56e554b3968fd383e24e9792fa6aedc2c39b94e834b6f749e77065,2024-25,2025-05-18,19:00,Europe/Istanbul,football_data_europe_london_converted,Kasimpasa,Istanbul Basaksehir,2,3,A,,,,played,True,1,1,19,10,7,7,18,16,6,2,4,3,0,0,football_data,data/raw/football_data/2024-25.csv,323,
1b5641adb776dc2acd0fe930914c769d2ef423eb63635a2ef7112baac56dc961,2024-25,2025-05-18,19:00,Europe/Istanbul,football_data_europe_london_converted,Rizespor,Goztepe,6,3,H,,,,played,True,2,2,11,20,8,5,11,14,2,2,0,1,0,0,football_data,data/raw/football_data/2024-25.csv,324,
f8f84912a55e7e3525083a89dfa88f09a0f514d46a10cc7ab4fa7312c414064f,2024-25,2025-05-18,19:00,Europe/Istanbul,football_data_europe_london_converted,Samsunspor,Sivasspor,1,0,H,,,,played,True,1,0,13,5,8,2,15,14,5,4,1,3,0,1,football_data,data/raw/football_data/2024-25.csv,325,
6b3e9dadc64e0a20b2cf919ba2df5f8b946ed9e57a7bf876f081c37877441509,2024-25,2025-05-24,16:00,Europe/Istanbul,football_data_europe_london_converted,Eyupspor,Antalyaspor,2,1,H,,,,played,True,2,0,7,12,5,4,10,16,2,6,1,0,0,0,football_data,data/raw/football_data/2024-25.csv,326,
1af9f2602def691d035831c646394b943eb519a013365e2794ac1c4f63f1325a,2024-25,2025-05-24,19:00,Europe/Istanbul,football_data_europe_london_converted,Gaziantep FK,Kasimpasa,2,2,D,,,,played,True,2,0,10,14,3,4,16,12,3,8,2,5,0,0,football_data,data/raw/football_data/2024-25.csv,327,
b95be3b5aa706655cb509c476177859a13df729f220d8df5667fdacc6a116117,2024-25,2025-05-24,19:00,Europe/Istanbul,football_data_europe_london_converted,Goztepe,Galatasaray,0,2,A,,,,played,True,0,0,21,15,5,3,12,9,7,6,3,0,0,0,football_data,data/raw/football_data/2024-25.csv,328,
e56f1e42bcb1f1b3efeccf80dd72423ca603816f321e5e0358d68a2cf8c6fc3d,2024-25,2025-05-25,19:00,Europe/Istanbul,football_data_europe_london_converted,Besiktas,Rizespor,1,2,A,,,,played,True,0,0,25,10,4,5,9,15,6,7,2,3,0,0,football_data,data/raw/football_data/2024-25.csv,329,
b4d31cfb8b9a8856be3a322d6c33f7e18d71a9477888cff889a7b5de93ec0942,2024-25,2025-05-25,19:00,Europe/Istanbul,football_data_europe_london_converted,Istanbul Basaksehir,Adana Demirspor,2,3,A,,,,played,True,2,1,32,8,5,4,20,11,10,0,3,4,0,1,football_data,data/raw/football_data/2024-25.csv,330,
91de8ed9f104d0590daf4cdcb7f03c7dee6e93fa855e05c2a2bfbff5f77bdbc5,2024-25,2025-05-25,19:00,Europe/Istanbul,football_data_europe_london_converted,Kayserispor,Bodrumspor,1,1,D,,,,played,True,0,1,10,17,5,6,12,13,8,6,3,2,0,0,football_data,data/raw/football_data/2024-25.csv,331,
cc7153b5e81f1b088e09d13a34adc786b6a40dcf5e176a564bda68f878e00d76,2024-25,2025-05-25,19:00,Europe/Istanbul,football_data_europe_london_converted,Konyaspor,Alanyaspor,1,2,A,,,,played,True,0,2,12,10,4,5,13,12,6,2,4,5,1,0,football_data,data/raw/football_data/2024-25.csv,332,
56f700ca3ea7b504c4224ba583dcca1cc6b65d6600830f1bc8b218cb0e8cb878,2024-25,2025-05-25,19:00,Europe/Istanbul,football_data_europe_london_converted,Trabzonspor,Samsunspor,2,2,D,,,,played,True,0,1,22,7,5,3,15,13,11,2,5,2,0,0,football_data,data/raw/football_data/2024-25.csv,333,
bab7744a0d21da08c1acfb21c3b71404d7fd832b2db8813f4e7a343df4070f5a,2024-25,2025-05-26,20:00,Europe/Istanbul,football_data_europe_london_converted,Hatayspor,Fenerbahce,4,2,H,,,,played,True,1,1,15,20,7,7,10,11,2,8,1,2,0,1,football_data,data/raw/football_data/2024-25.csv,334,
5036c4504461b5cb9bb191c1084fb00b57f3297c9e1af53493a0e2e2ef484ec6,2024-25,2025-05-30,20:00,Europe/Istanbul,football_data_europe_london_converted,Antalyaspor,Trabzonspor,0,2,A,,,,played,True,0,0,9,10,2,4,8,18,2,2,0,0,0,0,football_data,data/raw/football_data/2024-25.csv,335,
83894d6f64b874bbf213afd8c6708bfd63d2d1943d5bfeeddb6104e60e817b8a,2024-25,2025-05-30,20:00,Europe/Istanbul,football_data_europe_london_converted,Galatasaray,Istanbul Basaksehir,2,0,H,,,,played,True,1,0,20,9,9,1,16,12,4,3,2,1,0,0,football_data,data/raw/football_data/2024-25.csv,336,
a44a84bf4b678605301cd5d3350ce498c913ed186630efd98af819514af03349,2024-25,2025-05-30,20:00,Europe/Istanbul,football_data_europe_london_converted,Kasimpasa,Goztepe,1,2,A,,,,played,True,0,1,18,14,5,5,4,20,4,5,0,2,0,0,football_data,data/raw/football_data/2024-25.csv,337,
06bfb0d391a316ff9f75b7e3522b6822e4afb55c8a7a1e6ffb1a4c26a64c4c55,2024-25,2025-05-31,16:00,Europe/Istanbul,football_data_europe_london_converted,Fenerbahce,Konyaspor,2,1,H,,,,played,True,0,1,19,4,5,1,10,7,6,2,4,0,0,0,football_data,data/raw/football_data/2024-25.csv,338,
efeb880a02ad1480380f2aa9cae0942bceb3c0421e3c57f66a78992161dd4356,2024-25,2025-05-31,16:00,Europe/Istanbul,football_data_europe_london_converted,Rizespor,Hatayspor,5,2,H,,,,played,True,1,0,21,13,14,7,9,8,7,8,2,0,0,0,football_data,data/raw/football_data/2024-25.csv,339,
3982c19278516bdb8b05562da059d6308586bf01bfa4383dd10c84e770c98120,2024-25,2025-05-31,19:00,Europe/Istanbul,football_data_europe_london_converted,Adana Demirspor,Gaziantep FK,2,2,D,,,,played,True,2,1,19,20,8,10,14,12,7,2,3,0,0,0,football_data,data/raw/football_data/2024-25.csv,340,
604c7a5f5ac5264ccbbd72e9b10de4d5c63f746c106309d04ad639e5b2c3292b,2024-25,2025-05-31,19:00,Europe/Istanbul,football_data_europe_london_converted,Alanyaspor,Sivasspor,2,0,H,,,,played,True,1,0,13,7,6,0,15,9,5,2,0,0,0,0,football_data,data/raw/football_data/2024-25.csv,341,
97ea251b86c8db4da122e1ddd9c08934bd32b128b5c653f9a72003595c5f515d,2024-25,2025-06-01,19:00,Europe/Istanbul,football_data_europe_london_converted,Bodrumspor,Besiktas,0,4,A,,,,played,True,0,3,8,7,5,4,18,9,7,3,1,0,0,0,football_data,data/raw/football_data/2024-25.csv,342,
412c3343039deb89e95f8356493e7111d156296ade3a4d2d122d0140f633bd9a,2024-25,2025-06-01,19:00,Europe/Istanbul,football_data_europe_london_converted,Samsunspor,Kayserispor,2,1,H,,,,played,True,0,0,32,8,14,4,8,5,12,4,5,3,0,0,football_data,data/raw/football_data/2024-25.csv,343,
4fdf973876594ef61b94f4f4fdad1432782ceecebbdd04d2b9345cccefeab55c,2025-26,2025-08-08,21:30,Europe/Istanbul,football_data_europe_london_converted,Gaziantep FK,Galatasaray,0,3,A,,,,played,True,0,3,5,15,2,5,14,15,1,4,2,4,1,0,football_data,data/raw/football_data/2025-26.csv,2,
5db9526e9ac813c931d4a5d8155d8bc25971ec6a9367aef6ccad6b5c9d3a1605,2025-26,2025-08-09,19:00,Europe/Istanbul,football_data_europe_london_converted,Samsunspor,Genclerbirligi,2,1,H,,,,played,True,1,0,9,8,3,1,12,12,2,3,1,0,0,0,football_data,data/raw/football_data/2025-26.csv,3,
83d84cdd729b417cf4ec961674ca88dd250e59656b4784441a4c4b75fc5b351f,2025-26,2025-08-09,21:30,Europe/Istanbul,football_data_europe_london_converted,Antalyaspor,Kasimpasa,2,1,H,,,,played,True,2,1,16,10,6,2,12,21,3,3,3,4,0,0,football_data,data/raw/football_data/2025-26.csv,4,
f74a1b7e53b6561e0596158d5c2623f1878baa288b8be8615516bb31e3b83f2c,2025-26,2025-08-10,19:00,Europe/Istanbul,football_data_europe_london_converted,Rizespor,Goztepe,0,3,A,,,,played,True,0,0,13,17,1,4,9,14,3,5,2,1,0,0,football_data,data/raw/football_data/2025-26.csv,5,
065cbddc8a7030fbf180b3a1859c691094c56c55d2564759cb4f6659e8d1ed59,2025-26,2025-08-10,21:30,Europe/Istanbul,football_data_europe_london_converted,Eyupspor,Konyaspor,1,4,A,,,,played,True,0,3,16,16,3,5,9,12,8,7,2,1,0,0,football_data,data/raw/football_data/2025-26.csv,6,
c8471af3fea919c47d3e3f04a23fdd8e67bb2cfa3af93015586fd14b6c7ee53c,2025-26,2025-08-11,21:30,Europe/Istanbul,football_data_europe_london_converted,Trabzonspor,Kocaelispor,1,0,H,,,,played,True,0,0,11,12,1,2,9,16,3,5,2,0,0,0,football_data,data/raw/football_data/2025-26.csv,7,
bdf6348a0196ba849e38a6624720f069a4ec760531fe52d25503c91d8ca5f242,2025-26,2025-08-15,21:30,Europe/Istanbul,football_data_europe_london_converted,Galatasaray,Fatih Karagumruk,3,0,H,,,,played,True,1,0,28,6,8,2,11,12,10,3,0,1,0,1,football_data,data/raw/football_data/2025-26.csv,8,
835c92204b9054da68784b842a3e482905c76e6caa51bfd168a0343ad60aabfc,2025-26,2025-08-16,19:00,Europe/Istanbul,football_data_europe_london_converted,Kocaelispor,Samsunspor,0,1,A,,,,played,True,0,0,13,13,5,5,10,16,4,7,2,2,1,0,football_data,data/raw/football_data/2025-26.csv,9,
047231b8c519ab9e9835c00e110264feccda87752bd0a85b87e6b9be4d47e91f,2025-26,2025-08-16,21:30,Europe/Istanbul,football_data_europe_london_converted,Alanyaspor,Rizespor,0,0,D,,,,played,True,0,0,9,7,1,3,22,14,3,1,1,2,0,0,football_data,data/raw/football_data/2025-26.csv,10,
bf905bbf60846989ab49c433eed29b1a35c70ee3ebe31e84d066b1efb954c8e4,2025-26,2025-08-16,21:30,Europe/Istanbul,football_data_europe_london_converted,Goztepe,Fenerbahce,0,0,D,,,,played,True,0,0,12,12,2,1,24,13,3,6,6,4,1,1,football_data,data/raw/football_data/2025-26.csv,11,
fc6b61a8e54ce42b70d064fc750d403f22af4f9067245d48965f6de021ef33cc,2025-26,2025-08-17,19:00,Europe/Istanbul,football_data_europe_london_converted,Genclerbirligi,Antalyaspor,0,1,A,,,,played,True,0,0,14,8,2,4,3,9,8,3,0,2,0,0,football_data,data/raw/football_data/2025-26.csv,12,
fe01315f41b179814fd3cb943170322858a9ae5b80349f501254247c5c044327,2025-26,2025-08-17,19:00,Europe/Istanbul,football_data_europe_london_converted,Konyaspor,Gaziantep FK,3,0,H,,,,played,True,1,0,15,17,7,1,17,11,2,6,3,3,0,0,football_data,data/raw/football_data/2025-26.csv,13,
d3e01dac594b806b3cecf8b501e01bdc96bb0a7b98ea974f1f1c4dfa88a40665,2025-26,2025-08-17,21:30,Europe/Istanbul,football_data_europe_london_converted,Besiktas,Eyupspor,2,1,H,,,,played,True,1,1,18,11,9,4,14,10,10,3,2,2,0,0,football_data,data/raw/football_data/2025-26.csv,14,
822b4361714a8e4b8bd7fc184ad93e81a6acff17af6930a8b269a5d5407f0557,2025-26,2025-08-17,21:30,Europe/Istanbul,football_data_europe_london_converted,Istanbul Basaksehir,Kayserispor,1,1,D,,,,played,True,1,0,13,9,4,3,12,13,5,7,1,1,0,0,football_data,data/raw/football_data/2025-26.csv,15,
178087cce1444abd84e37f26cf0c853c594cbfd9fdad8229075d411d7648458a,2025-26,2025-08-18,21:30,Europe/Istanbul,football_data_europe_london_converted,Kasimpasa,Trabzonspor,0,1,A,,,,played,True,0,0,8,11,0,1,24,13,6,4,2,2,0,0,football_data,data/raw/football_data/2025-26.csv,16,
215179d09c8bf86cec69dc0a289ba52aa9ff0a11254ef71ed737a6024938bc76,2025-26,2025-08-22,21:30,Europe/Istanbul,football_data_europe_london_converted,Fatih Karagumruk,Goztepe,0,2,A,,,,played,True,0,1,11,16,2,7,13,19,4,6,2,2,0,0,football_data,data/raw/football_data/2025-26.csv,17,
6c580be57da5ea855e8205784cecba2b86c09b56733c14e10c43d59b4e3c989a,2025-26,2025-08-23,21:30,Europe/Istanbul,football_data_europe_london_converted,Fenerbahce,Kocaelispor,3,1,H,,,,played,True,1,1,21,7,7,1,12,15,6,0,1,3,0,0,football_data,data/raw/football_data/2025-26.csv,18,
934b50a577aac2698471e0fae16b4a13e54b6277a00ec7512798c8ba784e57c0,2025-26,2025-08-23,21:30,Europe/Istanbul,football_data_europe_london_converted,Gaziantep FK,Genclerbirligi,2,1,H,,,,played,True,1,1,25,7,4,3,12,18,10,4,3,6,0,1,football_data,data/raw/football_data/2025-26.csv,19,
9343ae3e74f390255a114b93a98ccd46fc11a9aee37287b586ba8b9cb5da1b66,2025-26,2025-08-24,19:00,Europe/Istanbul,football_data_europe_london_converted,Trabzonspor,Antalyaspor,1,0,H,,,,played,True,1,0,17,7,6,4,12,13,5,5,1,2,0,0,football_data,data/raw/football_data/2025-26.csv,20,
aa47f25d94818fcc2bd10d077cadc962ce7bc6414639a79b41330d3e226782a9,2025-26,2025-08-24,21:30,Europe/Istanbul,football_data_europe_london_converted,Kayserispor,Galatasaray,0,4,A,,,,played,True,0,1,8,20,2,9,5,8,6,3,2,2,0,0,football_data,data/raw/football_data/2025-26.csv,21,
4c68992408bd86bb14ffcc15978ce3177dc9bfb30a8a224e827c65cf3a36be49,2025-26,2025-08-25,19:00,Europe/Istanbul,football_data_europe_london_converted,Eyupspor,Alanyaspor,2,1,H,,,,played,True,1,0,5,12,3,2,19,18,0,5,3,3,0,0,football_data,data/raw/football_data/2025-26.csv,22,
0c25fcbd266294d231d6d94ea610ef4bac70acf50bbfa8b44c7528be50f803e8,2025-26,2025-08-29,21:30,Europe/Istanbul,football_data_europe_london_converted,Goztepe,Konyaspor,1,1,D,,,,played,True,0,0,18,10,8,2,17,4,5,6,2,2,0,0,football_data,data/raw/football_data/2025-26.csv,23,
03cbf3523c82e55a49fbbcf6446d02e9db4fa6662733da17c23d095c3134e7f3,2025-26,2025-08-30,19:00,Europe/Istanbul,football_data_europe_london_converted,Kasimpasa,Gaziantep FK,2,3,A,,,,played,True,0,2,20,9,6,7,15,18,3,4,4,4,0,0,football_data,data/raw/football_data/2025-26.csv,24,
7f9b85cc809a7344a04587061ae44885bb032974ed0ba3873bc9c37399945730,2025-26,2025-08-30,19:00,Europe/Istanbul,football_data_europe_london_converted,Kocaelispor,Kayserispor,1,1,D,,,,played,True,0,0,10,12,4,2,12,13,4,7,3,2,0,0,football_data,data/raw/football_data/2025-26.csv,25,
22e4fd4fe92128ff2b818a714064daf85c8d48e51b65f73c047dfb081d1ad01d,2025-26,2025-08-30,21:30,Europe/Istanbul,football_data_europe_london_converted,Antalyaspor,Fatih Karagumruk,1,2,A,,,,played,True,1,1,9,17,6,6,15,14,7,4,0,2,0,0,football_data,data/raw/football_data/2025-26.csv,26,
e6c446e32f6905d5b1221199a98add15489122cf9caa370c7e6170582b697a76,2025-26,2025-08-30,21:30,Europe/Istanbul,football_data_europe_london_converted,Galatasaray,Rizespor,3,1,H,,,,played,True,1,0,16,9,7,4,11,9,5,2,1,4,0,0,football_data,data/raw/football_data/2025-26.csv,27,
0c8b666a1b9b164261081930d2a2e8ceba27e9d40e12f35eff81f51b1bcae0da,2025-26,2025-08-31,19:00,Europe/Istanbul,football_data_europe_london_converted,Genclerbirligi,Fenerbahce,1,3,A,,,,played,True,0,3,9,13,3,3,9,15,3,3,1,0,0,0,football_data,data/raw/football_data/2025-26.csv,29,
bbc2d2a5a0b093c6f093c3f4dd1bc07d00e9ca873be5fe8eae646224ae5f3544,2025-26,2025-08-31,19:00,Europe/Istanbul,football_data_europe_london_converted,Istanbul Basaksehir,Eyupspor,0,0,D,,,,played,True,0,0,10,12,4,1,21,11,5,4,4,5,0,0,football_data,data/raw/football_data/2025-26.csv,28,
10a0b5e4da40a5dc17e8a85fda5a6ff70fca7b2b0bb32017dbd9a11a542e8262,2025-26,2025-08-31,21:30,Europe/Istanbul,football_data_europe_london_converted,Alanyaspor,Besiktas,2,0,H,,,,played,True,1,0,9,15,3,4,7,18,2,6,1,3,0,0,football_data,data/raw/football_data/2025-26.csv,30,
1d5799870a0266c7f60de94fd86ceefee4f13516f27669d38a8882192a59c096,2025-26,2025-08-31,21:30,Europe/Istanbul,football_data_europe_london_converted,Trabzonspor,Samsunspor,1,1,D,,,,played,True,1,0,9,13,3,4,7,13,2,10,1,4,0,0,football_data,data/raw/football_data/2025-26.csv,31,
c65129e6d0c9b47f89f1c60a8a946c36cf737bf0ea2fffdf32b5e5ce56541823,2025-26,2025-09-13,17:00,Europe/Istanbul,football_data_europe_london_converted,Eyupspor,Galatasaray,0,2,A,,,,played,True,0,0,9,21,2,9,9,12,6,6,2,1,0,0,football_data,data/raw/football_data/2025-26.csv,32,
eaa06a47b4b9c59cbea7dda50d14ece0720b9fd2804bc18024acbb3d2b5da640,2025-26,2025-09-13,17:00,Europe/Istanbul,football_data_europe_london_converted,Fatih Karagumruk,Kasimpasa,0,1,A,,,,played,True,0,1,14,8,3,1,8,17,6,4,0,4,0,1,football_data,data/raw/football_data/2025-26.csv,33,
257bbb313a32d284e0d12b36807bd764a037b203ab7686552d12a5dec09a72b0,2025-26,2025-09-13,17:00,Europe/Istanbul,football_data_europe_london_converted,Samsunspor,Antalyaspor,1,2,A,,,,played,True,0,1,16,6,3,4,13,10,6,2,4,2,0,0,football_data,data/raw/football_data/2025-26.csv,34,
6d02b84a2df2697abb5089e9be0bdf076da73f882ab070f9ad51316a58b877e8,2025-26,2025-09-13,20:00,Europe/Istanbul,football_data_europe_london_converted,Besiktas,Istanbul Basaksehir,2,1,H,,,,played,True,0,0,21,11,6,4,12,7,10,5,3,4,1,1,football_data,data/raw/football_data/2025-26.csv,35,
5ceef9016a6994aeceb00f2391642d9eb6210edb0dc20b673e888fb37a3e4df6,2025-26,2025-09-13,20:00,Europe/Istanbul,football_data_europe_london_converted,Konyaspor,Alanyaspor,1,2,A,,,,played,True,0,1,13,7,5,4,17,11,6,1,5,3,0,0,football_data,data/raw/football_data/2025-26.csv,36,
d08b59dca0a6d9192f62677191a556a69367a04004ba17020228a2146ef250dd,2025-26,2025-09-14,17:00,Europe/Istanbul,football_data_europe_london_converted,Kayserispor,Goztepe,1,1,D,,,,played,True,0,0,8,13,6,7,12,17,3,7,4,1,0,0,football_data,data/raw/football_data/2025-26.csv,37,
e0d077ac2b7cf3ea3b988d3acce3bef86fb3d55b6d38af761335bd22d6363e8d,2025-26,2025-09-14,19:00,Europe/Istanbul,football_data_europe_london_converted,Fenerbahce,Trabzonspor,1,0,H,,,,played,True,1,0,29,1,9,1,12,18,9,0,4,3,0,1,football_data,data/raw/football_data/2025-26.csv,38,
6cee30741d3b568c03cb0763d75f416bbc74e815eb64999783d274434664c77c,2025-26,2025-09-14,19:00,Europe/Istanbul,football_data_europe_london_converted,Gaziantep FK,Kocaelispor,2,0,H,,,,played,True,0,0,14,3,5,2,20,20,3,6,5,3,0,1,football_data,data/raw/football_data/2025-26.csv,39,
8b904e7dc854b0833d29b4647756ed5799ba8ccdc358fbc5098765693dff20e8,2025-26,2025-09-15,20:00,Europe/Istanbul,football_data_europe_london_converted,Rizespor,Genclerbirligi,1,0,H,,,,played,True,0,0,15,15,5,4,22,14,4,7,4,2,0,0,football_data,data/raw/football_data/2025-26.csv,40,
62dd4fc5695fbf6f70804b1b5b53935267231099bda4ff175f0802aa8fd06afc,2025-26,2025-09-17,20:00,Europe/Istanbul,football_data_europe_london_converted,Fatih Karagumruk,Istanbul Basaksehir,0,2,A,,,,played,True,0,0,6,4,2,1,14,16,3,4,2,2,0,0,football_data,data/raw/football_data/2025-26.csv,42,
c9348849c1243fab8d6ccba4123facf82d91c3968eccca8f85d8bdb530afb838,2025-26,2025-09-17,20:00,Europe/Istanbul,football_data_europe_london_converted,Fenerbahce,Alanyaspor,2,2,D,,,,played,True,0,1,19,5,7,2,10,11,8,0,1,2,0,0,football_data,data/raw/football_data/2025-26.csv,41,
e467577267fb610bfbdb19ecb058a007f413f5438109e74c342335fa265a25ca,2025-26,2025-09-17,20:00,Europe/Istanbul,football_data_europe_london_converted,Samsunspor,Kasimpasa,0,0,D,,,,played,True,0,0,10,17,3,4,15,15,5,4,4,3,0,0,football_data,data/raw/football_data/2025-26.csv,43,
84482879c1cbacefd4d851b010ca67c003c8993a85876838951a78bf95e46552,2025-26,2025-09-19,20:00,Europe/Istanbul,football_data_europe_london_converted,Goztepe,Besiktas,3,0,H,,,,played,True,2,0,13,13,5,2,16,12,6,5,2,1,0,0,football_data,data/raw/football_data/2025-26.csv,44,
dd922f9f687b5be583d099e473a80e8b2e523ad7504d63abd4b587443022cbcb,2025-26,2025-09-20,17:00,Europe/Istanbul,football_data_europe_london_converted,Genclerbirligi,Eyupspor,1,0,H,,,,played,True,1,0,11,20,4,2,18,14,2,4,3,2,0,0,football_data,data/raw/football_data/2025-26.csv,45,
8b187b6c5a8721bb4081073c4885b204b1ded7c7ec20b8e1db3106c32b752bf0,2025-26,2025-09-20,20:00,Europe/Istanbul,football_data_europe_london_converted,Antalyaspor,Kayserispor,1,1,D,,,,played,True,0,0,13,14,6,4,12,18,10,4,3,3,0,0,football_data,data/raw/football_data/2025-26.csv,46,
d86313e7e98097380c8c23180abbfa295235f12ca180670fe133e54f1bfe6da6,2025-26,2025-09-20,20:00,Europe/Istanbul,football_data_europe_london_converted,Trabzonspor,Gaziantep FK,1,1,D,,,,played,True,0,1,27,4,6,1,12,17,4,5,2,4,0,0,football_data,data/raw/football_data/2025-26.csv,47,
d7d2d440fdf4385a930c03e14d445c55a9c970d273b056b78f6e9008529b7f29,2025-26,2025-09-21,17:00,Europe/Istanbul,football_data_europe_london_converted,Istanbul Basaksehir,Alanyaspor,1,1,D,,,,played,True,1,0,13,13,5,6,21,14,7,4,3,3,0,0,football_data,data/raw/football_data/2025-26.csv,48,
fc67499187c957e6c07fcc04be5d601c411f57fe211e5ebc4d35062cdfbaef7b,2025-26,2025-09-21,17:00,Europe/Istanbul,football_data_europe_london_converted,Kocaelispor,Rizespor,1,1,D,,,,played,True,1,1,16,8,6,1,11,19,8,3,4,4,0,0,football_data,data/raw/football_data/2025-26.csv,49,
171a81ad23bf269275a92bf2ea83a04dec596cb2a281a4d81a2cf731d4b30f7d,2025-26,2025-09-21,20:00,Europe/Istanbul,football_data_europe_london_converted,Kasimpasa,Fenerbahce,1,1,D,,,,played,True,0,1,17,9,2,2,11,15,5,8,3,1,1,0,football_data,data/raw/football_data/2025-26.csv,50,
05b58ee8d363d1a3f24ae80dac2721305126766df5cc0ab43ead6a4b2f9825f2,2025-26,2025-09-21,20:00,Europe/Istanbul,football_data_europe_london_converted,Samsunspor,Fatih Karagumruk,3,2,H,,,,played,True,0,1,14,11,5,3,16,9,6,5,2,2,0,0,football_data,data/raw/football_data/2025-26.csv,51,
3e27e230cc8220d5a639b4d56f0905624e70b3885eb6c84b058854c5d027eab0,2025-26,2025-09-22,20:00,Europe/Istanbul,football_data_europe_london_converted,Galatasaray,Konyaspor,3,1,H,,,,played,True,2,0,13,14,7,5,19,7,4,6,1,0,0,0,football_data,data/raw/football_data/2025-26.csv,52,
22b27456cc0c1189bf255374a3d54602d8b9e81c921acfea5d445aa85cec6448,2025-26,2025-09-24,20:00,Europe/Istanbul,football_data_europe_london_converted,Kayserispor,Besiktas,0,4,A,,,,played,True,0,3,6,13,2,9,17,14,4,5,4,2,0,0,football_data,data/raw/football_data/2025-26.csv,53,
191e617a809a242681cf79f27e4b6e1021ceaff7b1ee7e2089da166549030c89,2025-26,2025-09-26,20:00,Europe/Istanbul,football_data_europe_london_converted,Alanyaspor,Galatasaray,0,1,A,,,,played,True,0,1,22,7,8,2,14,16,6,0,2,1,0,0,football_data,data/raw/football_data/2025-26.csv,54,
8efe9ab3cff431708dbdaa9ce1ec005322aedffb821c79e443db8e0231fce216,2025-26,2025-09-27,17:00,Europe/Istanbul,football_data_europe_london_converted,Eyupspor,Goztepe,0,0,D,,,,played,True,0,0,6,17,2,2,6,18,6,3,2,1,0,0,football_data,data/raw/football_data/2025-26.csv,55,
995aa4e7a4d333ec4cfa357fdf826307a5c84bcddab4c8cd10c4a02c2f3b1c6d,2025-26,2025-09-27,17:00,Europe/Istanbul,football_data_europe_london_converted,Gaziantep FK,Samsunspor,2,2,D,,,,played,True,1,2,30,9,7,3,4,22,13,7,3,6,0,1,football_data,data/raw/football_data/2025-26.csv,56,
2331ded36372a2da553d7247ac6ac7319b5e6d86c8e3a4b3c78f7ccd969f9647,2025-26,2025-09-27,20:00,Europe/Istanbul,football_data_europe_london_converted,Fatih Karagumruk,Trabzonspor,3,4,A,,,,played,True,1,3,13,22,3,11,18,13,1,7,4,1,0,0,football_data,data/raw/football_data/2025-26.csv,57,
a5bc29b5c1d0c79c3d4fd2fc3d9da0b62820daeb7bad18f8062ab1ba4d609708,2025-26,2025-09-28,17:00,Europe/Istanbul,football_data_europe_london_converted,Konyaspor,Istanbul Basaksehir,2,1,H,,,,played,True,2,0,13,17,5,4,15,7,2,11,4,0,1,0,football_data,data/raw/football_data/2025-26.csv,58,
1918f4e4b390807f0daeacf54ff9b461d28e07c16f83fb37e1dad3e8ccae8f4f,2025-26,2025-09-28,17:00,Europe/Istanbul,football_data_europe_london_converted,Rizespor,Kasimpasa,1,2,A,,,,played,True,0,1,13,8,2,2,8,17,1,4,1,2,0,0,football_data,data/raw/football_data/2025-26.csv,59,
04bc5aacf3b6b2f617ecfc1e1b93892880382ba44e14d11d17aadc685f6bb7c8,2025-26,2025-09-28,20:00,Europe/Istanbul,football_data_europe_london_converted,Fenerbahce,Antalyaspor,2,0,H,,,,played,True,0,0,19,4,11,2,19,14,5,3,4,6,0,0,football_data,data/raw/football_data/2025-26.csv,60,
b2ef0cd4f35aaeca8f7fbb5f1bb87bbd419f65cc29b820bd3cf31c5f49ce7b91,2025-26,2025-09-28,20:00,Europe/Istanbul,football_data_europe_london_converted,Kayserispor,Genclerbirligi,1,1,D,,,,played,True,0,1,23,2,6,1,16,16,10,0,4,3,0,2,football_data,data/raw/football_data/2025-26.csv,61,
befec60ea6008049f1b2e8bb0b4809d4e28a91d63ad6a6101f7fea0f0e1243a2,2025-26,2025-09-29,20:00,Europe/Istanbul,football_data_europe_london_converted,Besiktas,Kocaelispor,3,1,H,,,,played,True,2,0,13,6,6,1,18,14,3,6,1,4,0,0,football_data,data/raw/football_data/2025-26.csv,62,
c3cd9b821f47c036bbea997eb1cda5662b055b46bffecdd7f459762d3335056f,2025-26,2025-10-03,20:00,Europe/Istanbul,football_data_europe_london_converted,Antalyaspor,Rizespor,2,5,A,,,,played,True,1,2,15,14,7,7,10,16,6,2,3,4,1,0,football_data,data/raw/football_data/2025-26.csv,63,
47dfc6aad2d0ea1c0540efc83ff01ce4e18da8676e56300d22954e6f21832225,2025-26,2025-10-03,20:00,Europe/Istanbul,football_data_europe_london_converted,Trabzonspor,Kayserispor,4,0,H,,,,played,True,1,0,25,17,12,7,15,14,6,2,0,2,0,0,football_data,data/raw/football_data/2025-26.csv,64,
d8ad835d602d26180b657627c225bf1e17f82cbfba52fe0111ef887233ef6fa6,2025-26,2025-10-04,14:30,Europe/Istanbul,football_data_europe_london_converted,Genclerbirligi,Alanyaspor,2,2,D,,,,played,True,0,1,12,12,7,6,15,17,7,5,2,3,0,0,football_data,data/raw/football_data/2025-26.csv,65,
6ef90e3a8659f493b42fcadbe08ba6b95eaa5d03836f2c0656f5fafbdcb7eeba,2025-26,2025-10-04,17:00,Europe/Istanbul,football_data_europe_london_converted,Kocaelispor,Eyupspor,1,0,H,,,,played,True,0,0,9,13,4,7,18,17,3,3,3,3,0,0,football_data,data/raw/football_data/2025-26.csv,66,
3bc86eeb446459b382abddedad7959dfb0e38a86543ec99301edff36cd82084f,2025-26,2025-10-04,20:00,Europe/Istanbul,football_data_europe_london_converted,Galatasaray,Besiktas,1,1,D,,,,played,True,0,1,14,11,2,5,7,16,4,8,1,6,1,0,football_data,data/raw/football_data/2025-26.csv,67,
22f792a6dd60aba31985c87f360958e09b5be169ef21ba4a8c343e1204ec27e1,2025-26,2025-10-05,14:30,Europe/Istanbul,football_data_europe_london_converted,Kasimpasa,Konyaspor,1,1,D,,,,played,True,0,1,10,7,2,6,14,11,5,3,2,3,0,0,football_data,data/raw/football_data/2025-26.csv,68,
01e27487fbb578a403d88a14733e6431cdd47d1369ffee1adf313de27fe71fe7,2025-26,2025-10-05,17:00,Europe/Istanbul,football_data_europe_london_converted,Fatih Karagumruk,Gaziantep FK,0,2,A,,,,played,True,0,0,13,17,4,8,22,15,5,2,1,4,0,0,football_data,data/raw/football_data/2025-26.csv,69,
19be8e44f5b3c37ad356fc378997b2fe7a3978192e73a023cc3397a88a4ce50c,2025-26,2025-10-05,20:00,Europe/Istanbul,football_data_europe_london_converted,Goztepe,Istanbul Basaksehir,1,0,H,,,,played,True,1,0,9,11,2,3,22,11,6,5,2,3,0,0,football_data,data/raw/football_data/2025-26.csv,70,
8fdfadaecb1cbaece54cd3721b4b70df8aa92e0b467da9b94018aa21d0b32c5a,2025-26,2025-10-05,20:00,Europe/Istanbul,football_data_europe_london_converted,Samsunspor,Fenerbahce,0,0,D,,,,played,True,0,0,12,6,4,1,13,15,6,5,0,3,0,0,football_data,data/raw/football_data/2025-26.csv,71,
83b86d9009462a6a3144c24264f53fabc33ad7b61a72ca862a4eacdea7d4f8a2,2025-26,2025-10-18,14:30,Europe/Istanbul,football_data_europe_london_converted,Konyaspor,Kocaelispor,2,3,A,,,,played,True,0,1,12,7,3,3,15,20,3,4,4,5,0,0,football_data,data/raw/football_data/2025-26.csv,72,
834d3aa34cc3a20dec09d7fdce15f8f3a871d915e1e50b68d9d50477f2522c59,2025-26,2025-10-18,17:00,Europe/Istanbul,football_data_europe_london_converted,Besiktas,Genclerbirligi,1,2,A,,,,played,True,0,0,11,6,4,2,21,14,5,4,2,4,0,0,football_data,data/raw/football_data/2025-26.csv,73,
e543b455f744ea83adf293136e247109d5b1b9775f6e27cdb91984b1da75c72e,2025-26,2025-10-18,17:00,Europe/Istanbul,football_data_europe_london_converted,Rizespor,Trabzonspor,1,2,A,,,,played,True,1,2,22,8,3,5,18,8,7,0,3,0,0,0,football_data,data/raw/football_data/2025-26.csv,74,
11a016379c5f918b85bafd653f5599b97909e2532cb5b2844a9f1b64960f69ac,2025-26,2025-10-18,20:00,Europe/Istanbul,football_data_europe_london_converted,Istanbul Basaksehir,Galatasaray,1,2,A,,,,played,True,0,1,5,16,2,5,16,10,2,4,2,5,0,0,football_data,data/raw/football_data/2025-26.csv,75,
17a2618141bd15e2d96983e18a3d29ce2faa2e6dae32ed165fec42491df5974d,2025-26,2025-10-19,14:30,Europe/Istanbul,football_data_europe_london_converted,Kayserispor,Samsunspor,1,3,A,,,,played,True,0,1,14,13,3,5,13,11,7,5,2,3,0,0,football_data,data/raw/football_data/2025-26.csv,76,
c723634c05ec6ed9f8be787cfda254eed9dc1291fedc99d92f3e208e105b00d8,2025-26,2025-10-19,17:00,Europe/Istanbul,football_data_europe_london_converted,Alanyaspor,Goztepe,1,0,H,,,,played,True,0,0,15,11,5,6,5,13,8,4,3,5,0,0,football_data,data/raw/football_data/2025-26.csv,77,
2bbd4e3e9eb02af30da83c5c48a3daa4579d44b29daf45fd428d3cca7dfb9c63,2025-26,2025-10-19,17:00,Europe/Istanbul,football_data_europe_london_converted,Gaziantep FK,Antalyaspor,3,2,H,,,,played,True,3,0,22,7,8,4,11,15,6,5,5,6,0,0,football_data,data/raw/football_data/2025-26.csv,78,
1582b67dbe63cf72125fc1d3d57cc8736d006ed683fd73b1403b7314ad7f5d50,2025-26,2025-10-19,20:00,Europe/Istanbul,football_data_europe_london_converted,Fenerbahce,Fatih Karagumruk,2,1,H,,,,played,True,2,0,21,16,8,6,10,19,6,6,2,5,0,1,football_data,data/raw/football_data/2025-26.csv,79,
f41792b4b0d5a209f3ad0f09e207ea734e86fb206ea6b6eb8d2403fb110f7318,2025-26,2025-10-20,20:00,Europe/Istanbul,football_data_europe_london_converted,Eyupspor,Kasimpasa,2,0,H,,,,played,True,1,0,17,9,10,3,6,9,8,10,1,1,0,0,football_data,data/raw/football_data/2025-26.csv,80,
0ff69a29a553425343cb60a65781a9ecf01d85a8b2c91ba54ebb4abff8791441,2025-26,2025-10-22,20:00,Europe/Istanbul,football_data_europe_london_converted,Konyaspor,Besiktas,0,2,A,,,,played,True,0,1,22,9,3,4,7,16,17,3,1,3,0,0,football_data,data/raw/football_data/2025-26.csv,81,
3b33919e2fa72be8aec3e21da5c28be743fc29340b74a358178a255aa5162e37,2025-26,2025-10-22,20:00,Europe/Istanbul,football_data_europe_london_converted,Rizespor,Istanbul Basaksehir,0,0,D,,,,played,True,0,0,14,15,4,4,16,11,5,5,3,2,0,0,football_data,data/raw/football_data/2025-26.csv,82,
066406e8e492d26d42d0a3503a95e31825a2d385706856c94e0271231bc69aef,2025-26,2025-10-24,20:00,Europe/Istanbul,football_data_europe_london_converted,Fatih Karagumruk,Kayserispor,2,2,D,,,,played,True,1,0,10,14,3,10,16,21,1,7,2,4,0,1,football_data,data/raw/football_data/2025-26.csv,83,
0c84d8a96d3441404a2092c9d094c774369d7f52fa5f9e59b3d23168dc68c7c6,2025-26,2025-10-25,17:00,Europe/Istanbul,football_data_europe_london_converted,Kocaelispor,Alanyaspor,2,0,H,,,,played,True,0,0,14,9,5,1,16,8,4,2,0,0,0,0,football_data,data/raw/football_data/2025-26.csv,84,
0abaef3e0baac4b43c80278ddaf1afcda8fd6636758e004fac9e63e56e03b56e,2025-26,2025-10-25,20:00,Europe/Istanbul,football_data_europe_london_converted,Trabzonspor,Eyupspor,2,0,H,,,,played,True,1,0,13,10,6,4,18,12,8,3,4,1,0,0,football_data,data/raw/football_data/2025-26.csv,85,
305fc84739a41d85bea25f99c8020e6fd2715adf91e032b1a99e306ca35b0985,2025-26,2025-10-26,14:30,Europe/Istanbul,football_data_europe_london_converted,Antalyaspor,Istanbul Basaksehir,0,4,A,,,,played,True,0,2,10,19,4,9,10,15,3,8,3,2,1,0,football_data,data/raw/football_data/2025-26.csv,86,
3dafc235b203e2da6231c276d7808875afbd5a361407ae991687d0bd0faed009,2025-26,2025-10-26,17:00,Europe/Istanbul,football_data_europe_london_converted,Galatasaray,Goztepe,3,1,H,,,,played,True,1,1,27,5,13,3,8,12,8,2,1,2,0,1,football_data,data/raw/football_data/2025-26.csv,87,
a43485f6bea109789021f3ae8e43116a7bf644eecb699b7ac9eb1515805cb1ab,2025-26,2025-10-26,17:00,Europe/Istanbul,football_data_europe_london_converted,Genclerbirligi,Konyaspor,1,2,A,,,,played,True,1,1,15,16,2,6,11,17,6,5,4,3,1,0,football_data,data/raw/football_data/2025-26.csv,88,
8c8e5ce6f10c5723617d5662589f903f2b69d48e4bd6d965b9a78367e96cd644,2025-26,2025-10-26,20:00,Europe/Istanbul,football_data_europe_london_converted,Kasimpasa,Besiktas,1,1,D,,,,played,True,1,1,12,20,4,6,14,10,8,0,1,2,0,0,football_data,data/raw/football_data/2025-26.csv,89,
128fc42ae244f8cd3e89f418c0d84b64265226854d60705548687a02b2f14bd0,2025-26,2025-10-27,20:00,Europe/Istanbul,football_data_europe_london_converted,Gaziantep FK,Fenerbahce,0,4,A,,,,played,True,0,2,8,20,5,13,12,15,6,4,2,5,1,0,football_data,data/raw/football_data/2025-26.csv,90,
8645020f5b1e79ee3b30e85796a202fccc947eb7f2d1150fca8f0009e208927c,2025-26,2025-10-27,20:00,Europe/Istanbul,football_data_europe_london_converted,Samsunspor,Rizespor,1,1,D,,,,played,True,1,1,26,8,7,1,9,14,7,4,0,2,0,0,football_data,data/raw/football_data/2025-26.csv,91,
8d0a47751b21ff14139a0c477d836ade2b4dd2f9aa3db98165f3535c4f3b83e6,2025-26,2025-10-31,20:00,Europe/Istanbul,football_data_europe_london_converted,Istanbul Basaksehir,Kocaelispor,1,0,H,,,,played,True,0,0,16,11,4,6,12,18,6,5,2,2,0,0,football_data,data/raw/football_data/2025-26.csv,92,
d67ae98d622d522e4e5514e3f64908006860656e2a507e5c8394d51e24fe32ca,2025-26,2025-11-01,17:00,Europe/Istanbul,football_data_europe_london_converted,Goztepe,Genclerbirligi,1,0,H,,,,played,True,1,0,15,13,3,3,14,10,6,3,0,1,0,0,football_data,data/raw/football_data/2025-26.csv,93,
19e9c5c1a6adbcd36daf9a01645b2152621afc97bc3d2eccefc10537e389f821,2025-26,2025-11-01,20:00,Europe/Istanbul,football_data_europe_london_converted,Galatasaray,Trabzonspor,0,0,D,,,,played,True,0,0,23,9,5,2,12,9,8,4,0,1,0,1,football_data,data/raw/football_data/2025-26.csv,94,
ab0a17248dffd6770f9286acdc10305196bc33d10724daf0fcdab31da03d9829,2025-26,2025-11-02,14:30,Europe/Istanbul,football_data_europe_london_converted,Konyaspor,Samsunspor,1,3,A,,,,played,True,0,2,23,12,7,3,10,12,9,5,1,2,0,0,football_data,data/raw/football_data/2025-26.csv,95,
745cd0016fb10c4fb7872409e4e83ff354e49654c40568612590c11d22c587a4,2025-26,2025-11-02,17:00,Europe/Istanbul,football_data_europe_london_converted,Kayserispor,Kasimpasa,3,2,H,,,,played,True,2,1,11,11,3,4,12,15,4,6,3,1,0,0,football_data,data/raw/football_data/2025-26.csv,96,
2633a961df4657ef86986a3c9ca7af8ce67f11fda46095c7884945f44ea3f8eb,2025-26,2025-11-02,20:00,Europe/Istanbul,football_data_europe_london_converted,Besiktas,Fenerbahce,2,3,A,,,,played,True,2,2,9,23,3,11,8,17,1,6,1,5,1,0,football_data,data/raw/football_data/2025-26.csv,97,
7f2ca5da04e1a0a787958fe4f26bd655d4a15d34d692e88cd9683b343f2f6b94,2025-26,2025-11-03,20:00,Europe/Istanbul,football_data_europe_london_converted,Alanyaspor,Gaziantep FK,0,0,D,,,,played,True,0,0,8,13,3,3,10,13,4,4,3,0,0,0,football_data,data/raw/football_data/2025-26.csv,98,
12307dc934da8a75fbf6813421503fff2ae7364c29498389f4662faca86fbbf1,2025-26,2025-11-03,20:00,Europe/Istanbul,football_data_europe_london_converted,Eyupspor,Antalyaspor,0,1,A,,,,played,True,0,0,15,7,5,1,8,9,5,2,2,2,0,0,football_data,data/raw/football_data/2025-26.csv,99,
76e14c13ca7a4092b0803a180137dc06e7d33c0fed896440f63bfc1f5d4a8eef,2025-26,2025-11-03,20:00,Europe/Istanbul,football_data_europe_london_converted,Rizespor,Fatih Karagumruk,1,0,H,,,,played,True,0,0,13,14,4,0,14,13,4,4,3,3,0,0,football_data,data/raw/football_data/2025-26.csv,100,
bb7fa07fd3fe23b0c2a92e1431f24c8ef02441b782d733a05d78f6604c18ca24,2025-26,2025-11-07,20:00,Europe/Istanbul,football_data_europe_london_converted,Genclerbirligi,Istanbul Basaksehir,2,1,H,,,,played,True,1,0,15,19,7,3,20,8,4,9,2,3,0,0,football_data,data/raw/football_data/2025-26.csv,101,
992468899332ef65ac51bd2773569f5218dc6b705d24d276a371a69ca7adc166,2025-26,2025-11-08,14:30,Europe/Istanbul,football_data_europe_london_converted,Gaziantep FK,Rizespor,2,2,D,,,,played,True,1,1,15,11,9,3,14,15,3,2,2,2,0,0,football_data,data/raw/football_data/2025-26.csv,102,
531fe2fad19f6adefc3e53b08850805db5d4bdf028e841ce4e4897fdfe1aaf4a,2025-26,2025-11-08,17:00,Europe/Istanbul,football_data_europe_london_converted,Trabzonspor,Alanyaspor,1,1,D,,,,played,True,1,0,16,24,3,3,13,10,1,7,1,3,0,0,football_data,data/raw/football_data/2025-26.csv,103,
67a14fd00f577931ddf940f6e02aeeec2df8c5edea199a2c638b760935506757,2025-26,2025-11-08,20:00,Europe/Istanbul,football_data_europe_london_converted,Antalyaspor,Besiktas,1,3,A,,,,played,True,0,2,5,13,1,5,13,18,3,3,3,1,0,0,football_data,data/raw/football_data/2025-26.csv,104,
c40d582ac7628c8bedcd71ae391ed15ffff6ea9ac3346db841a45fdb333f58b7,2025-26,2025-11-08,20:00,Europe/Istanbul,football_data_europe_london_converted,Kasimpasa,Goztepe,0,2,A,,,,played,True,0,0,12,15,3,3,7,24,5,2,1,3,0,0,football_data,data/raw/football_data/2025-26.csv,105,
7926c4683f01c35eee598bac6f9658b0ff76e8c5ec0ad04c8970b7e5dce8c0a9,2025-26,2025-11-09,14:30,Europe/Istanbul,football_data_europe_london_converted,Fatih Karagumruk,Konyaspor,2,0,H,,,,played,True,2,0,10,12,4,3,17,11,4,7,2,2,0,0,football_data,data/raw/football_data/2025-26.csv,106,
624804fb1e9458b706abb7906789b6c6da0a8ecdce02695197b2bb35e6c2eeba,2025-26,2025-11-09,17:00,Europe/Istanbul,football_data_europe_london_converted,Kocaelispor,Galatasaray,1,0,H,,,,played,True,1,0,9,12,3,3,13,9,1,7,2,1,0,0,football_data,data/raw/football_data/2025-26.csv,107,
c37da28436118de7c67213e2b30b577d949a658c8d2e371bc41228f716096f59,2025-26,2025-11-09,20:00,Europe/Istanbul,football_data_europe_london_converted,Fenerbahce,Kayserispor,4,2,H,,,,played,True,2,0,28,5,9,3,13,7,8,2,1,3,0,0,football_data,data/raw/football_data/2025-26.csv,108,
13dc7578572e84b8d4cc6e8219bc9e0cb95c77027652e051bcbd8f61f2c7f2a5,2025-26,2025-11-09,20:00,Europe/Istanbul,football_data_europe_london_converted,Samsunspor,Eyupspor,1,0,H,,,,played,True,0,0,17,2,7,1,19,13,14,0,2,3,0,0,football_data,data/raw/football_data/2025-26.csv,109,
92abc5ed860f0cd30d27f0e1b4e3a8cee71b7f51f772958e3b45714b3270422c,2025-26,2025-11-22,14:30,Europe/Istanbul,football_data_europe_london_converted,Kayserispor,Gaziantep FK,0,3,A,,,,played,True,0,2,15,6,1,3,14,11,3,0,1,1,0,0,football_data,data/raw/football_data/2025-26.csv,110,
79ef7dd6acbb3714afbe56732badd0ad8ffe3d84b364b9fee59d9fa5cbeac413,2025-26,2025-11-22,17:00,Europe/Istanbul,football_data_europe_london_converted,Eyupspor,Fatih Karagumruk,1,1,D,,,,played,True,0,0,12,9,4,2,16,18,5,6,1,2,0,0,football_data,data/raw/football_data/2025-26.csv,111,
c818952f7c2bbb508cb2cba8bd2fcf7f0fd2d493d768964484a552a84a1f5a87,2025-26,2025-11-22,20:00,Europe/Istanbul,football_data_europe_london_converted,Galatasaray,Genclerbirligi,3,2,H,,,,played,True,0,1,28,11,9,5,11,6,4,2,3,3,1,1,football_data,data/raw/football_data/2025-26.csv,112,
76f5ab4b850ddc61c6fe4f5b5eb42f008326e1b146e5cd3b406e05a42f609551,2025-26,2025-11-23,14:30,Europe/Istanbul,football_data_europe_london_converted,Goztepe,Kocaelispor,0,0,D,,,,played,True,0,0,8,10,0,3,16,7,4,6,2,4,0,0,football_data,data/raw/football_data/2025-26.csv,113,
ddbf5e8908bfb22bd86de402046f95d4313dfedfd14bbc87c151f533f33e6ef3,2025-26,2025-11-23,17:00,Europe/Istanbul,football_data_europe_london_converted,Alanyaspor,Kasimpasa,1,2,A,,,,played,True,1,0,17,9,6,4,9,16,13,1,1,2,0,0,football_data,data/raw/football_data/2025-26.csv,114,
2935d6ffa3f431b67df5ed4c96358713154150c35b55b9d91f1fe10d29046fe8,2025-26,2025-11-23,17:00,Europe/Istanbul,football_data_europe_london_converted,Besiktas,Samsunspor,1,1,D,,,,played,True,0,0,14,14,2,6,10,17,4,3,2,2,0,0,football_data,data/raw/football_data/2025-26.csv,115,
32dc9eaa14f73f217f7af27830c20b414545cd2ba7d99c8bf90eb1fe15f6e01d,2025-26,2025-11-23,20:00,Europe/Istanbul,football_data_europe_london_converted,Rizespor,Fenerbahce,2,5,A,,,,played,True,2,0,6,28,2,14,16,6,5,9,3,1,1,0,football_data,data/raw/football_data/2025-26.csv,116,
38f3704ad237b07768470c2b0a74b71ad5f38798b491cd99064bb4d264d23a37,2025-26,2025-11-24,20:00,Europe/Istanbul,football_data_europe_london_converted,Istanbul Basaksehir,Trabzonspor,3,4,A,,,,played,True,2,1,9,22,3,12,15,11,1,10,2,2,1,0,football_data,data/raw/football_data/2025-26.csv,117,
6b8d451e7057a4f9696e2bc60978d7467552266604f1302cdc94aa6ea30f95d4,2025-26,2025-11-24,20:00,Europe/Istanbul,football_data_europe_london_converted,Konyaspor,Antalyaspor,0,0,D,,,,played,True,0,0,12,4,1,0,15,8,10,2,1,2,0,0,football_data,data/raw/football_data/2025-26.csv,118,
8b46d0e294e7c543b06ce1a6d59a317d0f9e00594f5ec7452fe508cd97ceb77f,2025-26,2025-11-28,20:00,Europe/Istanbul,football_data_europe_london_converted,Kocaelispor,Genclerbirligi,1,0,H,,,,played,True,1,0,15,5,4,0,16,15,6,1,0,0,0,0,football_data,data/raw/football_data/2025-26.csv,119,
8af5ed7722597bac07243735d0b07bf1139c38dde174873ad0056368345da07c,2025-26,2025-11-29,14:30,Europe/Istanbul,football_data_europe_london_converted,Rizespor,Kayserispor,0,1,A,,,,played,True,0,0,16,10,3,5,16,15,5,5,2,3,0,0,football_data,data/raw/football_data/2025-26.csv,120,
0fd4ba17e55fef41b5877e9c4392a364fec45a73f62c53cffac9a9ecb8f7f2e6,2025-26,2025-11-29,17:00,Europe/Istanbul,football_data_europe_london_converted,Gaziantep FK,Eyupspor,1,2,A,,,,played,True,0,1,13,17,5,7,13,18,13,6,1,4,0,0,football_data,data/raw/football_data/2025-26.csv,121,
b7deed5e0e7f7cd713e0812b5c9ef41072d873c3d4572c394b000de1f2303a94,2025-26,2025-11-29,20:00,Europe/Istanbul,football_data_europe_london_converted,Kasimpasa,Istanbul Basaksehir,1,3,A,,,,played,True,0,2,16,11,5,6,13,17,12,3,4,5,0,1,football_data,data/raw/football_data/2025-26.csv,122,
8f25660b6f8cef4dd658f2cfbbe8904aa0ff1653ea78abc9c900bb58150b0ec3,2025-26,2025-11-29,20:00,Europe/Istanbul,football_data_europe_london_converted,Trabzonspor,Konyaspor,3,1,H,,,,played,True,1,1,19,16,8,4,15,13,3,3,1,2,0,0,football_data,data/raw/football_data/2025-26.csv,123,
3da5f6bd0a3cdfcf959114f05896c37cd7cd1e71c6c86fe30460f843d2247ced,2025-26,2025-11-30,17:00,Europe/Istanbul,football_data_europe_london_converted,Antalyaspor,Goztepe,1,2,A,,,,played,True,1,0,8,16,3,8,11,20,1,4,0,2,0,0,football_data,data/raw/football_data/2025-26.csv,124,
e33868561df7db76b594be672588cc9bbada513bdc6eb4d63109c14faf37a6e8,2025-26,2025-11-30,20:00,Europe/Istanbul,football_data_europe_london_converted,Fatih Karagumruk,Besiktas,0,2,A,,,,played,True,0,1,7,27,0,12,11,11,2,9,3,0,0,0,football_data,data/raw/football_data/2025-26.csv,125,
49cbbaf064b78035cc5b47283261f842b58c6d5c11b2cca2a01cfe283063198f,2025-26,2025-12-01,20:00,Europe/Istanbul,football_data_europe_london_converted,Fenerbahce,Galatasaray,1,1,D,,,,played,True,0,1,17,6,2,2,12,22,7,3,3,4,0,0,football_data,data/raw/football_data/2025-26.csv,126,
a64cc3dae91098456d56aae5909a25c17b3b2c726fd33ea9ee18faa7fb679a07,2025-26,2025-12-01,20:00,Europe/Istanbul,football_data_europe_london_converted,Samsunspor,Alanyaspor,1,1,D,,,,played,True,1,0,7,10,1,4,28,12,3,1,3,2,1,0,football_data,data/raw/football_data/2025-26.csv,127,
97aa903eae7a5487f0f73d74da333f3e79c7db5f5f97dc8a6c1574f25083fa9c,2025-26,2025-12-05,20:00,Europe/Istanbul,football_data_europe_london_converted,Galatasaray,Samsunspor,3,2,H,,,,played,True,2,0,13,13,6,4,7,10,1,3,1,2,0,0,football_data,data/raw/football_data/2025-26.csv,128,
31cd3faa5a94956244f11c28c2f7fd9d72578c9f10d3d72ac8ba6582a3be0227,2025-26,2025-12-06,14:30,Europe/Istanbul,football_data_europe_london_converted,Eyupspor,Kayserispor,1,1,D,,,,played,True,0,0,16,8,7,3,11,15,3,1,3,5,0,1,football_data,data/raw/football_data/2025-26.csv,129,
4ad97ac938444fd62d278862752b196eb48838cfe96d7a72638207473ae7beae,2025-26,2025-12-06,17:00,Europe/Istanbul,football_data_europe_london_converted,Konyaspor,Rizespor,1,1,D,,,,played,True,0,1,11,11,3,3,7,12,4,2,1,3,0,0,football_data,data/raw/football_data/2025-26.csv,130,
5e26a4a40bf6a6e3536c8451598027bd88c53c77e970839b35a0e6cc414498bf,2025-26,2025-12-06,20:00,Europe/Istanbul,football_data_europe_london_converted,Istanbul Basaksehir,Fenerbahce,1,1,D,,,,played,True,0,0,18,10,4,2,8,13,10,8,2,3,0,0,football_data,data/raw/football_data/2025-26.csv,131,
480631ff9883ca753f7defc2aba2e2b3d82ed8bdc43103f730c0c172f15df1c4,2025-26,2025-12-07,14:30,Europe/Istanbul,football_data_europe_london_converted,Genclerbirligi,Fatih Karagumruk,3,0,H,,,,played,True,1,0,19,8,7,2,14,11,7,4,1,2,0,0,football_data,data/raw/football_data/2025-26.csv,132,
cb82d0dbd821cd0313d5247e01d84bd4ddf6a2f4847a31a268f9d2904002b234,2025-26,2025-12-07,17:00,Europe/Istanbul,football_data_europe_london_converted,Kocaelispor,Kasimpasa,0,0,D,,,,played,True,0,0,9,4,3,0,10,19,5,3,1,2,0,0,football_data,data/raw/football_data/2025-26.csv,133,
ef2ad200fba183b7425e9b1f8f7a2d7ad4545412d6b8ca1947dbd92333ee579a,2025-26,2025-12-07,20:00,Europe/Istanbul,football_data_europe_london_converted,Goztepe,Trabzonspor,1,2,A,,,,played,True,0,0,21,18,8,6,19,7,7,4,5,3,1,1,football_data,data/raw/football_data/2025-26.csv,134,
c9d6c7d320f321358d947059630432791335c419cb7cd29f294f3929b9b438a5,2025-26,2025-12-08,20:00,Europe/Istanbul,football_data_europe_london_converted,Alanyaspor,Antalyaspor,0,0,D,,,,played,True,0,0,9,6,2,3,18,19,9,4,1,1,0,0,football_data,data/raw/football_data/2025-26.csv,135,
5a54ef29c7172da8bb79bee626302e7cc36735c5d834626306cd2e7de1d3dcb5,2025-26,2025-12-08,20:00,Europe/Istanbul,football_data_europe_london_converted,Besiktas,Gaziantep FK,2,2,D,,,,played,True,1,1,29,9,13,4,21,13,10,1,4,5,0,0,football_data,data/raw/football_data/2025-26.csv,136,
c6131890b6e59ca3904e0b2d262c665eafced5c7a6256340baa30dc1eed43de6,2025-26,2025-12-12,20:00,Europe/Istanbul,football_data_europe_london_converted,Kasimpasa,Genclerbirligi,0,0,D,,,,played,True,0,0,10,6,3,1,12,16,3,2,2,3,0,0,football_data,data/raw/football_data/2025-26.csv,137,
5c2d29f971d7ffbb731c494e690e314a5ab1c014eb63d6045a760250f5b0a6cb,2025-26,2025-12-13,14:30,Europe/Istanbul,football_data_europe_london_converted,Rizespor,Eyupspor,3,0,H,,,,played,True,1,0,14,7,6,0,20,16,3,3,3,2,0,0,football_data,data/raw/football_data/2025-26.csv,138,
9ed1b83d976ca04059b3c6d98546fb5c5f3a57d9c740d0b374efd2e09040f728,2025-26,2025-12-13,17:00,Europe/Istanbul,football_data_europe_london_converted,Kayserispor,Alanyaspor,0,0,D,,,,played,True,0,0,10,15,4,5,9,12,3,8,0,2,0,0,football_data,data/raw/football_data/2025-26.csv,139,
aabdb44eed9de01eb8fd233415b4a8e940166268252acf1f5f581a3d74e75884,2025-26,2025-12-13,20:00,Europe/Istanbul,football_data_europe_london_converted,Antalyaspor,Galatasaray,1,4,A,,,,played,True,0,2,11,13,3,6,8,14,5,3,1,2,0,0,football_data,data/raw/football_data/2025-26.csv,140,
fb2cce388dd28b3476246c0c33336584c6184287f8e89b19013e5054b9fbdddd,2025-26,2025-12-14,14:30,Europe/Istanbul,football_data_europe_london_converted,Gaziantep FK,Goztepe,0,1,A,,,,played,True,0,0,19,15,3,5,12,14,8,6,3,2,0,0,football_data,data/raw/football_data/2025-26.csv,141,
328ffd9009e2fa695ce379e0d7f6b0c678ec05a63477db8792a2bdb61d513e1a,2025-26,2025-12-14,17:00,Europe/Istanbul,football_data_europe_london_converted,Fatih Karagumruk,Kocaelispor,1,1,D,,,,played,True,0,0,8,16,2,5,15,12,2,6,2,2,0,0,football_data,data/raw/football_data/2025-26.csv,142,
204229c4f4c42f2bc24b72653acbd7ae3b6a28f0987d807b69ce11267763060b,2025-26,2025-12-14,20:00,Europe/Istanbul,football_data_europe_london_converted,Samsunspor,Istanbul Basaksehir,0,2,A,,,,played,True,0,0,14,12,4,6,17,9,7,2,0,0,0,0,football_data,data/raw/football_data/2025-26.csv,143,
f20653af7a528bd4d076d6bb9c47e7a529bf5d6e9ef0132a335b05c371da930c,2025-26,2025-12-14,20:00,Europe/Istanbul,football_data_europe_london_converted,Trabzonspor,Besiktas,3,3,D,,,,played,True,1,3,34,9,13,5,7,8,7,1,2,5,0,1,football_data,data/raw/football_data/2025-26.csv,144,
b864d406423740eada0b37dd2a7734648af230fbac635bcfa3bfb3cc3f403b2a,2025-26,2025-12-15,20:00,Europe/Istanbul,football_data_europe_london_converted,Fenerbahce,Konyaspor,4,0,H,,,,played,True,3,0,17,17,9,5,15,9,4,4,2,2,0,0,football_data,data/raw/football_data/2025-26.csv,145,
d85ed37b2e0cea3774abee74925189df2048a98a7d4486d2c471739540e53a24,2025-26,2025-12-19,20:00,Europe/Istanbul,football_data_europe_london_converted,Kocaelispor,Antalyaspor,2,1,H,,,,played,True,2,1,7,6,3,1,22,19,4,2,4,3,0,0,football_data,data/raw/football_data/2025-26.csv,146,
5d034cdfb815e168a2fd054418d06b83a467251b57cf9ec2eb0e8cfd31f3a021,2025-26,2025-12-20,14:30,Europe/Istanbul,football_data_europe_london_converted,Konyaspor,Kayserispor,1,1,D,,,,played,True,0,0,16,13,3,4,13,11,3,2,3,1,0,0,football_data,data/raw/football_data/2025-26.csv,147,
ea267df7053daa5cf8081b906f7a73f444ae3cdebe658f90864fdc8cd1723b3b,2025-26,2025-12-20,17:00,Europe/Istanbul,football_data_europe_london_converted,Eyupspor,Fenerbahce,0,3,A,,,,played,True,0,2,8,23,3,7,12,13,4,5,2,1,0,0,football_data,data/raw/football_data/2025-26.csv,148,
0a45b099d19f833a4233f684ec64fe2008eaf25319a6cdef5df5d75624fc1cdb,2025-26,2025-12-20,20:00,Europe/Istanbul,football_data_europe_london_converted,Besiktas,Rizespor,1,0,H,,,,played,True,0,0,16,17,5,1,13,14,4,6,3,3,0,0,football_data,data/raw/football_data/2025-26.csv,149,
c021cc71634b2eaee94f72705be83983f423acce6239a47a7eb136a1ce148ed1,2025-26,2025-12-21,14:30,Europe/Istanbul,football_data_europe_london_converted,Alanyaspor,Fatih Karagumruk,2,0,H,,,,played,True,1,0,11,9,6,3,19,16,2,3,3,1,0,0,football_data,data/raw/football_data/2025-26.csv,150,
6cc8f715e74dd39b525db416d7063ff7691f8144023451ded2f835b3c15f07f5,2025-26,2025-12-21,20:00,Europe/Istanbul,football_data_europe_london_converted,Galatasaray,Kasimpasa,3,0,H,,,,played,True,1,0,27,1,7,0,11,13,10,1,2,1,0,0,football_data,data/raw/football_data/2025-26.csv,151,
20e2383668b28bfffab0edd16f8f45d366eb67ab0ef1ead1babaa5a9a05c5455,2025-26,2025-12-21,20:00,Europe/Istanbul,football_data_europe_london_converted,Goztepe,Samsunspor,2,0,H,,,,played,True,1,0,10,5,2,0,18,7,4,3,1,2,0,0,football_data,data/raw/football_data/2025-26.csv,152,
27fd7d34dfd77dc86230e4d12d4accb7c2795c044e76c7b7f83398e76890d78a,2025-26,2025-12-22,17:00,Europe/Istanbul,football_data_europe_london_converted,Istanbul Basaksehir,Gaziantep FK,5,1,H,,,,played,True,2,1,17,14,7,3,19,14,2,3,3,4,0,1,football_data,data/raw/football_data/2025-26.csv,153,
5e58d2ed52d4e09600466317c5509f3e168214d04d2f4d51cdcb5decb0f8beab,2025-26,2025-12-22,20:00,Europe/Istanbul,football_data_europe_london_converted,Genclerbirligi,Trabzonspor,4,3,H,,,,played,True,2,1,18,14,9,7,6,15,6,6,1,2,0,0,football_data,data/raw/football_data/2025-26.csv,154,
2ca0ed0889ad1f7e9b1df120fd8d9bf900008ed8eec96569944932e0dc0b6c36,2025-26,2026-01-17,17:00,Europe/Istanbul,football_data_europe_london_converted,Istanbul Basaksehir,Fatih Karagumruk,2,1,H,,,,played,True,1,0,12,11,6,5,17,8,5,1,2,2,0,0,football_data,data/raw/football_data/2025-26.csv,155,
7838bee45940fd7b0fcaa4cee64f69d5089f2c68a293e944f4ecd916e70e9b79,2025-26,2026-01-17,20:00,Europe/Istanbul,football_data_europe_london_converted,Galatasaray,Gaziantep FK,1,1,D,,,,played,True,0,0,17,10,3,4,17,12,10,2,3,2,0,0,football_data,data/raw/football_data/2025-26.csv,156,
1dd9635a9b109ce5fa45aa3d9ea08d553648eb10f5827eb6d1cc83386df1b3c0,2025-26,2026-01-18,14:30,Europe/Istanbul,football_data_europe_london_converted,Kasimpasa,Antalyaspor,0,0,D,,,,played,True,0,0,11,7,4,2,18,11,10,4,3,1,0,0,football_data,data/raw/football_data/2025-26.csv,157,
8de90cbf8e6a06cbe88f042b173eb34bdf1d36ccc6000e5aa2a2a0345e5f0730,2025-26,2026-01-18,17:00,Europe/Istanbul,football_data_europe_london_converted,Genclerbirligi,Samsunspor,1,1,D,,,,played,True,0,1,8,18,3,4,9,14,4,6,0,2,0,0,football_data,data/raw/football_data/2025-26.csv,158,
a9c37b5d1cbc71138fe77388fdd1eed85e471ffb53c25b31691f0c67cdae25b6,2025-26,2026-01-18,17:00,Europe/Istanbul,football_data_europe_london_converted,Kocaelispor,Trabzonspor,1,2,A,,,,played,True,1,1,15,10,5,3,16,14,4,3,1,2,0,0,football_data,data/raw/football_data/2025-26.csv,159,
df17d776be9d424f5018294c1639751d49cbb198b513f212fe55a98577a82bd5,2025-26,2026-01-18,20:00,Europe/Istanbul,football_data_europe_london_converted,Alanyaspor,Fenerbahce,2,3,A,,,,played,True,2,1,9,12,3,4,10,10,6,6,2,0,0,0,football_data,data/raw/football_data/2025-26.csv,160,
23c9bdbdb430be443f5ee0dd4f7e2c2133aa005de0154761cefa7e3a7edc72ee,2025-26,2026-01-19,17:00,Europe/Istanbul,football_data_europe_london_converted,Konyaspor,Eyupspor,1,1,D,,,,played,True,0,0,18,10,4,2,7,14,5,2,0,2,0,0,football_data,data/raw/football_data/2025-26.csv,161,
1ca2000ae515109376d0368cc96fad0520074c9886332b7530a78cb1a46cb084,2025-26,2026-01-19,20:00,Europe/Istanbul,football_data_europe_london_converted,Besiktas,Kayserispor,1,0,H,,,,played,True,0,0,31,9,9,3,12,15,9,2,2,4,0,0,football_data,data/raw/football_data/2025-26.csv,162,
878ef5da409859a6af9e5be0284145681aad231809d72ec12033f1d6d46b8aa9,2025-26,2026-01-19,20:00,Europe/Istanbul,football_data_europe_london_converted,Goztepe,Rizespor,3,1,H,,,,played,True,1,0,13,16,7,5,15,8,3,9,3,1,0,0,football_data,data/raw/football_data/2025-26.csv,163,
54d138983e8ed9561e6a6fb7ef65cd98c29e6d6f429b21f1e40bbcad949534c2,2025-26,2026-01-23,20:00,Europe/Istanbul,football_data_europe_london_converted,Trabzonspor,Kasimpasa,2,1,H,,,,played,True,0,0,14,6,3,2,18,13,3,3,2,2,0,1,football_data,data/raw/football_data/2025-26.csv,164,
e915539b3ea76a2af2ae430cbd6a4e3d2f8601faee11fa43934370aba63bbf58,2025-26,2026-01-24,14:30,Europe/Istanbul,football_data_europe_london_converted,Kayserispor,Istanbul Basaksehir,0,3,A,,,,played,True,0,1,7,13,2,7,8,18,10,4,1,0,0,0,football_data,data/raw/football_data/2025-26.csv,165,
b3a8f6adb6c1f6b6be6c121dd6c821601e0c5915f4d29b5adf3d682449ba97a9,2025-26,2026-01-24,17:00,Europe/Istanbul,football_data_europe_london_converted,Samsunspor,Kocaelispor,0,0,D,,,,played,True,0,0,16,7,1,1,13,14,9,1,1,2,0,0,football_data,data/raw/football_data/2025-26.csv,166,
0707f2f31331d3c7c4519def72c5c53a1466c9586ddebaba6b9f7e5f09f27892,2025-26,2026-01-24,20:00,Europe/Istanbul,football_data_europe_london_converted,Fatih Karagumruk,Galatasaray,1,3,A,,,,played,True,1,1,10,11,3,4,8,13,2,6,0,2,0,0,football_data,data/raw/football_data/2025-26.csv,167,
9f0472dace738baffce9f958751f35d9d464a6e682b75974715fb69e8e718e8d,2025-26,2026-01-25,14:30,Europe/Istanbul,football_data_europe_london_converted,Gaziantep FK,Konyaspor,1,1,D,,,,played,True,1,0,15,11,2,6,16,15,10,4,6,3,0,0,football_data,data/raw/football_data/2025-26.csv,168,
624dfb60431098e8ee3c383999a248fce227b89e2e3d9f236f52d824366352a7,2025-26,2026-01-25,17:00,Europe/Istanbul,football_data_europe_london_converted,Antalyaspor,Genclerbirligi,2,1,H,,,,played,True,1,1,11,12,3,2,16,20,8,2,2,3,0,0,football_data,data/raw/football_data/2025-26.csv,169,
ae0de7a8e7a8d4ba6e96c28156b19ad89edb24b894bbafc3eb695b76d404a022,2025-26,2026-01-25,17:00,Europe/Istanbul,football_data_europe_london_converted,Rizespor,Alanyaspor,1,1,D,,,,played,True,0,0,6,23,3,3,14,8,4,8,2,5,1,1,football_data,data/raw/football_data/2025-26.csv,170,
3811d7a72d2a194ecbf1da1ae3a7451b9c0f260de6649fd13668eed1423a515c,2025-26,2026-01-25,20:00,Europe/Istanbul,football_data_europe_london_converted,Fenerbahce,Goztepe,1,1,D,,,,played,True,1,1,21,14,5,4,8,22,8,4,3,4,0,0,football_data,data/raw/football_data/2025-26.csv,171,
a583331131e05040c47b66de7aafaa45c2e26744d303bfa5b8296dcf5b0a5681,2025-26,2026-01-26,20:00,Europe/Istanbul,football_data_europe_london_converted,Eyupspor,Besiktas,2,2,D,,,,played,True,0,1,15,17,4,9,10,14,3,5,3,1,0,0,football_data,data/raw/football_data/2025-26.csv,172,
af880146fe1b24f48cf66bd574440716f3267bb5ce98c8c15f8f8a0fdfbf2ac9,2025-26,2026-01-30,20:00,Europe/Istanbul,football_data_europe_london_converted,Antalyaspor,Trabzonspor,1,1,D,,,,played,True,1,0,4,14,2,4,19,12,3,9,1,2,0,0,football_data,data/raw/football_data/2025-26.csv,173,
108c594ac081f3fe4d8cb3c824d8544efcb22c7a862d14dc08bc10965efa346c,2025-26,2026-01-30,20:00,Europe/Istanbul,football_data_europe_london_converted,Kasimpasa,Samsunspor,0,1,A,,,,played,True,0,0,11,8,1,3,21,22,4,1,2,1,0,0,football_data,data/raw/football_data/2025-26.csv,174,
c75ac1ee537032704411523457de5d3f53d9ba8cd1971873274d124a3a06073e,2025-26,2026-01-31,14:30,Europe/Istanbul,football_data_europe_london_converted,Alanyaspor,Eyupspor,1,3,A,,,,played,True,1,0,17,13,6,6,10,6,2,3,2,1,0,0,football_data,data/raw/football_data/2025-26.csv,175,
e092506bf846479e5ebeb983730732f7c1f19f8f4e92bc0a1f773cb0013f46fb,2025-26,2026-01-31,17:00,Europe/Istanbul,football_data_europe_london_converted,Istanbul Basaksehir,Rizespor,2,2,D,,,,played,True,1,1,10,13,4,6,15,10,4,4,1,0,0,0,football_data,data/raw/football_data/2025-26.csv,176,
8e61fc067486db31ff8b34a7f6de86fa49a5cd35710374d4ed51d2383f76c176,2025-26,2026-01-31,20:00,Europe/Istanbul,football_data_europe_london_converted,Besiktas,Konyaspor,2,1,H,,,,played,True,1,1,22,9,10,2,16,22,8,2,2,6,1,0,football_data,data/raw/football_data/2025-26.csv,177,
6706e32b08f875840c890203b523ce3c3f61731a518f7eb72a8fff905f3fe55c,2025-26,2026-01-31,20:00,Europe/Istanbul,football_data_europe_london_converted,Goztepe,Fatih Karagumruk,2,1,H,,,,played,True,2,1,19,8,7,3,20,14,6,3,3,5,0,0,football_data,data/raw/football_data/2025-26.csv,178,
048044d1ffea8fa9aed978793819db69879f7bf479fa755a0a3a7074b90457b0,2025-26,2026-02-01,17:00,Europe/Istanbul,football_data_europe_london_converted,Genclerbirligi,Gaziantep FK,2,1,H,,,,played,True,1,0,13,14,6,5,18,13,3,2,6,1,0,0,football_data,data/raw/football_data/2025-26.csv,179,
2bf6aaa8c2e280e6b9a2ba4edc85daebf501d230cc35b15d11fdc3c32a340437,2025-26,2026-02-01,20:00,Europe/Istanbul,football_data_europe_london_converted,Galatasaray,Kayserispor,4,0,H,,,,played,True,2,0,23,9,9,3,13,11,6,4,2,5,0,0,football_data,data/raw/football_data/2025-26.csv,180,
73ef2e159ca5710d8eebf0d818db931db1c92825265a9af8ca17165b677e21e9,2025-26,2026-02-02,20:00,Europe/Istanbul,football_data_europe_london_converted,Kocaelispor,Fenerbahce,0,2,A,,,,played,True,0,1,12,9,1,5,17,14,8,3,2,3,0,0,football_data,data/raw/football_data/2025-26.csv,181,
f290a233ea709d480d81875279ac028c5ad7458b2be03e39f973c6cc3ecacc1f,2025-26,2026-02-07,14:30,Europe/Istanbul,football_data_europe_london_converted,Fatih Karagumruk,Antalyaspor,1,0,H,,,,played,True,1,0,16,9,5,2,22,13,9,4,2,5,0,0,football_data,data/raw/football_data/2025-26.csv,182,
326abf599c5f77a4cab7293030128a46f44e092c0a78c48768283b0e1c3460e2,2025-26,2026-02-07,20:00,Europe/Istanbul,football_data_europe_london_converted,Samsunspor,Trabzonspor,0,3,A,,,,played,True,0,1,11,17,0,9,14,12,8,1,2,1,0,0,football_data,data/raw/football_data/2025-26.csv,183,
fba84a399737a8f9fba444d1380d662bc28719c30128e1648000a99447301f55,2025-26,2026-02-08,14:30,Europe/Istanbul,football_data_europe_london_converted,Eyupspor,Istanbul Basaksehir,1,2,A,,,,played,True,0,1,6,26,2,11,9,15,0,7,1,1,0,0,football_data,data/raw/football_data/2025-26.csv,184,
4d89953a12547f2bae8d445ee1420ffdaa68feed02c00affba4d4ffb31241b2e,2025-26,2026-02-08,17:00,Europe/Istanbul,football_data_europe_london_converted,Konyaspor,Goztepe,0,0,D,,,,played,True,0,0,11,7,4,1,9,15,4,3,2,4,0,0,football_data,data/raw/football_data/2025-26.csv,185,
f29eb1f951e1aee9874e4b1278d8b713060b86ac8691d016f9dd0179e8a3bb64,2025-26,2026-02-08,17:00,Europe/Istanbul,football_data_europe_london_converted,Rizespor,Galatasaray,0,3,A,,,,played,True,0,1,15,19,4,5,11,13,3,3,1,1,0,0,football_data,data/raw/football_data/2025-26.csv,186,
f0aadf293a28d8e71c9dfaaacf6c054429c6281db5cfa334a5a8aed4c9f12c92,2025-26,2026-02-08,20:00,Europe/Istanbul,football_data_europe_london_converted,Besiktas,Alanyaspor,2,2,D,,,,played,True,1,2,20,7,8,3,13,15,3,3,2,4,0,0,football_data,data/raw/football_data/2025-26.csv,187,
2e0ef5693ddfaf25e8aaa3e5f9e9828fa88551f6448bc9d52ec7b8a045c65eaf,2025-26,2026-02-09,17:00,Europe/Istanbul,football_data_europe_london_converted,Kayserispor,Kocaelispor,1,2,A,,,,played,True,0,0,20,10,3,4,17,14,8,2,4,1,0,0,football_data,data/raw/football_data/2025-26.csv,188,
18c3a46e9154555bbdb95b6dc6a46115b48553bc810882ec98b1b63431805eff,2025-26,2026-02-09,20:00,Europe/Istanbul,football_data_europe_london_converted,Fenerbahce,Genclerbirligi,3,1,H,,,,played,True,3,0,19,13,7,3,9,12,7,9,2,2,0,0,football_data,data/raw/football_data/2025-26.csv,189,
d0f3828963bc89aa00163ddad20be9228f0ebfb815f34a4ac9f9597d3eeb0215,2025-26,2026-02-09,20:00,Europe/Istanbul,football_data_europe_london_converted,Gaziantep FK,Kasimpasa,2,1,H,,,,played,True,2,1,4,9,2,1,15,21,1,7,3,2,1,0,football_data,data/raw/football_data/2025-26.csv,190,
21fc9b9b30c3066675073c5f8c504030efdfc299961359aa94343698e9f46f9a,2025-26,2026-02-13,20:00,Europe/Istanbul,football_data_europe_london_converted,Antalyaspor,Samsunspor,3,1,H,,,,played,True,2,0,13,13,5,3,17,10,4,10,5,1,0,0,football_data,data/raw/football_data/2025-26.csv,191,
97ed4fd552aca6d484154f475721b06477eab9d7222fa667904a6b1a3ceb3fa6,2025-26,2026-02-13,20:00,Europe/Istanbul,football_data_europe_london_converted,Galatasaray,Eyupspor,5,1,H,,,,played,True,2,0,21,6,9,3,13,13,12,4,0,2,0,1,football_data,data/raw/football_data/2025-26.csv,192,
634ea962d5b054ae0b98c1a82ef305fb3fe0414e1b0de253e4278a7dbf288bae,2025-26,2026-02-14,14:30,Europe/Istanbul,football_data_europe_london_converted,Genclerbirligi,Rizespor,2,2,D,,,,played,True,2,0,12,15,4,6,17,14,4,11,3,4,0,0,football_data,data/raw/football_data/2025-26.csv,193,
e3646478ebb82bd423ed1b2d02af7c54ebad39ad0f199475ca867d9b86c7c1d2,2025-26,2026-02-14,17:00,Europe/Istanbul,football_data_europe_london_converted,Alanyaspor,Konyaspor,2,1,H,,,,played,True,1,0,19,9,6,2,10,17,4,3,2,4,0,0,football_data,data/raw/football_data/2025-26.csv,194,
02b8ba7255801fa3de3c02a1b280a178194b9dfd664eb8b2b80a9c129014c746,2025-26,2026-02-14,20:00,Europe/Istanbul,football_data_europe_london_converted,Trabzonspor,Fenerbahce,2,3,A,,,,played,True,2,2,17,9,8,3,16,14,7,7,4,5,0,0,football_data,data/raw/football_data/2025-26.csv,195,
abcbb26b0f97d285dd741744f7831bee5d435492a6ec9ecd64774a60d5b82024,2025-26,2026-02-15,14:30,Europe/Istanbul,football_data_europe_london_converted,Kocaelispor,Gaziantep FK,3,0,H,,,,played,True,1,0,14,7,7,3,25,17,4,2,3,5,0,1,football_data,data/raw/football_data/2025-26.csv,196,
e8d6e6d1f39bde70ee9c3788dd0c6875aa483984dd5a7c02cb20e080dd02199b,2025-26,2026-02-15,17:00,Europe/Istanbul,football_data_europe_london_converted,Goztepe,Kayserispor,0,0,D,,,,played,True,0,0,17,10,4,3,14,9,6,3,2,1,0,0,football_data,data/raw/football_data/2025-26.csv,197,
c4142484ee7ef742ad8020ea5719adc24b96ee33d6b404ff5fd6371ad72215d5,2025-26,2026-02-15,20:00,Europe/Istanbul,football_data_europe_london_converted,Istanbul Basaksehir,Besiktas,2,3,A,,,,played,True,1,1,14,13,6,4,12,13,6,3,2,2,0,0,football_data,data/raw/football_data/2025-26.csv,198,
619286ea0b052779bb9fc7a80f95b7ecb1cc6eae3e2d6c8d97250c027637aced,2025-26,2026-02-16,20:00,Europe/Istanbul,football_data_europe_london_converted,Kasimpasa,Fatih Karagumruk,3,2,H,,,,played,True,1,0,12,11,6,4,20,8,2,3,5,2,0,0,football_data,data/raw/football_data/2025-26.csv,199,
10cf851faacb34cf041f0d338ac31db1b9781cc64da9341cb3fa9c87c9e26c5d,2025-26,2026-02-20,20:00,Europe/Istanbul,football_data_europe_london_converted,Rizespor,Kocaelispor,2,0,H,,,,played,True,1,0,11,13,5,1,14,19,2,6,1,3,0,0,football_data,data/raw/football_data/2025-26.csv,200,
f54cfc2bb27e32876b314c5bff028e801af7b942d22b7fc28e46fc621a3756be,2025-26,2026-02-21,13:30,Europe/Istanbul,football_data_europe_london_converted,Eyupspor,Genclerbirligi,1,0,H,,,,played,True,0,0,10,13,7,4,13,18,3,4,1,2,0,0,football_data,data/raw/football_data/2025-26.csv,201,
def7cff21ae3262e16453b31e38cbaa4eb305e2dda806cd7da4e54b9f0f6fe45,2025-26,2026-02-21,16:00,Europe/Istanbul,football_data_europe_london_converted,Alanyaspor,Istanbul Basaksehir,1,2,A,,,,played,True,0,2,13,13,2,3,14,18,6,2,5,5,0,0,football_data,data/raw/football_data/2025-26.csv,202,
33f5eb1d51ce7f6b4fe81c585d90364c5b8949fe4e001e2b1e25478bcc397843,2025-26,2026-02-21,20:00,Europe/Istanbul,football_data_europe_london_converted,Konyaspor,Galatasaray,2,0,H,,,,played,True,0,0,9,6,2,2,13,8,3,4,4,2,0,0,football_data,data/raw/football_data/2025-26.csv,203,
30087f40ce89de46186504907489c1b9a260bd4982558da88bdf4c5b633272a4,2025-26,2026-02-22,13:30,Europe/Istanbul,football_data_europe_london_converted,Kayserispor,Antalyaspor,1,0,H,,,,played,True,0,0,15,11,5,3,12,10,5,5,3,1,0,0,football_data,data/raw/football_data/2025-26.csv,204,
dced352417025926eba40a438bc75e6795297658fbe560f1853ff136b99842d5,2025-26,2026-02-22,16:00,Europe/Istanbul,football_data_europe_london_converted,Gaziantep FK,Trabzonspor,1,2,A,,,,played,True,1,2,15,13,7,4,11,16,11,4,1,1,0,0,football_data,data/raw/football_data/2025-26.csv,205,
87433a06cc93692bb09ccaf0e7a6021117219cdf88b18d4ca72380c3144be115,2025-26,2026-02-22,20:00,Europe/Istanbul,football_data_europe_london_converted,Besiktas,Goztepe,4,0,H,,,,played,True,2,0,12,8,7,1,14,18,9,4,2,1,0,0,football_data,data/raw/football_data/2025-26.csv,206,
337db4b77181a2c4b5299e97d1385957e6a645ff7e033b61b32014bae610ec9b,2025-26,2026-02-22,20:00,Europe/Istanbul,football_data_europe_london_converted,Fatih Karagumruk,Samsunspor,0,0,D,,,,played,True,0,0,12,7,5,0,14,15,5,1,1,1,0,0,football_data,data/raw/football_data/2025-26.csv,207,
71be541846ce56f7da3124b3a173c5ab2208e7c2a1019978563347e25832f698,2025-26,2026-02-23,20:00,Europe/Istanbul,football_data_europe_london_converted,Fenerbahce,Kasimpasa,1,1,D,,,,played,True,0,0,21,5,5,3,9,16,8,1,3,7,0,1,football_data,data/raw/football_data/2025-26.csv,208,
41b8857281c4e316838dc92d18c83c051fd97684850b5b9462975a1d4db5f39c,2025-26,2026-02-27,20:00,Europe/Istanbul,football_data_europe_london_converted,Istanbul Basaksehir,Konyaspor,2,0,H,,,,played,True,0,0,12,11,4,2,14,16,5,7,3,1,0,0,football_data,data/raw/football_data/2025-26.csv,209,
10cf0eeeb6ef77331e4bdb799cf5b825806209c7e7e49bef77c76f4d97990f9e,2025-26,2026-02-27,20:00,Europe/Istanbul,football_data_europe_london_converted,Trabzonspor,Fatih Karagumruk,3,1,H,,,,played,True,1,1,13,11,6,4,8,12,5,4,1,1,0,0,football_data,data/raw/football_data/2025-26.csv,210,
3447eee5baadcf1f7010a416f81b4c124e2009b363c57d7fdaf9d017edc15fff,2025-26,2026-02-28,13:30,Europe/Istanbul,football_data_europe_london_converted,Kasimpasa,Rizespor,0,3,A,,,,played,True,0,1,13,14,4,6,18,16,2,5,0,2,0,0,football_data,data/raw/football_data/2025-26.csv,211,
a2e7a0ef95b24b025118c74f57ea206be45983de2b402d4a183f8a7941813957,2025-26,2026-02-28,16:00,Europe/Istanbul,football_data_europe_london_converted,Kocaelispor,Besiktas,0,1,A,,,,played,True,0,0,10,11,0,2,15,13,1,4,1,2,0,0,football_data,data/raw/football_data/2025-26.csv,212,
87856eec3614d93436c8c00aec35a95909fbbc7b00c179d75ccd14e0ee251de8,2025-26,2026-02-28,20:00,Europe/Istanbul,football_data_europe_london_converted,Galatasaray,Alanyaspor,3,1,H,,,,played,True,1,0,14,10,6,5,18,4,4,0,2,3,0,0,football_data,data/raw/football_data/2025-26.csv,213,
cc90b7da7895fd1cea1bd327db8b93f38ca67febc943da01d0c306e0aa2993d8,2025-26,2026-02-28,20:00,Europe/Istanbul,football_data_europe_london_converted,Goztepe,Eyupspor,0,0,D,,,,played,True,0,0,12,6,3,1,16,10,5,2,3,1,0,0,football_data,data/raw/football_data/2025-26.csv,214,
5e51ffd68713795a71f3bf26de5d54902aa3da2f589916556400defd284ec66f,2025-26,2026-03-01,16:00,Europe/Istanbul,football_data_europe_london_converted,Genclerbirligi,Kayserispor,0,0,D,,,,played,True,0,0,10,10,3,2,14,15,3,6,1,1,0,0,football_data,data/raw/football_data/2025-26.csv,215,
3bd8302697d829758a4cbabdfacf19ae3df2107e3341e90eca026073217dc1a4,2025-26,2026-03-01,20:00,Europe/Istanbul,football_data_europe_london_converted,Antalyaspor,Fenerbahce,2,2,D,,,,played,True,1,0,10,14,4,5,11,10,3,14,0,0,0,0,football_data,data/raw/football_data/2025-26.csv,216,
d1082a3dcd8930f363feb507390e0d68aa03c6fb8961f2912d7519dd3032fe5f,2025-26,2026-03-01,20:00,Europe/Istanbul,football_data_europe_london_converted,Samsunspor,Gaziantep FK,0,0,D,,,,played,True,0,0,12,6,3,0,16,13,6,2,1,3,0,0,football_data,data/raw/football_data/2025-26.csv,217,
7736c80e6345bec6e61505e0e35188c646b252b8b063d5d0f264ba6f6aae3e3d,2025-26,2026-03-07,16:00,Europe/Istanbul,football_data_europe_london_converted,Istanbul Basaksehir,Goztepe,2,1,H,,,,played,True,1,1,7,23,4,9,8,14,3,5,1,2,0,0,football_data,data/raw/football_data/2025-26.csv,218,
3e31dc7a6cef02b6c7bc48e9706757310676321306873cd6e19cfb9126e436bc,2025-26,2026-03-07,20:00,Europe/Istanbul,football_data_europe_london_converted,Besiktas,Galatasaray,0,1,A,,,,played,True,0,1,24,12,7,4,10,15,8,4,3,7,0,1,football_data,data/raw/football_data/2025-26.csv,219,
5cd41577cfe4b8aa1ef42fc532fc09791cee2aa9adee40706f4e469ff558e160,2025-26,2026-03-08,13:30,Europe/Istanbul,football_data_europe_london_converted,Gaziantep FK,Fatih Karagumruk,1,1,D,,,,played,True,0,0,14,14,7,7,14,15,6,12,3,1,0,0,football_data,data/raw/football_data/2025-26.csv,220,
e4d9018a108c5fbbd951040648e42387d455486652e2ec5b0c694183490e9e20,2025-26,2026-03-08,13:30,Europe/Istanbul,football_data_europe_london_converted,Rizespor,Antalyaspor,1,0,H,,,,played,True,1,0,13,10,7,4,12,17,2,1,3,1,0,0,football_data,data/raw/football_data/2025-26.csv,221,
a1156210083e69e12eb09861a4517ca8f48f8fbb5d3c07e7a4a14e8d1beb47e1,2025-26,2026-03-08,16:00,Europe/Istanbul,football_data_europe_london_converted,Konyaspor,Kasimpasa,1,1,D,,,,played,True,1,1,11,6,4,2,13,19,4,3,5,3,0,0,football_data,data/raw/football_data/2025-26.csv,222,
5a242a83d9bb92766e238e822acb7fb9b40b1c90707c4e1801a57ed46cdd8692,2025-26,2026-03-08,20:00,Europe/Istanbul,football_data_europe_london_converted,Fenerbahce,Samsunspor,3,2,H,,,,played,True,1,2,14,12,5,5,11,25,7,6,2,6,0,0,football_data,data/raw/football_data/2025-26.csv,223,
416192da497b506b92b991c0f78263cc4b146f0055223c0cba3ddfb12aa404a9,2025-26,2026-03-09,16:00,Europe/Istanbul,football_data_europe_london_converted,Eyupspor,Kocaelispor,0,1,A,,,,played,True,0,1,11,5,3,3,13,21,3,3,4,2,0,0,football_data,data/raw/football_data/2025-26.csv,224,
962b1aab8c8324823d0d014e952b58a328ff1953f02723a23e9ac5e46bd7ab4e,2025-26,2026-03-09,20:00,Europe/Istanbul,football_data_europe_london_converted,Alanyaspor,Genclerbirligi,0,0,D,,,,played,True,0,0,18,3,7,0,11,5,9,2,1,2,0,0,football_data,data/raw/football_data/2025-26.csv,225,
a639ce54be3efe232d898dab417ccc6a0b69c6e22ce802497e91c236ca39cc51,2025-26,2026-03-09,20:00,Europe/Istanbul,football_data_europe_london_converted,Kayserispor,Trabzonspor,1,3,A,,,,played,True,0,2,14,18,6,5,8,9,6,8,4,0,1,0,football_data,data/raw/football_data/2025-26.csv,226,
916ff12415603ecf67ec7e1d273070f23b5e5ab66e0f5276303aedb8782b9b79,2025-26,2026-03-13,20:00,Europe/Istanbul,football_data_europe_london_converted,Antalyaspor,Gaziantep FK,1,4,A,,,,played,True,0,0,12,12,4,8,15,18,5,6,4,4,0,0,football_data,data/raw/football_data/2025-26.csv,227,
34f77194aff68d187aac44b8d2f1e3886954a6bce83bee9e6fcfc77af3ecb026,2025-26,2026-03-13,20:00,Europe/Istanbul,football_data_europe_london_converted,Fatih Karagumruk,Fenerbahce,2,0,H,,,,played,True,2,0,9,16,5,3,16,7,2,14,1,3,0,0,football_data,data/raw/football_data/2025-26.csv,228,
4b0337cf5d18c3b6385dd470704f5f8fa0dacc688c10c2c9f19ebd580931cf05,2025-26,2026-03-14,13:30,Europe/Istanbul,football_data_europe_london_converted,Kocaelispor,Konyaspor,1,2,A,,,,played,True,0,0,10,19,3,7,21,4,8,7,3,1,0,0,football_data,data/raw/football_data/2025-26.csv,229,
c15422c05751af76fae613e605c1225829da2ebfd79458ba9d85c4ef0040fa54,2025-26,2026-03-14,20:00,Europe/Istanbul,football_data_europe_london_converted,Galatasaray,Istanbul Basaksehir,3,0,H,,,,played,True,0,0,19,7,6,3,13,12,9,3,0,2,0,1,football_data,data/raw/football_data/2025-26.csv,230,
1ce687aeeb32aecc747abfffedd7fcd589e3ae72599b81555d00ec11ed36f013,2025-26,2026-03-14,20:00,Europe/Istanbul,football_data_europe_london_converted,Goztepe,Alanyaspor,2,2,D,,,,played,True,1,1,13,17,5,3,19,7,5,8,3,3,0,0,football_data,data/raw/football_data/2025-26.csv,231,
4c8ac96f5fe7726825fffa2dce3ebc5140c42f6c9804079c800f7af32914e3d2,2025-26,2026-03-14,20:00,Europe/Istanbul,football_data_europe_london_converted,Trabzonspor,Rizespor,1,0,H,,,,played,True,0,0,10,11,3,3,11,14,8,4,0,2,0,0,football_data,data/raw/football_data/2025-26.csv,232,
e04f989538dacda5d7d29533d21806d170f07d0a1222b890cea9df344558c60b,2025-26,2026-03-15,16:00,Europe/Istanbul,football_data_europe_london_converted,Kasimpasa,Eyupspor,1,0,H,,,,played,True,1,0,9,8,2,1,19,13,2,2,3,2,0,0,football_data,data/raw/football_data/2025-26.csv,233,
b6e13aad09a0735451d66ca5b62825d36c28c85460a7ae2be8528b02b96fb86b,2025-26,2026-03-15,20:00,Europe/Istanbul,football_data_europe_london_converted,Genclerbirligi,Besiktas,0,2,A,,,,played,True,0,0,11,24,4,7,6,10,6,10,2,1,1,0,football_data,data/raw/football_data/2025-26.csv,234,
1d96656bf17ad7be43f845c35f162b20acfabd6543cb7ce110f85cf6d3b98855,2025-26,2026-03-15,20:00,Europe/Istanbul,football_data_europe_london_converted,Samsunspor,Kayserispor,2,1,H,,,,played,True,1,0,18,11,8,2,13,14,7,8,1,0,0,0,football_data,data/raw/football_data/2025-26.csv,235,
f1c3d48baa39e579c52220de9b68943b9c49426fe3b1bf1ebdc130064bbc5943,2025-26,2026-03-17,20:00,Europe/Istanbul,football_data_europe_london_converted,Fenerbahce,Gaziantep FK,4,1,H,,,,played,True,1,0,18,11,8,4,10,14,11,7,1,0,0,0,football_data,data/raw/football_data/2025-26.csv,236,
6af4f7a8d14aedcc217a83f98ab5c655b82af862b7bfd52382289da502791f69,2025-26,2026-03-18,16:00,Europe/Istanbul,football_data_europe_london_converted,Alanyaspor,Kocaelispor,5,0,H,,,,played,True,2,0,10,6,6,1,14,14,3,3,0,3,0,0,football_data,data/raw/football_data/2025-26.csv,237,
7383a6eae939b0dfc29314e5249e2682b8615cdc8dac372858968c88476bee17,2025-26,2026-03-18,20:00,Europe/Istanbul,football_data_europe_london_converted,Eyupspor,Trabzonspor,0,1,A,,,,played,True,0,0,7,10,1,3,17,15,1,5,3,1,0,0,football_data,data/raw/football_data/2025-26.csv,239,
5c737f37c542f9ee04175934becf39ddc19bd5b0d77a0df25274eb53f8e80780,2025-26,2026-03-18,20:00,Europe/Istanbul,football_data_europe_london_converted,Istanbul Basaksehir,Antalyaspor,0,0,D,,,,played,True,0,0,17,7,6,4,12,18,2,3,3,4,0,0,football_data,data/raw/football_data/2025-26.csv,238,
0b788ea031cac29bf7b87df0bf84bce9af9e4e2f78303d7af6b060838ef84127,2025-26,2026-03-19,16:00,Europe/Istanbul,football_data_europe_london_converted,Kayserispor,Fatih Karagumruk,1,0,H,,,,played,True,0,0,16,6,5,1,21,8,3,1,2,1,0,1,football_data,data/raw/football_data/2025-26.csv,240,
e7e4590270d014ebf1b9c6e863a6f90e6e2d697ac3e75aaa5b885ed9c9ad6c8b,2025-26,2026-03-19,20:00,Europe/Istanbul,football_data_europe_london_converted,Besiktas,Kasimpasa,2,1,H,,,,played,True,2,0,14,6,6,1,20,14,2,3,3,5,0,0,football_data,data/raw/football_data/2025-26.csv,241,
a5cdfc49672228ad130bcca43e202ec6ad602fd553c3fb73cf8e126a2e2f7609,2025-26,2026-03-19,20:00,Europe/Istanbul,football_data_europe_london_converted,Konyaspor,Genclerbirligi,1,0,H,,,,played,True,1,0,14,3,6,1,11,13,7,3,2,1,0,0,football_data,data/raw/football_data/2025-26.csv,242,
985b9f3f31a8d493358d236bb270179bf97a368876592e09166a4dd440c2c08c,2025-26,2026-04-04,14:30,Europe/Istanbul,football_data_europe_london_converted,Genclerbirligi,Goztepe,0,2,A,,,,played,True,0,1,11,9,0,3,14,17,6,5,3,4,0,0,football_data,data/raw/football_data/2025-26.csv,243,
c6777cd02fb496ccca15a045c467c681a0387911ae15b45bc50af8b4582b18d7,2025-26,2026-04-04,14:30,Europe/Istanbul,football_data_europe_london_converted,Kasimpasa,Kayserispor,2,0,H,,,,played,True,1,0,8,5,3,1,18,14,1,10,1,2,1,0,football_data,data/raw/football_data/2025-26.csv,244,
c29ef9ec6898215eab1ecd8a8856ad6d33fc95a0f8cb1cd3e6f8d092cccfc1f8,2025-26,2026-04-04,17:00,Europe/Istanbul,football_data_europe_london_converted,Gaziantep FK,Alanyaspor,1,1,D,,,,played,True,0,1,15,8,5,3,16,20,2,2,2,3,0,0,football_data,data/raw/football_data/2025-26.csv,245,
0ead927959f7f3e36fb292ed84f3701d11a2a0607c6b1a7a520dcca7308fbbca,2025-26,2026-04-04,20:00,Europe/Istanbul,football_data_europe_london_converted,Trabzonspor,Galatasaray,2,1,H,,,,played,True,1,0,13,19,4,3,12,15,3,10,4,4,0,1,football_data,data/raw/football_data/2025-26.csv,246,
9b8c0b04207275509ea76ff902deba7877cc3cf7634f23890caaa98897906479,2025-26,2026-04-05,14:30,Europe/Istanbul,football_data_europe_london_converted,Fatih Karagumruk,Rizespor,2,1,H,,,,played,True,1,0,10,11,5,2,15,21,0,3,1,2,0,0,football_data,data/raw/football_data/2025-26.csv,247,
dcd4c6549b7d94c85b38e670dab246bf78ad26d0c2ed357c625887480ccf30c7,2025-26,2026-04-05,14:30,Europe/Istanbul,football_data_europe_london_converted,Samsunspor,Konyaspor,2,2,D,,,,played,True,1,1,18,9,7,2,12,14,8,2,1,4,0,1,football_data,data/raw/football_data/2025-26.csv,248,
a6603c1667948af52c60b2dc2b73c9f00ff51f68948b9b22bbc3be3e443175bc,2025-26,2026-04-05,17:00,Europe/Istanbul,football_data_europe_london_converted,Antalyaspor,Eyupspor,3,0,H,,,,played,True,0,0,20,8,6,0,24,13,8,4,5,7,0,1,football_data,data/raw/football_data/2025-26.csv,249,
3a6ebcb0e0197255dcaa563404b603e04646c85a585bbfe7cbaba92130072b67,2025-26,2026-04-05,20:00,Europe/Istanbul,football_data_europe_london_converted,Fenerbahce,Besiktas,1,0,H,,,,played,True,0,0,13,14,6,2,13,19,10,5,3,5,0,0,football_data,data/raw/football_data/2025-26.csv,250,
28fcbe972747928fa2431c9286636358b8a73c178861831409bddeaa73fca035,2025-26,2026-04-06,20:00,Europe/Istanbul,football_data_europe_london_converted,Kocaelispor,Istanbul Basaksehir,0,0,D,,,,played,True,0,0,11,13,1,2,10,7,1,8,0,1,0,0,football_data,data/raw/football_data/2025-26.csv,251,
33155759384da75891e8387b57c9393e54099781596170c0e752766365f2686b,2025-26,2026-04-08,20:00,Europe/Istanbul,football_data_europe_london_converted,Goztepe,Galatasaray,1,3,A,,,,played,True,0,2,17,7,6,4,13,9,4,2,0,1,0,0,football_data,data/raw/football_data/2025-26.csv,252,
878d42d7fafba8c3855b18bedc4534e7e206a8cae516006b59873940bcdaa6c0,2025-26,2026-04-09,20:00,Europe/Istanbul,football_data_europe_london_converted,Rizespor,Samsunspor,4,1,H,,,,played,True,3,0,13,15,6,4,16,16,5,11,2,1,0,0,football_data,data/raw/football_data/2025-26.csv,253,
69d8255ee1bbf633e8a0faf00c5c70b43fa23e05d5e0ead18678d998aa3cf2dc,2025-26,2026-04-10,20:00,Europe/Istanbul,football_data_europe_london_converted,Besiktas,Antalyaspor,4,2,H,,,,played,True,3,1,21,11,12,4,13,11,10,6,1,2,0,0,football_data,data/raw/football_data/2025-26.csv,254,
f76c4789fe8f2da6ad7fe1baf70f23f785918f6a22c67738aae33ddb35b33ae6,2025-26,2026-04-11,14:30,Europe/Istanbul,football_data_europe_london_converted,Istanbul Basaksehir,Genclerbirligi,3,0,H,,,,played,True,3,0,21,12,10,3,19,14,4,2,2,1,0,0,football_data,data/raw/football_data/2025-26.csv,255,
47c5a7f10fd2dc84cdb76d6b21cbeaf8227b0c9132dfada1cd43a74a7097076b,2025-26,2026-04-11,17:00,Europe/Istanbul,football_data_europe_london_converted,Alanyaspor,Trabzonspor,1,1,D,,,,played,True,0,0,8,17,2,3,8,13,2,5,3,1,0,0,football_data,data/raw/football_data/2025-26.csv,256,
d0b0843ab11bb0a07f62d29e52a07933d96d94f995770a3df6b2a74a5f2eb61d,2025-26,2026-04-11,20:00,Europe/Istanbul,football_data_europe_london_converted,Kayserispor,Fenerbahce,0,4,A,,,,played,True,0,1,11,18,3,7,19,11,4,5,3,3,0,0,football_data,data/raw/football_data/2025-26.csv,257,
248a30c584476a08ba561933f7ed56965428a58780bf4114a92b2ed5ed7c7278,2025-26,2026-04-12,14:30,Europe/Istanbul,football_data_europe_london_converted,Konyaspor,Fatih Karagumruk,3,0,H,,,,played,True,2,0,10,11,7,3,16,8,3,4,1,1,0,0,football_data,data/raw/football_data/2025-26.csv,258,
a1c3290d08ae6c74ea0ee95b0d10d842fc7079de9a84f48f39b56a77de611f6b,2025-26,2026-04-12,17:00,Europe/Istanbul,football_data_europe_london_converted,Goztepe,Kasimpasa,3,3,D,,,,played,True,1,1,18,8,6,4,15,12,4,2,3,5,0,1,football_data,data/raw/football_data/2025-26.csv,259,
988cb4b85042c7836f3809686fba0f3e1e656beffa561ea658fc6b18410a8016,2025-26,2026-04-12,20:00,Europe/Istanbul,football_data_europe_london_converted,Galatasaray,Kocaelispor,1,1,D,,,,played,True,1,0,13,8,6,3,15,13,4,1,0,1,0,0,football_data,data/raw/football_data/2025-26.csv,260,
a955dd7daadf7304c5a2f5f8466a9609cf2b313e321e69f924f496de08d5b149,2025-26,2026-04-13,20:00,Europe/Istanbul,football_data_europe_london_converted,Eyupspor,Samsunspor,1,2,A,,,,played,True,1,0,9,13,2,4,11,14,2,7,4,3,1,0,football_data,data/raw/football_data/2025-26.csv,261,
073c1ba9e7e1e636810d368031513e7e7b6c9e92a99492869753b34e8b5c32e3,2025-26,2026-04-13,20:00,Europe/Istanbul,football_data_europe_london_converted,Rizespor,Gaziantep FK,2,1,H,,,,played,True,0,1,24,10,7,6,13,17,9,1,2,4,0,0,football_data,data/raw/football_data/2025-26.csv,262,
36aa7048e91e4895c699358bcd7a15bf9afec07209cc798ab57b5d49a2b3e0ab,2025-26,2026-04-17,20:00,Europe/Istanbul,football_data_europe_london_converted,Antalyaspor,Konyaspor,0,2,A,,,,played,True,0,0,13,9,5,4,8,21,10,1,3,5,0,0,football_data,data/raw/football_data/2025-26.csv,263,
a12264c178dd962f7efc664df429703bb375225b9c6262d83b1904a0961e08dc,2025-26,2026-04-17,20:00,Europe/Istanbul,football_data_europe_london_converted,Fenerbahce,Rizespor,2,2,D,,,,played,True,0,0,15,6,5,3,14,16,7,3,1,7,0,1,football_data,data/raw/football_data/2025-26.csv,264,
f483b2bc7362d67b32052e70dc1def9c1739f189bb8289549d02d575a4eb506e,2025-26,2026-04-18,14:30,Europe/Istanbul,football_data_europe_london_converted,Fatih Karagumruk,Eyupspor,1,2,A,,,,played,True,1,2,12,6,3,4,14,12,6,5,0,3,0,1,football_data,data/raw/football_data/2025-26.csv,265,
53cb7147fc3f0ff8531af20bad6110ea1a4dc772ca34dfc1026e783c053a75b2,2025-26,2026-04-18,17:00,Europe/Istanbul,football_data_europe_london_converted,Kocaelispor,Goztepe,1,1,D,,,,played,True,0,1,21,7,4,3,11,23,9,0,5,7,1,0,football_data,data/raw/football_data/2025-26.csv,266,
aa2c0be326d3a5621ee1609032d4a46d28ec0a793232444212c73c16522a972e,2025-26,2026-04-18,20:00,Europe/Istanbul,football_data_europe_london_converted,Genclerbirligi,Galatasaray,1,2,A,,,,played,True,0,2,11,9,3,2,11,14,2,4,2,2,0,0,football_data,data/raw/football_data/2025-26.csv,267,
2719ed94d0281d5d0034aa966a79e1fba37b5acfcb5a6228d80be09ebd9e147d,2025-26,2026-04-19,14:30,Europe/Istanbul,football_data_europe_london_converted,Kasimpasa,Alanyaspor,1,0,H,,,,played,True,0,0,7,8,2,4,11,15,6,1,2,4,0,0,football_data,data/raw/football_data/2025-26.csv,268,
3dd244d2c1f5a17274d25670c59dd81e751a178f410e565f357c321a01a53403,2025-26,2026-04-19,17:00,Europe/Istanbul,football_data_europe_london_converted,Samsunspor,Besiktas,2,1,H,,,,played,True,0,0,14,14,5,3,17,4,1,7,5,2,0,0,football_data,data/raw/football_data/2025-26.csv,269,
47a47b96d4db226e2438156c04448943ed8a8e9df04bc0beb450d43677bf4fd3,2025-26,2026-04-19,20:00,Europe/Istanbul,football_data_europe_london_converted,Trabzonspor,Istanbul Basaksehir,1,1,D,,,,played,True,0,0,11,17,2,2,10,13,5,8,0,2,0,0,football_data,data/raw/football_data/2025-26.csv,270,
cf543fc85312276c26f6969c1ae39442275b96a60be2566fd091b1ffca1386a9,2025-26,2026-04-20,20:00,Europe/Istanbul,football_data_europe_london_converted,Gaziantep FK,Kayserispor,3,0,H,,,,played,True,2,0,20,17,6,7,10,11,5,3,2,3,0,0,football_data,data/raw/football_data/2025-26.csv,271,
e8360e401b0bde2b69135a25b19a163aa0646158a3003eefa868717b3e6f9fd5,2025-26,2026-04-24,20:00,Europe/Istanbul,football_data_europe_london_converted,Istanbul Basaksehir,Kasimpasa,4,0,H,,,,played,True,2,0,14,5,8,2,13,8,6,2,3,1,0,1,football_data,data/raw/football_data/2025-26.csv,272,
0cd82c45895dcd5d80f8e3777483677324c39e37a14dafb45abaf429d4e563c0,2025-26,2026-04-25,14:30,Europe/Istanbul,football_data_europe_london_converted,Eyupspor,Gaziantep FK,3,0,H,,,,played,True,0,0,14,11,5,3,12,12,6,5,2,2,0,0,football_data,data/raw/football_data/2025-26.csv,273,
2fd134ea1a4700f30cbf2a2efaec2a03cee5b6ebbdf786de1b8b850495164ac0,2025-26,2026-04-25,17:00,Europe/Istanbul,football_data_europe_london_converted,Kayserispor,Rizespor,2,0,H,,,,played,True,0,0,17,12,4,1,15,16,8,6,3,2,0,0,football_data,data/raw/football_data/2025-26.csv,274,
1e0d4eea49806d66ab484b9556dfe4388680083a4da10dc2d54f9a9c5b7fd8c5,2025-26,2026-04-25,20:00,Europe/Istanbul,football_data_europe_london_converted,Goztepe,Antalyaspor,2,0,H,,,,played,True,2,0,16,19,8,4,24,6,4,3,2,0,0,0,football_data,data/raw/football_data/2025-26.csv,275,
99359d3804a57c4acaf630eae451fe4b76a8aa46ce063b66a8bb05f439159423,2025-26,2026-04-26,14:30,Europe/Istanbul,football_data_europe_london_converted,Genclerbirligi,Kocaelispor,1,0,H,,,,played,True,1,0,8,7,2,0,14,12,1,2,1,1,0,0,football_data,data/raw/football_data/2025-26.csv,276,
0fc7b16cab9134f095a325149b022d78eca894ef14f6d8f25237cd3c85a742b8,2025-26,2026-04-26,20:00,Europe/Istanbul,football_data_europe_london_converted,Galatasaray,Fenerbahce,3,0,H,,,,played,True,1,0,21,5,8,1,16,13,6,4,5,6,0,1,football_data,data/raw/football_data/2025-26.csv,277,
46e08cf92eb3ccb372d3701735b2e439a093c06b1f3c49381a7498eb59283f59,2025-26,2026-04-27,17:00,Europe/Istanbul,football_data_europe_london_converted,Alanyaspor,Samsunspor,2,3,A,,,,played,True,0,2,17,12,5,7,11,18,12,5,2,3,0,0,football_data,data/raw/football_data/2025-26.csv,278,
4c95bd0d5d4b3fcf36c2f74d31c4bfb8a5e4cc7478e3b6afd85e14b18a3e0508,2025-26,2026-04-27,20:00,Europe/Istanbul,football_data_europe_london_converted,Besiktas,Fatih Karagumruk,0,0,D,,,,played,True,0,0,20,12,7,3,12,15,5,2,2,3,0,0,football_data,data/raw/football_data/2025-26.csv,279,
757c1805dad0234528968918e3b78c4a825cd6051f002fca535cccce3eb0170d,2025-26,2026-04-27,20:00,Europe/Istanbul,football_data_europe_london_converted,Konyaspor,Trabzonspor,2,1,H,,,,played,True,2,0,12,23,6,3,12,4,7,5,4,0,0,0,football_data,data/raw/football_data/2025-26.csv,280,
c7684ce754bce1613553ff4aa531c08fd51009d48c2c427255deb72bf6097b91,2025-26,2026-05-01,17:00,Europe/Istanbul,football_data_europe_london_converted,Rizespor,Konyaspor,3,2,H,,,,played,True,1,1,15,11,7,5,12,17,1,2,1,2,0,0,football_data,data/raw/football_data/2025-26.csv,281,
9ce3d8e2d6f9f7a80ae4257ad3ae357b1685c7ac47d1806f35db9114a07e46aa,2025-26,2026-05-01,20:00,Europe/Istanbul,football_data_europe_london_converted,Gaziantep FK,Besiktas,0,2,A,,,,played,True,0,2,17,12,4,5,5,15,8,2,1,0,0,0,football_data,data/raw/football_data/2025-26.csv,282,
5798344c7b48dfe3f50fcf804e0159279bc348061e7e0af104c25ad2d6900bec,2025-26,2026-05-02,20:00,Europe/Istanbul,football_data_europe_london_converted,Fenerbahce,Istanbul Basaksehir,3,1,H,,,,played,True,1,1,22,15,9,4,13,3,10,2,2,2,0,0,football_data,data/raw/football_data/2025-26.csv,283,
5cd21bcbdf8efd8bbbe700351dc5211cb155ca07b51c115f430dec5937e38a0d,2025-26,2026-05-02,20:00,Europe/Istanbul,football_data_europe_london_converted,Samsunspor,Galatasaray,4,1,H,,,,played,True,1,1,13,13,8,3,15,14,3,6,3,0,0,1,football_data,data/raw/football_data/2025-26.csv,284,
1b9509403cc853055cceebdfd0f5bb2710d2c8402face517dbcfa9254ec249dd,2025-26,2026-05-02,20:00,Europe/Istanbul,football_data_europe_london_converted,Trabzonspor,Goztepe,1,1,D,,,,played,True,0,1,10,18,4,2,14,22,4,3,6,4,1,0,football_data,data/raw/football_data/2025-26.csv,285,
8d43f04569231d205bca594c2d1952b9f319c626b36d9aba282c888c765e9306,2025-26,2026-05-03,20:00,Europe/Istanbul,football_data_europe_london_converted,Antalyaspor,Alanyaspor,0,0,D,,,,played,True,0,0,7,8,1,2,10,15,3,8,4,5,0,0,football_data,data/raw/football_data/2025-26.csv,286,
87e956444d041a299b9badc6fe23e4f8f47a1716c2eab662a51d8e93c11d99ce,2025-26,2026-05-03,20:00,Europe/Istanbul,football_data_europe_london_converted,Fatih Karagumruk,Genclerbirligi,1,0,H,,,,played,True,1,0,6,13,2,4,13,9,1,6,2,2,0,0,football_data,data/raw/football_data/2025-26.csv,287,
0a3975f6db498487a27747af6c4d16d6ab4c095c22ae4031daa25ac8acd81cca,2025-26,2026-05-03,20:00,Europe/Istanbul,football_data_europe_london_converted,Kasimpasa,Kocaelispor,1,1,D,,,,played,True,1,1,13,5,4,1,14,17,6,5,0,1,0,0,football_data,data/raw/football_data/2025-26.csv,288,
71d53972e6e330a00b107815e60ed50246718440815975eb3916fceaa97a77d7,2025-26,2026-05-03,20:00,Europe/Istanbul,football_data_europe_london_converted,Kayserispor,Eyupspor,1,1,D,,,,played,True,0,1,21,11,5,4,12,16,9,3,0,0,0,0,football_data,data/raw/football_data/2025-26.csv,289,
7dfae0079c2bbdf50006a8eda2ec6df7db9c3035150b5a31ab79ae404f297ee0,2025-26,2026-05-09,20:00,Europe/Istanbul,football_data_europe_london_converted,Alanyaspor,Kayserispor,3,1,H,,,,played,True,2,1,13,19,8,9,13,15,1,7,2,2,0,0,football_data,data/raw/football_data/2025-26.csv,290,
5878108e2cfb9268b0de537c6cf62f1a44865849681208e3e9e58c17cea88826,2025-26,2026-05-09,20:00,Europe/Istanbul,football_data_europe_london_converted,Besiktas,Trabzonspor,1,2,A,,,,played,True,1,1,21,10,5,6,12,13,6,3,1,2,0,0,football_data,data/raw/football_data/2025-26.csv,291,
9ec38445a3a170c03b16eee0118a94fcf46118d789b2398356ac10159fe731f1,2025-26,2026-05-09,20:00,Europe/Istanbul,football_data_europe_london_converted,Eyupspor,Rizespor,4,0,H,,,,played,True,3,0,11,14,6,4,8,10,3,6,0,0,0,0,football_data,data/raw/football_data/2025-26.csv,293,
1e1d1a9813ff7bccbd2cf1ce8a8994aaa0fde9d62429e47e2e07e2f230b3e984,2025-26,2026-05-09,20:00,Europe/Istanbul,football_data_europe_london_converted,Galatasaray,Antalyaspor,4,2,H,,,,played,True,0,1,23,8,9,2,10,15,6,1,4,3,0,0,football_data,data/raw/football_data/2025-26.csv,294,
cfae0c69c476ea3da161c5e8bed4da8d77f164825c3283454e87ac1342c680ec,2025-26,2026-05-09,20:00,Europe/Istanbul,football_data_europe_london_converted,Genclerbirligi,Kasimpasa,3,2,H,,,,played,True,2,2,14,10,8,4,11,24,5,4,4,10,0,1,football_data,data/raw/football_data/2025-26.csv,295,
9dad29889bf0626e55a34d4cf154c00f39b9ff0436015d38d4e34782a1593d11,2025-26,2026-05-09,20:00,Europe/Istanbul,football_data_europe_london_converted,Goztepe,Gaziantep FK,2,1,H,,,,played,True,1,0,19,14,6,2,21,10,8,7,2,2,0,0,football_data,data/raw/football_data/2025-26.csv,296,
0a135ff4183112bb4a6251fd866f12eeb479502ecef434522a34e33bd8943cd8,2025-26,2026-05-09,20:00,Europe/Istanbul,football_data_europe_london_converted,Istanbul Basaksehir,Samsunspor,3,0,H,,,,played,True,2,0,19,9,6,1,13,13,2,5,2,2,0,0,football_data,data/raw/football_data/2025-26.csv,292,
98f2616d1e761ba6fed100526624e56200d9ca397914bdc050e580d6d03ad703,2025-26,2026-05-09,20:00,Europe/Istanbul,football_data_europe_london_converted,Kocaelispor,Fatih Karagumruk,0,1,A,,,,played,True,0,0,8,6,0,1,13,13,3,3,2,0,0,0,football_data,data/raw/football_data/2025-26.csv,297,
eed1da2129cbbde4ed8e204208b3d88990f3998eaa57bbbeda7b976ead183c73,2025-26,2026-05-09,20:00,Europe/Istanbul,football_data_europe_london_converted,Konyaspor,Fenerbahce,0,3,A,,,,played,True,0,1,10,23,2,11,16,7,6,2,4,2,0,0,football_data,data/raw/football_data/2025-26.csv,298,
7a4f9935ec5b17dd5054e378f6e6ec002be0a91b29eba54ab07fb01cfdfa2df3,2025-26,2026-05-15,20:00,Europe/Istanbul,football_data_europe_london_converted,Rizespor,Besiktas,2,2,D,,,,played,True,2,0,22,23,5,9,7,11,8,3,2,3,0,0,football_data,data/raw/football_data/2025-26.csv,299,
0c2378a7b019acb19a31377da3baeb52f8cdca4e72c07bfa6102dc0cf705ac1e,2025-26,2026-05-16,17:00,Europe/Istanbul,football_data_europe_london_converted,Fatih Karagumruk,Alanyaspor,2,1,H,,,,played,True,0,1,8,11,4,4,12,13,0,4,1,0,0,0,football_data,data/raw/football_data/2025-26.csv,300,
636668eba5b94f19d91634b9469678ed7e5ca47924da0bead18eef7b6374a39e,2025-26,2026-05-16,20:00,Europe/Istanbul,football_data_europe_london_converted,Gaziantep FK,Istanbul Basaksehir,1,2,A,,,,played,True,0,2,11,9,5,4,12,19,6,3,3,2,0,0,football_data,data/raw/football_data/2025-26.csv,301,
e0d864d11dee657e35b1813f9dfdc0cbf8973c6a4b52af6b51bf4993ba9d5ad2,2025-26,2026-05-16,20:00,Europe/Istanbul,football_data_europe_london_converted,Samsunspor,Goztepe,3,0,H,,,,played,True,1,0,14,22,9,5,10,18,0,4,3,3,0,1,football_data,data/raw/football_data/2025-26.csv,302,
fb5e780181069aafa490736ed3860300124cd51e5f01532757be3ab27e30c555,2025-26,2026-05-17,17:00,Europe/Istanbul,football_data_europe_london_converted,Kayserispor,Konyaspor,2,1,H,,,,played,True,0,0,15,16,10,3,10,12,4,3,0,2,0,1,football_data,data/raw/football_data/2025-26.csv,303,
27a4cf5976128fe28b1779cd2b1cf04318fb81a2bb4eb03e4aefeb6bb79921f6,2025-26,2026-05-17,20:00,Europe/Istanbul,football_data_europe_london_converted,Antalyaspor,Kocaelispor,1,0,H,,,,played,True,0,0,16,7,5,1,21,21,2,4,6,6,0,0,football_data,data/raw/football_data/2025-26.csv,304,
2c4ecc8a19f92649d08f1eb30b7c42a1a2b86fa216d09464385dd81045b93d05,2025-26,2026-05-17,20:00,Europe/Istanbul,football_data_europe_london_converted,Fenerbahce,Eyupspor,3,3,D,,,,played,True,0,2,19,6,7,3,9,14,6,0,5,3,0,0,football_data,data/raw/football_data/2025-26.csv,305,
a022c4b94239e6ff15bfb782629d06ffd9f2d48d3e193655c958c62bb2bbd08a,2025-26,2026-05-17,20:00,Europe/Istanbul,football_data_europe_london_converted,Kasimpasa,Galatasaray,1,0,H,,,,played,True,1,0,5,12,3,5,9,6,2,7,0,1,0,0,football_data,data/raw/football_data/2025-26.csv,306,
408647de5c68b32050327ddc78e05200bca2e90d08ffb0d8cac8a6380640d39c,2025-26,2026-05-17,20:00,Europe/Istanbul,football_data_europe_london_converted,Trabzonspor,Genclerbirligi,0,3,A,,,,played,True,0,1,11,13,4,6,13,14,5,3,1,1,0,0,football_data,data/raw/football_data/2025-26.csv,307,
