match_id,season,benchmark_tier,benchmark_regime,closing_home_odds,closing_draw_odds,closing_away_odds,market_p_home,market_p_draw,market_p_away,market_overround,odds_source
00677c6379b094ecf450d797a95a9191025ba417c2d7d36b04c36f7c80521f48,2017-18,secondary_single_bookmaker,pinnacle_closing,3.090000,3.660000,2.340000,0.315978,0.266768,0.417253,0.024199,Pinnacle closing (PSCH/PSCD/PSCA)
0118c117464b0db6a944b55b2a010a9a3337d6fd97a28d033fd9dcb37db3953e,2017-18,secondary_single_bookmaker,pinnacle_closing,1.440000,4.710000,7.650000,0.669358,0.204645,0.125997,0.037478,Pinnacle closing (PSCH/PSCD/PSCA)
0121980dd1966c40f7a5754b2bc13af8e5836badf8de2ce3e53e906d1029c554,2017-18,secondary_single_bookmaker,pinnacle_closing,1.590000,3.900000,6.180000,0.600610,0.244864,0.154526,0.047153,Pinnacle closing (PSCH/PSCD/PSCA)
0159f53a4d722c35e54a79d0da3c1dc9afbf41e37667b71e316051ed1a3a52b1,2017-18,secondary_single_bookmaker,pinnacle_closing,2.400000,3.310000,3.220000,0.404790,0.293503,0.301707,0.029340,Pinnacle closing (PSCH/PSCD/PSCA)
01efdf9f2df441f62cd508577f1f8ade3c69025240e53668b9e5bf9a3f715d32,2017-18,secondary_single_bookmaker,pinnacle_closing,2.340000,3.560000,3.150000,0.416639,0.273858,0.309503,0.025710,Pinnacle closing (PSCH/PSCD/PSCA)
0285bb460d1c87d056534fd5d4fdb3bb050da342b160176bb505657c9e3119c7,2017-18,secondary_single_bookmaker,pinnacle_closing,2.060000,3.430000,4.020000,0.473256,0.284230,0.242514,0.025738,Pinnacle closing (PSCH/PSCD/PSCA)
02f2a3ba2f1f9dd3c660a0ee41e0162d85de8ddc263cae062f6b9a484fe58751,2017-18,secondary_single_bookmaker,pinnacle_closing,1.440000,4.650000,7.620000,0.667266,0.206637,0.126097,0.040732,Pinnacle closing (PSCH/PSCD/PSCA)
04a2a56a234962384b9bde6459e3ad2c84a65b200d65c0b44b68a049361cc772,2017-18,secondary_single_bookmaker,pinnacle_closing,2.340000,3.760000,3.020000,0.417158,0.259614,0.323228,0.024434,Pinnacle closing (PSCH/PSCD/PSCA)
055f35c170be931e75d01a6aef4c1058fb53752ee28a65e621dbfca9ba1f7ac1,2017-18,secondary_single_bookmaker,pinnacle_closing,2.470000,3.480000,2.960000,0.393046,0.278973,0.327981,0.030052,Pinnacle closing (PSCH/PSCD/PSCA)
06819101018527af4a1d7e34326a17b906048a8473c174c67aeb1676139ebff7,2017-18,secondary_single_bookmaker,pinnacle_closing,1.490000,4.480000,7.510000,0.653172,0.217238,0.129591,0.027511,Pinnacle closing (PSCH/PSCD/PSCA)
068ef5aca3d15d5e0f8304b1e94f72e20887b1b262966b9eeb500002420e15a9,2017-18,secondary_single_bookmaker,pinnacle_closing,2.150000,3.620000,3.520000,0.453573,0.269387,0.277040,0.025450,Pinnacle closing (PSCH/PSCD/PSCA)
07589249eb859c2086faaa3c86f9a8ee038d7e84342a139f8a1199f9f437d6ea,2017-18,secondary_single_bookmaker,pinnacle_closing,2.420000,3.140000,3.290000,0.399000,0.307510,0.293490,0.035646,Pinnacle closing (PSCH/PSCD/PSCA)
08aeef287dabc613641fab9967c5fc23bbb5cff2b900edeb8da3fd46f5b49541,2017-18,secondary_single_bookmaker,pinnacle_closing,2.860000,3.380000,2.600000,0.339426,0.287206,0.373368,0.030124,Pinnacle closing (PSCH/PSCD/PSCA)
092f13aee712361a237d2108559bc1f1f730883a144d556eba1c088bc0f347e7,2017-18,secondary_single_bookmaker,pinnacle_closing,2.110000,3.720000,3.530000,0.461907,0.261996,0.276097,0.026037,Pinnacle closing (PSCH/PSCD/PSCA)
09a64eb51217fdbe5d72053744b1d6b9e14b383de02d167c4417091b6883d851,2017-18,secondary_single_bookmaker,pinnacle_closing,2.200000,3.680000,3.340000,0.443162,0.264934,0.291903,0.025686,Pinnacle closing (PSCH/PSCD/PSCA)
0b4beebfbe3ac12af99576d1fef847dbb358b8e595e24bb62715d598ded2eba3,2017-18,secondary_single_bookmaker,pinnacle_closing,2.460000,3.680000,2.850000,0.395001,0.264050,0.340949,0.029120,Pinnacle closing (PSCH/PSCD/PSCA)
0ba25413166a1ba31072e869baf393708db4197b056f26a2339e0ba8da73ba31,2017-18,secondary_single_bookmaker,pinnacle_closing,16.060000,7.530000,1.190000,0.060137,0.128261,0.811602,0.035405,Pinnacle closing (PSCH/PSCD/PSCA)
0ba8c830126715f58c534974399eff3bef83f87f957f0e0b5747165d6bd59c64,2017-18,secondary_single_bookmaker,pinnacle_closing,3.420000,3.330000,2.310000,0.285100,0.292805,0.422095,0.025598,Pinnacle closing (PSCH/PSCD/PSCA)
0c6d95fbbb79f5769a3d22769c110d32cea5b63843dc56f89cee9638ecb685fb,2017-18,secondary_single_bookmaker,pinnacle_closing,5.540000,4.270000,1.630000,0.175556,0.227770,0.596674,0.028194,Pinnacle closing (PSCH/PSCD/PSCA)
0ca5592ad106b174db4f6550b2e7a042ef80e81c8b7e4f8b1d2034b0c6852355,2017-18,secondary_single_bookmaker,pinnacle_closing,2.380000,3.500000,3.130000,0.409772,0.278645,0.311584,0.025371,Pinnacle closing (PSCH/PSCD/PSCA)
0d9154add2a9a2781040919ed4421434808939a15cf5fabcd0de698871193d71,2017-18,secondary_single_bookmaker,pinnacle_closing,1.220000,6.780000,14.860000,0.792368,0.142579,0.065053,0.034460,Pinnacle closing (PSCH/PSCD/PSCA)
0e17ab4ed98b0548d4120cf3a1faec6ff4e29a7283662c0c2c577b8b6147b58a,2017-18,secondary_single_bookmaker,pinnacle_closing,2.540000,3.160000,3.170000,0.383868,0.308552,0.307579,0.025614,Pinnacle closing (PSCH/PSCD/PSCA)
0eeaf93c0290ef39152c712e5e42285cc0bc947ffe1e65ebe5cf6729dfac7949,2017-18,secondary_single_bookmaker,pinnacle_closing,1.800000,3.940000,4.660000,0.542559,0.247869,0.209572,0.023955,Pinnacle closing (PSCH/PSCD/PSCA)
0f3095cba7dec6f7f065f36fbc2ab614135bd1c819ce891cde7b42b4489fb9d7,2017-18,secondary_single_bookmaker,pinnacle_closing,1.200000,8.050000,13.050000,0.805787,0.120117,0.074095,0.034185,Pinnacle closing (PSCH/PSCD/PSCA)
0fd52603900788557289fae75171e1d3cc618f602d571312852c96bb32a770ba,2017-18,secondary_single_bookmaker,pinnacle_closing,2.000000,4.200000,3.420000,0.485205,0.231050,0.283745,0.030493,Pinnacle closing (PSCH/PSCD/PSCA)
11186d2d169a633a494f3ab369ff3eb67b5d96bb88370aec76297706b2efb667,2017-18,secondary_single_bookmaker,pinnacle_closing,2.300000,3.350000,3.440000,0.424597,0.291515,0.283888,0.023988,Pinnacle closing (PSCH/PSCD/PSCA)
13514f0e5c0c9935b8b1dac4858a90b205873ede5c4d226615db925acd8f9fdd,2017-18,secondary_single_bookmaker,pinnacle_closing,1.810000,3.970000,4.560000,0.539709,0.246064,0.214227,0.023674,Pinnacle closing (PSCH/PSCD/PSCA)
1484287f289f2b6039002b1e8bce99204cc2af79d101e3ea3d65bd62af9dd0e5,2017-18,secondary_single_bookmaker,pinnacle_closing,2.440000,3.180000,3.270000,0.397856,0.305273,0.296871,0.030112,Pinnacle closing (PSCH/PSCD/PSCA)
160edfcd0f3301e6a76e8f16af9f4a8bdde336d025668156d4df02230654d16c,2017-18,secondary_single_bookmaker,pinnacle_closing,2.720000,3.190000,2.790000,0.353660,0.301553,0.344787,0.039550,Pinnacle closing (PSCH/PSCD/PSCA)
172ba14932c34c5de6dc5c26a884b67c344c5edc8cc89cb2f67fbdad3246915a,2017-18,secondary_single_bookmaker,pinnacle_closing,1.600000,4.590000,5.280000,0.605468,0.211056,0.183475,0.032259,Pinnacle closing (PSCH/PSCD/PSCA)
17f473a60ad24104645ca4fb9f313cf8601ee39309ee2ede183723861aedf988,2017-18,secondary_single_bookmaker,pinnacle_closing,1.560000,4.280000,6.690000,0.625912,0.228136,0.145952,0.024147,Pinnacle closing (PSCH/PSCD/PSCA)
18abaf9b8f12b76584cfd226d4d68423334f1c953546f940eea1d3b9bc0049d8,2017-18,secondary_single_bookmaker,pinnacle_closing,2.020000,3.580000,3.900000,0.480263,0.270986,0.248751,0.030789,Pinnacle closing (PSCH/PSCD/PSCA)
18ac7dbe04befb79e81f97241c7c063fc911e32f3e8444f5d0d7f0b5e2774fe9,2017-18,secondary_single_bookmaker,pinnacle_closing,3.860000,3.330000,2.150000,0.252876,0.293123,0.454001,0.024484,Pinnacle closing (PSCH/PSCD/PSCA)
1a287c47ded6f876dc63191434c4c12fe7f2f3bc4ffbf2166f03096d7c0952f3,2017-18,secondary_single_bookmaker,pinnacle_closing,5.670000,4.380000,1.570000,0.169320,0.219188,0.611492,0.041620,Pinnacle closing (PSCH/PSCD/PSCA)
1b2eee99f1711bccbd77c50455e70842a425d3884499d15625cce3e49f163c85,2017-18,secondary_single_bookmaker,pinnacle_closing,3.750000,3.570000,2.090000,0.260100,0.273214,0.466686,0.025248,Pinnacle closing (PSCH/PSCD/PSCA)
1b9e0c080e81d33a0de613295a472625aeafc9df9c195e589966fca062aaa0b3,2017-18,secondary_single_bookmaker,pinnacle_closing,2.260000,3.260000,3.630000,0.431809,0.299352,0.268839,0.024708,Pinnacle closing (PSCH/PSCD/PSCA)
1c1b488388875fd4f045d74e997fdc8389310a74cd529a97a675ec04c1d13b0c,2017-18,secondary_single_bookmaker,pinnacle_closing,2.710000,3.410000,2.720000,0.358289,0.284740,0.356972,0.029906,Pinnacle closing (PSCH/PSCD/PSCA)
1c2ca7763da8a063a62c894149c6aa13e9382b328727d0d5a217d55b714921e5,2017-18,secondary_single_bookmaker,pinnacle_closing,2.380000,3.170000,3.450000,0.409728,0.307619,0.282653,0.025481,Pinnacle closing (PSCH/PSCD/PSCA)
1cbf7ad6e334b8dce32c84ee2be9f3b65022f4a99b208fac46a9046006f517b3,2017-18,secondary_single_bookmaker,pinnacle_closing,1.230000,7.150000,13.500000,0.791678,0.136191,0.072131,0.026942,Pinnacle closing (PSCH/PSCD/PSCA)
1e1e16a9790b59a33faca7da09385cd32f1b95e033e0529bf673be0f246cf9bb,2017-18,secondary_single_bookmaker,pinnacle_closing,2.060000,3.570000,3.870000,0.474084,0.273561,0.252355,0.023947,Pinnacle closing (PSCH/PSCD/PSCA)
1f37fcd8c77ed81f70fc4bbc101f81b398dd1bebb212131327e67fd3f7dc41bf,2017-18,secondary_single_bookmaker,pinnacle_closing,1.310000,6.730000,8.050000,0.736711,0.143401,0.119887,0.036171,Pinnacle closing (PSCH/PSCD/PSCA)
1f719683b6688f809b149ccd5dceaa2ef335c4a6469cda82ca649107558e7b97,2017-18,secondary_single_bookmaker,pinnacle_closing,1.980000,3.860000,3.850000,0.493282,0.253031,0.253688,0.023858,Pinnacle closing (PSCH/PSCD/PSCA)
1f80b274800afda62aa13f847a8d541c4f3779c2f0f36a7b015e8870fe587fc7,2017-18,secondary_single_bookmaker,pinnacle_closing,1.810000,3.540000,5.290000,0.539533,0.275863,0.184604,0.024008,Pinnacle closing (PSCH/PSCD/PSCA)
1fe72d4d05628888314fb6b5d17ac0e6a4dd31b0838ba934c4480ef9d9b7b4e3,2017-18,secondary_single_bookmaker,pinnacle_closing,4.960000,3.810000,1.780000,0.196527,0.255846,0.547626,0.025878,Pinnacle closing (PSCH/PSCD/PSCA)
1fee730eb080e55ac5760225b7e7315efd1b9657d6fcccb8690d70b63d1a5a04,2017-18,secondary_single_bookmaker,pinnacle_closing,1.560000,4.340000,6.600000,0.626641,0.225244,0.148115,0.022956,Pinnacle closing (PSCH/PSCD/PSCA)
208e6f042abbaefecc8d0b15696fb243ba426a446db4f0d00d37440622af1f33,2017-18,secondary_single_bookmaker,pinnacle_closing,5.680000,4.420000,1.580000,0.170068,0.218549,0.611383,0.035212,Pinnacle closing (PSCH/PSCD/PSCA)
20b386d40befa177310d59b3636a100091eb03fa33432fd902efc813adee885e,2017-18,secondary_single_bookmaker,pinnacle_closing,2.550000,3.440000,2.920000,0.382473,0.283519,0.334009,0.025320,Pinnacle closing (PSCH/PSCD/PSCA)
218769d33dcba8d342fa717cbc66fcc81e373df62b8e8e855465628dc4b048b4,2017-18,secondary_single_bookmaker,pinnacle_closing,1.170000,7.920000,19.120000,0.827185,0.122198,0.050617,0.033265,Pinnacle closing (PSCH/PSCD/PSCA)
252a116d47e139b1cc935803d9d2da55fa9c997d97489beaf57271f4e950f475,2017-18,secondary_single_bookmaker,pinnacle_closing,1.280000,6.110000,11.820000,0.758850,0.158973,0.082177,0.029518,Pinnacle closing (PSCH/PSCD/PSCA)
267f6ebe3190b276e8f8c4c80818f56d37f060f8cd4806d061761c2dc483f9a8,2017-18,secondary_single_bookmaker,pinnacle_closing,1.830000,4.130000,3.990000,0.525833,0.232996,0.241171,0.039205,Pinnacle closing (PSCH/PSCD/PSCA)
2801ca3ef7364f8d8df84b5d25105354380fa909b422da967afb59b749dceb7f,2017-18,secondary_single_bookmaker,pinnacle_closing,6.870000,5.530000,1.420000,0.141236,0.175460,0.683304,0.030618,Pinnacle closing (PSCH/PSCD/PSCA)
28489ca625ba71731b79e5ba833741deac4edaa133c069c2775c2e728eb19b1e,2017-18,secondary_single_bookmaker,pinnacle_closing,2.410000,3.500000,3.040000,0.403009,0.277500,0.319491,0.029599,Pinnacle closing (PSCH/PSCD/PSCA)
29c651351d69b316bf1dd89787e559c8372dc28bc798e97c6cd8dc0369c426f2,2017-18,secondary_single_bookmaker,pinnacle_closing,1.270000,6.250000,11.300000,0.760116,0.154455,0.085429,0.035897,Pinnacle closing (PSCH/PSCD/PSCA)
2a32e8cde8ba8ee1f064bd41794d41c7070f7202349f469b19a2bde5ce53bc96,2017-18,secondary_single_bookmaker,pinnacle_closing,4.740000,3.420000,1.920000,0.205985,0.285488,0.508526,0.024201,Pinnacle closing (PSCH/PSCD/PSCA)
2cf1b1b293d8a197ac4b6dc8b630b3e05754e7b82995c7465b4b2dd2abc992a2,2017-18,secondary_single_bookmaker,pinnacle_closing,1.960000,3.780000,3.990000,0.497575,0.258002,0.244423,0.025381,Pinnacle closing (PSCH/PSCD/PSCA)
2dee33f0fc8dbaffc1deb658115b9cd4ddb811cb7f9c6533db45cef00356db68,2017-18,secondary_single_bookmaker,pinnacle_closing,1.750000,4.170000,4.660000,0.557041,0.233770,0.209189,0.025829,Pinnacle closing (PSCH/PSCD/PSCA)
2f131e07919958328edb89b539211095e515a2e953a6e5d1a3e09aee025dba51,2017-18,secondary_single_bookmaker,pinnacle_closing,1.430000,4.650000,7.890000,0.671696,0.206565,0.121740,0.041097,Pinnacle closing (PSCH/PSCD/PSCA)
302f1db10594a6bd6a71f58cf5277e280976bd1ce04bbc1fdf6f9570245ddfe3,2017-18,secondary_single_bookmaker,pinnacle_closing,4.480000,4.230000,1.770000,0.217857,0.230732,0.551411,0.024593,Pinnacle closing (PSCH/PSCD/PSCA)
313670e986a3991e8d6f73c5427d302559ccccffe55653e53c47cd7d932964c2,2017-18,secondary_single_bookmaker,pinnacle_closing,3.500000,3.660000,2.140000,0.278412,0.266241,0.455347,0.026228,Pinnacle closing (PSCH/PSCD/PSCA)
317a6d516d05742555c62f47ca5ca04c42079b4fb035f207d94d049e10e19822,2017-18,secondary_single_bookmaker,pinnacle_closing,2.410000,3.210000,3.350000,0.404829,0.303937,0.291235,0.024972,Pinnacle closing (PSCH/PSCD/PSCA)
31cac31637b5ecc93440782a1431a0bc3f96aeb06d2bdd63f03d941fbee4f871,2017-18,secondary_single_bookmaker,pinnacle_closing,1.600000,4.480000,5.710000,0.610742,0.218122,0.171136,0.023346,Pinnacle closing (PSCH/PSCD/PSCA)
323b01259de2b15acad24778ff6811e2667612484c08992725d3d9f5420a49b9,2017-18,secondary_single_bookmaker,pinnacle_closing,1.810000,3.680000,5.000000,0.539419,0.265312,0.195270,0.024225,Pinnacle closing (PSCH/PSCD/PSCA)
32eb16740da32afd4fb3917633549f1e7e01f1e518e763b87fc09865d467b9f3,2017-18,secondary_single_bookmaker,pinnacle_closing,2.600000,3.080000,3.120000,0.373484,0.315279,0.311237,0.029804,Pinnacle closing (PSCH/PSCD/PSCA)
3391584db265f99bcf85317f4ba54ffa5dcca944bc496d381917ab25aff08c59,2017-18,secondary_single_bookmaker,pinnacle_closing,4.470000,3.760000,1.850000,0.217153,0.258158,0.524689,0.030212,Pinnacle closing (PSCH/PSCD/PSCA)
355680397aba169efc45f04f8cd819e0ae7739b682435c26449c40cfb4658e66,2017-18,secondary_single_bookmaker,pinnacle_closing,1.560000,4.340000,6.450000,0.624490,0.224471,0.151039,0.026479,Pinnacle closing (PSCH/PSCD/PSCA)
356174b0298477a80894bc5e9cf93abbfea7f3fe5d9893550e3679e9cc7bdb67,2017-18,secondary_single_bookmaker,pinnacle_closing,2.650000,3.430000,2.810000,0.368235,0.284497,0.347268,0.024776,Pinnacle closing (PSCH/PSCD/PSCA)
35ae06b27767411f459186077346fffdc24afb3ad3cd69caf1eae36a3996042c,2017-18,secondary_single_bookmaker,pinnacle_closing,2.160000,3.480000,3.570000,0.449290,0.278870,0.271840,0.030431,Pinnacle closing (PSCH/PSCD/PSCA)
3627822c72d058cf583c4fcb31d886a0495dccd78b1e7af1827d4feff694f631,2017-18,secondary_single_bookmaker,pinnacle_closing,1.340000,5.750000,9.300000,0.726148,0.169224,0.104628,0.027709,Pinnacle closing (PSCH/PSCD/PSCA)
36cae8cab8610e4bc8fba60c3fa7728dad1c500c8d3524366b24858049bc46c6,2017-18,secondary_single_bookmaker,pinnacle_closing,2.120000,3.560000,3.610000,0.458135,0.272822,0.269043,0.029605,Pinnacle closing (PSCH/PSCD/PSCA)
37e1ac5ea51b06fa6bb2b82444b9ce28760854cdac670c826d11289fb3ff2e8f,2017-18,secondary_single_bookmaker,pinnacle_closing,1.390000,5.370000,8.370000,0.701796,0.181657,0.116547,0.025119,Pinnacle closing (PSCH/PSCD/PSCA)
37e8de56b19f668c31d913d6c83c9487c13ec9b7ce05b0583922dae99e039dd5,2017-18,secondary_single_bookmaker,pinnacle_closing,2.180000,3.650000,3.410000,0.447116,0.267045,0.285840,0.025943,Pinnacle closing (PSCH/PSCD/PSCA)
38c5936396bc16ed3b1d58112dcaa812c14ea1d556003e1b3faf1911b175fe7f,2017-18,secondary_single_bookmaker,pinnacle_closing,3.100000,3.270000,2.520000,0.314646,0.298289,0.387065,0.025216,Pinnacle closing (PSCH/PSCD/PSCA)
392c4ef321a07aa8bfeb3ca8f454988ee8c05557f0f587be0b4f017ad4475aac,2017-18,secondary_single_bookmaker,pinnacle_closing,5.450000,4.860000,1.560000,0.178095,0.199715,0.622190,0.030273,Pinnacle closing (PSCH/PSCD/PSCA)
3983893a096b91915c0b244a26791769bb032be12d34afe15c0ea2d565e401f6,2017-18,secondary_single_bookmaker,pinnacle_closing,1.440000,4.980000,7.300000,0.672759,0.194533,0.132709,0.032234,Pinnacle closing (PSCH/PSCD/PSCA)
3b697c7f503a847f7be09bdbdd6190f1bb8a9bf845ff18d6feb6abcd3bff8c55,2017-18,secondary_single_bookmaker,pinnacle_closing,1.620000,4.050000,6.180000,0.601636,0.240654,0.157710,0.026010,Pinnacle closing (PSCH/PSCD/PSCA)
3ba304ea4b9511e549a8fecce709e3578f5b6849cdf9dc0adb1309dee98b7f83,2017-18,secondary_single_bookmaker,pinnacle_closing,3.660000,3.490000,2.150000,0.266593,0.279579,0.453828,0.024873,Pinnacle closing (PSCH/PSCD/PSCA)
3c3c6fcc616d1d573aef8bfa2f538987b1466bf098972dd140b326a1dcb3d0ac,2017-18,secondary_single_bookmaker,pinnacle_closing,1.140000,9.950000,19.000000,0.851373,0.097544,0.051082,0.030327,Pinnacle closing (PSCH/PSCD/PSCA)
3d6a22e41162236e75e2983d63465ae1efc55f5e5a2f795573d38edab8951a8d,2017-18,secondary_single_bookmaker,pinnacle_closing,2.170000,3.720000,3.400000,0.450132,0.262577,0.287290,0.023764,Pinnacle closing (PSCH/PSCD/PSCA)
3e8259812f3d4653476be225f59e03390edd57963c1c9dfd469fc194e053ea7c,2017-18,secondary_single_bookmaker,pinnacle_closing,1.680000,3.770000,4.810000,0.557135,0.248273,0.194592,0.068390,Pinnacle closing (PSCH/PSCD/PSCA)
3f4ce1e880e474697ee3efdb746d7e0d76ae4c4dfc2984338906e44a22e9a14d,2017-18,secondary_single_bookmaker,pinnacle_closing,1.180000,8.250000,15.950000,0.821685,0.117526,0.060789,0.031366,Pinnacle closing (PSCH/PSCD/PSCA)
3f659fb16f4cee622e82285907141f154761329e4c3ba2f2bd843c9debd9d0b7,2017-18,secondary_single_bookmaker,pinnacle_closing,4.840000,3.520000,1.850000,0.200352,0.275484,0.524164,0.031243,Pinnacle closing (PSCH/PSCD/PSCA)
3f802b3367a9b0d6e338a3f81ad14c6a668799a249efc91e36754c209c3f8521,2017-18,secondary_single_bookmaker,pinnacle_closing,2.370000,3.840000,2.920000,0.411721,0.254109,0.334171,0.024823,Pinnacle closing (PSCH/PSCD/PSCA)
3f862f8d1e7c0444277c7cf97915c43d579871f39f5e888da524bfa5b472880f,2017-18,secondary_single_bookmaker,pinnacle_closing,3.210000,3.760000,2.160000,0.299416,0.255618,0.444965,0.040447,Pinnacle closing (PSCH/PSCD/PSCA)
3fc2ebb0f6a5e20f3a13a5209c00cda880c1d5eb74b8fbabf377de16cff855a2,2017-18,secondary_single_bookmaker,pinnacle_closing,2.620000,3.570000,2.640000,0.366795,0.269189,0.364016,0.040579,Pinnacle closing (PSCH/PSCD/PSCA)
3fd5c6a016e580fce87c9acdd5e46b013ff13e6048fef65bd021f5f92ffb557a,2017-18,secondary_single_bookmaker,pinnacle_closing,1.480000,4.750000,6.370000,0.647703,0.201811,0.150487,0.043188,Pinnacle closing (PSCH/PSCD/PSCA)
402b98aaf6353b6698584668b0271c12abbd65b22db9dc7af00b3838faf81ac4,2017-18,secondary_single_bookmaker,pinnacle_closing,1.300000,5.300000,11.000000,0.733426,0.179897,0.086678,0.048819,Pinnacle closing (PSCH/PSCD/PSCA)
406488cad99b6e8022566a0030b48051ce71cd0028485a83976eb64aad13c5d3,2017-18,secondary_single_bookmaker,pinnacle_closing,2.360000,3.380000,3.210000,0.410943,0.286931,0.302126,0.031113,Pinnacle closing (PSCH/PSCD/PSCA)
4160b781f1860aa2a1839bff8bb9db14bf0135dcc862cadecdb5e630f8a03f0e,2017-18,secondary_single_bookmaker,pinnacle_closing,1.210000,6.950000,17.000000,0.803034,0.139809,0.057157,0.029155,Pinnacle closing (PSCH/PSCD/PSCA)
423047e75321769a448114906fb28f055f184e96816c64ec861cc20677624910,2017-18,secondary_single_bookmaker,pinnacle_closing,2.370000,3.570000,3.040000,0.409254,0.271690,0.319057,0.031000,Pinnacle closing (PSCH/PSCD/PSCA)
428ede4fc7cff3f14637672e2e9569fb3b9d1885ee766d0f10aece69ffa20726,2017-18,secondary_single_bookmaker,pinnacle_closing,2.320000,3.570000,3.180000,0.420271,0.273117,0.306612,0.025612,Pinnacle closing (PSCH/PSCD/PSCA)
42d77461d2cc35fda501c12b33d21b84e9f312db9cafcaecbacc1abd968a2272,2017-18,secondary_single_bookmaker,pinnacle_closing,1.990000,3.410000,4.350000,0.489944,0.285920,0.224135,0.025653,Pinnacle closing (PSCH/PSCD/PSCA)
44751dd92176bf937f2a6c58fb12d73ea7cd2151d20e9b2ac53771081376e155,2017-18,secondary_single_bookmaker,pinnacle_closing,2.310000,3.530000,3.240000,0.422413,0.276423,0.301165,0.024829,Pinnacle closing (PSCH/PSCD/PSCA)
450201120b51d2c072eb5d68f0eefb141da9a1952c6716551934a1c9e73e579d,2017-18,secondary_single_bookmaker,pinnacle_closing,4.200000,3.790000,1.910000,0.232173,0.257289,0.510538,0.025508,Pinnacle closing (PSCH/PSCD/PSCA)
45c06600e2d39d7793b58de47929203711aee38047f1ae62a2eb21effd42c628,2017-18,secondary_single_bookmaker,pinnacle_closing,2.270000,3.440000,3.350000,0.427808,0.282304,0.289888,0.029734,Pinnacle closing (PSCH/PSCD/PSCA)
461a823f1fd527847bcf2fb5e531fc2d8e2481d386138cffbbea461e02ced591,2017-18,secondary_single_bookmaker,pinnacle_closing,2.740000,3.480000,2.680000,0.355904,0.280223,0.363872,0.025454,Pinnacle closing (PSCH/PSCD/PSCA)
474017ec282d4596a530e4e671af8628842106468640d4c1a235bd277d2a9b84,2017-18,secondary_single_bookmaker,pinnacle_closing,2.600000,3.410000,2.870000,0.374758,0.285739,0.339502,0.026303,Pinnacle closing (PSCH/PSCD/PSCA)
47686142f3bdf4d1468a3aa37fe015e446449292173b9b8f8f75e5cf96ed88b8,2017-18,secondary_single_bookmaker,pinnacle_closing,1.880000,3.770000,4.410000,0.519487,0.259054,0.221459,0.023924,Pinnacle closing (PSCH/PSCD/PSCA)
478cfb861bc18199f1d9ac26b7f6e76e098d1c4ce41c72349a9ed23824f1b9cd,2017-18,secondary_single_bookmaker,pinnacle_closing,3.240000,3.740000,2.200000,0.299488,0.259449,0.441063,0.030567,Pinnacle closing (PSCH/PSCD/PSCA)
489802818527b468bff03fb3c836be6ec7467ba97a77a94c0bd58943118ff79d,2017-18,secondary_single_bookmaker,pinnacle_closing,1.990000,3.610000,4.060000,0.489861,0.270034,0.240104,0.025826,Pinnacle closing (PSCH/PSCD/PSCA)
4af034c4fd07b94577333da692a0b56713c04b9c3105d7276ef66e1795c373ec,2017-18,secondary_single_bookmaker,pinnacle_closing,2.530000,3.370000,3.010000,0.385911,0.289719,0.324370,0.024219,Pinnacle closing (PSCH/PSCD/PSCA)
4c5b337ffb27413c8acf149de71741a09e26001e2683be0eca51e4474e180bcc,2017-18,secondary_single_bookmaker,pinnacle_closing,2.170000,3.370000,3.600000,0.445098,0.286606,0.268295,0.035343,Pinnacle closing (PSCH/PSCD/PSCA)
4cda776f374b2193ad5a3b6992d0b43a6ec77dded361f403d1f33ad9c84622fd,2017-18,secondary_single_bookmaker,pinnacle_closing,2.430000,3.580000,2.990000,0.401368,0.272437,0.326195,0.025300,Pinnacle closing (PSCH/PSCD/PSCA)
4ce8901328ee671911014aa9e7e0981e98dcb3ca2160d8cf51d97ee4887e0a58,2017-18,secondary_single_bookmaker,pinnacle_closing,10.950000,5.300000,1.330000,0.088502,0.182849,0.728648,0.031883,Pinnacle closing (PSCH/PSCD/PSCA)
4dec5de32dc9da9982a977f39edbd3cb2e2302282febfe1cbbd55a8748c557bb,2017-18,secondary_single_bookmaker,pinnacle_closing,4.850000,3.880000,1.780000,0.201016,0.251270,0.547713,0.025715,Pinnacle closing (PSCH/PSCD/PSCA)
4f727f45c99ec3208102dd0e6c5d1f83129e374b456c4157b128e23bd8ecc0fd,2017-18,secondary_single_bookmaker,pinnacle_closing,1.510000,4.090000,8.150000,0.643306,0.237504,0.119189,0.029450,Pinnacle closing (PSCH/PSCD/PSCA)
4fa1e30f9c4bde85e5ed9a9a4c04dd3ba15647b90d27f3b585ee5a6fd53761a6,2017-18,secondary_single_bookmaker,pinnacle_closing,1.560000,4.260000,6.780000,0.626454,0.229406,0.144140,0.023260,Pinnacle closing (PSCH/PSCD/PSCA)
51690286e80fee4535f64b2e536e7e0a52b13b0a06410767e231e459b9472ba0,2017-18,secondary_single_bookmaker,pinnacle_closing,4.750000,4.250000,1.720000,0.204948,0.229060,0.565991,0.027216,Pinnacle closing (PSCH/PSCD/PSCA)
51b93db2bddd50c5cb48b30804fac1ed8b29b5045690da89983bb146a453d658,2017-18,secondary_single_bookmaker,pinnacle_closing,2.410000,3.460000,3.070000,0.402974,0.280684,0.316341,0.029688,Pinnacle closing (PSCH/PSCD/PSCA)
522ac7edff4791ae41c943fc81eea42da94aff97d066cd4fd1c0cfa2d252b2e4,2017-18,secondary_single_bookmaker,pinnacle_closing,4.020000,3.580000,1.990000,0.241371,0.271036,0.487593,0.030598,Pinnacle closing (PSCH/PSCD/PSCA)
535b824fd9dab007f3ebe6aeb51df130db82f9c9933f0e5b3c3a7207b02b3bba,2017-18,secondary_single_bookmaker,pinnacle_closing,3.540000,3.640000,2.140000,0.275730,0.268155,0.456115,0.024501,Pinnacle closing (PSCH/PSCD/PSCA)
53bb391603809715b3295ad1248a196243970f5132c38ede51c2064cd451a9c3,2017-18,secondary_single_bookmaker,pinnacle_closing,2.520000,3.650000,2.790000,0.385559,0.266194,0.348247,0.029221,Pinnacle closing (PSCH/PSCD/PSCA)
54be7ae49d44305f448e827078794dfff9a37f92232442a5adce531cd4da274f,2017-18,secondary_single_bookmaker,pinnacle_closing,2.060000,3.580000,3.850000,0.473825,0.272648,0.253527,0.024507,Pinnacle closing (PSCH/PSCD/PSCA)
56670e679d59ab3ef02215f73f50f86176bc323c1bcfda581f9ff3bed3321b8b,2017-18,secondary_single_bookmaker,pinnacle_closing,2.420000,3.310000,3.170000,0.400878,0.293089,0.306033,0.030795,Pinnacle closing (PSCH/PSCD/PSCA)
58e8f567e43ebe131b9cfc884ca4febf06a4b142fbf14feb655e64eab9750430,2017-18,secondary_single_bookmaker,pinnacle_closing,2.300000,2.990000,3.760000,0.420003,0.323080,0.256917,0.035188,Pinnacle closing (PSCH/PSCD/PSCA)
58f4a46071254417c78b851f65a386a38a952342f2886c9573bf2ee08472ec58,2017-18,secondary_single_bookmaker,pinnacle_closing,2.230000,3.450000,3.500000,0.437920,0.283062,0.279018,0.024000,Pinnacle closing (PSCH/PSCD/PSCA)
5a1e9e0a62daf0da386d7794c7737192f979413304fd9e3eb066c5452029cc4b,2017-18,secondary_single_bookmaker,pinnacle_closing,7.630000,4.770000,1.450000,0.127200,0.203466,0.669334,0.030360,Pinnacle closing (PSCH/PSCD/PSCA)
5aabd930ea0b4250706f1dca7dcc1b410418d766440edcab8b29771a26c9c21a,2017-18,secondary_single_bookmaker,pinnacle_closing,1.520000,4.360000,7.270000,0.641971,0.223806,0.134222,0.024804,Pinnacle closing (PSCH/PSCD/PSCA)
5c66363dd556c120185c7c3ad8ce2e4ddb829f07e88359437584097e2b732fc4,2017-18,secondary_single_bookmaker,pinnacle_closing,1.780000,4.030000,4.550000,0.545585,0.240978,0.213438,0.029717,Pinnacle closing (PSCH/PSCD/PSCA)
5c8eb464e799337f2dd2fb9865270e650ab3f94cedf9e5095bac687fea8a9be4,2017-18,secondary_single_bookmaker,pinnacle_closing,2.870000,3.190000,2.720000,0.338429,0.304480,0.357092,0.029559,Pinnacle closing (PSCH/PSCD/PSCA)
5dde8fd571b33bd13da416c6e50ecfe9e0ce61d6e13a7528797a9706f9f31bfb,2017-18,secondary_single_bookmaker,pinnacle_closing,1.520000,4.840000,6.180000,0.641024,0.201313,0.157663,0.026319,Pinnacle closing (PSCH/PSCD/PSCA)
5e664e7bcfda78d2418706ee990c14ac34f94217ada636c7f1b07da20e3e0283,2017-18,secondary_single_bookmaker,pinnacle_closing,5.360000,4.040000,1.690000,0.181873,0.241297,0.576829,0.025808,Pinnacle closing (PSCH/PSCD/PSCA)
5e77628fb917ca19eb6866526cb48d7c4c3a61f629fed7ee57fc83a1786abf42,2017-18,secondary_single_bookmaker,pinnacle_closing,1.960000,3.340000,4.540000,0.495406,0.290718,0.213876,0.029870,Pinnacle closing (PSCH/PSCD/PSCA)
5eb1b1fa2a3124bf6498bb7e62390b97df1237e112d69dfdbf0e6203cad8ce23,2017-18,secondary_single_bookmaker,pinnacle_closing,2.400000,3.410000,3.120000,0.404360,0.284594,0.311046,0.030435,Pinnacle closing (PSCH/PSCD/PSCA)
60cd1aab70a073fc5756fc253403ec16dc19b931248b7f94919343e90ba13d0d,2017-18,secondary_single_bookmaker,pinnacle_closing,2.170000,3.640000,3.460000,0.449778,0.268137,0.282086,0.024572,Pinnacle closing (PSCH/PSCD/PSCA)
61e5526e904239a95627147632e25a9ce845646ccf325a74844c88d8b1ee4c1b,2017-18,secondary_single_bookmaker,pinnacle_closing,2.200000,3.380000,3.570000,0.441086,0.287097,0.271817,0.030515,Pinnacle closing (PSCH/PSCD/PSCA)
6211199fde108742f122c95a5bb704282c4409e6c2ca0f8c0fa8d659e27feff8,2017-18,secondary_single_bookmaker,pinnacle_closing,1.980000,3.770000,3.920000,0.492538,0.258680,0.248782,0.025405,Pinnacle closing (PSCH/PSCD/PSCA)
6288d18ce81dd6ebb22db129bf3c02efdbe1f15e5403ac2523767347e1fc9ad6,2017-18,secondary_single_bookmaker,pinnacle_closing,4.840000,4.210000,1.700000,0.200132,0.230080,0.569788,0.032377,Pinnacle closing (PSCH/PSCD/PSCA)
636e68f4d5ebb63ceb56185a198e56ab8b402adc1ccd4c69ad8053d8f3e3d144,2017-18,secondary_single_bookmaker,pinnacle_closing,2.280000,3.730000,3.150000,0.428253,0.261774,0.309973,0.024153,Pinnacle closing (PSCH/PSCD/PSCA)
63ab37c335a0375fd159b56291326cc4035379855e09cf44d5533b6464ba1194,2017-18,secondary_single_bookmaker,pinnacle_closing,1.540000,4.500000,6.370000,0.631321,0.216052,0.152627,0.028559,Pinnacle closing (PSCH/PSCD/PSCA)
64d388ceeb994de54be05993e5cd2f2378cc78dfb402fdf81c975d2e1416df12,2017-18,secondary_single_bookmaker,pinnacle_closing,1.250000,7.200000,10.400000,0.772915,0.134187,0.092898,0.035043,Pinnacle closing (PSCH/PSCD/PSCA)
64dd80b1565a7aefcb5b4c2ee0b8d65f1925414d0ac080085c015a71165ced6f,2017-18,secondary_single_bookmaker,pinnacle_closing,1.620000,4.070000,5.680000,0.594090,0.236468,0.169441,0.039041,Pinnacle closing (PSCH/PSCD/PSCA)
661915c187ed377fbd04445783d32a6b9a400141503f91f7c1c932571aefc115,2017-18,secondary_single_bookmaker,pinnacle_closing,2.290000,3.720000,3.070000,0.423456,0.260676,0.315868,0.031231,Pinnacle closing (PSCH/PSCD/PSCA)
662b4d00f2b03e4f74b22092f6d1cee2cd4d09b79e9a2c26036c6893e9f8fb40,2017-18,secondary_single_bookmaker,pinnacle_closing,2.090000,3.350000,4.030000,0.466746,0.291194,0.242060,0.025115,Pinnacle closing (PSCH/PSCD/PSCA)
6657a4841bb1a0d65d8282a42a581ce9236fcad079476b979828ac8574d2ae1a,2017-18,secondary_single_bookmaker,pinnacle_closing,3.030000,3.490000,2.360000,0.317250,0.275434,0.407316,0.040295,Pinnacle closing (PSCH/PSCD/PSCA)
667f78a7ecc92440631efae34d7a714eb56a5e6f175ab81103624bbde1f24db6,2017-18,secondary_single_bookmaker,pinnacle_closing,3.220000,3.620000,2.280000,0.302867,0.269401,0.427733,0.025399,Pinnacle closing (PSCH/PSCD/PSCA)
66c8c4744ac65146b5d8fe5f6ec775b5f747ebdde03c7ed125c7ac5a1112d160,2017-18,secondary_single_bookmaker,pinnacle_closing,3.800000,3.520000,2.070000,0.255409,0.275725,0.468866,0.030341,Pinnacle closing (PSCH/PSCD/PSCA)
67b3d17a0422a1f0a0bdc5299cf2ab7fcbf2bbba6d7a1bced24fa6d678506c87,2017-18,secondary_single_bookmaker,pinnacle_closing,1.900000,3.690000,4.280000,0.510509,0.262864,0.226628,0.030963,Pinnacle closing (PSCH/PSCD/PSCA)
68f829ce050ac68dd1ca5ce73b0c7d0553861e0f0106f4537b4aa2ac87795425,2017-18,secondary_single_bookmaker,pinnacle_closing,1.440000,5.060000,7.550000,0.677822,0.192898,0.129280,0.024523,Pinnacle closing (PSCH/PSCD/PSCA)
6a9e29f27256b091a903a8b15d0d384e0bab8fa32a2a09c2867a87226769b2ef,2017-18,secondary_single_bookmaker,pinnacle_closing,3.110000,3.320000,2.490000,0.313899,0.294043,0.392058,0.024355,Pinnacle closing (PSCH/PSCD/PSCA)
6caa421eff76879f0633da4ea60198b0fde3eb3ec7859ffe881bc216d2fc5791,2017-18,secondary_single_bookmaker,pinnacle_closing,1.240000,6.950000,12.000000,0.780183,0.139198,0.080619,0.033670,Pinnacle closing (PSCH/PSCD/PSCA)
6cf3cda4cef0a73497248e638ea3564224ab92bd3c8b53582325583a095bf0d5,2017-18,secondary_single_bookmaker,pinnacle_closing,4.750000,4.120000,1.740000,0.204801,0.236117,0.559082,0.027957,Pinnacle closing (PSCH/PSCD/PSCA)
6d3de71b71d81bc7be0ea43c9636ba94ad867446eb35f217e607e087441ef32b,2017-18,secondary_single_bookmaker,pinnacle_closing,2.440000,3.590000,2.970000,0.399806,0.271734,0.328460,0.025088,Pinnacle closing (PSCH/PSCD/PSCA)
6d92967be1652d80ee272a8b41c72a113d73b76618c1720bda47dbc857836110,2017-18,secondary_single_bookmaker,pinnacle_closing,2.000000,3.740000,3.660000,0.480490,0.256947,0.262563,0.040604,Pinnacle closing (PSCH/PSCD/PSCA)
70078a4dfdbe4427ffbd6064bb501bacc800a3fa86835aa9fdabd9a627ccbeb0,2017-18,secondary_single_bookmaker,pinnacle_closing,2.870000,3.380000,2.620000,0.339613,0.288369,0.372018,0.025969,Pinnacle closing (PSCH/PSCD/PSCA)
708ead233d4aecfeddbd08dddb7b33e25a6ac4391f75812a768012112d5765ba,2017-18,secondary_single_bookmaker,pinnacle_closing,3.590000,3.720000,2.070000,0.270318,0.260871,0.468812,0.030461,Pinnacle closing (PSCH/PSCD/PSCA)
70ea5dbca282c89f64599818b79199c90630419522a19caf3032e78bbf9c1320,2017-18,secondary_single_bookmaker,pinnacle_closing,2.960000,3.530000,2.470000,0.329282,0.276112,0.394606,0.025982,Pinnacle closing (PSCH/PSCD/PSCA)
71cff73d2ce2ce655905b376b657aad1ebdc493eb3c49576499f9d9069c89d6d,2017-18,secondary_single_bookmaker,pinnacle_closing,2.680000,3.480000,2.740000,0.363872,0.280223,0.355904,0.025454,Pinnacle closing (PSCH/PSCD/PSCA)
71fd5d04ccb949b1f6c1375988c75fe1db77b9186c2e582f5cef4940dba9c152,2017-18,secondary_single_bookmaker,pinnacle_closing,1.690000,4.210000,5.100000,0.577101,0.231663,0.191236,0.025324,Pinnacle closing (PSCH/PSCD/PSCA)
721e33d0b65de52ddb2fbf776be00166ecad5d9055cdbab65af64b2825cde7d7,2017-18,secondary_single_bookmaker,pinnacle_closing,1.380000,5.000000,9.870000,0.706306,0.194940,0.098754,0.025955,Pinnacle closing (PSCH/PSCD/PSCA)
7492f8a25810525d0741f111efff1f79ee1616d6e432afe21716f5bacc1a66b8,2017-18,secondary_single_bookmaker,pinnacle_closing,2.260000,3.230000,3.680000,0.432186,0.302396,0.265418,0.023815,Pinnacle closing (PSCH/PSCD/PSCA)
7499bf0eab3b172e4f4cd2932b1ba34c554bf8b470c30e6cae73fc8f92ccc3ee,2017-18,secondary_single_bookmaker,pinnacle_closing,2.880000,3.450000,2.580000,0.338861,0.282875,0.378264,0.024674,Pinnacle closing (PSCH/PSCD/PSCA)
74f55cae3819920dd85d8fc94398887f8d637fc9fdc1ad040ba00464622f507f,2017-18,secondary_single_bookmaker,pinnacle_closing,2.170000,3.450000,3.650000,0.449740,0.282880,0.267380,0.024657,Pinnacle closing (PSCH/PSCD/PSCA)
75c5bf08d0f65fa891fa11e3891825daea6b41a0158786a84baca5857e9edcbb,2017-18,secondary_single_bookmaker,pinnacle_closing,2.210000,3.580000,3.400000,0.441050,0.272268,0.286682,0.025936,Pinnacle closing (PSCH/PSCD/PSCA)
7638fd34952b5f04ca436c2844203fb7ee68dcc96b78239ae6278cb9eecc5c83,2017-18,secondary_single_bookmaker,pinnacle_closing,3.580000,3.300000,2.240000,0.271513,0.294551,0.433936,0.028788,Pinnacle closing (PSCH/PSCD/PSCA)
7677f9a28ad35ab4d588a81fd81ecef2f380138a0f5bf3db438786af55a79356,2017-18,secondary_single_bookmaker,pinnacle_closing,3.980000,3.420000,2.050000,0.243593,0.283480,0.472927,0.031459,Pinnacle closing (PSCH/PSCD/PSCA)
77aef6548732518f076a54c4654be4d43009f59e17a5c755cf1ef0beeca1a3c6,2017-18,secondary_single_bookmaker,pinnacle_closing,3.010000,3.950000,2.230000,0.321357,0.244882,0.433760,0.033821,Pinnacle closing (PSCH/PSCD/PSCA)
783da54e7b5e6cf9fdf334c04ab293a0235e555d195e56d09bce168b2cf22637,2017-18,secondary_single_bookmaker,pinnacle_closing,3.470000,3.690000,2.120000,0.279550,0.262883,0.457566,0.030885,Pinnacle closing (PSCH/PSCD/PSCA)
793e9cadbdfecb5772afcefb254062ea8841aeab71c89106b1913c4e573caff6,2017-18,secondary_single_bookmaker,pinnacle_closing,4.490000,4.160000,1.780000,0.217306,0.234545,0.548149,0.024900,Pinnacle closing (PSCH/PSCD/PSCA)
79b40fa734a598c460f16ffcfa4914e2ac937c6f71fd0e324ee201c2ef54c91d,2017-18,secondary_single_bookmaker,pinnacle_closing,1.420000,4.400000,8.800000,0.673813,0.217458,0.108729,0.045134,Pinnacle closing (PSCH/PSCD/PSCA)
79f146d05607c642aaa6ca13715f0243fb7773436c60dcb4f1841fc074e6d3af,2017-18,secondary_single_bookmaker,pinnacle_closing,1.340000,5.700000,9.740000,0.728510,0.171264,0.100226,0.024377,Pinnacle closing (PSCH/PSCD/PSCA)
7a609a7af46a6eb57abec85ce72d8f6437ea6f6e34b35a87f114f022eacafa48,2017-18,secondary_single_bookmaker,pinnacle_closing,7.430000,4.910000,1.450000,0.130935,0.198136,0.670929,0.027911,Pinnacle closing (PSCH/PSCD/PSCA)
7ad041ffd295de10f18dbb7db94c9c9031987a62fc929a6ef9570c3868b271ad,2017-18,secondary_single_bookmaker,pinnacle_closing,2.510000,3.290000,3.060000,0.387120,0.295341,0.317539,0.029155,Pinnacle closing (PSCH/PSCD/PSCA)
7b181f8b8526002b474ffa06df1a5de1d64f5938c7bbc4e18ca7c363be6e2a1d,2017-18,secondary_single_bookmaker,pinnacle_closing,2.240000,3.790000,3.090000,0.431789,0.255200,0.313012,0.033905,Pinnacle closing (PSCH/PSCD/PSCA)
7d5377928a58bc05ebc2a5f05a081ec7558a28fb2ca3f9f625718510dbbed809,2017-18,secondary_single_bookmaker,pinnacle_closing,2.050000,3.500000,3.960000,0.475423,0.278462,0.246115,0.026044,Pinnacle closing (PSCH/PSCD/PSCA)
7e57c6f8d1e8b33e8591d1a3f9aa70b8c348febf1ad27e15cc0c0340e7565989,2017-18,secondary_single_bookmaker,pinnacle_closing,1.280000,6.050000,12.000000,0.758589,0.160495,0.080916,0.029873,Pinnacle closing (PSCH/PSCD/PSCA)
7eeecbf8b5eae5c477b37d929b28c8582dbff4a69d19536a20fea006f7c3b9fa,2017-18,secondary_single_bookmaker,pinnacle_closing,2.200000,3.430000,3.520000,0.441228,0.283004,0.275768,0.030182,Pinnacle closing (PSCH/PSCD/PSCA)
7f83978880fb01fa8313cb29a5894639b545c52aa7f9170a93454f63957ea3f2,2017-18,secondary_single_bookmaker,pinnacle_closing,2.570000,3.330000,2.940000,0.377940,0.291684,0.330376,0.029541,Pinnacle closing (PSCH/PSCD/PSCA)
82734f3f32f0a007a24036749f0ced8fba9ab7e11a6a5d8b645ec5c3812b7be4,2017-18,secondary_single_bookmaker,pinnacle_closing,2.340000,3.580000,3.150000,0.417277,0.272745,0.309977,0.024140,Pinnacle closing (PSCH/PSCD/PSCA)
8289595c1c79da08210b56d2df50500185686cdb5d285502adb2f1cc0a6eb808,2017-18,secondary_single_bookmaker,pinnacle_closing,5.560000,4.240000,1.610000,0.173468,0.227473,0.599059,0.036823,Pinnacle closing (PSCH/PSCD/PSCA)
82f1c51e0400a8e0957d111fca09cd15fcc6de7b03fcef25fa076358c8068a5f,2017-18,secondary_single_bookmaker,pinnacle_closing,13.500000,7.200000,1.220000,0.071733,0.134499,0.793767,0.032635,Pinnacle closing (PSCH/PSCD/PSCA)
8348704a6ec45e91d2e553d69ce349233001bf262991551733f94f6495567707,2017-18,secondary_single_bookmaker,pinnacle_closing,1.240000,7.660000,10.770000,0.783076,0.126764,0.090159,0.029850,Pinnacle closing (PSCH/PSCD/PSCA)
83ad09641cd133b7bde894365b7155912c087dcde1544f4912415caddda25fe4,2017-18,secondary_single_bookmaker,pinnacle_closing,2.080000,3.790000,3.550000,0.468444,0.257088,0.274468,0.026312,Pinnacle closing (PSCH/PSCD/PSCA)
8572987d73c86ff3ebd6a02b57d18abfec6ded1b4b881ce679fb323720cf31b4,2017-18,secondary_single_bookmaker,pinnacle_closing,2.140000,3.610000,3.510000,0.454033,0.269150,0.276818,0.029198,Pinnacle closing (PSCH/PSCD/PSCA)
862ceb5342c7afa96cce9ae0892988aed45c6d538fc95b2b95c2e9149813719a,2017-18,secondary_single_bookmaker,pinnacle_closing,1.460000,4.860000,7.420000,0.667924,0.200652,0.131424,0.025464,Pinnacle closing (PSCH/PSCD/PSCA)
8790d2e460f2516c82aac3cce0e33dc0616c4067d045010f3f7e8e21559dd592,2017-18,secondary_single_bookmaker,pinnacle_closing,2.020000,3.530000,3.960000,0.480229,0.274805,0.244965,0.030861,Pinnacle closing (PSCH/PSCD/PSCA)
886ff4d38073b777424696d9a7ef065cd840b618e14997d71ea94c7fe4cefc5e,2017-18,secondary_single_bookmaker,pinnacle_closing,7.190000,4.920000,1.450000,0.134771,0.196952,0.668277,0.031989,Pinnacle closing (PSCH/PSCD/PSCA)
88a429bba149448726785a2c9e0ed5eec1078ed40976053747beb339ef86673a,2017-18,secondary_single_bookmaker,pinnacle_closing,2.170000,3.470000,3.620000,0.449477,0.281085,0.269438,0.025257,Pinnacle closing (PSCH/PSCD/PSCA)
89085fb06e340f63ac97903fd80694217b712955a1d24a2723753e6c6451dc05,2017-18,secondary_single_bookmaker,pinnacle_closing,2.920000,3.360000,2.560000,0.332262,0.288752,0.378986,0.030710,Pinnacle closing (PSCH/PSCD/PSCA)
893cb59805b7dd4d9ceafba8ee152c65744df5372353857d6055facdca02d30a,2017-18,secondary_single_bookmaker,pinnacle_closing,2.740000,3.420000,2.720000,0.356059,0.285264,0.358677,0.025008,Pinnacle closing (PSCH/PSCD/PSCA)
895cf1e1ec9fa3ec8e58d13869d84bb4d262d9fb87166f593e0fd8b95002cee3,2017-18,secondary_single_bookmaker,pinnacle_closing,2.490000,3.740000,2.690000,0.385888,0.256915,0.357197,0.040733,Pinnacle closing (PSCH/PSCD/PSCA)
89783c51d3d14cfbf2eab4bee57d032c007ae4eb9bd9450083eab19b2dce7592,2017-18,secondary_single_bookmaker,pinnacle_closing,2.270000,3.880000,2.970000,0.425648,0.249026,0.325327,0.034961,Pinnacle closing (PSCH/PSCD/PSCA)
89d5672fd2910ccb3ed959a27f35ca8b703b9e9a37e513057a4c89ec54d75168,2017-18,secondary_single_bookmaker,pinnacle_closing,4.920000,4.770000,1.630000,0.198026,0.204253,0.597722,0.026393,Pinnacle closing (PSCH/PSCD/PSCA)
8ad461463b25af16c1bc3e4e475903a76df9ebe2b0a55f337caaca7fbce41683,2017-18,secondary_single_bookmaker,pinnacle_closing,1.590000,4.370000,5.990000,0.613765,0.223315,0.162919,0.024709,Pinnacle closing (PSCH/PSCD/PSCA)
8b668489c453db2cada42daf1f244fac9e4a78e63a9a049120b32d4ea4200758,2017-18,secondary_single_bookmaker,pinnacle_closing,1.770000,3.810000,5.080000,0.551574,0.256243,0.192182,0.024289,Pinnacle closing (PSCH/PSCD/PSCA)
8be68ff7b67eea6f56cc2598b5f190b334a56d9f510298a97c689e91cb74944a,2017-18,secondary_single_bookmaker,pinnacle_closing,1.740000,3.960000,5.070000,0.560982,0.246492,0.192526,0.024477,Pinnacle closing (PSCH/PSCD/PSCA)
8d826e0499ef61c6300a053047db890e1335346346257850d6613059260aa768,2017-18,secondary_single_bookmaker,pinnacle_closing,2.070000,3.570000,3.740000,0.468756,0.271799,0.259445,0.030584,Pinnacle closing (PSCH/PSCD/PSCA)
8e3f60492830b5cf0dc9bf06eddb4383183350f3df25bfc2545cb41bc6aa9c3f,2017-18,secondary_single_bookmaker,pinnacle_closing,2.000000,3.550000,4.110000,0.487805,0.274820,0.237375,0.024999,Pinnacle closing (PSCH/PSCD/PSCA)
8eb23fe30ca411afb2fb7e3f773ec295382904aac1d30f64161820f0d12f6e82,2017-18,secondary_single_bookmaker,pinnacle_closing,2.480000,3.650000,2.840000,0.391743,0.266171,0.342086,0.029311,Pinnacle closing (PSCH/PSCD/PSCA)
8f095bbcfea70ef323d87d8b2c6c6b7b634733157f30368bfd75e52670b50924,2017-18,secondary_single_bookmaker,pinnacle_closing,1.270000,6.600000,10.990000,0.764535,0.147115,0.088349,0.029909,Pinnacle closing (PSCH/PSCD/PSCA)
8f3c0c814a8453f805da2ccf9f25859520224b2b7c0fbf65bab67fcc5eaad6e7,2017-18,secondary_single_bookmaker,pinnacle_closing,1.890000,3.730000,4.270000,0.512998,0.259937,0.227065,0.031389,Pinnacle closing (PSCH/PSCD/PSCA)
8fab5d931a690c1ec435f82030171ff0d82ef9c1a72d80869c6981930251c537,2017-18,secondary_single_bookmaker,pinnacle_closing,1.180000,8.300000,16.600000,0.824230,0.117180,0.058590,0.028181,Pinnacle closing (PSCH/PSCD/PSCA)
900778d89ffead4713f908a6db6501b3ac23f051165dd47a60c6dee50f4044d6,2017-18,secondary_single_bookmaker,pinnacle_closing,2.360000,3.690000,2.970000,0.410816,0.262744,0.326440,0.031432,Pinnacle closing (PSCH/PSCD/PSCA)
9049d88a57917ae74a08b7bcc6ec7874142ed413bce72a3550c769220d442091,2017-18,secondary_single_bookmaker,pinnacle_closing,1.980000,3.790000,3.920000,0.493211,0.257667,0.249122,0.024005,Pinnacle closing (PSCH/PSCD/PSCA)
91ac6033dff0b8f4288972e2bab7a028a2b27547a0c4251c745c9db9da0957bd,2017-18,secondary_single_bookmaker,pinnacle_closing,2.320000,3.490000,3.210000,0.418849,0.278432,0.302719,0.029094,Pinnacle closing (PSCH/PSCD/PSCA)
920a223590ca5bd6ac02fd02847d22be77423eea15b55523ff974bb3d7186d82,2017-18,secondary_single_bookmaker,pinnacle_closing,2.210000,3.680000,3.320000,0.441266,0.264999,0.293734,0.025433,Pinnacle closing (PSCH/PSCD/PSCA)
9281f872b925dfb185d640320248fd7b97f7e700d1d36ce061845a08e25bcc96,2017-18,secondary_single_bookmaker,pinnacle_closing,1.910000,3.670000,4.300000,0.509004,0.264904,0.226092,0.028598,Pinnacle closing (PSCH/PSCD/PSCA)
92a4a03fcd31a9a12e2ad12690a47ef124e5cb2808848f8d70fa506e731a95ed,2017-18,secondary_single_bookmaker,pinnacle_closing,1.410000,4.880000,8.150000,0.684022,0.197638,0.118340,0.036837,Pinnacle closing (PSCH/PSCD/PSCA)
93d98a0c61e6f4778c9733f0d6917b44c95e29c9ebaf91c4911d265e397afb30,2017-18,secondary_single_bookmaker,pinnacle_closing,1.280000,6.010000,11.740000,0.756425,0.161102,0.082472,0.032818,Pinnacle closing (PSCH/PSCD/PSCA)
945703b661d6dd5a81f7c0b34d5c979a54d018c168257a83dbea59c4da28a957,2017-18,secondary_single_bookmaker,pinnacle_closing,2.800000,3.350000,2.670000,0.346679,0.289762,0.363559,0.030182,Pinnacle closing (PSCH/PSCD/PSCA)
95516cdb89bc9524ed8682f82c07d5487e6f7da90c75f8075862eb1c37407f6d,2017-18,secondary_single_bookmaker,pinnacle_closing,6.160000,4.480000,1.550000,0.157500,0.216563,0.625937,0.030713,Pinnacle closing (PSCH/PSCD/PSCA)
968805df31156b46029576d4f3ae353dcb4c9641c6e1435f5a702557b8786f98,2017-18,secondary_single_bookmaker,pinnacle_closing,3.380000,2.920000,2.480000,0.284056,0.328804,0.387140,0.041550,Pinnacle closing (PSCH/PSCD/PSCA)
9698f66022b2dcc2d675dc6712a4bd5b2424334c707d046c67cc0dc37112c297,2017-18,secondary_single_bookmaker,pinnacle_closing,1.970000,3.620000,4.130000,0.494756,0.269246,0.235998,0.025988,Pinnacle closing (PSCH/PSCD/PSCA)
96c437dd1474243ab9e1779b7e90a15d3d7b7b5ee01e26f2c3747a2bbfcb3b99,2017-18,secondary_single_bookmaker,pinnacle_closing,1.990000,3.530000,4.180000,0.490240,0.276368,0.233392,0.025033,Pinnacle closing (PSCH/PSCD/PSCA)
96d6b509aed4f8e1530f3bfae28f41d9e609317c9415d9d4c22f8a2b2e4b3040,2017-18,secondary_single_bookmaker,pinnacle_closing,1.390000,5.450000,8.350000,0.703476,0.179419,0.117106,0.022671,Pinnacle closing (PSCH/PSCD/PSCA)
96ec8a09c1977806f5be04be536055ad8c22fa2ddf1c5df6cc8fdf46fe080932,2017-18,secondary_single_bookmaker,pinnacle_closing,3.270000,3.560000,2.280000,0.298263,0.273966,0.427771,0.025306,Pinnacle closing (PSCH/PSCD/PSCA)
995da7099d13005547ba3e0a0c3a24591b42620f8b132b927ca6c75a533fae1c,2017-18,secondary_single_bookmaker,pinnacle_closing,1.630000,4.270000,5.700000,0.599629,0.228898,0.171473,0.023128,Pinnacle closing (PSCH/PSCD/PSCA)
9ae8f6a7a5df702c54d25275a646625940234a28dc875934e32cb6f6378cc25d,2017-18,secondary_single_bookmaker,pinnacle_closing,2.870000,3.230000,2.690000,0.338357,0.300645,0.360998,0.029777,Pinnacle closing (PSCH/PSCD/PSCA)
9b5a99565801af872cf0cc3abb3fa70b131962137a143a373057a13bd70e5ff7,2017-18,secondary_single_bookmaker,pinnacle_closing,1.780000,4.070000,4.600000,0.548155,0.239733,0.212112,0.024889,Pinnacle closing (PSCH/PSCD/PSCA)
9d5a0ba4f2c7db59f70cb4bd1c2564b437dd857cb6fd17d918ca695ba74e8e2b,2017-18,secondary_single_bookmaker,pinnacle_closing,1.670000,3.880000,5.760000,0.581279,0.250190,0.168531,0.030145,Pinnacle closing (PSCH/PSCD/PSCA)
9f8c569b15fe5c2ae4f981a23b86dddb78cb88942491a4aa8d953ba69d742d45,2017-18,secondary_single_bookmaker,pinnacle_closing,1.170000,8.100000,15.000000,0.818033,0.118160,0.063807,0.044824,Pinnacle closing (PSCH/PSCD/PSCA)
a19ebad32879c6c884b6db5d5b11e8ae6afabc668f9d5f1ca5a21fd5cb24c311,2017-18,secondary_single_bookmaker,pinnacle_closing,2.110000,3.530000,3.720000,0.461907,0.276097,0.261996,0.026037,Pinnacle closing (PSCH/PSCD/PSCA)
a1a856607e8d3ec7731336b6220dbf2df0997c7f06f68343f0fabd5e9ccd1717,2017-18,secondary_single_bookmaker,pinnacle_closing,2.020000,3.640000,3.900000,0.482417,0.267715,0.249867,0.026185,Pinnacle closing (PSCH/PSCD/PSCA)
a35a4af351d834bafd2d6db4d399ac1455474484533a7dc4a372959dfcbd2379,2017-18,secondary_single_bookmaker,pinnacle_closing,2.260000,3.540000,3.350000,0.432331,0.276008,0.291662,0.023471,Pinnacle closing (PSCH/PSCD/PSCA)
a3e885839f482d38f0e527c01461ce27a2d672814be22bef5f0ea637eb88f040,2017-18,secondary_single_bookmaker,pinnacle_closing,1.240000,7.050000,12.700000,0.785223,0.138110,0.076667,0.027036,Pinnacle closing (PSCH/PSCD/PSCA)
a6844acd3ca9b407aacb3854e23e26443bbd647f5d10712b5b32da280e7f0cc7,2017-18,secondary_single_bookmaker,pinnacle_closing,2.180000,3.490000,3.570000,0.447370,0.279446,0.273184,0.025361,Pinnacle closing (PSCH/PSCD/PSCA)
a990e66394e6e0d86e6456807d6c9fa8f494a9f9776ce086034427d66791daa5,2017-18,secondary_single_bookmaker,pinnacle_closing,3.220000,3.890000,2.140000,0.300081,0.248396,0.451523,0.034918,Pinnacle closing (PSCH/PSCD/PSCA)
a99c5042bccfea74f3b86cb834f2728a5d75536543ead80fb23d28a3ab8a851c,2017-18,secondary_single_bookmaker,pinnacle_closing,1.890000,3.670000,4.340000,0.512697,0.264032,0.223271,0.031995,Pinnacle closing (PSCH/PSCD/PSCA)
ae3dab2d61a66ec416de36f3ea2a8306802baf5d5428b249d7970c3b83d3e7a3,2017-18,secondary_single_bookmaker,pinnacle_closing,3.040000,3.350000,2.520000,0.321150,0.291431,0.387419,0.024280,Pinnacle closing (PSCH/PSCD/PSCA)
ae4bf774031c4f130185b72e5a1339a3b8086f2753b1ffddc3f6405059a7762e,2017-18,secondary_single_bookmaker,pinnacle_closing,2.770000,3.280000,2.790000,0.352442,0.297642,0.349916,0.024312,Pinnacle closing (PSCH/PSCD/PSCA)
af31055efbac2444baa5711df6aee7518fc84b2b92732dacec16067d43bd6b91,2017-18,secondary_single_bookmaker,pinnacle_closing,1.670000,3.830000,6.040000,0.583934,0.254614,0.161452,0.025462,Pinnacle closing (PSCH/PSCD/PSCA)
af4e86d58ddc493b4c8dda942ace8aade89165b66584b463f1d8f0923fb2deb9,2017-18,secondary_single_bookmaker,pinnacle_closing,2.330000,3.410000,3.240000,0.416247,0.284415,0.299338,0.031082,Pinnacle closing (PSCH/PSCD/PSCA)
aff8660a98585fdb75f5b118e90485d2d46af8480a5c01beaba50fc36d2408c8,2017-18,secondary_single_bookmaker,pinnacle_closing,2.640000,3.520000,2.760000,0.369478,0.277108,0.353414,0.025198,Pinnacle closing (PSCH/PSCD/PSCA)
b198871f510275deedce6f115ac3cd0afdeaabb0c61f7cdb1ef04869cee43686,2017-18,secondary_single_bookmaker,pinnacle_closing,4.730000,3.840000,1.810000,0.206397,0.254234,0.539369,0.024319,Pinnacle closing (PSCH/PSCD/PSCA)
b202020efc3832eb68a5ce27cb2e735f3f0534b9bd20608640e691e1f114109c,2017-18,secondary_single_bookmaker,pinnacle_closing,2.560000,3.280000,3.000000,0.379677,0.296333,0.323991,0.028836,Pinnacle closing (PSCH/PSCD/PSCA)
b253b5072e86e142ee75244aa15b24a71e68fc436d0f5a3055fda5b0b0808015,2017-18,secondary_single_bookmaker,pinnacle_closing,2.110000,3.390000,3.910000,0.462522,0.287882,0.249596,0.024673,Pinnacle closing (PSCH/PSCD/PSCA)
b3a7b75df94e052c601047f0d56215d8d3ef4443936c54f16f6460aad7c08875,2017-18,secondary_single_bookmaker,pinnacle_closing,2.130000,3.670000,3.470000,0.455744,0.264505,0.279751,0.030148,Pinnacle closing (PSCH/PSCD/PSCA)
b4bd2f0baa0d9e7d2ad3074f7e4db9252add42a1cded6d1c377492bfd4eddd39,2017-18,secondary_single_bookmaker,pinnacle_closing,2.970000,3.610000,2.430000,0.328414,0.270191,0.401395,0.025231,Pinnacle closing (PSCH/PSCD/PSCA)
b74dd5be5a355d573988645703b7e0aebf8ec6e6e5a93ba8603339aefd9ab8bc,2017-18,secondary_single_bookmaker,pinnacle_closing,2.130000,3.830000,3.380000,0.457391,0.254371,0.288238,0.026438,Pinnacle closing (PSCH/PSCD/PSCA)
b7c786e7d18a63fd7b52b213a39bf25d8b1a04720b95123488b4a424f4cf6c83,2017-18,secondary_single_bookmaker,pinnacle_closing,1.290000,6.260000,10.390000,0.751751,0.154913,0.093336,0.031185,Pinnacle closing (PSCH/PSCD/PSCA)
b7d2866708ab1e8a53f1c5944ddf8190718220e34bcf36e7a797c3edc43a60ec,2017-18,secondary_single_bookmaker,pinnacle_closing,1.870000,3.640000,4.630000,0.521479,0.267903,0.210619,0.025467,Pinnacle closing (PSCH/PSCD/PSCA)
bc2055c7e315715c36d0c36351c8df52c7fc0c17b6701d7ec4e8186ef4669dcc,2017-18,secondary_single_bookmaker,pinnacle_closing,2.190000,4.010000,2.990000,0.438871,0.239682,0.321447,0.040446,Pinnacle closing (PSCH/PSCD/PSCA)
bc7718e46442fe39cef63f585c11d82d5625589789771041ef283e9f8887f0a4,2017-18,secondary_single_bookmaker,pinnacle_closing,2.250000,3.840000,3.070000,0.431251,0.252686,0.316063,0.030594,Pinnacle closing (PSCH/PSCD/PSCA)
bc8350baa8ff553e291e26c44d839fde173b80c710de898ec9b5f43a7c344732,2017-18,secondary_single_bookmaker,pinnacle_closing,2.620000,3.500000,2.790000,0.372074,0.278524,0.349403,0.025817,Pinnacle closing (PSCH/PSCD/PSCA)
bcb85e954b4e922f9f10b4b7659055c4698f9ba9a9439bb71cd003b640a9f3d3,2017-18,secondary_single_bookmaker,pinnacle_closing,2.180000,3.400000,3.660000,0.447066,0.286648,0.266285,0.026057,Pinnacle closing (PSCH/PSCD/PSCA)
bd2acc6918aae2763d6fca4086ce82228189e6c03db3367c5ebcc54006b0e765,2017-18,secondary_single_bookmaker,pinnacle_closing,2.380000,3.280000,3.270000,0.407591,0.295752,0.296657,0.030857,Pinnacle closing (PSCH/PSCD/PSCA)
bd3cb582f8ff39c286e98ac82e6881bdc2f185554f4a610dc986bd186af9153f,2017-18,secondary_single_bookmaker,pinnacle_closing,4.150000,4.010000,1.870000,0.235064,0.243271,0.521666,0.025100,Pinnacle closing (PSCH/PSCD/PSCA)
be739a06c4248a2ae81880295ed07201506f8b17f1a2dacd5fe2fffab7259318,2017-18,secondary_single_bookmaker,pinnacle_closing,2.680000,3.530000,2.710000,0.363883,0.276262,0.359855,0.025424,Pinnacle closing (PSCH/PSCD/PSCA)
c1deecb979c09b9ba8b4a768f6bd38c357a674ed03c09c77764b0fe29eb015ad,2017-18,secondary_single_bookmaker,pinnacle_closing,1.910000,3.610000,4.450000,0.510647,0.270176,0.219177,0.025288,Pinnacle closing (PSCH/PSCD/PSCA)
c26be73a3cb8b134231d0cc84bc8ca9345cd5a5e1ad63824ddf20a20f5f2eb63,2017-18,secondary_single_bookmaker,pinnacle_closing,2.440000,3.350000,3.150000,0.399527,0.290999,0.309475,0.025804,Pinnacle closing (PSCH/PSCD/PSCA)
c55aac71b353b7790adf86918a60e0421a91ac9392a1aabedfe83ac0ac9a1afc,2017-18,secondary_single_bookmaker,pinnacle_closing,4.020000,3.660000,1.990000,0.242809,0.266692,0.490499,0.024493,Pinnacle closing (PSCH/PSCD/PSCA)
c65902d9bd4a3dcc96e25162efe54b2dce91b21924a13750e6b9b2f79952cc88,2017-18,secondary_single_bookmaker,pinnacle_closing,1.910000,3.870000,4.110000,0.510657,0.252030,0.237313,0.025267,Pinnacle closing (PSCH/PSCD/PSCA)
c6da76c7ad50c191ea1cc8a71c31d2924620406c4a6e056b2e4cff571851a1a3,2017-18,secondary_single_bookmaker,pinnacle_closing,1.420000,5.200000,7.370000,0.682245,0.186305,0.131450,0.032218,Pinnacle closing (PSCH/PSCD/PSCA)
c7268f8d30cd91ac24cad4906625e165e5dee58cba24ec649f12f835ef6219d9,2017-18,secondary_single_bookmaker,pinnacle_closing,2.250000,3.330000,3.510000,0.431648,0.291654,0.276698,0.029645,Pinnacle closing (PSCH/PSCD/PSCA)
c8412ea6d3339b504bfdcfe25d841916d51f71a4f24f69df33dd7ce554bb672b,2017-18,secondary_single_bookmaker,pinnacle_closing,2.320000,3.500000,3.190000,0.418387,0.277331,0.304282,0.030228,Pinnacle closing (PSCH/PSCD/PSCA)
c93ae391c8b4f5481b17445ae62337ca1a9a67eeeb29a2e776c0d3cf5e4a998a,2017-18,secondary_single_bookmaker,pinnacle_closing,2.020000,3.870000,3.610000,0.480418,0.250761,0.268821,0.030456,Pinnacle closing (PSCH/PSCD/PSCA)
cb51d0a8df77c672b100329e555941e14d024029c7890c0b01d29afa37f97274,2017-18,secondary_single_bookmaker,pinnacle_closing,3.130000,3.530000,2.370000,0.311783,0.276453,0.411764,0.024716,Pinnacle closing (PSCH/PSCD/PSCA)
cb7dd12e757d54c066e07d4f57f60edf548622eca46bcfce8f24160cb07d26e0,2017-18,secondary_single_bookmaker,pinnacle_closing,1.790000,4.040000,4.480000,0.542705,0.240456,0.216840,0.029398,Pinnacle closing (PSCH/PSCD/PSCA)
cd95b049ab8f8ef57d50386553c1f686683b69a22dd615fe8f6a702240930426,2017-18,secondary_single_bookmaker,pinnacle_closing,2.000000,3.610000,3.940000,0.485053,0.268727,0.246220,0.030815,Pinnacle closing (PSCH/PSCD/PSCA)
ce69e11dc99ed08a2b931e66937b1b1aebf046baf2ac7e72f39d63bddf4c2259,2017-18,secondary_single_bookmaker,pinnacle_closing,1.330000,5.800000,9.750000,0.732214,0.167904,0.099882,0.026858,Pinnacle closing (PSCH/PSCD/PSCA)
cf09b5da7ee63aca3ff777126c9f68838592caf33994febd5121061fb77b4800,2017-18,secondary_single_bookmaker,pinnacle_closing,5.410000,4.350000,1.630000,0.179769,0.223575,0.596656,0.028225,Pinnacle closing (PSCH/PSCD/PSCA)
d0ed7bbf72b89a2d57b54fb1111398352cd4302972a0361250e38fbcf31d7046,2017-18,secondary_single_bookmaker,pinnacle_closing,2.200000,4.130000,2.910000,0.436929,0.232747,0.330324,0.040319,Pinnacle closing (PSCH/PSCD/PSCA)
d1200653bde528a68f1447296a030921abe2b80c950fddbfeaf39a370650941d,2017-18,secondary_single_bookmaker,pinnacle_closing,3.630000,3.530000,2.120000,0.267337,0.274911,0.457752,0.030466,Pinnacle closing (PSCH/PSCD/PSCA)
d1310d7b12cd87299d5d43dfb663a00367ba43914196769efe66ca0d94b48722,2017-18,secondary_single_bookmaker,pinnacle_closing,1.880000,3.820000,4.280000,0.517759,0.254814,0.227427,0.027340,Pinnacle closing (PSCH/PSCD/PSCA)
d1388e7137742295a98e18ef0a045791bd48daec33bae849005a097d0f877ea4,2017-18,secondary_single_bookmaker,pinnacle_closing,1.900000,3.620000,4.400000,0.511070,0.268241,0.220689,0.029832,Pinnacle closing (PSCH/PSCD/PSCA)
d1f84ff9500ee2de107d3c6e3f50f36a4ce3ccc8ba3a5b0c46c3554502d7e921,2017-18,secondary_single_bookmaker,pinnacle_closing,1.930000,3.830000,4.010000,0.503724,0.253835,0.242441,0.028608,Pinnacle closing (PSCH/PSCD/PSCA)
d35019d9852981268d585dd00b7ab457e64cd699aeae684edcc339b17c08d9a3,2017-18,secondary_single_bookmaker,pinnacle_closing,3.900000,3.620000,2.030000,0.250092,0.269436,0.480472,0.025264,Pinnacle closing (PSCH/PSCD/PSCA)
d51a6e096735b4eb19cc50d5118ef94f2d4402b406a6bb40cba5cd82b8b0cd50,2017-18,secondary_single_bookmaker,pinnacle_closing,2.360000,3.380000,3.280000,0.413610,0.288793,0.297597,0.024465,Pinnacle closing (PSCH/PSCD/PSCA)
d747a5fda9d117d1f9d07cd0ea8efe14ab4f6c55ad77d2162b70c4c4a68feee8,2017-18,secondary_single_bookmaker,pinnacle_closing,2.810000,3.570000,2.570000,0.347162,0.273256,0.379582,0.025089,Pinnacle closing (PSCH/PSCD/PSCA)
d809acec224255ca78ae45369d715271c30b8f3c0395f8358ba9ab8e80f514f2,2017-18,secondary_single_bookmaker,pinnacle_closing,3.530000,3.550000,2.150000,0.275010,0.273461,0.451529,0.030093,Pinnacle closing (PSCH/PSCD/PSCA)
d9c47e7f0f04e98b02c7d347083a93360010123faf0abfb752c6ad5ba9084d6a,2017-18,secondary_single_bookmaker,pinnacle_closing,5.360000,4.750000,1.590000,0.181835,0.205186,0.612978,0.026024,Pinnacle closing (PSCH/PSCD/PSCA)
da81a664bbcf9fe926b06888c1095f4146a47fe7df61b83a2bf3241612aea76d,2017-18,secondary_single_bookmaker,pinnacle_closing,3.600000,3.540000,2.150000,0.270902,0.275494,0.453604,0.025380,Pinnacle closing (PSCH/PSCD/PSCA)
dc2801debb4d111e72dcc6c8e8e655f37eb273c8ca4df1b5915a490d1805ad6d,2017-18,secondary_single_bookmaker,pinnacle_closing,2.420000,3.300000,3.190000,0.401292,0.294280,0.304428,0.029733,Pinnacle closing (PSCH/PSCD/PSCA)
dcfc2240b3952ac850ba07b21bba81ab703f55dbd59d5563c9360beb1ef23197,2017-18,secondary_single_bookmaker,pinnacle_closing,2.650000,3.360000,2.810000,0.366066,0.288712,0.345222,0.030849,Pinnacle closing (PSCH/PSCD/PSCA)
dea8fdfa153f68ea8bf8d5edd58124b2c13b0385ab8ade5a51de0fdf65a44fa0,2017-18,secondary_single_bookmaker,pinnacle_closing,1.760000,3.880000,5.000000,0.553830,0.251222,0.194948,0.025914,Pinnacle closing (PSCH/PSCD/PSCA)
dec1831e92d38f23416c87b9906655c6bca969c6776750e88b6e32557ae3b940,2017-18,secondary_single_bookmaker,pinnacle_closing,1.680000,4.000000,5.320000,0.576107,0.241965,0.181928,0.033208,Pinnacle closing (PSCH/PSCD/PSCA)
deea86fc5bbb3a4cb0f7611d54938793ed4d0849dd7016c3ee1614e20b57fe96,2017-18,secondary_single_bookmaker,pinnacle_closing,2.440000,3.400000,3.120000,0.400048,0.287093,0.312858,0.024467,Pinnacle closing (PSCH/PSCD/PSCA)
df2ee3982e936fee3cd16fe29a47cf28421536c95d9588fb9ce8e566e63b6e99,2017-18,secondary_single_bookmaker,pinnacle_closing,2.120000,3.380000,3.810000,0.457949,0.287234,0.254817,0.030023,Pinnacle closing (PSCH/PSCD/PSCA)
e0477d4188b5c7f397713363af6d18f11933bcbf99ea66dd091cdc0636392150,2017-18,secondary_single_bookmaker,pinnacle_closing,1.500000,5.080000,6.260000,0.651512,0.192375,0.156113,0.023261,Pinnacle closing (PSCH/PSCD/PSCA)
e0bcf40f50dc99b644a284115c33b64314b563a508d3aafba6de564b38f026e7,2017-18,secondary_single_bookmaker,pinnacle_closing,2.460000,3.190000,3.220000,0.394456,0.304189,0.301355,0.030543,Pinnacle closing (PSCH/PSCD/PSCA)
e10f3f9a52a9c1e74be2cca4829b8aa4c508f9adac6355d9f8d5b68b0d3f81e7,2017-18,secondary_single_bookmaker,pinnacle_closing,1.800000,4.180000,4.190000,0.537572,0.231490,0.230938,0.033453,Pinnacle closing (PSCH/PSCD/PSCA)
e248ddd39a7f7ba630e185ac3155bcb83af885c0085bcc1563229c5d15ee2d67,2017-18,secondary_single_bookmaker,pinnacle_closing,1.930000,4.030000,3.870000,0.505659,0.242164,0.252176,0.024672,Pinnacle closing (PSCH/PSCD/PSCA)
e46727b07be495f8cf8818984ce0f77a3c13f4e1439cfd2e9c1090823c107430,2017-18,secondary_single_bookmaker,pinnacle_closing,5.910000,4.360000,1.600000,0.165310,0.224078,0.610612,0.023563,Pinnacle closing (PSCH/PSCD/PSCA)
e516c912bfc514561dc52495bfbec48f3c83a28f7d242e7997b9c93a021222be,2017-18,secondary_single_bookmaker,pinnacle_closing,1.180000,8.250000,17.000000,0.824782,0.117969,0.057250,0.027493,Pinnacle closing (PSCH/PSCD/PSCA)
e5cbe5b74d5183e0cb65115f57406e613dd921658e54a10824c04fc45b87a5eb,2017-18,secondary_single_bookmaker,pinnacle_closing,6.790000,4.960000,1.470000,0.143102,0.195900,0.660997,0.029160,Pinnacle closing (PSCH/PSCD/PSCA)
e7cea10f2487a15326a5f98820d46b066cfa328b1c86c1104ef01b80ecc2cc84,2017-18,secondary_single_bookmaker,pinnacle_closing,2.110000,3.840000,3.260000,0.455224,0.250136,0.294639,0.041099,Pinnacle closing (PSCH/PSCD/PSCA)
e8a5b1500556e6c40c507ff09cadd626ef03bcc8e5f1b8253e102cf1186d6791,2017-18,secondary_single_bookmaker,pinnacle_closing,3.550000,3.310000,2.270000,0.274998,0.294938,0.430064,0.024334,Pinnacle closing (PSCH/PSCD/PSCA)
eaa7ff5f65f76e6283c9e5f7085327a0e605ef7e808f8c63c2e65a559a58f4a8,2017-18,secondary_single_bookmaker,pinnacle_closing,1.270000,6.150000,12.500000,0.764465,0.157865,0.077670,0.030003,Pinnacle closing (PSCH/PSCD/PSCA)
eae95a4940ed902280524cbb629b35e6203aa781b73f512f474db37abefe8fe5,2017-18,secondary_single_bookmaker,pinnacle_closing,1.420000,5.140000,8.380000,0.691699,0.191092,0.117209,0.018110,Pinnacle closing (PSCH/PSCD/PSCA)
eb8b86fa0091558dd76be9bdd08d3eb4e344d4f960267f35e957aa48dbc9a924,2017-18,secondary_single_bookmaker,pinnacle_closing,1.400000,4.990000,8.450000,0.691447,0.193993,0.114559,0.033030,Pinnacle closing (PSCH/PSCD/PSCA)
ed8aa75544d66cb4a3aac89fa12000b3a742c4f27f1842fb5305435ad56b4148,2017-18,secondary_single_bookmaker,pinnacle_closing,1.970000,3.720000,4.030000,0.495441,0.262371,0.242188,0.024570,Pinnacle closing (PSCH/PSCD/PSCA)
edb4603fc196833c904b8d932e30b97294d675d9b44151defa5c7fde5580ddcb,2017-18,secondary_single_bookmaker,pinnacle_closing,3.090000,3.590000,2.330000,0.313784,0.270082,0.416134,0.031361,Pinnacle closing (PSCH/PSCD/PSCA)
ee21b2fbb135f5641454716478326e7e66db77a0d89ac3e3ae2ad7569e92ce27,2017-18,secondary_single_bookmaker,pinnacle_closing,2.610000,2.900000,3.260000,0.370286,0.333258,0.296456,0.034718,Pinnacle closing (PSCH/PSCD/PSCA)
ee634d637ea647d619c0d09e51f97e4fd33e2309c212bb3afc2562d5ec56e4c6,2017-18,secondary_single_bookmaker,pinnacle_closing,1.550000,4.110000,7.110000,0.626907,0.236425,0.136668,0.029117,Pinnacle closing (PSCH/PSCD/PSCA)
ef175067118686b6ac40981ce26b28f4672f56b816ffaf5bdd3d70f4f52fd32c,2017-18,secondary_single_bookmaker,pinnacle_closing,1.630000,4.200000,5.770000,0.598591,0.232310,0.169099,0.024902,Pinnacle closing (PSCH/PSCD/PSCA)
f07e6611372c9208cf5943dd3a24439be03b10f57a24aa93002d019228f40534,2017-18,secondary_single_bookmaker,pinnacle_closing,2.600000,3.610000,2.710000,0.373186,0.268776,0.358038,0.030627,Pinnacle closing (PSCH/PSCD/PSCA)
f0d397150e71986bdc8a6707a3dc6f637632304b1d8233ae0bc5a6fc99250b32,2017-18,secondary_single_bookmaker,pinnacle_closing,4.810000,3.800000,1.800000,0.202511,0.256336,0.541153,0.026614,Pinnacle closing (PSCH/PSCD/PSCA)
f1e37cc3630eaa1aa23e3a92bd1e7fa9d0f372e47d75c0ec8a1c04f74cbc757a,2017-18,secondary_single_bookmaker,pinnacle_closing,1.340000,5.450000,10.500000,0.728072,0.179012,0.092916,0.024993,Pinnacle closing (PSCH/PSCD/PSCA)
f217bb875997fe3c7bc9ebd0ea303bdeed345e71905465be9407ba36ece53070,2017-18,secondary_single_bookmaker,pinnacle_closing,2.130000,3.410000,3.660000,0.453186,0.283075,0.263739,0.035963,Pinnacle closing (PSCH/PSCD/PSCA)
f332a9da0f350d71ec14e9348455081032cbaab5ed589358474771888b0144ee,2017-18,secondary_single_bookmaker,pinnacle_closing,2.520000,3.130000,3.190000,0.385345,0.310245,0.304410,0.029794,Pinnacle closing (PSCH/PSCD/PSCA)
f47c182dcad0f8c740786e368bc87e017e31e0666ad669fdbc4d3690e86c6272,2017-18,secondary_single_bookmaker,pinnacle_closing,2.010000,3.610000,4.020000,0.486195,0.270707,0.243098,0.023277,Pinnacle closing (PSCH/PSCD/PSCA)
f4fc014c03ba955203402b497bcb66c6a0e06e5b770495c01ddd218cab54249c,2017-18,secondary_single_bookmaker,pinnacle_closing,1.310000,6.020000,9.760000,0.739738,0.160973,0.099289,0.031931,Pinnacle closing (PSCH/PSCD/PSCA)
f56be3215d61a8ad258e3b47cdd1742604c0e5be3342faec5a605fa9ee869037,2017-18,secondary_single_bookmaker,pinnacle_closing,2.170000,3.270000,3.800000,0.447495,0.296962,0.255543,0.029798,Pinnacle closing (PSCH/PSCD/PSCA)
f5b38741a4ff629f85c9ef1c67ed7f292636545d19f122c0344be7ef90ffcf8c,2017-18,secondary_single_bookmaker,pinnacle_closing,3.140000,3.460000,2.400000,0.310960,0.282201,0.406839,0.024155,Pinnacle closing (PSCH/PSCD/PSCA)
f6c33de3245847e0ee448cbf3cf8a81ae4a61143a40544526960c1bf8e111201,2017-18,secondary_single_bookmaker,pinnacle_closing,1.430000,4.910000,8.170000,0.682001,0.198628,0.119371,0.025366,Pinnacle closing (PSCH/PSCD/PSCA)
f79843e13f96653c8279a66934f840a92a2233a4fe3689d42f67afc9b122e727,2017-18,secondary_single_bookmaker,pinnacle_closing,3.700000,3.810000,2.030000,0.263589,0.255979,0.480433,0.025348,Pinnacle closing (PSCH/PSCD/PSCA)
f8516b71570107e595b6b2d7c60f71c0aef5a7a618ace1c470b840ba3bb21c63,2017-18,secondary_single_bookmaker,pinnacle_closing,4.270000,3.630000,1.930000,0.227856,0.268029,0.504116,0.027809,Pinnacle closing (PSCH/PSCD/PSCA)
f8a4842d5ef1d9b0b22c39894fc78b52e0ee3efc03eb0c9ddbe722ac7ed34c6d,2017-18,secondary_single_bookmaker,pinnacle_closing,1.330000,5.600000,10.150000,0.730709,0.173543,0.095748,0.028973,Pinnacle closing (PSCH/PSCD/PSCA)
fb08b776a2dec825cdf30a2a7380200f82da856e6ef2ae4d37fcd8a414a13fc6,2017-18,secondary_single_bookmaker,pinnacle_closing,2.100000,3.330000,4.020000,0.464464,0.292905,0.242631,0.025247,Pinnacle closing (PSCH/PSCD/PSCA)
fb0f56803cb0e66ab5db2320a3fc6237b8d174771add40ed3ebb43da6087c9d3,2017-18,secondary_single_bookmaker,pinnacle_closing,2.620000,3.290000,2.900000,0.370398,0.294967,0.334635,0.030458,Pinnacle closing (PSCH/PSCD/PSCA)
fc6e35acba4ffa65c87a95e5d404b7be6c960772a535f90c067d87651a82b4da,2017-18,secondary_single_bookmaker,pinnacle_closing,5.480000,3.930000,1.700000,0.178001,0.248206,0.573793,0.025170,Pinnacle closing (PSCH/PSCD/PSCA)
fd9c5edc309eafaf4521484eb57f40a2d160744abf363164ddbfb34808cae861,2017-18,secondary_single_bookmaker,pinnacle_closing,4.670000,3.990000,1.790000,0.209233,0.244892,0.545876,0.023419,Pinnacle closing (PSCH/PSCD/PSCA)
fe54ab8198efc700d71cd336e395f2b1c0c52e53c534fdd565acb322d77d41ab,2017-18,secondary_single_bookmaker,pinnacle_closing,2.130000,3.810000,3.240000,0.451169,0.252229,0.296602,0.040593,Pinnacle closing (PSCH/PSCD/PSCA)
fee9511711498c635eab3510d426ab5cb5682d402f780c3d91a1ab322b29d5c4,2017-18,secondary_single_bookmaker,pinnacle_closing,1.700000,4.250000,4.920000,0.572892,0.229157,0.197951,0.026781,Pinnacle closing (PSCH/PSCD/PSCA)
00052f4ed3a755ead71d1c7d6ee3f69273be6210684720df3ed3f52e3458e4e8,2018-19,secondary_single_bookmaker,pinnacle_closing,2.010000,3.490000,3.950000,0.479664,0.276254,0.244082,0.037210,Pinnacle closing (PSCH/PSCD/PSCA)
0095ca408521bb63445e0210c5c86fc4768a69b85ff12ed6f9c64d6f949fb10c,2018-19,secondary_single_bookmaker,pinnacle_closing,1.690000,4.020000,5.090000,0.570639,0.239895,0.189466,0.036936,Pinnacle closing (PSCH/PSCD/PSCA)
01a6ac19b8560f5a9d5b310f6a1006313df763a291c7a61d0b531451cb4ab390,2018-19,secondary_single_bookmaker,pinnacle_closing,2.660000,3.450000,2.740000,0.364722,0.281206,0.354073,0.030758,Pinnacle closing (PSCH/PSCD/PSCA)
025193b4d273fe9629bb6b130cb432662d633dbde53920404a74339813044577,2018-19,secondary_single_bookmaker,pinnacle_closing,4.300000,3.780000,1.860000,0.224750,0.255668,0.519583,0.034743,Pinnacle closing (PSCH/PSCD/PSCA)
0413223e03ef6aa276de66219bc584af590a3db24c0c58ef56312988dfeafee9,2018-19,secondary_single_bookmaker,pinnacle_closing,2.270000,3.390000,3.370000,0.426766,0.285769,0.287465,0.032250,Pinnacle closing (PSCH/PSCD/PSCA)
0422efe433666ee8a6b2c4b6d4025257ba17cc09e186008174c45ee7030380a3,2018-19,secondary_single_bookmaker,pinnacle_closing,2.180000,3.160000,3.880000,0.444103,0.306375,0.249522,0.032903,Pinnacle closing (PSCH/PSCD/PSCA)
044e6f5f79cf47792c298bc6b39279b262aa39c22ccd54b14b69d54699c32a09,2018-19,secondary_single_bookmaker,pinnacle_closing,2.840000,3.570000,2.500000,0.341120,0.271367,0.387513,0.032225,Pinnacle closing (PSCH/PSCD/PSCA)
05aa29523dbb263d79af5bb22feea6b92ae0aba242146a0109625775d1564e5c,2018-19,secondary_single_bookmaker,pinnacle_closing,4.640000,4.010000,1.750000,0.207964,0.240636,0.551400,0.036322,Pinnacle closing (PSCH/PSCD/PSCA)
08040047219972930b0523398b7dcab6e081bd0b11c08d9cd5d535ad972058b7,2018-19,secondary_single_bookmaker,pinnacle_closing,3.300000,3.250000,2.380000,0.293950,0.298472,0.407578,0.030891,Pinnacle closing (PSCH/PSCD/PSCA)
0932f88f2e6213c21b63c94e2a0a8a88551b72df973b6ec2a1ff8d1fccc9a4b5,2018-19,secondary_single_bookmaker,pinnacle_closing,2.320000,3.550000,3.130000,0.417583,0.272899,0.309518,0.032213,Pinnacle closing (PSCH/PSCD/PSCA)
0ac670c4f783d2b93ad95956ac514669d5d812e25c2e3890dc0648bc03f6a30d,2018-19,secondary_single_bookmaker,pinnacle_closing,1.810000,3.850000,4.460000,0.533061,0.250608,0.216332,0.036442,Pinnacle closing (PSCH/PSCD/PSCA)
0ae2d11da9896b77bb11896e4cbfd5da17184b06f02164b5e9b6e3e070671373,2018-19,secondary_single_bookmaker,pinnacle_closing,2.460000,3.500000,2.960000,0.394643,0.277377,0.327980,0.030056,Pinnacle closing (PSCH/PSCD/PSCA)
0ba11639ae3f04b21749d2e41eac64780b440a35c6400c9be8b4a1b7aec14b03,2018-19,secondary_single_bookmaker,pinnacle_closing,1.860000,3.780000,4.310000,0.519854,0.255801,0.224345,0.034203,Pinnacle closing (PSCH/PSCD/PSCA)
0c76ba867195e69526a96d01e1aa9a789416af7a878c8823ec3b8e9165d8a4c7,2018-19,secondary_single_bookmaker,pinnacle_closing,1.310000,5.440000,10.440000,0.731910,0.176250,0.091839,0.042968,Pinnacle closing (PSCH/PSCD/PSCA)
0dd8b2d75ec72233eed88e6daa1dd0b931aef6318c05e4237769a6bfe726366e,2018-19,secondary_single_bookmaker,pinnacle_closing,2.160000,3.630000,3.400000,0.448363,0.266795,0.284842,0.032563,Pinnacle closing (PSCH/PSCD/PSCA)
0e0e03af76a141841668dda55d8aa425667450e1bd2b6819e7f8b157698ee891,2018-19,secondary_single_bookmaker,pinnacle_closing,1.510000,4.350000,7.150000,0.641719,0.222758,0.135524,0.031997,Pinnacle closing (PSCH/PSCD/PSCA)
0f569c7f61317bac6e4bd50827dffd3e1ea1830a523fa643af59da0c97651db4,2018-19,secondary_single_bookmaker,pinnacle_closing,1.460000,4.850000,6.750000,0.659054,0.198396,0.142551,0.039265,Pinnacle closing (PSCH/PSCD/PSCA)
1045c55f41cd870975301dc99096ba24912e15b210f4301569ba11484089e4c0,2018-19,secondary_single_bookmaker,pinnacle_closing,2.020000,3.580000,3.880000,0.479648,0.270639,0.249713,0.032111,Pinnacle closing (PSCH/PSCD/PSCA)
111b0c623cc07a35cda03d8615dae6f52d912ba7de4dd944d6912499a8d66634,2018-19,secondary_single_bookmaker,pinnacle_closing,2.060000,3.720000,3.580000,0.469664,0.260083,0.270253,0.033584,Pinnacle closing (PSCH/PSCD/PSCA)
113354a2a570eb94599ba9bfe460c0ba7402c427c699412ca23f489b32f8ba6e,2018-19,secondary_single_bookmaker,pinnacle_closing,1.900000,3.760000,4.150000,0.509385,0.257402,0.233213,0.033237,Pinnacle closing (PSCH/PSCD/PSCA)
11b74fdf1017e843736534b1fc24920845d3507f03f8efc365561ad6bbc72910,2018-19,secondary_single_bookmaker,pinnacle_closing,2.230000,3.410000,3.440000,0.434364,0.284056,0.281579,0.032383,Pinnacle closing (PSCH/PSCD/PSCA)
11eb26c80014b0e52a7f412b90aaafe46678a4062fbfc106481956f3a40dee56,2018-19,secondary_single_bookmaker,pinnacle_closing,1.560000,4.420000,5.820000,0.616910,0.217733,0.165357,0.039091,Pinnacle closing (PSCH/PSCD/PSCA)
13f1f1c77e7a5a862169b631931a5fcfd3542fe58a6c5e3a961a0dd5f3ebdb82,2018-19,secondary_single_bookmaker,pinnacle_closing,2.370000,3.320000,3.250000,0.409318,0.292194,0.298488,0.030838,Pinnacle closing (PSCH/PSCD/PSCA)
14a18e589c99a4b95b2bd34b17fb3958aa41d36d8ebcdcb63a93e0f45b8e8cdc,2018-19,secondary_single_bookmaker,pinnacle_closing,3.070000,3.540000,2.340000,0.314545,0.272783,0.412672,0.035569,Pinnacle closing (PSCH/PSCD/PSCA)
14cc245ee52ce413e7716b0469f8fd9414f4b300241179f0c17bdbfc270bc975,2018-19,secondary_single_bookmaker,pinnacle_closing,2.420000,3.240000,3.230000,0.400619,0.299227,0.300154,0.031463,Pinnacle closing (PSCH/PSCD/PSCA)
153315688e74ed98ecf1f6cbe3a3a71991fac820b025c6a60bb73171181cb8f7,2018-19,secondary_single_bookmaker,pinnacle_closing,2.530000,3.260000,3.010000,0.382175,0.296596,0.321230,0.034231,Pinnacle closing (PSCH/PSCD/PSCA)
155782477a710e1a069a43dc500da6a04593c82d1f30420b3152dd68b0e25e9e,2018-19,secondary_single_bookmaker,pinnacle_closing,1.250000,6.420000,11.210000,0.765573,0.149060,0.085367,0.044969,Pinnacle closing (PSCH/PSCD/PSCA)
18ed5ed19f841bafb1649290afd648f75b1eb89fc0cfd04a4902e0cd2b1f10b1,2018-19,secondary_single_bookmaker,pinnacle_closing,3.160000,3.310000,2.420000,0.306704,0.292805,0.400490,0.031794,Pinnacle closing (PSCH/PSCD/PSCA)
1977b2045a373eb93cb975181530372a6f9744f174e9dfe6c737671316bec5ec,2018-19,secondary_single_bookmaker,pinnacle_closing,1.810000,4.230000,4.050000,0.533388,0.228234,0.238378,0.035806,Pinnacle closing (PSCH/PSCD/PSCA)
1a77a53bdc10dd7bdad18bfb8db56c6a5e1d5ff9179d1a8d1c5090d1b70d7767,2018-19,secondary_single_bookmaker,pinnacle_closing,2.940000,3.070000,2.740000,0.329962,0.315990,0.354047,0.030832,Pinnacle closing (PSCH/PSCD/PSCA)
1ae566af8efdd48b2e7bd5e85eb650dc00499345f85c1340e15b6b7ada736147,2018-19,secondary_single_bookmaker,pinnacle_closing,3.550000,3.350000,2.220000,0.273314,0.289631,0.437056,0.030648,Pinnacle closing (PSCH/PSCD/PSCA)
1b646d819bf700f27785c2ed703ace9af02abac2349cfeb04f67778fcb0623ce,2018-19,secondary_single_bookmaker,pinnacle_closing,1.910000,3.510000,4.430000,0.506249,0.275480,0.218270,0.034194,Pinnacle closing (PSCH/PSCD/PSCA)
1b703561ad56a77e088e4e94d95720fcce064f2e4cc5440d58a157933e6912e4,2018-19,secondary_single_bookmaker,pinnacle_closing,2.060000,3.530000,3.790000,0.470123,0.274349,0.255528,0.032575,Pinnacle closing (PSCH/PSCD/PSCA)
1c74b1d20df93ed6eca04e016c5615c629967ab07ab6162d43df89c20ba49e40,2018-19,secondary_single_bookmaker,pinnacle_closing,3.460000,3.370000,2.240000,0.280006,0.287484,0.432510,0.032182,Pinnacle closing (PSCH/PSCD/PSCA)
1fac072d2c9c318b38dfa3159d851feb3b45950c6568980931f38e9bdb229c02,2018-19,secondary_single_bookmaker,pinnacle_closing,1.270000,6.800000,9.340000,0.756007,0.141195,0.102798,0.041527,Pinnacle closing (PSCH/PSCD/PSCA)
1fd950ecc5ab4093a8f7d33bbb4994b32dc654837ce2185aace113696b6ae3a4,2018-19,secondary_single_bookmaker,pinnacle_closing,1.410000,4.590000,8.700000,0.680615,0.209078,0.110307,0.042027,Pinnacle closing (PSCH/PSCD/PSCA)
200db7180bf28120a4982c257d4acef3a4608ddf1a4905a1b0c9a88025c9abc7,2018-19,secondary_single_bookmaker,pinnacle_closing,1.310000,5.810000,10.500000,0.740612,0.166988,0.092400,0.030714,Pinnacle closing (PSCH/PSCD/PSCA)
20cd1a48deff994c598099a9712160af3c4dde6900952141a69ed9460311b314,2018-19,secondary_single_bookmaker,pinnacle_closing,3.130000,3.770000,2.210000,0.308021,0.255731,0.436247,0.037229,Pinnacle closing (PSCH/PSCD/PSCA)
2144419d32796cda28473f0bf70b6cb3f32ffdbc17a588d02da47f118f41b78f,2018-19,secondary_single_bookmaker,pinnacle_closing,1.940000,4.030000,3.690000,0.498223,0.239839,0.261938,0.034606,Pinnacle closing (PSCH/PSCD/PSCA)
23805a89aed866166f09fbd07b43483c054dd653c4209bc914daf6a4ddedabe6,2018-19,secondary_single_bookmaker,pinnacle_closing,1.810000,3.710000,4.670000,0.533205,0.260135,0.206660,0.036161,Pinnacle closing (PSCH/PSCD/PSCA)
242a494882fb4fa09d5616a8220448a95b7dbdc7514ed8cf89f206dab5d7eb8e,2018-19,secondary_single_bookmaker,pinnacle_closing,1.770000,3.840000,4.750000,0.545384,0.251388,0.203227,0.035915,Pinnacle closing (PSCH/PSCD/PSCA)
24ac2354474dd1a50e38146388a9677a6a5a75c2c02f03e3d1f817b7158e4bce,2018-19,secondary_single_bookmaker,pinnacle_closing,3.150000,3.660000,2.270000,0.307851,0.264954,0.427195,0.031213,Pinnacle closing (PSCH/PSCD/PSCA)
25106c22667b3b35be0c32208abeee2ad5b59edfa51a3528634c1798176b86bf,2018-19,secondary_single_bookmaker,pinnacle_closing,1.870000,3.640000,4.460000,0.517326,0.265769,0.216906,0.033700,Pinnacle closing (PSCH/PSCD/PSCA)
2527ee9083a54bbc707363c8085940a700d4d1c5ff6bf878f4e77903f8e47c57,2018-19,secondary_single_bookmaker,pinnacle_closing,2.160000,3.240000,3.850000,0.448892,0.299262,0.251846,0.031345,Pinnacle closing (PSCH/PSCD/PSCA)
2618fe7ca7122f1cc6e02d5eb253e69e1c52922f470df457b9defaac0bace680,2018-19,secondary_single_bookmaker,pinnacle_closing,2.010000,3.770000,3.700000,0.481603,0.256770,0.261627,0.033035,Pinnacle closing (PSCH/PSCD/PSCA)
2652f7a7dcba1efb34cd0aaa8d5d409cb3587e975c255a4bc54f00dc6c8b653f,2018-19,secondary_single_bookmaker,pinnacle_closing,2.880000,2.820000,3.050000,0.337207,0.344381,0.318412,0.029701,Pinnacle closing (PSCH/PSCD/PSCA)
268b7ea055299665d79932bb5e7ef297bf5ae64be9fb1e0ce0ae1905ccf9563f,2018-19,secondary_single_bookmaker,pinnacle_closing,3.790000,3.610000,2.030000,0.255307,0.268037,0.476656,0.033471,Pinnacle closing (PSCH/PSCD/PSCA)
2774f01b6d958999824e28500cf144aa725a4bdacdf801b060998eb8ce1d6caf,2018-19,secondary_single_bookmaker,pinnacle_closing,2.930000,3.950000,2.280000,0.330375,0.245063,0.424561,0.033058,Pinnacle closing (PSCH/PSCD/PSCA)
28e7d93d86eb4b0c260c699b7eea1141f135aca01003759113e42b4e27eaea57,2018-19,secondary_single_bookmaker,pinnacle_closing,4.720000,3.720000,1.810000,0.205063,0.260187,0.534750,0.033168,Pinnacle closing (PSCH/PSCD/PSCA)
2c44b6dfc92a97b1245421e8ac21f3648fc7a0e83487443ff48b2f9be3ddbc3f,2018-19,secondary_single_bookmaker,pinnacle_closing,3.770000,3.610000,2.040000,0.256914,0.268300,0.474786,0.032456,Pinnacle closing (PSCH/PSCD/PSCA)
2f93fbae28e14c8e808a6ae8c38fbe3681fa310e3e067c8255a2b86f7d66b5c6,2018-19,secondary_single_bookmaker,pinnacle_closing,1.330000,4.860000,8.920000,0.702856,0.192345,0.104798,0.069749,Pinnacle closing (PSCH/PSCD/PSCA)
2ff4213c6814de21be52079f8eff57eafd67c0c154264bb11d7b72d398a44446,2018-19,secondary_single_bookmaker,pinnacle_closing,2.030000,3.820000,3.610000,0.477614,0.253811,0.268575,0.031399,Pinnacle closing (PSCH/PSCD/PSCA)
3017a732c70c5157f97f51da10defdb04cc53e8587a4f922fc3f7a6713dbd4de,2018-19,secondary_single_bookmaker,pinnacle_closing,2.280000,3.450000,3.250000,0.423297,0.279744,0.296959,0.036144,Pinnacle closing (PSCH/PSCD/PSCA)
3019c6eea2476a19cbdf4afa9302406bf98a9d5507018a98c741cad37340da4b,2018-19,secondary_single_bookmaker,pinnacle_closing,2.500000,3.300000,3.060000,0.388414,0.294253,0.317332,0.029828,Pinnacle closing (PSCH/PSCD/PSCA)
30a9617d51ce92783f1934415f839ecd9ba6f40502b1791ff45cc67dce9d334f,2018-19,secondary_single_bookmaker,pinnacle_closing,3.800000,3.140000,2.220000,0.254978,0.308572,0.436449,0.032080,Pinnacle closing (PSCH/PSCD/PSCA)
30ee47efcace5b2e2501c53a9f23c43f2164f2008480203786485e5665507784,2018-19,secondary_single_bookmaker,pinnacle_closing,2.200000,3.400000,3.550000,0.441155,0.285453,0.273392,0.030353,Pinnacle closing (PSCH/PSCD/PSCA)
3328eeb72b1ad28c3920d3437bf97a3041e24bad4ad9b182f3b50f125218c264,2018-19,secondary_single_bookmaker,pinnacle_closing,2.310000,3.320000,3.360000,0.419589,0.291943,0.288468,0.031724,Pinnacle closing (PSCH/PSCD/PSCA)
33fd1adc40a8b26ee1284a6326199c4b77dbd2452e68a7bdb95b653090546911,2018-19,secondary_single_bookmaker,pinnacle_closing,3.510000,3.390000,2.210000,0.275966,0.285735,0.438299,0.032374,Pinnacle closing (PSCH/PSCD/PSCA)
34736c9a481990bbe293a089a82e5b5999cb29f02dbe5514407be6be39620637,2018-19,secondary_single_bookmaker,pinnacle_closing,1.740000,4.460000,4.260000,0.555993,0.216912,0.227096,0.033670,Pinnacle closing (PSCH/PSCD/PSCA)
34c4201091967941915d0c244b89e18112e38ab7a2697da38d4b3dc67f064b91,2018-19,secondary_single_bookmaker,pinnacle_closing,4.170000,4.050000,1.830000,0.232109,0.238986,0.528904,0.033170,Pinnacle closing (PSCH/PSCD/PSCA)
37732a183e2a9051bcd9750b22a0a718cfb32b5740eab35a164e614550d91c25,2018-19,secondary_single_bookmaker,pinnacle_closing,2.310000,3.390000,3.290000,0.419543,0.285884,0.294573,0.031837,Pinnacle closing (PSCH/PSCD/PSCA)
37795cf7ad3eaec3193044438a4c011114bc37b02edc6bb1f351ee22e57c15aa,2018-19,secondary_single_bookmaker,pinnacle_closing,1.750000,3.850000,4.940000,0.552854,0.251297,0.195849,0.033598,Pinnacle closing (PSCH/PSCD/PSCA)
387084e8b02a48df78853d8ab8ad298e01ee11ae7e382793023059109ad28daf,2018-19,secondary_single_bookmaker,pinnacle_closing,2.030000,3.470000,3.990000,0.477604,0.279405,0.242991,0.031422,Pinnacle closing (PSCH/PSCD/PSCA)
39a09f1547859cf7fa30d38dea65cba9fa5a2ed252d32af4b5f12ef55f11d349,2018-19,secondary_single_bookmaker,pinnacle_closing,1.520000,4.720000,5.900000,0.633047,0.203863,0.163090,0.039251,Pinnacle closing (PSCH/PSCD/PSCA)
3a56d64e1c7005387e958a2b31bfd670f438c89aab53d52f669114099a8d6113,2018-19,secondary_single_bookmaker,pinnacle_closing,3.200000,3.410000,2.350000,0.303019,0.284358,0.412622,0.031287,Pinnacle closing (PSCH/PSCD/PSCA)
3da64fa44af65bc390531fbbfc8a0ec8b3034e90e7c7bf13b6ffdd525d5afd1c,2018-19,secondary_single_bookmaker,pinnacle_closing,1.270000,6.360000,9.940000,0.753323,0.150428,0.096249,0.045238,Pinnacle closing (PSCH/PSCD/PSCA)
3e80a206f7d60e851473b3f5fa58821e8e78c7d9ddd28ffb607ca98990fae761,2018-19,secondary_single_bookmaker,pinnacle_closing,2.060000,3.570000,3.730000,0.469636,0.270994,0.259370,0.033645,Pinnacle closing (PSCH/PSCD/PSCA)
3fec1f669732c9e2c1f62e20761bf18e1f8a7f64f31a2dd4d6b6dcde459b5021,2018-19,secondary_single_bookmaker,pinnacle_closing,2.000000,3.260000,4.430000,0.484270,0.297098,0.218632,0.032482,Pinnacle closing (PSCH/PSCD/PSCA)
40075f12d95f227a56c560d713e41fb403de38455d2fe8e11741adcd978a9f01,2018-19,secondary_single_bookmaker,pinnacle_closing,1.520000,4.170000,7.160000,0.634196,0.231170,0.134634,0.037368,Pinnacle closing (PSCH/PSCD/PSCA)
42973103aa054d4bf8199a61e3ab9d357b8a1824486db3a90dda668d6f4f7ae1,2018-19,secondary_single_bookmaker,pinnacle_closing,1.370000,5.430000,8.170000,0.704231,0.177679,0.118090,0.036488,Pinnacle closing (PSCH/PSCD/PSCA)
42a6a10a2bcb0e6f801ac56abab226ab5b27c2a94c5cdab97acadf57dac147d7,2018-19,secondary_single_bookmaker,pinnacle_closing,3.020000,3.490000,2.400000,0.320137,0.277024,0.402839,0.034325,Pinnacle closing (PSCH/PSCD/PSCA)
4394f59eb46fb33c7d8b8e8e0f3b64a45dbe3bafc2e38f114bd42b2e9ce8db0c,2018-19,secondary_single_bookmaker,pinnacle_closing,1.520000,4.290000,6.830000,0.634172,0.224695,0.141133,0.037408,Pinnacle closing (PSCH/PSCD/PSCA)
43d805a66351945570b053a629b320a8e0613699deda609e9db60b0b6c4cb439,2018-19,secondary_single_bookmaker,pinnacle_closing,1.930000,3.860000,3.900000,0.501285,0.250643,0.248072,0.033612,Pinnacle closing (PSCH/PSCD/PSCA)
443a497ae4bcdfffaba232267524158354d97f245a2b79f257fdf23e47b364f4,2018-19,secondary_single_bookmaker,pinnacle_closing,1.610000,4.140000,5.690000,0.598143,0.232611,0.169246,0.038411,Pinnacle closing (PSCH/PSCD/PSCA)
4479c07a663761021f8dcb91d7448036003d3448c3c8ba1c13b8df3f85eca3e2,2018-19,secondary_single_bookmaker,pinnacle_closing,2.020000,3.670000,3.780000,0.479662,0.264010,0.256327,0.032079,Pinnacle closing (PSCH/PSCD/PSCA)
447e6de547b1fad9fed962449465214c13587ddbef165e03cb2551adbc1fe838,2018-19,secondary_single_bookmaker,pinnacle_closing,2.440000,3.600000,2.910000,0.397414,0.269359,0.333227,0.031256,Pinnacle closing (PSCH/PSCD/PSCA)
4679060c04c8cbd33cd26530e0a7514bfd31179210c3333ccef317f3c1b96f11,2018-19,secondary_single_bookmaker,pinnacle_closing,2.650000,3.110000,3.020000,0.366358,0.312170,0.321473,0.030028,Pinnacle closing (PSCH/PSCD/PSCA)
46c2e374fa0ec92d312f9a89372c7a3db50113c6cb9609e6c5b2ccb2af3725d4,2018-19,secondary_single_bookmaker,pinnacle_closing,1.600000,4.220000,5.660000,0.601745,0.228150,0.170105,0.038645,Pinnacle closing (PSCH/PSCD/PSCA)
4784b965f3f3089f65ac84d593e3c160fdbfae468a58e9048c24da8a234a612e,2018-19,secondary_single_bookmaker,pinnacle_closing,3.490000,3.250000,2.260000,0.276389,0.296799,0.426813,0.036703,Pinnacle closing (PSCH/PSCD/PSCA)
47bacf8ccbd9dc1b4bac234a19a0d3aeca5c96fb21e65e93e07833617a5530db,2018-19,secondary_single_bookmaker,pinnacle_closing,2.510000,3.550000,2.850000,0.386437,0.273227,0.340336,0.030974,Pinnacle closing (PSCH/PSCD/PSCA)
47cc52ce01743d05c2e08b497b4c53856b6a898861a418c9420493d0c34da83a,2018-19,secondary_single_bookmaker,pinnacle_closing,3.730000,3.350000,2.150000,0.259854,0.289330,0.450816,0.031720,Pinnacle closing (PSCH/PSCD/PSCA)
482c2d75f35da71cd61b6c0891e553d009474c77610d1fe9b1789d04e396055c,2018-19,secondary_single_bookmaker,pinnacle_closing,2.380000,3.140000,3.390000,0.406500,0.308111,0.285389,0.033625,Pinnacle closing (PSCH/PSCD/PSCA)
48336a68fb5130c6cdc67d10791667b9ef2d51fc69eb0ffd218b607a8aeb8649,2018-19,secondary_single_bookmaker,pinnacle_closing,1.950000,3.740000,3.950000,0.496263,0.258747,0.244991,0.033365,Pinnacle closing (PSCH/PSCD/PSCA)
483b77c457bd4fe37d86ca2fdc3796041084783f448c6a032a4e0275f67fb7ae,2018-19,secondary_single_bookmaker,pinnacle_closing,2.110000,2.970000,4.490000,0.458638,0.325833,0.215529,0.033351,Pinnacle closing (PSCH/PSCD/PSCA)
495565043a52a4048d25e2a557b8796a1d4a5aeedad5974d91eaa6eb2e531e6a,2018-19,secondary_single_bookmaker,pinnacle_closing,3.350000,3.790000,2.130000,0.289295,0.255710,0.454995,0.031843,Pinnacle closing (PSCH/PSCD/PSCA)
498c9729b1f267694778542a1feb69fede4b806c1447e4c134da2f0d82e8ae10,2018-19,secondary_single_bookmaker,pinnacle_closing,2.680000,3.050000,3.030000,0.361902,0.317999,0.320098,0.031036,Pinnacle closing (PSCH/PSCD/PSCA)
4bf0aeef79a678813d96a656b532c566422b9dd7bba9d8ce5ccc938f84117156,2018-19,secondary_single_bookmaker,pinnacle_closing,2.160000,3.350000,3.700000,0.448720,0.289324,0.261956,0.031741,Pinnacle closing (PSCH/PSCD/PSCA)
4d68c5ee0ea8a627da23dff688f9c5d17b84fa689c0b322e7d6559230265286f,2018-19,secondary_single_bookmaker,pinnacle_closing,1.700000,4.050000,5.060000,0.569566,0.239077,0.191356,0.032777,Pinnacle closing (PSCH/PSCD/PSCA)
4df9ce529d644693529df3eb8b3d6f732bfe9a51356b79b27df0862fe8b12334,2018-19,secondary_single_bookmaker,pinnacle_closing,2.460000,3.260000,3.090000,0.392047,0.295839,0.312115,0.036877,Pinnacle closing (PSCH/PSCD/PSCA)
4e2fe56a37bbb17935aea8670485eb73ae518e2c007156bb5e37a10ee90a1fde,2018-19,secondary_single_bookmaker,pinnacle_closing,2.400000,3.470000,3.060000,0.403884,0.279344,0.316772,0.031648,Pinnacle closing (PSCH/PSCD/PSCA)
4e6085bc3367b1be733d9196a4b8eaa7847fea6ca38049a027900d98d8d3bb12,2018-19,secondary_single_bookmaker,pinnacle_closing,1.400000,4.690000,8.780000,0.685890,0.204743,0.109367,0.041401,Pinnacle closing (PSCH/PSCD/PSCA)
4ed8d5c1e1ae49951e815fc8b4fad4f63dcdca9fbcbb68f566e8ef9217287e7b,2018-19,secondary_single_bookmaker,pinnacle_closing,1.860000,3.370000,4.960000,0.518961,0.286429,0.194610,0.035983,Pinnacle closing (PSCH/PSCD/PSCA)
4f9f67a24c672c06e7b9828fe05b7269aae370aed0ca05b1be812b95e786ea8e,2018-19,secondary_single_bookmaker,pinnacle_closing,3.370000,3.890000,2.090000,0.287458,0.249032,0.463509,0.032274,Pinnacle closing (PSCH/PSCD/PSCA)
5058fbd9e6e8fdc9602939e2e5b8e9e77241742f3d4a013f2545b6f94b4a7f2d,2018-19,secondary_single_bookmaker,pinnacle_closing,2.030000,3.850000,3.560000,0.476759,0.251382,0.271860,0.033250,Pinnacle closing (PSCH/PSCD/PSCA)
50c7d1e7f852450be52772edbab644bc1236c422c75b6c2f96ac2946d0b63aba,2018-19,secondary_single_bookmaker,pinnacle_closing,4.670000,3.890000,1.780000,0.207292,0.248857,0.543851,0.033000,Pinnacle closing (PSCH/PSCD/PSCA)
511e38428b49ffa96a9e4cf60835e7c23fd301dcd8b3053e22767aebe7baf458,2018-19,secondary_single_bookmaker,pinnacle_closing,2.640000,3.190000,2.950000,0.367309,0.303980,0.328711,0.031251,Pinnacle closing (PSCH/PSCD/PSCA)
5148e06e32713c43b5e37362d279599c57b57aa6d072155b8a6d7815a09e3c21,2018-19,secondary_single_bookmaker,pinnacle_closing,2.660000,3.600000,2.650000,0.364609,0.269406,0.365985,0.031076,Pinnacle closing (PSCH/PSCD/PSCA)
5165691a5f6df4ca4d7738492931144260aa1924baa4ae6c6d58df0ecace4b90,2018-19,secondary_single_bookmaker,pinnacle_closing,2.180000,3.380000,3.590000,0.444008,0.286372,0.269620,0.033125,Pinnacle closing (PSCH/PSCD/PSCA)
51dc863ca1863af25e0236535bbc07a0b65ed089521309d80abe642a525b41f4,2018-19,secondary_single_bookmaker,pinnacle_closing,2.250000,3.630000,3.200000,0.430485,0.266830,0.302685,0.032427,Pinnacle closing (PSCH/PSCD/PSCA)
5284ef7b22ad0f1d983e1f745690193bba2cdd57e4eb26052eb7302e1dafc475,2018-19,secondary_single_bookmaker,pinnacle_closing,2.550000,3.190000,3.080000,0.380620,0.304257,0.315123,0.030312,Pinnacle closing (PSCH/PSCD/PSCA)
547821f367818a77f24021955946f93202728b9fa9da45cc9247bc14107634d6,2018-19,secondary_single_bookmaker,pinnacle_closing,1.750000,3.770000,5.020000,0.551634,0.256063,0.192303,0.035884,Pinnacle closing (PSCH/PSCD/PSCA)
548c388819f8f175fe290a33ce92af0a856989d2db1570b1b8410ce27b61bcf4,2018-19,secondary_single_bookmaker,pinnacle_closing,3.460000,3.080000,2.400000,0.280502,0.315109,0.404390,0.030359,Pinnacle closing (PSCH/PSCD/PSCA)
54d5ae8b68a4bad971f0eeaad9c8c8644f088dcffacb02cd2ee3e8ba20940c05,2018-19,secondary_single_bookmaker,pinnacle_closing,1.320000,5.240000,10.890000,0.728268,0.183457,0.088275,0.040243,Pinnacle closing (PSCH/PSCD/PSCA)
557fb6413dc120caa9cfc5f4afbbea6ebb82bc398871ae0b20d411d9852d5378,2018-19,secondary_single_bookmaker,pinnacle_closing,2.090000,3.420000,3.820000,0.463342,0.283154,0.253504,0.032647,Pinnacle closing (PSCH/PSCD/PSCA)
562fd343c99040e086b230daa2643ad385310da80b4e68ca265751b552d087ae,2018-19,secondary_single_bookmaker,pinnacle_closing,4.010000,3.410000,2.040000,0.241450,0.283934,0.474616,0.032828,Pinnacle closing (PSCH/PSCD/PSCA)
5661d72eb7f40b9741d11afe7ec6c8fbc6874e4ffe2479224e27ece5fa38534d,2018-19,secondary_single_bookmaker,pinnacle_closing,1.560000,4.340000,5.930000,0.616327,0.221537,0.162137,0.040074,Pinnacle closing (PSCH/PSCD/PSCA)
572e04d3b4d50e8f17b19188250005f0acc52287ef829127adb359b6d429e559,2018-19,secondary_single_bookmaker,pinnacle_closing,5.110000,4.060000,1.690000,0.189312,0.238272,0.572416,0.033716,Pinnacle closing (PSCH/PSCD/PSCA)
5bf9c7fccd24706ddb7c45c7836f03a30d7b44f0fc68210b508d6b45991fee1a,2018-19,secondary_single_bookmaker,pinnacle_closing,1.450000,4.560000,8.130000,0.668300,0.212508,0.119192,0.031955,Pinnacle closing (PSCH/PSCD/PSCA)
5d57b8c53bb88fca6286aa458c10e5edf9f6157e6a0af1698dd051cd1e4f5c47,2018-19,secondary_single_bookmaker,pinnacle_closing,1.660000,4.160000,5.160000,0.581144,0.231899,0.186957,0.036593,Pinnacle closing (PSCH/PSCD/PSCA)
5df1acf25a0465b0a3049d1bd7ecdada0db4a546742b9bc90a4b3822a8b03c6a,2018-19,secondary_single_bookmaker,pinnacle_closing,1.930000,3.200000,4.900000,0.500750,0.302015,0.197234,0.034716,Pinnacle closing (PSCH/PSCD/PSCA)
5fa17ad0eae36b147e93b30df99a55b04982a87cf7849ca7de4db413911dabc7,2018-19,secondary_single_bookmaker,pinnacle_closing,1.690000,4.210000,4.790000,0.570046,0.228831,0.201123,0.038014,Pinnacle closing (PSCH/PSCD/PSCA)
5ffc4f4990c62bd789acf15dd30b9f04371f711bbde3c095d954a1df434ebf08,2018-19,secondary_single_bookmaker,pinnacle_closing,1.350000,5.370000,8.750000,0.711398,0.178843,0.109759,0.041246,Pinnacle closing (PSCH/PSCD/PSCA)
6149e10b6871e72010c99f86d48eb4eb22acae6db02a2629563aa1ed1c2f335a,2018-19,secondary_single_bookmaker,pinnacle_closing,2.290000,3.740000,3.050000,0.423170,0.259106,0.317724,0.031930,Pinnacle closing (PSCH/PSCD/PSCA)
61801840e12ba293cd22928f92adcf5cf1dcb617738ffa9e0e1e826cba7ae9d2,2018-19,secondary_single_bookmaker,pinnacle_closing,2.470000,3.490000,2.920000,0.391600,0.277149,0.331251,0.033857,Pinnacle closing (PSCH/PSCD/PSCA)
61a21afc3f3d1b345bfc2af198b9ebe16b3ae5a0b0faee282a9b355e07b5d169,2018-19,secondary_single_bookmaker,pinnacle_closing,2.670000,3.460000,2.700000,0.362245,0.279536,0.358220,0.033920,Pinnacle closing (PSCH/PSCD/PSCA)
642644a7f817fdda4ad50a3c11fa7ce3b9039ad9b97e905aff2a7263dc7c72e4,2018-19,secondary_single_bookmaker,pinnacle_closing,1.410000,4.990000,7.480000,0.679778,0.192082,0.128140,0.043310,Pinnacle closing (PSCH/PSCD/PSCA)
6451fa0a59d9341521f64140fc195ff80b4f73f1cea6c49c2b30edcdbe2d30b3,2018-19,secondary_single_bookmaker,pinnacle_closing,1.360000,5.210000,8.490000,0.703618,0.183670,0.112712,0.045018,Pinnacle closing (PSCH/PSCD/PSCA)
6497796198549449ebf7d4ca8bcbf95568fb084dfdb926e2b904309eddb468a0,2018-19,secondary_single_bookmaker,pinnacle_closing,2.100000,3.340000,3.890000,0.461129,0.289932,0.248939,0.032661,Pinnacle closing (PSCH/PSCD/PSCA)
64f5ab7d91ed916032171574e6451bc828d6d9bfcce1fe702f61d8c7c964fa3e,2018-19,secondary_single_bookmaker,pinnacle_closing,1.590000,3.650000,7.380000,0.605670,0.263840,0.130490,0.038405,Pinnacle closing (PSCH/PSCD/PSCA)
654b7dffc542cf1353efb471bd2c960b2a83bac604e25d728f8e90f25feb68fe,2018-19,secondary_single_bookmaker,pinnacle_closing,2.000000,3.580000,3.930000,0.483661,0.270202,0.246138,0.033783,Pinnacle closing (PSCH/PSCD/PSCA)
66d3c6b643a42ff4623fe1e530dc27c2b8fb3f3783f93e07de46bf273af3e834,2018-19,secondary_single_bookmaker,pinnacle_closing,2.480000,3.090000,3.290000,0.391177,0.313954,0.294869,0.030802,Pinnacle closing (PSCH/PSCD/PSCA)
686c397aa224202a77050af9dd5d16e8d87dc056ff8b5480aa0a5b0369bd007b,2018-19,secondary_single_bookmaker,pinnacle_closing,2.180000,3.190000,3.850000,0.444520,0.303778,0.251702,0.031935,Pinnacle closing (PSCH/PSCD/PSCA)
6a9b9628bdc3251fc9b97a35975745b7c9a469f6685d46af1ae37df063ba606d,2018-19,secondary_single_bookmaker,pinnacle_closing,2.280000,3.360000,3.380000,0.424966,0.288370,0.286664,0.032074,Pinnacle closing (PSCH/PSCD/PSCA)
6b0e1718815bab79eeb7b589b52e7fd1fc2dc3231af5e8bb1bdc675222a4fcd9,2018-19,secondary_single_bookmaker,pinnacle_closing,1.300000,5.560000,10.320000,0.735412,0.171949,0.092639,0.045986,Pinnacle closing (PSCH/PSCD/PSCA)
6bc61624e1b5442009ce751f4ad48d957eb46cb9a7fe6c3d6059f5dc93b52673,2018-19,secondary_single_bookmaker,pinnacle_closing,1.850000,3.840000,4.270000,0.522186,0.251574,0.226240,0.035149,Pinnacle closing (PSCH/PSCD/PSCA)
6c4156c24f5e8d0aae1a77740601df59c75095950d762e8eb5e401cf0cd0994e,2018-19,secondary_single_bookmaker,pinnacle_closing,1.290000,5.870000,10.350000,0.743827,0.163464,0.092709,0.042170,Pinnacle closing (PSCH/PSCD/PSCA)
6c90282298b8237bff5bc3c2f6c21eec8bde8abfc43e521ba4736497e873e1a9,2018-19,secondary_single_bookmaker,pinnacle_closing,1.950000,3.570000,4.120000,0.495167,0.270470,0.234363,0.035651,Pinnacle closing (PSCH/PSCD/PSCA)
6d3ad968a53db43801ac21f9e59a5138b295d6614b50f7af272b500f0390f977,2018-19,secondary_single_bookmaker,pinnacle_closing,1.650000,4.200000,5.180000,0.584320,0.229554,0.186125,0.037206,Pinnacle closing (PSCH/PSCD/PSCA)
6f57ac6e78bfc8c7b0a374053dd6727a839cd7700644ea7508a88435682257d5,2018-19,secondary_single_bookmaker,pinnacle_closing,3.810000,3.730000,1.990000,0.254064,0.259513,0.486423,0.033076,Pinnacle closing (PSCH/PSCD/PSCA)
70b13e6f626c1d802603424b2e7dff69afe892d7a4d676b22cd30c44c46aee8b,2018-19,secondary_single_bookmaker,pinnacle_closing,2.280000,3.590000,3.170000,0.424747,0.269756,0.305497,0.032605,Pinnacle closing (PSCH/PSCD/PSCA)
7132541c15ed317e367376e4eadb7e716cb08b055ff64819786b8c26fc885003,2018-19,secondary_single_bookmaker,pinnacle_closing,3.250000,3.250000,2.410000,0.298637,0.298637,0.402726,0.030322,Pinnacle closing (PSCH/PSCD/PSCA)
722c51bbf1a0e4f4cee20dd52ac2fcf02823ab489c46f016cd2235f340d45eb4,2018-19,secondary_single_bookmaker,pinnacle_closing,2.240000,3.360000,3.490000,0.433182,0.288788,0.278031,0.030581,Pinnacle closing (PSCH/PSCD/PSCA)
72b3b53564191057506a17deb9e416d08529799f421932a01a241935f2a0fadf,2018-19,secondary_single_bookmaker,pinnacle_closing,2.060000,3.550000,3.770000,0.470212,0.272855,0.256933,0.032379,Pinnacle closing (PSCH/PSCD/PSCA)
7360fdc0ecb8d4a81d078acf4db36fe28a651e9ee36133e2908ef66803a5c6d9,2018-19,secondary_single_bookmaker,pinnacle_closing,1.770000,3.860000,4.730000,0.545626,0.250196,0.204177,0.035456,Pinnacle closing (PSCH/PSCD/PSCA)
7368ebaa694f4ca7efcb95633e63e20a4ef1fda9aab116bb8efb86b2b828f57c,2018-19,secondary_single_bookmaker,pinnacle_closing,5.780000,4.010000,1.630000,0.167017,0.240738,0.592245,0.035884,Pinnacle closing (PSCH/PSCD/PSCA)
73f0405c27d8be010115e61a2796461081411e1e485266eb5880fdd1d3f7b54e,2018-19,secondary_single_bookmaker,pinnacle_closing,4.180000,3.340000,2.020000,0.231438,0.289644,0.478917,0.033685,Pinnacle closing (PSCH/PSCD/PSCA)
74cebf283c3ff2eb84bd88e9e575efc255f01fa75961bd1e44c3012ed4f87107,2018-19,secondary_single_bookmaker,pinnacle_closing,2.530000,3.280000,3.030000,0.383682,0.295950,0.320368,0.030168,Pinnacle closing (PSCH/PSCD/PSCA)
7628ae147becb7866c120f48da54142eb9f7058f08a8a7f072b17eee79022ad3,2018-19,secondary_single_bookmaker,pinnacle_closing,1.730000,3.910000,4.970000,0.558490,0.247107,0.194404,0.034996,Pinnacle closing (PSCH/PSCD/PSCA)
7664d518f3a2db8172fbbc496bb4a213459f7e58abae9248b16846bdbaf2152b,2018-19,secondary_single_bookmaker,pinnacle_closing,1.930000,3.540000,4.280000,0.500969,0.273127,0.225904,0.034265,Pinnacle closing (PSCH/PSCD/PSCA)
7692270264f1422791ea7b6bf3279bc3691f7ecb5483a524f89b683773feb63c,2018-19,secondary_single_bookmaker,pinnacle_closing,1.380000,5.250000,7.740000,0.693889,0.182394,0.123717,0.044313,Pinnacle closing (PSCH/PSCD/PSCA)
76b8d280a1e07283c33207b8ebf20baae29c50eb16a3d2a0b1b91715930a3b69,2018-19,secondary_single_bookmaker,pinnacle_closing,2.570000,3.380000,2.900000,0.377849,0.287299,0.334852,0.029791,Pinnacle closing (PSCH/PSCD/PSCA)
76c436db9d8f546d704b44669fa8b689f6616ef37db7ddf31c94af5e17820440,2018-19,secondary_single_bookmaker,pinnacle_closing,1.820000,3.700000,4.680000,0.531694,0.261536,0.206770,0.033396,Pinnacle closing (PSCH/PSCD/PSCA)
774ceba650aa6c8efa2f117d3ece0a2a5e88f7fb12bb2f62d8861d1d441cc557,2018-19,secondary_single_bookmaker,pinnacle_closing,1.560000,4.280000,6.160000,0.618149,0.225307,0.156544,0.037008,Pinnacle closing (PSCH/PSCD/PSCA)
778608a7944d96ff569e4f4d1f55626110183cc61aef4dcad287d4fbda9e9f65,2018-19,secondary_single_bookmaker,pinnacle_closing,1.350000,5.460000,9.110000,0.716619,0.177186,0.106195,0.033660,Pinnacle closing (PSCH/PSCD/PSCA)
786d5b590b97bb57be874b6e6b53722ffb04918f48b6e850fbcccfe35ff70b9f,2018-19,secondary_single_bookmaker,pinnacle_closing,1.640000,4.060000,5.500000,0.587502,0.237316,0.175182,0.037880,Pinnacle closing (PSCH/PSCD/PSCA)
789af2c8f8027e861d833f66935358db7ee855ef3a1c4cf951509d9ad45fdcab,2018-19,secondary_single_bookmaker,pinnacle_closing,2.910000,3.140000,2.710000,0.333272,0.308860,0.357868,0.031118,Pinnacle closing (PSCH/PSCD/PSCA)
799c7a2a526549664a4d992ae7bccf8b340bde770712e7d6f06dbd3ac1d2d893,2018-19,secondary_single_bookmaker,pinnacle_closing,2.250000,3.520000,3.290000,0.430460,0.275152,0.294388,0.032487,Pinnacle closing (PSCH/PSCD/PSCA)
7be837b9dbe6b2910045fb58ea7985d135f83f8c8d7aaeec8c09dec5790c86a0,2018-19,secondary_single_bookmaker,pinnacle_closing,1.790000,3.660000,4.940000,0.540126,0.264160,0.195714,0.034312,Pinnacle closing (PSCH/PSCD/PSCA)
7d03bbbbb213a5d3e519be1a644d079d297efe922987913c18fa725a54172855,2018-19,secondary_single_bookmaker,pinnacle_closing,1.770000,3.520000,5.380000,0.545900,0.274501,0.179599,0.034936,Pinnacle closing (PSCH/PSCD/PSCA)
7e786f5408c6b6dc42768407c8e54292c242bc34a0069817dc2f54ad7495d233,2018-19,secondary_single_bookmaker,pinnacle_closing,1.750000,3.720000,5.170000,0.552816,0.260061,0.187123,0.033669,Pinnacle closing (PSCH/PSCD/PSCA)
7e82a82c37d7923a8a1768a6c89e5e6e823c368d815845172e41d75a3dd0a557,2018-19,secondary_single_bookmaker,pinnacle_closing,2.050000,4.050000,3.360000,0.472525,0.239179,0.288296,0.032338,Pinnacle closing (PSCH/PSCD/PSCA)
7f26ce4205f3409e3553e0205c6bd3116034544ffb9a3f527e220fd59239a6bb,2018-19,secondary_single_bookmaker,pinnacle_closing,2.940000,3.600000,2.420000,0.329865,0.269390,0.400745,0.031137,Pinnacle closing (PSCH/PSCD/PSCA)
8119536bc56fa2f7bcddd2282a21651f50f4c4993029238eea8f13204440f39d,2018-19,secondary_single_bookmaker,pinnacle_closing,3.150000,3.730000,2.240000,0.307621,0.259787,0.432592,0.031985,Pinnacle closing (PSCH/PSCD/PSCA)
82ed4b8baef4fa4dd10fc1d6c554eddb18c42e7877cf0e4bb81ccab351aeb962,2018-19,secondary_single_bookmaker,pinnacle_closing,2.750000,3.470000,2.640000,0.352837,0.279625,0.367538,0.030609,Pinnacle closing (PSCH/PSCD/PSCA)
83ddcc3ce81ca96867e08a9633fca2f514dda8539745da7961b736e74ad67e02,2018-19,secondary_single_bookmaker,pinnacle_closing,1.330000,5.450000,10.580000,0.730063,0.178162,0.091775,0.029884,Pinnacle closing (PSCH/PSCD/PSCA)
854067430dae560cf8d54f245a3972870811c5d1281db0c52bcbce6317482a43,2018-19,secondary_single_bookmaker,pinnacle_closing,2.990000,3.820000,2.290000,0.323792,0.253440,0.422768,0.032909,Pinnacle closing (PSCH/PSCD/PSCA)
85a5fadccfadeebd9ca926f28c4f0056d1a32782096cb83d0802da0a88f8da42,2018-19,secondary_single_bookmaker,pinnacle_closing,2.330000,3.310000,3.280000,0.414200,0.291567,0.294233,0.036177,Pinnacle closing (PSCH/PSCD/PSCA)
8716d1b53b63c064aa8786d64360da37ec461f57d15768aa0065b7d288d23142,2018-19,secondary_single_bookmaker,pinnacle_closing,1.980000,3.430000,4.240000,0.489179,0.282383,0.228437,0.032445,Pinnacle closing (PSCH/PSCD/PSCA)
87f831dfbee7a7f3a405e5b1521e38ebdbe9fe7105fd751b7cd2300d7354d133,2018-19,secondary_single_bookmaker,pinnacle_closing,2.620000,3.670000,2.610000,0.367954,0.262681,0.369364,0.037301,Pinnacle closing (PSCH/PSCD/PSCA)
886e504763671a526af8b85fc2c47aa8545da0e7a5280d64129b9527bf402702,2018-19,secondary_single_bookmaker,pinnacle_closing,2.410000,3.530000,3.010000,0.402676,0.274915,0.322409,0.030450,Pinnacle closing (PSCH/PSCD/PSCA)
888021c8729741a9a21b44f2702d8e44c5b16a26ab5ec139937abcc763fc6d94,2018-19,secondary_single_bookmaker,pinnacle_closing,1.370000,5.610000,7.390000,0.699500,0.170823,0.129677,0.043498,Pinnacle closing (PSCH/PSCD/PSCA)
8c74db33687468e310d71bd0e19629a8fb64df4e38282d3defa69aaf756389bb,2018-19,secondary_single_bookmaker,pinnacle_closing,2.040000,3.430000,3.980000,0.474538,0.282232,0.243230,0.032998,Pinnacle closing (PSCH/PSCD/PSCA)
8c96221873c9889f48a615c19011aea1a4d124f37790046aa4623cf988843490,2018-19,secondary_single_bookmaker,pinnacle_closing,2.340000,3.430000,3.210000,0.414733,0.282938,0.302329,0.030422,Pinnacle closing (PSCH/PSCD/PSCA)
8d99d31bc2ea289380f8e2c782ff37bbed142d1afb7f8d750f5a3852a65f4a39,2018-19,secondary_single_bookmaker,pinnacle_closing,2.050000,3.390000,4.010000,0.472603,0.285792,0.241605,0.032167,Pinnacle closing (PSCH/PSCD/PSCA)
8dfd01311a74d775956059a0aaf6a7b1ef02b4cc281be374f75cbec3bbd78aa1,2018-19,secondary_single_bookmaker,pinnacle_closing,2.610000,3.950000,2.530000,0.371419,0.245418,0.383163,0.031563,Pinnacle closing (PSCH/PSCD/PSCA)
8e6b05fec5fd6b1bd012622f80491c8c1b41f19c07739fc9a2a5a6c74c4f954f,2018-19,secondary_single_bookmaker,pinnacle_closing,1.560000,4.530000,5.680000,0.617658,0.212703,0.169638,0.037833,Pinnacle closing (PSCH/PSCD/PSCA)
8ef05718d20d9ea93fd8583402bdc0272c6269a476ca5dbfc0a39c6e0cd6d6cc,2018-19,secondary_single_bookmaker,pinnacle_closing,2.880000,3.120000,2.760000,0.337091,0.311161,0.351747,0.030054,Pinnacle closing (PSCH/PSCD/PSCA)
9138283489493db1762c223383d9ccd5cc5e77d9cbebdcec8155182a8c9ce1e5,2018-19,secondary_single_bookmaker,pinnacle_closing,2.190000,3.580000,3.370000,0.442168,0.270488,0.287344,0.032687,Pinnacle closing (PSCH/PSCD/PSCA)
92700d293cd8a388a00c1be082b7c7a74879cf18181fcba7febf27ec45efe4e8,2018-19,secondary_single_bookmaker,pinnacle_closing,2.770000,3.340000,2.700000,0.350230,0.290460,0.359310,0.030782,Pinnacle closing (PSCH/PSCD/PSCA)
94af9e827fa1e58d6a4dc4b39c7a96d5b6b71f2bef272176fc122cd196094013,2018-19,secondary_single_bookmaker,pinnacle_closing,1.570000,4.570000,5.410000,0.612089,0.210280,0.177630,0.040604,Pinnacle closing (PSCH/PSCD/PSCA)
95020eb58c39a0d4a24025909fe7d687d328e06580f88f42cbac5152a391cab8,2018-19,secondary_single_bookmaker,pinnacle_closing,5.260000,3.940000,1.690000,0.183572,0.245073,0.571355,0.035637,Pinnacle closing (PSCH/PSCD/PSCA)
973df5716bd5e488033216436750c526efef6304fe1b8d3738e494190a171633,2018-19,secondary_single_bookmaker,pinnacle_closing,2.320000,3.500000,3.190000,0.418387,0.277331,0.304282,0.030228,Pinnacle closing (PSCH/PSCD/PSCA)
98843d74afa790948a2a5cbc8eb1d76f664a28ff5b6d2816e9785ea9fcf1264c,2018-19,secondary_single_bookmaker,pinnacle_closing,1.730000,4.100000,4.670000,0.557911,0.235411,0.206678,0.036070,Pinnacle closing (PSCH/PSCD/PSCA)
98a9811d750c9ce13e04fa4521c3758a6c6f8a53abdc086c836e1f69b2e11ef9,2018-19,secondary_single_bookmaker,pinnacle_closing,1.790000,3.600000,5.060000,0.540255,0.268627,0.191118,0.034065,Pinnacle closing (PSCH/PSCD/PSCA)
9a39d23785ec13c8126619940eace2f83430be7e16700a53547951d9fd2a5c2f,2018-19,secondary_single_bookmaker,pinnacle_closing,1.700000,4.140000,4.800000,0.566638,0.232678,0.200684,0.038115,Pinnacle closing (PSCH/PSCD/PSCA)
9b0f1962c339abde3ea4ab991856f5dbc8951733c9afb2e8cb131a61dfa26aed,2018-19,secondary_single_bookmaker,pinnacle_closing,1.620000,4.040000,5.830000,0.595641,0.238846,0.165513,0.036335,Pinnacle closing (PSCH/PSCD/PSCA)
9b8c0a8b7e6a5ab0b5dc14a0461e4de3c01949a8e6ad366d22232a4f5338cef5,2018-19,secondary_single_bookmaker,pinnacle_closing,2.330000,3.320000,3.320000,0.416040,0.291980,0.291980,0.031594,Pinnacle closing (PSCH/PSCD/PSCA)
9d10e8560a9485005e8e719f344f96dece86d1eeaad1c7b3faa970faef8f22e4,2018-19,secondary_single_bookmaker,pinnacle_closing,1.700000,4.280000,4.640000,0.567030,0.225222,0.207748,0.037397,Pinnacle closing (PSCH/PSCD/PSCA)
9ebe6d5bee4ee27b19b448b678ef1de88079053a355f036ab3bb0e5da3e54c49,2018-19,secondary_single_bookmaker,pinnacle_closing,2.730000,3.540000,2.620000,0.355471,0.274134,0.370395,0.030466,Pinnacle closing (PSCH/PSCD/PSCA)
9f01c2db55968da9a27675b0b68d5ce6625b8a05d70374edb10e86617fbb5f33,2018-19,secondary_single_bookmaker,pinnacle_closing,1.320000,5.710000,9.070000,0.726370,0.167917,0.105712,0.042961,Pinnacle closing (PSCH/PSCD/PSCA)
9f06d53a70a48e6d14e21c8e60930ef972b209756494a853cc29c670fbd403d7,2018-19,secondary_single_bookmaker,pinnacle_closing,3.480000,3.600000,2.140000,0.278332,0.269054,0.452614,0.032424,Pinnacle closing (PSCH/PSCD/PSCA)
9ffee042dcc78ccf291108ab39518358ae966aa6515cfb31eca9037cb4d7cf79,2018-19,secondary_single_bookmaker,pinnacle_closing,2.620000,3.180000,2.990000,0.370349,0.305131,0.324520,0.030593,Pinnacle closing (PSCH/PSCD/PSCA)
a1edc58aafd0a0c5c34b27f2d06c1141beb13b9ce1e358b29100a99e1c3830d2,2018-19,secondary_single_bookmaker,pinnacle_closing,1.280000,5.980000,10.870000,0.750862,0.160720,0.088418,0.040470,Pinnacle closing (PSCH/PSCD/PSCA)
a23f6b04caf04c72bf80888d9855bca92d266a5571b71cbe1c8701aa94d3e325,2018-19,secondary_single_bookmaker,pinnacle_closing,1.790000,3.930000,4.440000,0.538032,0.245058,0.216909,0.038337,Pinnacle closing (PSCH/PSCD/PSCA)
a27de9f73c2100b1508d675c85d5a77dc622c887c2800074df04e663a54637fd,2018-19,secondary_single_bookmaker,pinnacle_closing,1.380000,4.880000,8.990000,0.696238,0.196887,0.106875,0.040790,Pinnacle closing (PSCH/PSCD/PSCA)
a34205ab0bf402f5e7f7010572f42e97727c8cf01068c188660ebcf438426232,2018-19,secondary_single_bookmaker,pinnacle_closing,1.930000,3.890000,3.890000,0.501935,0.249032,0.249032,0.032274,Pinnacle closing (PSCH/PSCD/PSCA)
a41e691418207d48a96816fe18e781f44be7034f84c0fc53a65a539ad2625c25,2018-19,secondary_single_bookmaker,pinnacle_closing,2.060000,3.230000,4.220000,0.470384,0.299997,0.229619,0.032001,Pinnacle closing (PSCH/PSCD/PSCA)
a51389ef79e2201647e7e88f2e3a70d1c34e3d5c6f055bc437a0ae5d3d64b5ab,2018-19,secondary_single_bookmaker,pinnacle_closing,3.780000,3.620000,2.030000,0.255999,0.267314,0.476687,0.033404,Pinnacle closing (PSCH/PSCD/PSCA)
a5e894b81560529c8fad4e209b06f4ccaeb56706c4df5b2538e57165f094f0ba,2018-19,secondary_single_bookmaker,pinnacle_closing,1.310000,5.660000,9.890000,0.733188,0.169696,0.097116,0.041149,Pinnacle closing (PSCH/PSCD/PSCA)
a63919fb8b457423419f3c7570738e9550925c56ece6b19f96e7a81956583104,2018-19,secondary_single_bookmaker,pinnacle_closing,1.320000,5.820000,8.940000,0.727561,0.165014,0.107425,0.041254,Pinnacle closing (PSCH/PSCD/PSCA)
a6945fd6fb01bb95fd0a0b93819d44b269086be358349cbddccfa8e7a2f5645a,2018-19,secondary_single_bookmaker,pinnacle_closing,3.070000,3.260000,2.510000,0.315973,0.297558,0.386469,0.030888,Pinnacle closing (PSCH/PSCD/PSCA)
a78f86491e6efd9b079c64e9c3c9ce1ef434d53d6f369aed06984513a408874b,2018-19,secondary_single_bookmaker,pinnacle_closing,2.120000,3.530000,3.590000,0.456393,0.274094,0.269513,0.033536,Pinnacle closing (PSCH/PSCD/PSCA)
a8ea5a00e5da272abbe73472618d94bc28a34508af2cd34d4815e0522bf75df0,2018-19,secondary_single_bookmaker,pinnacle_closing,2.290000,3.500000,3.230000,0.423144,0.276857,0.300000,0.031993,Pinnacle closing (PSCH/PSCD/PSCA)
aa43b57d092c306576d10ea686e0deaa0eb8673dc8ca3543a2bb89fc4bf0694c,2018-19,secondary_single_bookmaker,pinnacle_closing,5.210000,4.140000,1.660000,0.185288,0.233176,0.581536,0.035894,Pinnacle closing (PSCH/PSCD/PSCA)
aa5b197d6102290a1eedbdf1cf72d2c2166ebfd7391966e2a0b6f75117073a56,2018-19,secondary_single_bookmaker,pinnacle_closing,2.680000,3.220000,2.880000,0.361945,0.301246,0.336810,0.030916,Pinnacle closing (PSCH/PSCD/PSCA)
aa6aaab59a04732279486a7e2aff98fe7675bc4980063a9345f920b303dcddee,2018-19,secondary_single_bookmaker,pinnacle_closing,2.240000,3.370000,3.460000,0.432510,0.287484,0.280006,0.032182,Pinnacle closing (PSCH/PSCD/PSCA)
ac9d9d02eb93f6d890d60ca4fe9ab9c6d6ceb58ad71c111dd35d08900d9e3141,2018-19,secondary_single_bookmaker,pinnacle_closing,1.450000,4.940000,6.720000,0.662561,0.194476,0.142963,0.040894,Pinnacle closing (PSCH/PSCD/PSCA)
ae5afda815390d83acb69b5a1cf0acb04fb9e68904ef92940ab34b245c058056,2018-19,secondary_single_bookmaker,pinnacle_closing,1.930000,3.550000,4.300000,0.501882,0.272854,0.225263,0.032383,Pinnacle closing (PSCH/PSCD/PSCA)
ae75b180c7bcc8baee9188c46223d57e791668bb713b6244e2f03e48527bdf37,2018-19,secondary_single_bookmaker,pinnacle_closing,2.890000,3.810000,2.360000,0.335221,0.254275,0.410504,0.032217,Pinnacle closing (PSCH/PSCD/PSCA)
af0453b91f5023ea0ba021b294996e723fb0ff0999e1717dbe14a41ef6308623,2018-19,secondary_single_bookmaker,pinnacle_closing,5.340000,3.890000,1.690000,0.180750,0.248124,0.571126,0.036051,Pinnacle closing (PSCH/PSCD/PSCA)
af8e049b49fa37202b0a7f990f39459195cdb053cfcc5bffb6739cac364d9b2d,2018-19,secondary_single_bookmaker,pinnacle_closing,3.220000,3.370000,2.360000,0.301214,0.287807,0.410979,0.031024,Pinnacle closing (PSCH/PSCD/PSCA)
afb733fd1390ad6b86fb64d8260beac53b1937fb54afc965d29b32a714900189,2018-19,secondary_single_bookmaker,pinnacle_closing,1.790000,3.840000,4.670000,0.540703,0.252047,0.207250,0.033209,Pinnacle closing (PSCH/PSCD/PSCA)
b01a3ca6f7a55b0a901ef0a7a117cb55cfc93bfe3d68c5f0ca8141b98f9cbd6e,2018-19,secondary_single_bookmaker,pinnacle_closing,2.110000,3.430000,3.750000,0.459173,0.282465,0.258362,0.032146,Pinnacle closing (PSCH/PSCD/PSCA)
b09ca2c8d0677a915fd51407515a33624df95cac66a9718b998dadde05b8efb4,2018-19,secondary_single_bookmaker,pinnacle_closing,1.420000,4.910000,7.490000,0.676228,0.195569,0.128203,0.041403,Pinnacle closing (PSCH/PSCD/PSCA)
b1155e2403d6ef7e8c25a977134596c115f77e41781b2ee83cc5c1ed7a8cab27,2018-19,secondary_single_bookmaker,pinnacle_closing,3.170000,3.260000,2.450000,0.306160,0.297707,0.396133,0.030369,Pinnacle closing (PSCH/PSCD/PSCA)
b565fb7b5a7d9bb6a90105977960a6fe6ca84b5476827c0cf44328666ac7af28,2018-19,secondary_single_bookmaker,pinnacle_closing,2.220000,3.280000,3.620000,0.436664,0.295547,0.267789,0.031572,Pinnacle closing (PSCH/PSCD/PSCA)
b64fbbbb1f54fda55a7b2a1a5549d1d01424dd5a69faeaa75d1effe67ac00b54,2018-19,secondary_single_bookmaker,pinnacle_closing,2.110000,3.260000,3.960000,0.458701,0.296890,0.244409,0.033207,Pinnacle closing (PSCH/PSCD/PSCA)
b66c6c44c3cf5df7dacd81d88308996614f42fa5e64f8702e748c0f7554664d8,2018-19,secondary_single_bookmaker,pinnacle_closing,1.510000,4.340000,6.830000,0.637345,0.221749,0.140906,0.039079,Pinnacle closing (PSCH/PSCD/PSCA)
b745a0868ef5b38dcb86e250e47f64cb9115f645d0258e43afe22d8ee0827801,2018-19,secondary_single_bookmaker,pinnacle_closing,1.780000,3.690000,4.930000,0.542464,0.261677,0.195859,0.035640,Pinnacle closing (PSCH/PSCD/PSCA)
b7b74feda13f1adee0f5a4f1da2837e493ca096ae2753a31f47dd62dc419559d,2018-19,secondary_single_bookmaker,pinnacle_closing,2.670000,3.970000,2.470000,0.363172,0.244249,0.392579,0.031279,Pinnacle closing (PSCH/PSCD/PSCA)
b864d4a727038768f47b88bce538c94496eaba074ec58ee63eb9fcb2e5e8696b,2018-19,secondary_single_bookmaker,pinnacle_closing,1.900000,3.490000,4.520000,0.508966,0.277088,0.213946,0.034088,Pinnacle closing (PSCH/PSCD/PSCA)
bb1483e3412561e037d63a0790a1d8a12d294ea37a2ae2af58f6b53e9cd3c3ec,2018-19,secondary_single_bookmaker,pinnacle_closing,2.780000,3.420000,2.640000,0.348931,0.283634,0.367435,0.030898,Pinnacle closing (PSCH/PSCD/PSCA)
bb4760ac3c7fda82bd8be858722a9a29a3684faeb872c35eb729885227a1a874,2018-19,secondary_single_bookmaker,pinnacle_closing,1.760000,4.180000,4.390000,0.548858,0.231098,0.220043,0.035207,Pinnacle closing (PSCH/PSCD/PSCA)
bbbcddae9e8f458a6ae172614c1c83e1616aa31f64d642f7f18476e0d0caec5f,2018-19,secondary_single_bookmaker,pinnacle_closing,5.020000,3.750000,1.760000,0.192643,0.257885,0.549471,0.034052,Pinnacle closing (PSCH/PSCD/PSCA)
bbd151c1068fc5f7cca44691911dddb18e1e50a5b86051a111a0e010b772a445,2018-19,secondary_single_bookmaker,pinnacle_closing,2.290000,3.090000,3.690000,0.423424,0.313800,0.262776,0.031309,Pinnacle closing (PSCH/PSCD/PSCA)
bc3b798496ef001354865a1555fb992aa7f4ee73283536b35c46227e87206d70,2018-19,secondary_single_bookmaker,pinnacle_closing,1.770000,3.750000,4.910000,0.545706,0.257573,0.196721,0.035304,Pinnacle closing (PSCH/PSCD/PSCA)
bcc197c64197e6c9086e93a692ffcdcf941806024c5b0721125d53608b9db446,2018-19,secondary_single_bookmaker,pinnacle_closing,1.790000,3.610000,5.030000,0.540041,0.267777,0.192182,0.034475,Pinnacle closing (PSCH/PSCD/PSCA)
bd87423dfa9ca34c95f35b79dc4afb355697f62965593fee7a8d779eb2b29166,2018-19,secondary_single_bookmaker,pinnacle_closing,2.850000,3.410000,2.590000,0.340581,0.284649,0.374770,0.030233,Pinnacle closing (PSCH/PSCD/PSCA)
bdb6436b58575b7c7497e70f994131eff5c4b63e4aa69676cddf756ddcb1b707,2018-19,secondary_single_bookmaker,pinnacle_closing,2.000000,2.830000,4.710000,0.469188,0.331582,0.199231,0.065671,Pinnacle closing (PSCH/PSCD/PSCA)
beac57ae9d046082d6ce5edd8629dd74c1297efa94e35e3b7c7fae372a147c1c,2018-19,secondary_single_bookmaker,pinnacle_closing,2.220000,3.080000,3.890000,0.436400,0.314548,0.249051,0.032195,Pinnacle closing (PSCH/PSCD/PSCA)
c09bb91535a21a73f65a68e3259ac5eb8a9ad957f7ceee65943be4961047e51f,2018-19,secondary_single_bookmaker,pinnacle_closing,1.400000,5.230000,7.270000,0.684810,0.183314,0.131875,0.043042,Pinnacle closing (PSCH/PSCD/PSCA)
c0ab4289cfb2d8238fc6bdf86358f3964db32a939054cf59be14999e28779004,2018-19,secondary_single_bookmaker,pinnacle_closing,1.960000,3.780000,3.870000,0.493832,0.256061,0.250106,0.033152,Pinnacle closing (PSCH/PSCD/PSCA)
c0dedde5672ae179ea9b7bc078a0a83cbd9ccef2e457900c9b34a37b6d94ac1d,2018-19,secondary_single_bookmaker,pinnacle_closing,1.840000,3.420000,5.030000,0.525261,0.282596,0.192143,0.034683,Pinnacle closing (PSCH/PSCD/PSCA)
c17fbc348e2df67415180e6ab6b9fe532ab640c007b94991fbfc3c8f12e72598,2018-19,secondary_single_bookmaker,pinnacle_closing,1.990000,3.970000,3.580000,0.486115,0.243670,0.270215,0.033731,Pinnacle closing (PSCH/PSCD/PSCA)
c3df5c116751012f0f25035c6ab233349932d95381e21492f6601cab25a89755,2018-19,secondary_single_bookmaker,pinnacle_closing,2.990000,3.350000,2.520000,0.324776,0.289875,0.385349,0.029781,Pinnacle closing (PSCH/PSCD/PSCA)
c400cf5e987c9ceccd2ee1e87ec55a51b444fecfc73ba5ea828efdd05997cb2f,2018-19,secondary_single_bookmaker,pinnacle_closing,2.260000,3.440000,3.350000,0.428889,0.281770,0.289340,0.031683,Pinnacle closing (PSCH/PSCD/PSCA)
c58201d86cb1bfe26867532c5b341f346d6991c23165163ee5d4f57416c6f0eb,2018-19,secondary_single_bookmaker,pinnacle_closing,1.820000,4.060000,4.200000,0.531460,0.238241,0.230299,0.033851,Pinnacle closing (PSCH/PSCD/PSCA)
c6de65ac518168c6147b2e7800d54adf238559fe1637867e648863ce13b6c021,2018-19,secondary_single_bookmaker,pinnacle_closing,2.230000,3.570000,3.310000,0.435092,0.271780,0.293128,0.030657,Pinnacle closing (PSCH/PSCD/PSCA)
c6f6d826fa8fe92629aed832dd6e4659fe73f027700c38ac47e38d568cab8f90,2018-19,secondary_single_bookmaker,pinnacle_closing,2.000000,3.460000,4.090000,0.483785,0.279645,0.236570,0.033516,Pinnacle closing (PSCH/PSCD/PSCA)
c81428b7622ac11809f990169d490a5fc1b2db0a4884bbca365faf4e97e493f4,2018-19,secondary_single_bookmaker,pinnacle_closing,2.380000,3.440000,3.130000,0.407790,0.282134,0.310077,0.030355,Pinnacle closing (PSCH/PSCD/PSCA)
c824c572fddc1d4b0fbd6d586b453da4ae5da9279b4d6cc966c02329967eeb2d,2018-19,secondary_single_bookmaker,pinnacle_closing,1.430000,5.120000,6.780000,0.671046,0.187421,0.141533,0.042106,Pinnacle closing (PSCH/PSCD/PSCA)
c8963e9454cc0ffc40b6b5bc60b0eb647407d96ef13809fb0352ec973d10547b,2018-19,secondary_single_bookmaker,pinnacle_closing,2.030000,3.510000,3.910000,0.476751,0.275728,0.247521,0.033266,Pinnacle closing (PSCH/PSCD/PSCA)
c8e75aa9a2fbe3dfe792a7999bee91e4a8344d2f73555a86d14b8403ed5e516e,2018-19,secondary_single_bookmaker,pinnacle_closing,2.750000,3.560000,2.590000,0.352827,0.272549,0.374624,0.030636,Pinnacle closing (PSCH/PSCD/PSCA)
c99192a3139d3b0d1a6e4e13518e84e669097e67fd23e74650d1792e002b43f2,2018-19,secondary_single_bookmaker,pinnacle_closing,2.130000,3.470000,3.660000,0.455415,0.279549,0.265037,0.030892,Pinnacle closing (PSCH/PSCD/PSCA)
c9a66a9d4263a692828583ea66e53dca56af9a0566f5759f7ee8ff62a0848422,2018-19,secondary_single_bookmaker,pinnacle_closing,1.440000,4.850000,7.490000,0.671518,0.199379,0.129104,0.034141,Pinnacle closing (PSCH/PSCD/PSCA)
c9fb9649f92676eb927e883c16aa09bda1dbec026b028efd9b700af03644f002,2018-19,secondary_single_bookmaker,pinnacle_closing,2.020000,3.440000,4.030000,0.478824,0.281170,0.240006,0.033886,Pinnacle closing (PSCH/PSCD/PSCA)
ca691d8dab07d55b630d55ff3f81675dbcc2f9117c7adbb120611e3ce3353784,2018-19,secondary_single_bookmaker,pinnacle_closing,1.920000,3.850000,3.950000,0.503835,0.251263,0.244902,0.033738,Pinnacle closing (PSCH/PSCD/PSCA)
ca7808a57ec4b4763a03462c845167290138567b49e571b66b235533c8775221,2018-19,secondary_single_bookmaker,pinnacle_closing,1.360000,5.130000,9.210000,0.707828,0.187650,0.104522,0.038804,Pinnacle closing (PSCH/PSCD/PSCA)
ca8dbd36ff9aa97f603476be77149a8276053977073d391ffd0dc8288e9f2241,2018-19,secondary_single_bookmaker,pinnacle_closing,1.300000,5.640000,10.300000,0.737077,0.169894,0.093029,0.043623,Pinnacle closing (PSCH/PSCD/PSCA)
ca9d89cc64bb35a01de8dab5019dcd6013cf4070714cee83323a66f241eafebe,2018-19,secondary_single_bookmaker,pinnacle_closing,2.420000,2.890000,3.670000,0.400517,0.335381,0.264101,0.031723,Pinnacle closing (PSCH/PSCD/PSCA)
cbd08cfe66332b67de4c3479c20365e096abaf0290f4ac7b81c2ae76f96198c1,2018-19,secondary_single_bookmaker,pinnacle_closing,2.570000,3.240000,3.000000,0.377376,0.299338,0.323286,0.031080,Pinnacle closing (PSCH/PSCD/PSCA)
cc4381f6e204009d9411d1075c3e649e0b66bf3262558150fd0304db52bbc651,2018-19,secondary_single_bookmaker,pinnacle_closing,2.230000,3.590000,3.280000,0.434585,0.269951,0.295465,0.031860,Pinnacle closing (PSCH/PSCD/PSCA)
ccb87dc679f663b2dd0e709c2e7ebaa318db341b293e8ea1db0754cbd49c666b,2018-19,secondary_single_bookmaker,pinnacle_closing,1.630000,4.270000,5.280000,0.591560,0.225818,0.182622,0.037083,Pinnacle closing (PSCH/PSCD/PSCA)
ccf62943cbe342127cb0c94bec809b076ae1c3cdf0c3f11d1fcfbc7454bacfbe,2018-19,secondary_single_bookmaker,pinnacle_closing,2.230000,3.710000,3.160000,0.433506,0.260571,0.305923,0.034428,Pinnacle closing (PSCH/PSCD/PSCA)
cd26ae4276eb60698321300011ca7c97a558465a022914e79a89445d1033966c,2018-19,secondary_single_bookmaker,pinnacle_closing,2.200000,3.550000,3.380000,0.440411,0.272931,0.286658,0.032094,Pinnacle closing (PSCH/PSCD/PSCA)
cdd80c638f83577226d67c5b2b55ef8db69fb4eecdd50955406b7a3b8481ec5e,2018-19,secondary_single_bookmaker,pinnacle_closing,3.150000,3.540000,2.320000,0.307921,0.273997,0.418082,0.030981,Pinnacle closing (PSCH/PSCD/PSCA)
ce3fc437208090e26758fb9ddbb7c18a842a0de9be8d0acaa84381cd9686dd0d,2018-19,secondary_single_bookmaker,pinnacle_closing,3.490000,3.460000,2.190000,0.277602,0.280009,0.442389,0.032171,Pinnacle closing (PSCH/PSCD/PSCA)
ceacb06ea82810493026c3db05e88d441e75f58916d9eb89285b8b0ff91a7359,2018-19,secondary_single_bookmaker,pinnacle_closing,3.020000,3.370000,2.480000,0.321142,0.287789,0.391068,0.031088,Pinnacle closing (PSCH/PSCD/PSCA)
cfd83696bcd4b0b82be4727658dcc9350facdc391156ab587f081a0f5484888f,2018-19,secondary_single_bookmaker,pinnacle_closing,3.690000,3.620000,2.060000,0.262426,0.267500,0.470074,0.032683,Pinnacle closing (PSCH/PSCD/PSCA)
d082d70eb33bb29f28c09acdd11206e26d0f5aa6634aff981dd4fcfe0e2e51f5,2018-19,secondary_single_bookmaker,pinnacle_closing,3.390000,3.420000,2.250000,0.285886,0.283378,0.430735,0.031827,Pinnacle closing (PSCH/PSCD/PSCA)
d0d1cd948ccba98ec138c322dc8a2f05cf7721fd955390add24eacf10f681cda,2018-19,secondary_single_bookmaker,pinnacle_closing,1.470000,4.330000,7.670000,0.653105,0.221724,0.125171,0.041597,Pinnacle closing (PSCH/PSCD/PSCA)
d1c6cdcd382ec6c5f8fc88f148ce40a85ca5a507e4d508a6a85afd49fc3191f3,2018-19,secondary_single_bookmaker,pinnacle_closing,3.510000,3.990000,2.010000,0.275788,0.242611,0.481601,0.033039,Pinnacle closing (PSCH/PSCD/PSCA)
d1f8191c8e44a67e8d55a419b5e82aad8eab26cba6be0d7c46f9be74a8892483,2018-19,secondary_single_bookmaker,pinnacle_closing,1.560000,3.900000,7.200000,0.618557,0.247423,0.134021,0.036325,Pinnacle closing (PSCH/PSCD/PSCA)
d405b33472920668214da8aa8ed3c0b3aa5afc79dc76766ff145dd404aefcccb,2018-19,secondary_single_bookmaker,pinnacle_closing,3.140000,3.340000,2.420000,0.308867,0.290372,0.400761,0.031096,Pinnacle closing (PSCH/PSCD/PSCA)
d6f2f6ede8de258a7efdadfd6fb7d13033dc54092c1d6cdfd08529e1b9e9d23e,2018-19,secondary_single_bookmaker,pinnacle_closing,1.750000,4.310000,4.340000,0.552713,0.224419,0.222868,0.033862,Pinnacle closing (PSCH/PSCD/PSCA)
d7682b1d783aa725b3f3cf36f9d4defa2e1c7d5c99293044497a1be1a03147bd,2018-19,secondary_single_bookmaker,pinnacle_closing,4.120000,3.870000,1.880000,0.234958,0.250136,0.514907,0.033031,Pinnacle closing (PSCH/PSCD/PSCA)
d79572b6f93026f36fbac6eedcea44c0953e92fb6c918c12eb4b2a95512aea52,2018-19,secondary_single_bookmaker,pinnacle_closing,2.310000,3.490000,3.160000,0.417902,0.276606,0.305492,0.035889,Pinnacle closing (PSCH/PSCD/PSCA)
d7e98d5f4459a609a12fbb439227970c1e93263b0eaff5e573554c07d363ecf8,2018-19,secondary_single_bookmaker,pinnacle_closing,4.070000,3.590000,1.970000,0.238113,0.269949,0.491938,0.031866,Pinnacle closing (PSCH/PSCD/PSCA)
d84a4c5e5c1f6072bdbe48ef46bc54af8174380a4e111d254acd29dfe782fed8,2018-19,secondary_single_bookmaker,pinnacle_closing,1.780000,3.800000,4.810000,0.543927,0.254787,0.201287,0.032856,Pinnacle closing (PSCH/PSCD/PSCA)
d87facf70c670bc39caed150a9aa8bf4f2d4fb9307886e3e22c94dbd0690a220,2018-19,secondary_single_bookmaker,pinnacle_closing,3.080000,3.180000,2.550000,0.314822,0.304922,0.380256,0.031298,Pinnacle closing (PSCH/PSCD/PSCA)
d9d32597848ed39a69901a2685775478d8e42a5b265bef8fdbeb6d0833f969c8,2018-19,secondary_single_bookmaker,pinnacle_closing,3.450000,3.280000,2.290000,0.281027,0.295592,0.423381,0.031414,Pinnacle closing (PSCH/PSCD/PSCA)
db79f41c72ba426f1b6c42502e37d97b82a329b5cbe0566adebc571f934dff10,2018-19,secondary_single_bookmaker,pinnacle_closing,2.540000,3.100000,3.180000,0.381957,0.312958,0.305085,0.030747,Pinnacle closing (PSCH/PSCD/PSCA)
dc5c2c912ef30cb1d5f8f3c1d17aea298af7dc9f2934b5e9e0650f21bef037c4,2018-19,secondary_single_bookmaker,pinnacle_closing,2.440000,3.190000,3.190000,0.395291,0.302354,0.302354,0.036795,Pinnacle closing (PSCH/PSCD/PSCA)
dc980b1eb96a4f2c453a69155f685a36daf5f75ccf26db6a0a5d34952f1d63a3,2018-19,secondary_single_bookmaker,pinnacle_closing,3.940000,4.050000,1.880000,0.245786,0.239110,0.515104,0.032636,Pinnacle closing (PSCH/PSCD/PSCA)
dce1b133f746d2bbf1f7692eaecfa6ff319b406f53b1c474eb9d1d30d795c7f8,2018-19,secondary_single_bookmaker,pinnacle_closing,2.660000,3.160000,2.960000,0.364907,0.307169,0.327924,0.030233,Pinnacle closing (PSCH/PSCD/PSCA)
dd32b4abe38a655b5d3a98c2215cd2b3301b68aa2151e22e6aa9e4e1afd1ebfd,2018-19,secondary_single_bookmaker,pinnacle_closing,1.950000,3.550000,4.190000,0.496354,0.272645,0.231000,0.033174,Pinnacle closing (PSCH/PSCD/PSCA)
dde8879c7f06a2cf2df9b52b6fc4ab013225df00094fe31f559ca03ff2ca0abf,2018-19,secondary_single_bookmaker,pinnacle_closing,6.270000,4.600000,1.530000,0.154773,0.210962,0.634265,0.030476,Pinnacle closing (PSCH/PSCD/PSCA)
de51560c7cf6c0827c15a6bb8488f4d83ed1c46852a52a408a6abdad8db9a207,2018-19,secondary_single_bookmaker,pinnacle_closing,4.180000,3.810000,1.880000,0.231454,0.253931,0.514615,0.033617,Pinnacle closing (PSCH/PSCD/PSCA)
df0ea17e22abb60b71ab4d2d11236d9c16bf1aaf7e740a947fccaba892587a11,2018-19,secondary_single_bookmaker,pinnacle_closing,1.480000,5.050000,6.050000,0.650323,0.190590,0.159087,0.038985,Pinnacle closing (PSCH/PSCD/PSCA)
dfb4bb974a814f85106565e163fe3413286dd498e13ab9240fe940c6238b7fa8,2018-19,secondary_single_bookmaker,pinnacle_closing,5.180000,3.820000,1.720000,0.186301,0.252628,0.561070,0.036226,Pinnacle closing (PSCH/PSCD/PSCA)
dfc45dea87c1de796ddb959b7f6034a6227edc9f22789a3fd3f2508034eeb9bc,2018-19,secondary_single_bookmaker,pinnacle_closing,2.440000,3.180000,3.270000,0.397856,0.305273,0.296871,0.030112,Pinnacle closing (PSCH/PSCD/PSCA)
e0f7d8d16cf9f6323e4ffb86cce475d6167bc1bfc3dbd68035af96d3ce3ae74b,2018-19,secondary_single_bookmaker,pinnacle_closing,3.720000,3.540000,2.080000,0.260464,0.273707,0.465829,0.032072,Pinnacle closing (PSCH/PSCD/PSCA)
e27c8a518befc7dc293b959fc58295d4c450c638f3dfb30ebef5936a24bb53a1,2018-19,secondary_single_bookmaker,pinnacle_closing,2.200000,3.550000,3.380000,0.440411,0.272931,0.286658,0.032094,Pinnacle closing (PSCH/PSCD/PSCA)
e30929e13a4f16b7e457a7b4e084423a4229b570c6bd6ef2410fe5e11a3bf899,2018-19,secondary_single_bookmaker,pinnacle_closing,2.490000,3.550000,2.880000,0.389713,0.273348,0.336939,0.030519,Pinnacle closing (PSCH/PSCD/PSCA)
e39d585e40ad6d3f404763f250ff3086320ce0e79097646a75b091e2d4843a7a,2018-19,secondary_single_bookmaker,pinnacle_closing,2.660000,3.500000,2.710000,0.364757,0.277215,0.358027,0.030658,Pinnacle closing (PSCH/PSCD/PSCA)
e7dc17dd9ad91c62151e00b1093ef6eba0c6af8d3d3818f6fe8057b89e2820b3,2018-19,secondary_single_bookmaker,pinnacle_closing,2.350000,3.370000,3.230000,0.412391,0.287572,0.300037,0.031865,Pinnacle closing (PSCH/PSCD/PSCA)
e82ad8e354188e29e0a04e608413707b5a9cb63c65a0c2f774b285db81b8cdcd,2018-19,secondary_single_bookmaker,pinnacle_closing,1.900000,3.910000,3.970000,0.509029,0.247354,0.243616,0.033959,Pinnacle closing (PSCH/PSCD/PSCA)
e931d2ca39601c065e1ba438aacfa453710637b42870aa508885f275a5dca207,2018-19,secondary_single_bookmaker,pinnacle_closing,1.740000,4.100000,4.650000,0.555993,0.235958,0.208049,0.033669,Pinnacle closing (PSCH/PSCD/PSCA)
e932b8e2d3ee67a84b593db38e6d35b018b2d28b1d2ffe3a581d01b659d7adb3,2018-19,secondary_single_bookmaker,pinnacle_closing,1.760000,4.050000,4.500000,0.547741,0.238031,0.214228,0.037318,Pinnacle closing (PSCH/PSCD/PSCA)
e95ef916f4c0956a77fcf18651ec66fc6a0b645f28de3948f716bc4cefa3e206,2018-19,secondary_single_bookmaker,pinnacle_closing,2.270000,3.160000,3.650000,0.427301,0.306953,0.265746,0.030957,Pinnacle closing (PSCH/PSCD/PSCA)
e9b861b30a37d68bcf03bd41a70112d01281eea6ad12f1b51c9987f6baf0e7da,2018-19,secondary_single_bookmaker,pinnacle_closing,4.390000,3.890000,1.830000,0.220875,0.249265,0.529859,0.031308,Pinnacle closing (PSCH/PSCD/PSCA)
eafc772a5c3dfbf308953370a5ba98dbadf2895e320cb83c59916d04a027f0ab,2018-19,secondary_single_bookmaker,pinnacle_closing,2.300000,3.550000,3.170000,0.421329,0.272974,0.305696,0.031930,Pinnacle closing (PSCH/PSCD/PSCA)
ec04285d87d589fed0f70ae71dc32e5578dfefa223c10691cff8dcd2162f4476,2018-19,secondary_single_bookmaker,pinnacle_closing,4.260000,3.580000,1.930000,0.227418,0.270614,0.501968,0.032206,Pinnacle closing (PSCH/PSCD/PSCA)
ed2bf770c444740acf59098873f42ed388c722880ddf938725b6b6791515ead3,2018-19,secondary_single_bookmaker,pinnacle_closing,4.150000,3.660000,1.930000,0.233419,0.264669,0.501912,0.032323,Pinnacle closing (PSCH/PSCD/PSCA)
ef47ddb98fd30c92bbf7900249401b16a8d31c5ca57779f1b8a0f6e25fe1ec6c,2018-19,secondary_single_bookmaker,pinnacle_closing,3.090000,3.490000,2.370000,0.313560,0.277622,0.408818,0.032098,Pinnacle closing (PSCH/PSCD/PSCA)
f15b6a4eacf7016112526a173d92b339479cb5dcbb5034441d49fd82a45700f0,2018-19,secondary_single_bookmaker,pinnacle_closing,1.480000,4.640000,6.830000,0.651187,0.207706,0.141106,0.037606,Pinnacle closing (PSCH/PSCD/PSCA)
f26b22d2b25221a7163b8461c603776ee4fea5bd90598ad1d03106364cb7e1bb,2018-19,secondary_single_bookmaker,pinnacle_closing,1.230000,7.030000,11.490000,0.780023,0.136476,0.083501,0.042288,Pinnacle closing (PSCH/PSCD/PSCA)
f2e5d133c74bc4c4c83e44425a071676c427cb5a33ecc426a626e03abfdc3ef5,2018-19,secondary_single_bookmaker,pinnacle_closing,1.430000,4.610000,7.880000,0.670391,0.207952,0.121657,0.043124,Pinnacle closing (PSCH/PSCD/PSCA)
f360643c597512f63883d4d87e91c2e6071e80379ddacee8c76b5418de286a73,2018-19,secondary_single_bookmaker,pinnacle_closing,4.900000,3.920000,1.740000,0.197391,0.246739,0.555871,0.033896,Pinnacle closing (PSCH/PSCD/PSCA)
f4890186dc6b4da644af6f74c701ea04313ecba5de483f1568899e74879ccfdc,2018-19,secondary_single_bookmaker,pinnacle_closing,1.240000,6.650000,12.850000,0.779445,0.145340,0.075215,0.034649,Pinnacle closing (PSCH/PSCD/PSCA)
f4b4f861378d3b3eac4a8f2f1d9cec4d3a5020ad5aae3696a692d05f506be340,2018-19,secondary_single_bookmaker,pinnacle_closing,1.940000,3.250000,4.720000,0.498023,0.297281,0.204696,0.035021,Pinnacle closing (PSCH/PSCD/PSCA)
f76411dd8705e8ef1acd5c745bbf72b262cb2ce3fdd542fb28fce3aea306320f,2018-19,secondary_single_bookmaker,pinnacle_closing,2.720000,3.030000,3.000000,0.356588,0.320105,0.323307,0.031013,Pinnacle closing (PSCH/PSCD/PSCA)
f775db57c4ba36bd8409c1fe6ce07055113877f04a80e5122bcc0d9dfd3ac2d3,2018-19,secondary_single_bookmaker,pinnacle_closing,4.020000,3.280000,2.090000,0.241019,0.295395,0.463586,0.032103,Pinnacle closing (PSCH/PSCD/PSCA)
f7f003350612ce3785e225faeafa059e29610c8c23b17fdc5fb2ad8f5c55803e,2018-19,secondary_single_bookmaker,pinnacle_closing,3.000000,3.840000,2.280000,0.322889,0.252257,0.424854,0.032346,Pinnacle closing (PSCH/PSCD/PSCA)
f8616c6c0d52787fe55c852ec72d8d4feb7f308fd5a64c64a9cad371ea7ad4d1,2018-19,secondary_single_bookmaker,pinnacle_closing,3.870000,3.560000,2.030000,0.250408,0.272213,0.477379,0.031908,Pinnacle closing (PSCH/PSCD/PSCA)
f8ffcf62fdd7682fe2a507eb1ea312779a5aed1898950e1ca987f1105ec13ea9,2018-19,secondary_single_bookmaker,pinnacle_closing,1.810000,3.750000,4.670000,0.534689,0.258076,0.207235,0.033286,Pinnacle closing (PSCH/PSCD/PSCA)
f913aace9d1430dd93c16fe632555965b23cec031794ac63fa14875df5616a6c,2018-19,secondary_single_bookmaker,pinnacle_closing,2.330000,3.540000,3.130000,0.416216,0.273950,0.309835,0.031159,Pinnacle closing (PSCH/PSCD/PSCA)
f9cc279a47f65eeb0cafbd254a891d87ce2ee1eb3b4a82d01b9f5edfb23b2398,2018-19,secondary_single_bookmaker,pinnacle_closing,2.080000,3.350000,3.960000,0.465951,0.289307,0.244742,0.031802,Pinnacle closing (PSCH/PSCD/PSCA)
fa81e690eed39ace6ef37c0f28246b232e21425ac7abbc04341721482ef07ee8,2018-19,secondary_single_bookmaker,pinnacle_closing,2.080000,3.780000,3.490000,0.465928,0.256384,0.277688,0.031852,Pinnacle closing (PSCH/PSCD/PSCA)
fc22a4890f79d2fb9950ab6cdc786fceaecde4c04a29f669069f6ac03fd5514d,2018-19,secondary_single_bookmaker,pinnacle_closing,1.830000,3.710000,4.600000,0.528796,0.260835,0.210369,0.033381,Pinnacle closing (PSCH/PSCD/PSCA)
fc953fb6d8b177a758768385f95f5db382ed2a91a192f6f3965f19d84f9c9c29,2018-19,secondary_single_bookmaker,pinnacle_closing,3.370000,4.000000,2.060000,0.287487,0.242208,0.470306,0.032173,Pinnacle closing (PSCH/PSCD/PSCA)
fdab11b1a5f355c0f2c01babae8c3c1077488803af8ae0b7b2fc4f503d899813,2018-19,secondary_single_bookmaker,pinnacle_closing,4.090000,3.670000,1.930000,0.236205,0.263237,0.500559,0.035113,Pinnacle closing (PSCH/PSCD/PSCA)
fe4c4f9d6f9abfb04bc55d292c0164d71067deeec1588249547c609f1f8db903,2018-19,secondary_single_bookmaker,pinnacle_closing,1.800000,3.480000,5.250000,0.537606,0.278072,0.184322,0.033388,Pinnacle closing (PSCH/PSCD/PSCA)
fee90acd20503267c95c75e4c96aa0d42e7bef91bc177965f200c649b2e6def7,2018-19,secondary_single_bookmaker,pinnacle_closing,2.340000,3.250000,3.370000,0.414188,0.298215,0.287596,0.031779,Pinnacle closing (PSCH/PSCD/PSCA)
ff151a0cd54955b4879f47f949d603ef191887a89033804741cb9dfa4c6c9313,2018-19,secondary_single_bookmaker,pinnacle_closing,2.350000,3.690000,2.990000,0.412744,0.262859,0.324397,0.030983,Pinnacle closing (PSCH/PSCD/PSCA)
ff2d54bf48ccbe68c499ca731beea6bfe629b19d3c2bbf8dca87819241c44afb,2018-19,secondary_single_bookmaker,pinnacle_closing,2.430000,3.680000,2.880000,0.399349,0.263700,0.336951,0.030484,Pinnacle closing (PSCH/PSCD/PSCA)
00cdc6069c80dcaf090a873ea8a9b430e9ff5c378f6ae6ee2bb82e29ed877128,2019-20,primary_market_average,market_average_closing,2.630000,3.400000,2.540000,0.356003,0.275379,0.368618,0.068047,Football-Data closing market average (AvgCH/AvgCD/AvgCA)
010964f83a17ed01947d5a85de0185623646188620d9c30162f57a99f8e61184,2019-20,primary_market_average,market_average_closing,3.280000,3.330000,2.170000,0.286000,0.281706,0.432295,0.066008,Football-Data closing market average (AvgCH/AvgCD/AvgCA)
017ef321dcbfb59ffe353b60c6fc3e150c42421eed95ee7a2a9681cfabe11fd4,2019-20,primary_market_average,market_average_closing,2.290000,3.740000,2.750000,0.408993,0.250426,0.340580,0.067697,Football-Data closing market average (AvgCH/AvgCD/AvgCA)
0301c274df170f4ebfd325f6140210b659345ccf841655ed844501b1141cf66c,2019-20,primary_market_average,market_average_closing,1.350000,5.320000,7.320000,0.695321,0.176444,0.128235,0.065323,Football-Data closing market average (AvgCH/AvgCD/AvgCA)
0391db72be0e47f93b0b747bd33b91b447d08889f94cb92af570edb9a5d2b37e,2019-20,primary_market_average,market_average_closing,1.720000,3.740000,4.590000,0.545072,0.250675,0.204253,0.066640,Football-Data closing market average (AvgCH/AvgCD/AvgCA)
03d5fcfdd7872ed9471059145f5b11d4a9d1fcb8d8b517c55e77165c2bff4301,2019-20,primary_market_average,market_average_closing,2.190000,3.150000,3.400000,0.427468,0.297192,0.275340,0.068199,Football-Data closing market average (AvgCH/AvgCD/AvgCA)
0478b3287b35074e4a2c69e1280a17de4e300666e1d59a3f0e50bdc412e287d5,2019-20,primary_market_average,market_average_closing,1.370000,5.030000,7.190000,0.683570,0.186181,0.130249,0.067816,Football-Data closing market average (AvgCH/AvgCD/AvgCA)
052d63736dde0ad50663ce30feac0661d1a55de55d2ab89e10d624e1bdd64fc9,2019-20,primary_market_average,market_average_closing,1.630000,4.220000,4.650000,0.575774,0.222396,0.201830,0.065518,Football-Data closing market average (AvgCH/AvgCD/AvgCA)
05abccc6e2b797315cfaaa250f12605367e4575d42f898ff23ecbb2901051e74,2019-20,primary_market_average,market_average_closing,4.770000,3.800000,1.680000,0.196288,0.246393,0.557318,0.068040,Football-Data closing market average (AvgCH/AvgCD/AvgCA)
0612950a06bb6cd9a68c528671b17a9cbd0fec006531e0cc5d9c4037396f7bc6,2019-20,primary_market_average,market_average_closing,2.330000,3.330000,2.950000,0.401682,0.281057,0.317261,0.068468,Football-Data closing market average (AvgCH/AvgCD/AvgCA)
062d65e82a46ab5cd261ee34e769974cbee69e0be697891466e40684a5b20fd5,2019-20,primary_market_average,market_average_closing,3.720000,3.900000,1.840000,0.251535,0.239926,0.508539,0.068706,Football-Data closing market average (AvgCH/AvgCD/AvgCA)
064534d9ddf38008d975c7128ed640244ed2f9864ad01a29b2ec69490529a8b0,2019-20,primary_market_average,market_average_closing,2.190000,3.390000,3.180000,0.428321,0.276703,0.294976,0.066072,Football-Data closing market average (AvgCH/AvgCD/AvgCA)
067f7b1e536a58e602c9f23a50f9d8a6d497a0eb2e9f6d21460aefc7e9435e3f,2019-20,primary_market_average,market_average_closing,6.280000,4.380000,1.480000,0.149767,0.214735,0.635498,0.063222,Football-Data closing market average (AvgCH/AvgCD/AvgCA)
0725a8778d9ca3f106242fa928dd259250aad5d33e1dd411325c45f7b7c6e74f,2019-20,primary_market_average,market_average_closing,2.330000,3.350000,2.950000,0.402357,0.279849,0.317794,0.066675,Football-Data closing market average (AvgCH/AvgCD/AvgCA)
094a9e488dccad259215fc4cb851cbc94076519d81dacb829d574e1be315ec69,2019-20,primary_market_average,market_average_closing,3.270000,3.350000,2.150000,0.285955,0.279127,0.434918,0.069434,Football-Data closing market average (AvgCH/AvgCD/AvgCA)
0c59d6e52888b8d7f748bc1b1e1f6baa64007460a5431fa2ea383a3b7ebb3745,2019-20,primary_market_average,market_average_closing,1.620000,4.130000,4.870000,0.579744,0.227405,0.192851,0.064754,Football-Data closing market average (AvgCH/AvgCD/AvgCA)
0d3c627b7cad654cf94fccc9ec8841569d001eb9cb9e8b18cad55c28e71418ef,2019-20,primary_market_average,market_average_closing,1.570000,4.160000,5.310000,0.597703,0.225575,0.176722,0.065651,Football-Data closing market average (AvgCH/AvgCD/AvgCA)
0e778aed0ccd7d96bbb92544e7270f669116498d0f910aaf0e8449e3bb7a6bdc,2019-20,primary_market_average,market_average_closing,1.440000,4.550000,6.510000,0.650330,0.205819,0.143852,0.067834,Football-Data closing market average (AvgCH/AvgCD/AvgCA)
0f798adb0ebc67a87c6d78ea79d5d26ad640562b2aee4bdbb544bb08d0a9f764,2019-20,primary_market_average,market_average_closing,1.690000,3.910000,4.590000,0.555427,0.240069,0.204504,0.065335,Football-Data closing market average (AvgCH/AvgCD/AvgCA)
1014a1ecc467ef7ab03a721e19340d9b830df31d38438d3522c863397f4f58b4,2019-20,primary_market_average,market_average_closing,1.920000,3.500000,3.850000,0.488455,0.267952,0.243593,0.066288,Football-Data closing market average (AvgCH/AvgCD/AvgCA)
1033068325f990b471fb61dc4c691505101622c15d77873d654485d9d8a7c1dc,2019-20,primary_market_average,market_average_closing,3.020000,3.340000,2.300000,0.310826,0.281046,0.408128,0.065310,Football-Data closing market average (AvgCH/AvgCD/AvgCA)
1072818c48408399b7f87ae4d86d5ad015d59a4ccd113859c6d8c064545006d8,2019-20,primary_market_average,market_average_closing,2.020000,3.510000,3.480000,0.463831,0.266934,0.269235,0.067306,Football-Data closing market average (AvgCH/AvgCD/AvgCA)
10da1fa185bfcf07f683679123ea5cf2851b6ab2920362bbd7eb1df3648b092e,2019-20,primary_market_average,market_average_closing,1.300000,5.260000,9.010000,0.718684,0.177621,0.103695,0.070333,Football-Data closing market average (AvgCH/AvgCD/AvgCA)
11feef49a8bf6089590880da9681aacc27a4bcf87abc44ae8e02bbaebd9868e7,2019-20,primary_market_average,market_average_closing,6.000000,4.330000,1.490000,0.155945,0.216090,0.627965,0.068754,Football-Data closing market average (AvgCH/AvgCD/AvgCA)
137d1f03306f6361b53c3cd1cd11df13e69a4dd18f69f4500763ed247da8b688,2019-20,primary_market_average,market_average_closing,1.540000,4.110000,5.630000,0.606711,0.227332,0.165957,0.070280,Football-Data closing market average (AvgCH/AvgCD/AvgCA)
147314cd35fa27357be35ad673e43e4dc91b642c412133ff5514315879f0d027,2019-20,primary_market_average,market_average_closing,2.420000,3.290000,2.840000,0.386447,0.284256,0.329297,0.069287,Football-Data closing market average (AvgCH/AvgCD/AvgCA)
14d9c29b06bf9917b68b9d79ad19b4cb2302055dcc28cf9cbd1a575e4d548d3a,2019-20,primary_market_average,market_average_closing,3.710000,3.670000,1.910000,0.252953,0.255710,0.491338,0.065582,Football-Data closing market average (AvgCH/AvgCD/AvgCA)
168973c63820f6fc4db44fbc02f9771ab57ae3dadd98391b8df49aecab306dcb,2019-20,primary_market_average,market_average_closing,2.470000,3.560000,2.630000,0.379797,0.263511,0.356692,0.065985,Football-Data closing market average (AvgCH/AvgCD/AvgCA)
17218954ca2d3f1f575a8ea9a26274c779e4d97be37677e1f3b9ff5b179058a0,2019-20,primary_market_average,market_average_closing,2.070000,3.760000,3.160000,0.453392,0.249607,0.297001,0.065505,Football-Data closing market average (AvgCH/AvgCD/AvgCA)
17e085e21b84dcedebdc31b359d3d2acb6098c7f6fab8890886583f641d04f01,2019-20,primary_market_average,market_average_closing,1.620000,4.000000,5.010000,0.578585,0.234327,0.187087,0.066885,Football-Data closing market average (AvgCH/AvgCD/AvgCA)
18f21c7e4fd5a512941210f4c791d1396e5f384365cafbb6b21fd26c023f8766,2019-20,primary_market_average,market_average_closing,2.220000,3.680000,2.900000,0.422159,0.254672,0.323170,0.067017,Football-Data closing market average (AvgCH/AvgCD/AvgCA)
196c60c9a786a8d85722bc302ef993f501d2cc14dfce264ddb445667b1ea3e4b,2019-20,primary_market_average,market_average_closing,2.400000,3.190000,2.950000,0.389725,0.293210,0.317065,0.069129,Football-Data closing market average (AvgCH/AvgCD/AvgCA)
19cbc79782d0aff6d342fa3cfb4c49fc02177704cff35c5ab5492e1a17b6dabc,2019-20,primary_market_average,market_average_closing,5.050000,4.470000,1.560000,0.186326,0.210503,0.603171,0.062759,Football-Data closing market average (AvgCH/AvgCD/AvgCA)
1b774f18c0e721158e87eb077d3a9226a40e6d578fc446bec8906fb77580664e,2019-20,primary_market_average,market_average_closing,2.320000,3.540000,2.840000,0.404487,0.265087,0.330426,0.065633,Football-Data closing market average (AvgCH/AvgCD/AvgCA)
1c0bd53d68879659b0e8b880c16430e35b36193bb9cb9c2670ba71658e08d0d3,2019-20,primary_market_average,market_average_closing,2.810000,3.500000,2.340000,0.332921,0.267288,0.399790,0.068937,Football-Data closing market average (AvgCH/AvgCD/AvgCA)
1cc285e3611839506d36bfb0cc4835c0c84144f22155cfaea78b3dfdb3ff1372,2019-20,primary_market_average,market_average_closing,1.800000,3.700000,4.120000,0.519918,0.252933,0.227149,0.068544,Football-Data closing market average (AvgCH/AvgCD/AvgCA)
1f67cfd369c0c106296272ace8c25e974c2266d30441203c21176b91489dc1a8,2019-20,primary_market_average,market_average_closing,1.390000,4.710000,7.430000,0.674675,0.199108,0.126218,0.066328,Football-Data closing market average (AvgCH/AvgCD/AvgCA)
202e15c61f81e999ea8af04daf4d9d8672ca488f4a8cbcd68c273634150e4943,2019-20,primary_market_average,market_average_closing,1.720000,3.910000,4.400000,0.546207,0.240275,0.213517,0.064423,Football-Data closing market average (AvgCH/AvgCD/AvgCA)
2142773c511a6b12781b6c89583fdf59cd66a056ea1a1b821e1440f83aafee57,2019-20,primary_market_average,market_average_closing,3.610000,3.390000,2.020000,0.259604,0.276451,0.463945,0.067043,Football-Data closing market average (AvgCH/AvgCD/AvgCA)
22cd95970a185bcafa725df0fc1500fc62ea99982f5d2dd3123d33a8d7de9e9f,2019-20,primary_market_average,market_average_closing,1.540000,4.230000,5.470000,0.607680,0.221236,0.171084,0.068573,Football-Data closing market average (AvgCH/AvgCD/AvgCA)
238d9518b54d71ddb9921efaf010f8bedefd8640bdadd48e94161b47844e8d51,2019-20,primary_market_average,market_average_closing,1.750000,3.720000,4.430000,0.536060,0.252179,0.211762,0.065979,Football-Data closing market average (AvgCH/AvgCD/AvgCA)
24307557cdcc6d93b7050e3764fd90b327f85d2439f3bf64c59097df3a434530,2019-20,primary_market_average,market_average_closing,2.210000,3.450000,3.070000,0.423648,0.271380,0.304971,0.068077,Football-Data closing market average (AvgCH/AvgCD/AvgCA)
24d1839349ea6f15506e1b65279ee385f098dfe15a7d716d23604c2d415a61e2,2019-20,primary_market_average,market_average_closing,1.640000,3.920000,4.900000,0.570431,0.238650,0.190920,0.068940,Football-Data closing market average (AvgCH/AvgCD/AvgCA)
2547015404a3074b3c34968f60ef562f2f1fcea1e41c673f56ec777cffdd20e4,2019-20,primary_market_average,market_average_closing,2.020000,3.620000,3.390000,0.464278,0.259072,0.276650,0.066278,Football-Data closing market average (AvgCH/AvgCD/AvgCA)
25be0612ae7f70819f2b140c7ea683f9b6bb1620818570df09ac950889103302,2019-20,primary_market_average,market_average_closing,1.650000,3.990000,4.790000,0.568828,0.235230,0.195943,0.065455,Football-Data closing market average (AvgCH/AvgCD/AvgCA)
2632e882da608f606ce8f5650ead561bd4eafbf89c34797af8c7e4659e5fd192,2019-20,primary_market_average,market_average_closing,3.140000,3.780000,2.070000,0.298722,0.248145,0.453134,0.066113,Football-Data closing market average (AvgCH/AvgCD/AvgCA)
2723d66d5a1fb225d5168f3a2dcdee2461c6ee90551f8a854dcd402088510ded,2019-20,primary_market_average,market_average_closing,1.090000,10.050000,22.070000,0.863673,0.093672,0.042655,0.062244,Football-Data closing market average (AvgCH/AvgCD/AvgCA)
286f29667d2a87b38941fabea2f1af5f8082c8ff7b5c1406baebcc0584966666,2019-20,primary_market_average,market_average_closing,2.990000,3.430000,2.270000,0.313588,0.273361,0.413052,0.066522,Football-Data closing market average (AvgCH/AvgCD/AvgCA)
28c9072da9d036767d48955213fdde66e888a432a4aa90cb7e6654283059d5d6,2019-20,primary_market_average,market_average_closing,3.300000,3.560000,2.070000,0.283997,0.263255,0.452748,0.067021,Football-Data closing market average (AvgCH/AvgCD/AvgCA)
28f6e7e024c8c2946facb0754d18100cba6082d91e7a3564d3dfde0458de52be,2019-20,primary_market_average,market_average_closing,1.350000,5.120000,7.590000,0.693704,0.182910,0.123386,0.067806,Football-Data closing market average (AvgCH/AvgCD/AvgCA)
2b5ff2ad44bf7d02a6669a61ea0c2decb56d89e8d505cb189b6d4547d50c462d,2019-20,primary_market_average,market_average_closing,4.050000,3.660000,1.830000,0.231499,0.256167,0.512334,0.066586,Football-Data closing market average (AvgCH/AvgCD/AvgCA)
2be0ddf3238159c9ebfea996c37b5bbf4e20344e0b783e19bfb4cf090ce11685,2019-20,primary_market_average,market_average_closing,1.830000,3.610000,4.100000,0.511963,0.259527,0.228510,0.067359,Football-Data closing market average (AvgCH/AvgCD/AvgCA)
2c8fbd5a66bc81d13b16c8f9c813f7e88c22e50332d932eaeeb4de9f0b5e9131,2019-20,primary_market_average,market_average_closing,3.550000,3.670000,1.950000,0.264004,0.255372,0.480623,0.066990,Football-Data closing market average (AvgCH/AvgCD/AvgCA)
2cf0b3dcae9f442b7357745a97285ccaa43dc9ac2e897d2b15d037c5e259f48d,2019-20,primary_market_average,market_average_closing,2.240000,3.250000,3.170000,0.417387,0.287676,0.294936,0.069578,Football-Data closing market average (AvgCH/AvgCD/AvgCA)
2d39c1ab608c75e8c363ea23c3c42f99dc4e3d2168435d7202557f0f89f96db5,2019-20,primary_market_average,market_average_closing,2.160000,3.420000,3.190000,0.433145,0.273565,0.293290,0.068840,Football-Data closing market average (AvgCH/AvgCD/AvgCA)
2d9ce3cdba000a0feaa8d14c6efeb20d8ed262d9e324ff135b4ac1b3a1e77ab7,2019-20,primary_market_average,market_average_closing,2.640000,3.190000,2.650000,0.354131,0.293074,0.352795,0.069626,Football-Data closing market average (AvgCH/AvgCD/AvgCA)
2fcdaa9a7737a52afcdcc0e27a32fef8c1e84f2cea52de46ddf3a9dd4ad37511,2019-20,primary_market_average,market_average_closing,2.080000,3.620000,3.230000,0.450745,0.258992,0.290263,0.066610,Football-Data closing market average (AvgCH/AvgCD/AvgCA)
3054203bf2e6d30bfc687c39196b4408b417da0a1fa80e8b182f1487623a105b,2019-20,primary_market_average,market_average_closing,2.380000,3.470000,2.790000,0.393867,0.270145,0.335987,0.066775,Football-Data closing market average (AvgCH/AvgCD/AvgCA)
30807a32ce724b312e810840747e2d1287fd2d5d728c08a289a52127542d66ed,2019-20,primary_market_average,market_average_closing,2.240000,3.010000,3.440000,0.417476,0.310680,0.271845,0.069352,Football-Data closing market average (AvgCH/AvgCD/AvgCA)
31483ece9ef9c4b40c109bd751d7922c28751f5e1dd53006713d6739a35bedd1,2019-20,primary_market_average,market_average_closing,2.110000,3.100000,3.680000,0.443653,0.301970,0.254377,0.068253,Football-Data closing market average (AvgCH/AvgCD/AvgCA)
324f6100e199b30063d36230abfaf1e9d9d728436bb75caf0c32035a7c7742ce,2019-20,primary_market_average,market_average_closing,1.900000,3.350000,4.170000,0.494364,0.280386,0.225250,0.064631,Football-Data closing market average (AvgCH/AvgCD/AvgCA)
33ac5b7749feba15914082e8dcbda6d83e5bf6cd9dea64f8fac83e0b4cc0fa8e,2019-20,primary_market_average,market_average_closing,2.300000,3.450000,2.920000,0.407442,0.271628,0.320930,0.067103,Football-Data closing market average (AvgCH/AvgCD/AvgCA)
35c66f0b45b19b2d2ac11caa5b9b9853acf35ee98aa1fd06caf4bbda39a5338e,2019-20,primary_market_average,market_average_closing,2.140000,3.570000,3.120000,0.437572,0.262298,0.300130,0.067915,Football-Data closing market average (AvgCH/AvgCD/AvgCA)
38d972ef785ff9f521d25a91c2e83b9ae2bcec30131b8a17b7e7530a60f7f79f,2019-20,primary_market_average,market_average_closing,2.040000,3.440000,3.490000,0.459232,0.272335,0.268433,0.067427,Football-Data closing market average (AvgCH/AvgCD/AvgCA)
398b89c5b56d3cb517d942f1fb563e20d8ec2abfccf0ecc6af26523599c7bd63,2019-20,primary_market_average,market_average_closing,2.420000,3.240000,2.900000,0.387387,0.289345,0.323268,0.066693,Football-Data closing market average (AvgCH/AvgCD/AvgCA)
39c552dbe1e66fb564ffea376e4bfe056915eab3baf31fab08625704214692b7,2019-20,primary_market_average,market_average_closing,1.240000,6.110000,10.600000,0.757618,0.153755,0.088627,0.064457,Football-Data closing market average (AvgCH/AvgCD/AvgCA)
3c36b5e56a44602cf20fa6e62f77156d4a147d40e48cf527d12a247483d6e75a,2019-20,primary_market_average,market_average_closing,3.990000,3.550000,1.870000,0.234872,0.263983,0.501145,0.067076,Football-Data closing market average (AvgCH/AvgCD/AvgCA)
3c6d2602e130b0492f0a9b3b96533c241d442a4d263c7fa53251fbb3b6c1935c,2019-20,primary_market_average,market_average_closing,2.060000,3.420000,3.440000,0.454303,0.273644,0.272053,0.068532,Football-Data closing market average (AvgCH/AvgCD/AvgCA)
3cfe1aa49dd8905f183fe4f800c09c5ee07e5a16ae84b2d391bf61915ca5328a,2019-20,primary_market_average,market_average_closing,1.500000,4.690000,5.240000,0.622631,0.199136,0.178234,0.070726,Football-Data closing market average (AvgCH/AvgCD/AvgCA)
3d2657582deb2987fa872da3b94f7244736aea80fa19d1ab0eb7644c8e0fcd8c,2019-20,primary_market_average,market_average_closing,3.000000,3.310000,2.310000,0.312008,0.282787,0.405205,0.068349,Football-Data closing market average (AvgCH/AvgCD/AvgCA)
3d3d67edd69b7b8a252faa6421ffb83602aea57f9357835284b1d615e3591a7b,2019-20,primary_market_average,market_average_closing,3.200000,3.480000,2.130000,0.292236,0.268723,0.439041,0.069340,Football-Data closing market average (AvgCH/AvgCD/AvgCA)
3e046e8e767c29e102b49c7f47379339af04d9a0fc4ef96cb8bb458e77d3c2a8,2019-20,primary_market_average,market_average_closing,3.280000,3.450000,2.120000,0.285886,0.271799,0.442315,0.066431,Football-Data closing market average (AvgCH/AvgCD/AvgCA)
41c5a8eea9d1b9f21cd6f4fb6998b6fdf7df82fe12bb251f7142e7ebd52f81e0,2019-20,primary_market_average,market_average_closing,1.770000,3.650000,4.410000,0.530141,0.257082,0.212778,0.065702,Football-Data closing market average (AvgCH/AvgCD/AvgCA)
45dcc10c1a1a468b61070d55e5a5d4396d97477516e84faab19b22d8da2fb091,2019-20,primary_market_average,market_average_closing,1.230000,6.440000,10.230000,0.762644,0.145660,0.091696,0.066039,Football-Data closing market average (AvgCH/AvgCD/AvgCA)
47d7cf543ff729f4c83d3a768ebb48913b53b3a4ba82a98dc9b743728eed716c,2019-20,primary_market_average,market_average_closing,3.340000,3.240000,2.180000,0.280664,0.289327,0.430009,0.066759,Football-Data closing market average (AvgCH/AvgCD/AvgCA)
482fdfee9dd31d99a1710c8dcedaad0008dbd921a34729887ddf93582d6d1a0b,2019-20,primary_market_average,market_average_closing,1.860000,3.370000,4.300000,0.503909,0.278122,0.217970,0.066928,Football-Data closing market average (AvgCH/AvgCD/AvgCA)
487838521b38ffc1526ee9f2cd2058b696a8ccda6add5b0dbcd3055e72cbebd0,2019-20,primary_market_average,market_average_closing,1.570000,3.920000,5.650000,0.595810,0.238628,0.165561,0.069036,Football-Data closing market average (AvgCH/AvgCD/AvgCA)
4887009234fd42684adb035e2c374cfb161f5343ff8ab33abd58dc0e6496b822,2019-20,primary_market_average,market_average_closing,1.520000,4.300000,5.670000,0.616688,0.217992,0.165320,0.066820,Football-Data closing market average (AvgCH/AvgCD/AvgCA)
48e3de70702fd737eba6fe0377489838cd298a76fe2cbcc44f00139d72669288,2019-20,primary_market_average,market_average_closing,3.260000,3.700000,2.040000,0.287429,0.253248,0.459323,0.067215,Football-Data closing market average (AvgCH/AvgCD/AvgCA)
49c93834c807258553f1b0aad632ea5d087fe9b064204e9b2bc2ce857ecb1824,2019-20,primary_market_average,market_average_closing,2.340000,3.410000,2.880000,0.400205,0.274628,0.325167,0.067828,Football-Data closing market average (AvgCH/AvgCD/AvgCA)
4a144367fe93030f5219e47d9459b6f12baf767c9509bfb2bef4c4ade232b29e,2019-20,primary_market_average,market_average_closing,3.460000,3.550000,2.010000,0.270560,0.263701,0.465740,0.068220,Football-Data closing market average (AvgCH/AvgCD/AvgCA)
4a7d2515b5601b06dc592e02d5985ca9dcad3a47cfca9090a7a8538cfda47697,2019-20,primary_market_average,market_average_closing,2.120000,3.370000,3.370000,0.442838,0.278581,0.278581,0.065170,Football-Data closing market average (AvgCH/AvgCD/AvgCA)
4c9a3b5772e625b1e450450de54a6de80eaea21abcf504abaad1b0f6c319c9ae,2019-20,primary_market_average,market_average_closing,2.620000,3.430000,2.550000,0.358256,0.273653,0.368091,0.065381,Football-Data closing market average (AvgCH/AvgCD/AvgCA)
4d18615b98c3a2c919c43b8751f83ef9ed89cdc6aa3a2fd55e6960264a94e6fc,2019-20,primary_market_average,market_average_closing,1.770000,3.640000,4.430000,0.530275,0.257854,0.211871,0.065431,Football-Data closing market average (AvgCH/AvgCD/AvgCA)
4d2a6fa81119223dd37aca3a12a72b6a35a90deafa5056699c92c4a64030b031,2019-20,primary_market_average,market_average_closing,1.540000,4.050000,5.870000,0.608792,0.231491,0.159717,0.066622,Football-Data closing market average (AvgCH/AvgCD/AvgCA)
4db674dfdb2f939b6fb4ff2d9b4dd7fab64352d05cff6cb5868581ad51e55a64,2019-20,primary_market_average,market_average_closing,1.450000,4.420000,6.540000,0.645258,0.211680,0.143062,0.068805,Football-Data closing market average (AvgCH/AvgCD/AvgCA)
4eb43fba81e92e1285e937cb2f43942e61b8dc9c5d26d88f502c1cfa38ed2f28,2019-20,primary_market_average,market_average_closing,1.130000,8.350000,15.640000,0.828102,0.112067,0.059831,0.068655,Football-Data closing market average (AvgCH/AvgCD/AvgCA)
4ec637ab6a80a221f6a2d240510e168ef00ca8f6a4a56ad486ea9a0cac6a826a,2019-20,primary_market_average,market_average_closing,1.840000,3.740000,3.920000,0.509849,0.250835,0.239317,0.065960,Football-Data closing market average (AvgCH/AvgCD/AvgCA)
4ffbb11eb0d7ca0f0519a69f6d51678aebb263e114807c4f26dfe0dc910712c7,2019-20,primary_market_average,market_average_closing,1.340000,5.150000,7.740000,0.697681,0.181532,0.120787,0.069642,Football-Data closing market average (AvgCH/AvgCD/AvgCA)
5008e6cc6baea896378836e05a59788daf17eab0ef6b58c28ef99e57c5114bf5,2019-20,primary_market_average,market_average_closing,1.620000,4.010000,5.000000,0.578707,0.233792,0.187501,0.066661,Football-Data closing market average (AvgCH/AvgCD/AvgCA)
505cff536c1e00185967b0030ea99ac8decba4ee4aa1b0beec713ac3c576627d,2019-20,primary_market_average,market_average_closing,2.240000,3.160000,3.270000,0.417733,0.296114,0.286153,0.068695,Football-Data closing market average (AvgCH/AvgCD/AvgCA)
50de609572629db9ff5e5a40f47a735665353cdec8949f3d2245867e5201cf1a,2019-20,primary_market_average,market_average_closing,1.500000,4.220000,6.150000,0.625253,0.222246,0.152501,0.066235,Football-Data closing market average (AvgCH/AvgCD/AvgCA)
526450ad65f8af88d96271793ed0f13b848721a8ea652ea8aeb707369e808d63,2019-20,primary_market_average,market_average_closing,4.370000,3.950000,1.710000,0.214506,0.237314,0.548181,0.066793,Football-Data closing market average (AvgCH/AvgCD/AvgCA)
5301d623de09b3eaca9e03f25ccb6399c79ac47bb33561908e3735dc3128b52b,2019-20,primary_market_average,market_average_closing,1.980000,3.570000,3.540000,0.473049,0.262364,0.264587,0.067648,Football-Data closing market average (AvgCH/AvgCD/AvgCA)
557fdde0564349a5eae0e23e3b8e7f5814dc1a06ec657373c5b25532d4733b37,2019-20,primary_market_average,market_average_closing,1.240000,5.860000,10.740000,0.753545,0.159453,0.087001,0.070210,Football-Data closing market average (AvgCH/AvgCD/AvgCA)
5bf6f04b6d492bcbe25ff3edfb021f50581d852159450b3cfed669b1bd4cfa7f,2019-20,primary_market_average,market_average_closing,1.420000,4.610000,6.740000,0.658454,0.202821,0.138725,0.069513,Football-Data closing market average (AvgCH/AvgCD/AvgCA)
5c765bdbb57627324850ab80b31e5de25649a9ec86e03de16fc854ba568d7284,2019-20,primary_market_average,market_average_closing,2.150000,3.490000,3.140000,0.434639,0.267758,0.297603,0.070121,Football-Data closing market average (AvgCH/AvgCD/AvgCA)
5ccab07d20f47012e9b14440625770ad390e5fbcfa3ac935886f8cbb0e5bc050,2019-20,primary_market_average,market_average_closing,3.290000,3.630000,2.060000,0.285435,0.258700,0.455865,0.064870,Football-Data closing market average (AvgCH/AvgCD/AvgCA)
5ccb1154ff7bb4b3ab08825d06b925cb5e3227ed52d9c838186365a19c16147b,2019-20,primary_market_average,market_average_closing,1.710000,3.830000,4.540000,0.548508,0.244895,0.206597,0.066156,Football-Data closing market average (AvgCH/AvgCD/AvgCA)
5d3d54615e307a24077e631313e75c27d4213b28d7904f851915b936ac81f469,2019-20,primary_market_average,market_average_closing,2.100000,3.580000,3.210000,0.446270,0.261778,0.291952,0.067047,Football-Data closing market average (AvgCH/AvgCD/AvgCA)
5d504445b553769080ca6ac9dced5782e6b8782398073c66df6072652db006f5,2019-20,primary_market_average,market_average_closing,2.970000,3.250000,2.370000,0.315755,0.288552,0.395693,0.066334,Football-Data closing market average (AvgCH/AvgCD/AvgCA)
5f7ae2ca26f42a7fcac7b777ba12ce3da13959afebc06aa286faa92d14f89f0b,2019-20,primary_market_average,market_average_closing,1.780000,3.790000,4.160000,0.526998,0.247508,0.225494,0.066035,Football-Data closing market average (AvgCH/AvgCD/AvgCA)
5fe7ad99ee87175a4608b1625cbe5e2b8c45c3b5a278f0114da3a95c9b473e5d,2019-20,primary_market_average,market_average_closing,2.530000,3.290000,2.710000,0.370017,0.284542,0.345441,0.068212,Football-Data closing market average (AvgCH/AvgCD/AvgCA)
605b470edcfedbde059013ef5ab2f64596fff03cd8a370e136c2a4e158e6dcc0,2019-20,primary_market_average,market_average_closing,1.580000,3.780000,5.890000,0.593035,0.247882,0.159082,0.067241,Football-Data closing market average (AvgCH/AvgCD/AvgCA)
60f7330eba8b302ca0b52d001c7542e0a208e637864a8479ee5585259abef32e,2019-20,primary_market_average,market_average_closing,3.090000,3.570000,2.140000,0.302163,0.261536,0.436301,0.071026,Football-Data closing market average (AvgCH/AvgCD/AvgCA)
6100679295a8a8701798888566098fa76b2c3f85bbb72297105492ffbdf988e2,2019-20,primary_market_average,market_average_closing,3.430000,3.350000,2.090000,0.272849,0.279365,0.447786,0.068522,Football-Data closing market average (AvgCH/AvgCD/AvgCA)
6131db4672eee5c3d581748701e28a8abcd543a49e220f26aebc79e7ece090a8,2019-20,primary_market_average,market_average_closing,3.940000,3.260000,1.990000,0.238750,0.288550,0.472700,0.063068,Football-Data closing market average (AvgCH/AvgCD/AvgCA)
614d4e0517cd35879b6e23e26fc001d83cb769b9ca3820fd5e81eea5812e46ce,2019-20,primary_market_average,market_average_closing,1.850000,3.730000,3.910000,0.507840,0.251878,0.240282,0.064392,Football-Data closing market average (AvgCH/AvgCD/AvgCA)
61e01d7bcc866a13f8fc0a75ab10e57ac870ecb4cfa1d84384c2b7bc59219203,2019-20,primary_market_average,market_average_closing,1.550000,4.290000,5.390000,0.606474,0.219122,0.174404,0.063790,Football-Data closing market average (AvgCH/AvgCD/AvgCA)
62a7f089ae5663d1fc8bddff2f0fea9cfa1cf61eb7b8f6030c0c2a55f65ec5f7,2019-20,primary_market_average,market_average_closing,3.040000,3.380000,2.250000,0.307643,0.276697,0.415660,0.069250,Football-Data closing market average (AvgCH/AvgCD/AvgCA)
62b4661d3f218522082be3e42d41afcd931f41efcc5cf36943aa693cc250479f,2019-20,primary_market_average,market_average_closing,1.990000,3.510000,3.590000,0.471416,0.267270,0.261314,0.065964,Football-Data closing market average (AvgCH/AvgCD/AvgCA)
646b0b1a2569f8b4be16623efc5c26a3df0f8bd08279ab9b47782cf9da7a0c98,2019-20,primary_market_average,market_average_closing,2.580000,3.360000,2.620000,0.363294,0.278958,0.357748,0.066895,Football-Data closing market average (AvgCH/AvgCD/AvgCA)
6544e02704c9fa8774c52f4747332bdb0e2fe7320d724a354cb9e20010ad54af,2019-20,primary_market_average,market_average_closing,2.060000,3.440000,3.450000,0.455386,0.272702,0.271912,0.065990,Football-Data closing market average (AvgCH/AvgCD/AvgCA)
65a4b35f399f5a125e69d0807e5e64fe132ba0a3c70bc717b3de152fbd4b574c,2019-20,primary_market_average,market_average_closing,2.370000,3.660000,2.700000,0.395990,0.256420,0.347591,0.065535,Football-Data closing market average (AvgCH/AvgCD/AvgCA)
65d975d151e193750c6dba91d26ce0d6058f1643f907e820dc1ebfebf2018c94,2019-20,primary_market_average,market_average_closing,3.990000,3.740000,1.820000,0.234788,0.250483,0.514729,0.067457,Football-Data closing market average (AvgCH/AvgCD/AvgCA)
66c2528d7089445ad54a2d0e5d4ae60ac5cec086acfc688bf72e0f7442b8c845,2019-20,primary_market_average,market_average_closing,1.460000,4.080000,7.130000,0.639954,0.229003,0.131043,0.070282,Football-Data closing market average (AvgCH/AvgCD/AvgCA)
6744dab5239c4a85435b0a8d478a83280ccc41aad413197e4039cba17301a53f,2019-20,primary_market_average,market_average_closing,3.360000,3.500000,2.070000,0.279081,0.267918,0.453001,0.066425,Football-Data closing market average (AvgCH/AvgCD/AvgCA)
67c139e7b61da2aacbc5746ec1a54ff8288570fb38ae753a46ebb59e412b8543,2019-20,primary_market_average,market_average_closing,4.180000,3.350000,1.890000,0.224245,0.279805,0.495950,0.066842,Football-Data closing market average (AvgCH/AvgCD/AvgCA)
67d73366e4ec5471bb1e06d8944d787cad3e21fb9cf19ae5691afcd1f33592de,2019-20,primary_market_average,market_average_closing,1.180000,7.160000,12.780000,0.795459,0.131095,0.073446,0.065370,Football-Data closing market average (AvgCH/AvgCD/AvgCA)
6b8899c62f1f28a2e423e4a5a86dfd4ad99a459391c9423f17d7a6ebf72dc522,2019-20,primary_market_average,market_average_closing,1.620000,3.880000,5.210000,0.578548,0.241559,0.179894,0.066954,Football-Data closing market average (AvgCH/AvgCD/AvgCA)
6b921304747f2deb5c9185b3749f62ffa5f28cd841c85f5dc553ee8ba67412af,2019-20,primary_market_average,market_average_closing,3.180000,3.480000,2.150000,0.294736,0.269328,0.435936,0.066938,Football-Data closing market average (AvgCH/AvgCD/AvgCA)
6c7924d70acb8f4b7b5c4856aa84dbfe28d040e697347087e08a11907173614a,2019-20,primary_market_average,market_average_closing,1.970000,3.400000,3.780000,0.476060,0.275835,0.248105,0.066282,Football-Data closing market average (AvgCH/AvgCD/AvgCA)
6caeb3d4301740c47285b2413340d7a41f3b1c6ce746cff1da472730db8d0940,2019-20,primary_market_average,market_average_closing,1.600000,3.820000,5.540000,0.585598,0.245277,0.169126,0.067286,Football-Data closing market average (AvgCH/AvgCD/AvgCA)
6cb21eb11fd5fb7f99762f6d75ec431075a1025a4df6cf05060ee9d751c1f07f,2019-20,primary_market_average,market_average_closing,2.340000,3.460000,2.850000,0.400424,0.270807,0.328769,0.067245,Football-Data closing market average (AvgCH/AvgCD/AvgCA)
6d1e5753dc4e51b20062fad3878e07ab4c00a2c6463bad77ae0c751d45c9b3fd,2019-20,primary_market_average,market_average_closing,2.510000,3.330000,2.710000,0.373141,0.281256,0.345603,0.067710,Football-Data closing market average (AvgCH/AvgCD/AvgCA)
6df49a2e0c1474026d29bc3c92fddca80d39e8bc35178234628b89e04830c3f3,2019-20,primary_market_average,market_average_closing,2.560000,3.220000,2.730000,0.365930,0.290926,0.343144,0.067484,Football-Data closing market average (AvgCH/AvgCD/AvgCA)
6fe050b627427374d2aa316878434f73690c2239f640fb34ca473fe79dde3d00,2019-20,primary_market_average,market_average_closing,2.360000,3.280000,2.970000,0.397753,0.286188,0.316059,0.065307,Football-Data closing market average (AvgCH/AvgCD/AvgCA)
7172ada03b38a5bc755945d4ce2ec6b14f171de18f3e6c70552b1071ed304273,2019-20,primary_market_average,market_average_closing,2.190000,3.460000,3.120000,0.428289,0.271085,0.300626,0.066151,Football-Data closing market average (AvgCH/AvgCD/AvgCA)
71b09c30213648b9b173b0eec8f4cd768adda63d197df87e402bce914b247a7d,2019-20,primary_market_average,market_average_closing,4.720000,4.050000,1.640000,0.198276,0.231077,0.570647,0.068534,Football-Data closing market average (AvgCH/AvgCD/AvgCA)
722908b40ae3269d17c421c24ecd27f5a93c11a32cdbb6f8159e485b29a10ded,2019-20,primary_market_average,market_average_closing,1.920000,3.550000,3.800000,0.488733,0.264329,0.246939,0.065681,Football-Data closing market average (AvgCH/AvgCD/AvgCA)
723a1cc822a1cbab5e45538649e79719135d6d23293281ff44ab739560869394,2019-20,primary_market_average,market_average_closing,2.710000,3.320000,2.530000,0.346331,0.282698,0.370971,0.065465,Football-Data closing market average (AvgCH/AvgCD/AvgCA)
73c3c3b96386779cc581ccf46405e244e4780a626a7ee7016194f943ba0501a0,2019-20,primary_market_average,market_average_closing,1.170000,7.420000,13.380000,0.803132,0.126639,0.070229,0.064210,Football-Data closing market average (AvgCH/AvgCD/AvgCA)
73c7d73c52da5014ad3f510c8e7bad013acb54508c32f795bcf840972762a805,2019-20,primary_market_average,market_average_closing,2.380000,3.580000,2.700000,0.392729,0.261088,0.346183,0.069868,Football-Data closing market average (AvgCH/AvgCD/AvgCA)
73fead13d882097be294c87858036a3f223e5c1de4ef27136ef63339c95b173d,2019-20,primary_market_average,market_average_closing,2.600000,3.470000,2.540000,0.360633,0.270215,0.369152,0.066501,Football-Data closing market average (AvgCH/AvgCD/AvgCA)
7478d239013e67461dc5d283bb14a2777e4d3c214c1b1a125d0c9300554183f2,2019-20,primary_market_average,market_average_closing,2.880000,3.650000,2.230000,0.324620,0.256139,0.419241,0.069625,Football-Data closing market average (AvgCH/AvgCD/AvgCA)
75101c59bd65fa3e023338efc1d3f410cd15ee13cfb61f1bd861174165bf8eb5,2019-20,primary_market_average,market_average_closing,2.130000,3.410000,3.270000,0.439365,0.274442,0.286192,0.068549,Football-Data closing market average (AvgCH/AvgCD/AvgCA)
7606811371e5967fbb6c98d82e0f996f0077e5efe574c7ce3f86416b264a3eee,2019-20,primary_market_average,market_average_closing,3.080000,3.400000,2.230000,0.304224,0.275591,0.420184,0.067223,Football-Data closing market average (AvgCH/AvgCD/AvgCA)
76105c726d3ab6beb831454e8bcd8f1aa94b063deb3bd39f13a89722b63c5345,2019-20,primary_market_average,market_average_closing,4.740000,3.980000,1.660000,0.198162,0.236002,0.565836,0.064636,Football-Data closing market average (AvgCH/AvgCD/AvgCA)
76e6720522b007539b15ec29dbfe8aeee43cf76ba5e1351809cb5fadf478c16c,2019-20,primary_market_average,market_average_closing,2.120000,3.490000,3.240000,0.442131,0.268573,0.289296,0.066873,Football-Data closing market average (AvgCH/AvgCD/AvgCA)
78814679d37838a456bf2d7041ab8739d90d481f43b80b69872d5ac2de679e2f,2019-20,primary_market_average,market_average_closing,1.520000,4.290000,5.600000,0.615104,0.217939,0.166957,0.069566,Football-Data closing market average (AvgCH/AvgCD/AvgCA)
79306cce4a025beca138950798431151a7d4c89bfb13e892e9a1deb7d104bcc5,2019-20,primary_market_average,market_average_closing,1.780000,3.730000,4.200000,0.526033,0.251029,0.222938,0.067990,Football-Data closing market average (AvgCH/AvgCD/AvgCA)
794d3a4785769d0afb2cea157a0ad74f8d1f1c7fa800d786636bca6336dd74db,2019-20,primary_market_average,market_average_closing,2.100000,3.130000,3.680000,0.446114,0.299310,0.254576,0.067418,Football-Data closing market average (AvgCH/AvgCD/AvgCA)
797126a0131a7b34567b0f52dfd65c8361e56970812ec3894bba289c455ff00d,2019-20,primary_market_average,market_average_closing,1.550000,4.220000,5.410000,0.604666,0.222093,0.173241,0.066971,Football-Data closing market average (AvgCH/AvgCD/AvgCA)
79db4222fab8ffb50266c40e051ce20e2b81ca6abb0cf7049c37f02fb6e62bd7,2019-20,primary_market_average,market_average_closing,1.970000,3.490000,3.640000,0.474906,0.268070,0.257023,0.068872,Football-Data closing market average (AvgCH/AvgCD/AvgCA)
79e51e69c7c02f8ceb2ee65a685cb3eebfcda43373e01009fa9f38094f56a88d,2019-20,primary_market_average,market_average_closing,5.130000,4.610000,1.530000,0.182958,0.203595,0.613447,0.065446,Football-Data closing market average (AvgCH/AvgCD/AvgCA)
7ae4e5039ac07ebd3e3cb3fa9579210aebf4e2950f49ee71c0bfc58a78247164,2019-20,primary_market_average,market_average_closing,3.300000,3.880000,1.980000,0.284319,0.241817,0.473864,0.065813,Football-Data closing market average (AvgCH/AvgCD/AvgCA)
7b2275e81cc5ec265f1404121863924587c49c79532f2f6202078e83013dab77,2019-20,primary_market_average,market_average_closing,3.710000,3.850000,1.860000,0.252636,0.243449,0.503914,0.066916,Football-Data closing market average (AvgCH/AvgCD/AvgCA)
7bd70028b687e31e5be09657f68883e7fa02f7f50cc6ecff16924a4aa3d51434,2019-20,primary_market_average,market_average_closing,2.190000,3.390000,3.180000,0.428321,0.276703,0.294976,0.066072,Football-Data closing market average (AvgCH/AvgCD/AvgCA)
7d7065733a5425167f3ced7c90a4e7b8cfdae46c685d3b8d2f8f3e3655d7a741,2019-20,primary_market_average,market_average_closing,3.130000,3.490000,2.170000,0.299469,0.268578,0.431953,0.066851,Football-Data closing market average (AvgCH/AvgCD/AvgCA)
7dc20943d5f3b355b180cbc12ddd2ac3a911ef5babf72e16bd98e98c444ab24b,2019-20,primary_market_average,market_average_closing,1.460000,4.530000,6.240000,0.642562,0.207095,0.150343,0.065938,Football-Data closing market average (AvgCH/AvgCD/AvgCA)
7edc228dc22b11be7aa6acad6c766f4f788ea5687a90f25fb619936a8a21111a,2019-20,primary_market_average,market_average_closing,2.030000,3.590000,3.400000,0.462424,0.261482,0.276094,0.065280,Football-Data closing market average (AvgCH/AvgCD/AvgCA)
80a33d86596f04450ea6a54140c01c430a9e0a7d647bdc2c5c74202168934345,2019-20,primary_market_average,market_average_closing,2.210000,3.270000,3.260000,0.424853,0.287133,0.288014,0.065048,Football-Data closing market average (AvgCH/AvgCD/AvgCA)
8122acad3315ff5c1d0aef57e4847894b50c4857dd5243dedb08626e4dc8e91c,2019-20,primary_market_average,market_average_closing,1.540000,4.200000,5.560000,0.608404,0.223081,0.168515,0.067302,Football-Data closing market average (AvgCH/AvgCD/AvgCA)
81d0b7f624aa852a4b47a330199716346fb9cfb7abcc98f732a64c0fff0c6043,2019-20,primary_market_average,market_average_closing,4.120000,4.100000,1.720000,0.227261,0.228370,0.544369,0.068016,Football-Data closing market average (AvgCH/AvgCD/AvgCA)
836c8d43da212fdd90b7b6c68a9930685836e72cedb5e6541bc4085b3b99b139,2019-20,primary_market_average,market_average_closing,1.670000,4.000000,4.630000,0.562369,0.234789,0.202842,0.064785,Football-Data closing market average (AvgCH/AvgCD/AvgCA)
8518aeb8cfe441e541bc0c330e7fd68ac2ad8dcb681eeb0654ed31b83e1f1df2,2019-20,primary_market_average,market_average_closing,2.600000,3.490000,2.530000,0.360665,0.268690,0.370644,0.066405,Football-Data closing market average (AvgCH/AvgCD/AvgCA)
852feba381899471a0d639f272b97b53f810494ba91d28b01ce2ed8136dfa3f4,2019-20,primary_market_average,market_average_closing,2.110000,3.440000,3.280000,0.443132,0.271805,0.285063,0.069509,Football-Data closing market average (AvgCH/AvgCD/AvgCA)
871c64d37c09a56d9652caec81238f377e6b6f2aaef8013bac5ca05147f473a8,2019-20,primary_market_average,market_average_closing,1.460000,4.550000,6.260000,0.643457,0.206472,0.150071,0.064456,Football-Data closing market average (AvgCH/AvgCD/AvgCA)
885d6fee34c3d6f230733ea2fe79306f79bfbb0c11b79adcb2090414ee83e655,2019-20,primary_market_average,market_average_closing,3.520000,3.890000,1.900000,0.266133,0.240820,0.493047,0.067476,Football-Data closing market average (AvgCH/AvgCD/AvgCA)
88abe1fe24bb9a612a85a55096a9614237b8d621be47a35cb33d91653b1ddf36,2019-20,primary_market_average,market_average_closing,2.380000,3.440000,2.810000,0.393881,0.272511,0.333608,0.066738,Football-Data closing market average (AvgCH/AvgCD/AvgCA)
88e10db482eedd5c73e76873a89c60bfd682798f5d14da86e76dcbfd610774d4,2019-20,primary_market_average,market_average_closing,1.680000,3.960000,4.590000,0.558579,0.236973,0.204447,0.065628,Football-Data closing market average (AvgCH/AvgCD/AvgCA)
8a851d3c467e26b15160320815f77d436570d7de1274e7fa7f54186f9411104b,2019-20,primary_market_average,market_average_closing,1.500000,4.280000,5.870000,0.622663,0.218223,0.159113,0.070669,Football-Data closing market average (AvgCH/AvgCD/AvgCA)
8af025796a12cbfd93531f4752f687a7d9011b2ed83fa740a3e96d35ab68e40f,2019-20,primary_market_average,market_average_closing,1.790000,3.820000,4.060000,0.523705,0.245401,0.230894,0.066745,Football-Data closing market average (AvgCH/AvgCD/AvgCA)
8beccc58ebc026f5c6d9ca1b69d68f7328916bcc82982ce623786d160b02196d,2019-20,primary_market_average,market_average_closing,3.160000,3.540000,2.150000,0.297405,0.265480,0.437116,0.064058,Football-Data closing market average (AvgCH/AvgCD/AvgCA)
8c134d90c323bfad5729d80e8299eddf2396660c2e2c7c70805f86270d824c0b,2019-20,primary_market_average,market_average_closing,2.340000,3.350000,2.910000,0.399579,0.279109,0.321311,0.069501,Football-Data closing market average (AvgCH/AvgCD/AvgCA)
8d73f84889ee1f3cf2047d4b0044b9186686e4c46d5aa70be8bb56be14afcd67,2019-20,primary_market_average,market_average_closing,2.110000,3.560000,3.230000,0.445246,0.263896,0.290858,0.064430,Football-Data closing market average (AvgCH/AvgCD/AvgCA)
8e780117758787394ad1bed565036dd9d5b17fdb7b31def4e04b847393aad1f6,2019-20,primary_market_average,market_average_closing,1.490000,4.540000,5.670000,0.628543,0.206284,0.165173,0.067772,Football-Data closing market average (AvgCH/AvgCD/AvgCA)
8f87ccf82447e09ebc068ccf90d368c16ca14e9fae6247151058465d5f41cb8b,2019-20,primary_market_average,market_average_closing,2.170000,3.420000,3.200000,0.432409,0.274364,0.293227,0.065727,Football-Data closing market average (AvgCH/AvgCD/AvgCA)
8ff278d21e255edbf2914eb936db1105827ce494c668994748ea1a9a87d138f7,2019-20,primary_market_average,market_average_closing,2.590000,3.400000,2.590000,0.362087,0.275825,0.362087,0.066318,Football-Data closing market average (AvgCH/AvgCD/AvgCA)
91191abc7b104a7538faeba753e48e346ede4094f5e831f45000aa88bc543c08,2019-20,primary_market_average,market_average_closing,1.440000,4.720000,6.090000,0.648703,0.197909,0.153388,0.070512,Football-Data closing market average (AvgCH/AvgCD/AvgCA)
92038ba06b823b82226fe8fea2fa05afdc2c8d5f69dcd271302aaef15fb7c68d,2019-20,primary_market_average,market_average_closing,2.680000,3.330000,2.530000,0.349151,0.280998,0.369851,0.068692,Football-Data closing market average (AvgCH/AvgCD/AvgCA)
930c4302f7fa48b8ed29ad7b590696c0443e60858df3467500c9e12c6da3dfeb,2019-20,primary_market_average,market_average_closing,2.110000,3.220000,3.530000,0.443850,0.290846,0.265304,0.067779,Football-Data closing market average (AvgCH/AvgCD/AvgCA)
93f72d556ffe4f454f0ab8e5e7725589ab4b4e01a4607ab634a08ea4e2753e7f,2019-20,primary_market_average,market_average_closing,2.160000,3.540000,3.080000,0.432625,0.263975,0.303400,0.070124,Football-Data closing market average (AvgCH/AvgCD/AvgCA)
941f8b2f62bb21434669dd42b88e948a8c02b73811e35da9078d3d6b750c60b6,2019-20,primary_market_average,market_average_closing,2.050000,3.330000,3.590000,0.457321,0.281534,0.261144,0.066657,Football-Data closing market average (AvgCH/AvgCD/AvgCA)
945d31f7faa59e6cd9c9b9cc403a5792c6a249742edc88781adaa1764537fe00,2019-20,primary_market_average,market_average_closing,1.510000,4.510000,5.480000,0.620980,0.207911,0.171109,0.066463,Football-Data closing market average (AvgCH/AvgCD/AvgCA)
94638847c650fd2d3f131476d489a28b55533aad96f4d0740911b0dc5890570b,2019-20,primary_market_average,market_average_closing,4.840000,3.920000,1.650000,0.193497,0.238910,0.567592,0.067774,Football-Data closing market average (AvgCH/AvgCD/AvgCA)
9477c16420810e5d19e5e8d13212e7194c7867db910886cd205fa3571cbc23ff,2019-20,primary_market_average,market_average_closing,2.580000,3.440000,2.570000,0.363123,0.272342,0.364535,0.067400,Football-Data closing market average (AvgCH/AvgCD/AvgCA)
965166d50401dabb36dce1bdc30ecdabdeb5d37d1ec4e22c42a17b00182a8b16,2019-20,primary_market_average,market_average_closing,2.320000,3.500000,2.870000,0.404659,0.268231,0.327111,0.065181,Football-Data closing market average (AvgCH/AvgCD/AvgCA)
96e7f33f49573cfa66832cb91a5a106fabf8ca18472c7ee679a43b207a6d7a54,2019-20,primary_market_average,market_average_closing,2.000000,3.670000,3.360000,0.467247,0.254630,0.278123,0.070099,Football-Data closing market average (AvgCH/AvgCD/AvgCA)
97ada2c125d20d0e9d9cec18347b86378f84fef55e05edaef41597a9bd0b1439,2019-20,primary_market_average,market_average_closing,2.240000,3.550000,2.960000,0.418806,0.264260,0.316934,0.065957,Football-Data closing market average (AvgCH/AvgCD/AvgCA)
99321bdbf08be4ebea9d2ea635c45eb7a44928645ab0cb50f04e277ec9d7a430,2019-20,primary_market_average,market_average_closing,2.460000,3.580000,2.630000,0.381314,0.262020,0.356666,0.066062,Football-Data closing market average (AvgCH/AvgCD/AvgCA)
9b0e50f1bfc239bb478de7eb959cd69db3dc98df01119c9918e34c551cf3ab9e,2019-20,primary_market_average,market_average_closing,2.110000,3.370000,3.370000,0.444005,0.277997,0.277997,0.067405,Football-Data closing market average (AvgCH/AvgCD/AvgCA)
9b82aa14b37a333cb6e9212b4b2fa355fa3c03696740278c7341def0f17f6a21,2019-20,primary_market_average,market_average_closing,1.830000,3.850000,3.820000,0.511671,0.243210,0.245120,0.067968,Football-Data closing market average (AvgCH/AvgCD/AvgCA)
9c9db481a27628774d58ba1e122bfc23b92bbeacca10c12a718c9ee951ca5034,2019-20,primary_market_average,market_average_closing,1.870000,3.460000,4.140000,0.501969,0.271296,0.226735,0.065323,Football-Data closing market average (AvgCH/AvgCD/AvgCA)
9ed18add7f4c49d48f6be0571c85f6fb8b758bf9ac675ad7f87c7cdbca787ab0,2019-20,primary_market_average,market_average_closing,2.100000,3.510000,3.240000,0.445149,0.266328,0.288523,0.069733,Football-Data closing market average (AvgCH/AvgCD/AvgCA)
a15686f4fc369a0329fc5847ac3d7e35b70943f7f26cf9058ae9cf859148f005,2019-20,primary_market_average,market_average_closing,2.710000,3.440000,2.440000,0.345012,0.271798,0.383190,0.069537,Football-Data closing market average (AvgCH/AvgCD/AvgCA)
a3388da7f11a842f4bcde94d679f8d6a73f9a42244687c34d8624af2d064b5fe,2019-20,primary_market_average,market_average_closing,3.180000,3.370000,2.180000,0.293916,0.277345,0.428739,0.069917,Football-Data closing market average (AvgCH/AvgCD/AvgCA)
a351600e63bf5f6e574be63bcb93d1f937dfa441b6fdf842ded2dfa1a3a8299f,2019-20,primary_market_average,market_average_closing,2.020000,3.410000,3.610000,0.464699,0.275276,0.260025,0.065313,Football-Data closing market average (AvgCH/AvgCD/AvgCA)
a35617243438a16d3dedb430bc7f7b0a282f7aef7135b88d2e2214a0d539dd30,2019-20,primary_market_average,market_average_closing,2.480000,2.960000,3.040000,0.376843,0.315733,0.307424,0.070011,Football-Data closing market average (AvgCH/AvgCD/AvgCA)
a389a27eb37a308d22aba53c0f9d011d7f2d45a9b192c20e12188ce7ca338fe0,2019-20,primary_market_average,market_average_closing,1.620000,3.910000,5.190000,0.579220,0.239984,0.180797,0.065717,Football-Data closing market average (AvgCH/AvgCD/AvgCA)
a49cc7630d845aaad8e8799eeb3bfef8b7f6033d96222dcf5479216c04320ce1,2019-20,primary_market_average,market_average_closing,1.320000,5.190000,8.760000,0.711734,0.181019,0.107248,0.064409,Football-Data closing market average (AvgCH/AvgCD/AvgCA)
a4c09c6e1ed1fc54948111966115a22f95226581d74ae59ab8efc5cfdffd0edb,2019-20,primary_market_average,market_average_closing,1.430000,4.480000,6.950000,0.655758,0.209316,0.134926,0.066400,Football-Data closing market average (AvgCH/AvgCD/AvgCA)
a5de930601d9f56fb0ac57b1b2cd1bf7db7278a1287f1e63fc8633fc70848c30,2019-20,primary_market_average,market_average_closing,1.470000,4.400000,6.180000,0.636151,0.212532,0.151317,0.069357,Football-Data closing market average (AvgCH/AvgCD/AvgCA)
a5ea2ad6b96495f7ce85abdf027f3617855afc23dac2db95607ef801213c77af,2019-20,primary_market_average,market_average_closing,3.820000,3.430000,1.940000,0.244931,0.272781,0.482288,0.068789,Football-Data closing market average (AvgCH/AvgCD/AvgCA)
a64e74e3672cc2003c647c991c1608bc796e989ed0e9dedb692feb87e5fe153a,2019-20,primary_market_average,market_average_closing,1.690000,3.760000,4.740000,0.553707,0.248874,0.197419,0.068644,Football-Data closing market average (AvgCH/AvgCD/AvgCA)
a6a52ff109d03fbe5205ff7329f8441581e394dfe49a52ba0c7572fc8246848c,2019-20,primary_market_average,market_average_closing,3.220000,3.610000,2.080000,0.290694,0.259289,0.450017,0.068337,Football-Data closing market average (AvgCH/AvgCD/AvgCA)
a6bd9fa367ca5d3b5259d07f068079249457fd44a2297f9493878447cb9b0b38,2019-20,primary_market_average,market_average_closing,2.950000,3.220000,2.400000,0.317933,0.291274,0.390793,0.066209,Football-Data closing market average (AvgCH/AvgCD/AvgCA)
a98f8511d78f5f5fbbf98291528f9282649a93ca147daedf1781ef923b5c0566,2019-20,primary_market_average,market_average_closing,2.460000,3.200000,2.870000,0.380823,0.292758,0.326420,0.067436,Football-Data closing market average (AvgCH/AvgCD/AvgCA)
aa0f10bcb5482883ddfe9d4e0994563e020ac6519b8cbdab6e3b234fe33aa8e8,2019-20,primary_market_average,market_average_closing,1.390000,4.900000,6.940000,0.673872,0.191160,0.134969,0.067598,Football-Data closing market average (AvgCH/AvgCD/AvgCA)
aa14ec5db42150a5dfa72ff41aa288de58dd9c4bb692be2f39bf0eea13b2d7c7,2019-20,primary_market_average,market_average_closing,1.530000,4.410000,5.360000,0.612600,0.212535,0.174865,0.066919,Football-Data closing market average (AvgCH/AvgCD/AvgCA)
ab5bccd1e792759255b1dd16536da3c16e1eec2957a2fd3fdb9398830992a031,2019-20,primary_market_average,market_average_closing,2.870000,3.380000,2.370000,0.326789,0.277480,0.395731,0.066231,Football-Data closing market average (AvgCH/AvgCD/AvgCA)
ac74eabe630caa048eb1fb8f66adc3a41de4bb03a1344de19414d43a855abca0,2019-20,primary_market_average,market_average_closing,1.900000,3.450000,3.980000,0.493070,0.271546,0.235385,0.067427,Football-Data closing market average (AvgCH/AvgCD/AvgCA)
aca31aee3812f60ca4526f52e8bea559626b34ed961853dac7e01af5c282c9be,2019-20,primary_market_average,market_average_closing,2.080000,3.360000,3.470000,0.450761,0.279042,0.270197,0.066573,Football-Data closing market average (AvgCH/AvgCD/AvgCA)
afc98475532585d79391efb0a84fbb6ea46118569e3d76dcd7a442d31cf05880,2019-20,primary_market_average,market_average_closing,7.130000,4.890000,1.380000,0.131152,0.191230,0.677618,0.069389,Football-Data closing market average (AvgCH/AvgCD/AvgCA)
b176b5c72e65bf05dd1f64cb95d33588512044f3df4d77dcd8ef8836080b0dbd,2019-20,primary_market_average,market_average_closing,2.400000,3.270000,2.900000,0.390392,0.286526,0.323083,0.067305,Football-Data closing market average (AvgCH/AvgCD/AvgCA)
b2598b3e22b2b13941a9849c707612a88801d15d6cae41ef8d90b9d2011e2aa6,2019-20,primary_market_average,market_average_closing,3.340000,3.260000,2.170000,0.280606,0.287492,0.431901,0.066979,Football-Data closing market average (AvgCH/AvgCD/AvgCA)
b26ad728f42fb118ed80be39672e4bb0ac15e6a7ceccbecc4b8e5a02bbfe759f,2019-20,primary_market_average,market_average_closing,1.840000,3.390000,4.400000,0.509956,0.276790,0.213254,0.065736,Football-Data closing market average (AvgCH/AvgCD/AvgCA)
b2e913b01935da0bd851fb7d24a87d4a74cc122975b1a7f3d93bbf566c5683c9,2019-20,primary_market_average,market_average_closing,1.860000,3.740000,3.830000,0.504295,0.250799,0.244906,0.066111,Football-Data closing market average (AvgCH/AvgCD/AvgCA)
b35cd8c38f55db7c76a68ca40c6adc64bdd0322cefbbe1a9352511ac8fb2389e,2019-20,primary_market_average,market_average_closing,2.300000,3.560000,2.830000,0.406704,0.262758,0.330537,0.069038,Football-Data closing market average (AvgCH/AvgCD/AvgCA)
b457829549a3eb3d8cec77c621d7e01da4705f4bc47a279195fa373025a01b0a,2019-20,primary_market_average,market_average_closing,2.660000,3.280000,2.580000,0.351867,0.285356,0.362778,0.068415,Football-Data closing market average (AvgCH/AvgCD/AvgCA)
b4d4a2d6a9adb0b05800e9bbeee54f426c556a2004bf9230680dd31a79369f8a,2019-20,primary_market_average,market_average_closing,2.390000,3.460000,2.780000,0.392086,0.270834,0.337081,0.067140,Football-Data closing market average (AvgCH/AvgCD/AvgCA)
b4ed9405d5538aa45cd5d958d659467c1764a62cace91dd797e5e66a1dd15db5,2019-20,primary_market_average,market_average_closing,2.340000,3.130000,3.130000,0.400768,0.299616,0.299616,0.066328,Football-Data closing market average (AvgCH/AvgCD/AvgCA)
b511c95af9263eeb745a8726dc3a9569df6f6dcc4db8c09386535c0f1bf1b22e,2019-20,primary_market_average,market_average_closing,2.200000,3.430000,3.110000,0.425750,0.273076,0.301174,0.067634,Football-Data closing market average (AvgCH/AvgCD/AvgCA)
b5a99d31c5492c438b1e816d1a650eaddac3025de9b611c9c63bb81a0c93cabe,2019-20,primary_market_average,market_average_closing,2.940000,3.510000,2.270000,0.319207,0.267370,0.413423,0.065565,Football-Data closing market average (AvgCH/AvgCD/AvgCA)
b5da2c42a3945d2a1da65fd1b601383d94f58a983d9c319ca536a25c36cab4ee,2019-20,primary_market_average,market_average_closing,1.330000,5.280000,7.920000,0.704313,0.177412,0.118275,0.067536,Football-Data closing market average (AvgCH/AvgCD/AvgCA)
b6057096944aabf2d47236884d6e7d268c71e921a4224166ac4624afd59e1b69,2019-20,primary_market_average,market_average_closing,3.840000,3.740000,1.860000,0.244424,0.250959,0.504617,0.065431,Football-Data closing market average (AvgCH/AvgCD/AvgCA)
b640d00fccf94eed1b92549a7981a77661ac1e0c66c533564052cd14faeac9d0,2019-20,primary_market_average,market_average_closing,1.300000,5.250000,9.210000,0.720062,0.178301,0.101637,0.068285,Football-Data closing market average (AvgCH/AvgCD/AvgCA)
ba3e83b4d24e73ff7299995c62da0ecd422bdbe787d6b3929f7a073a7820ef8b,2019-20,primary_market_average,market_average_closing,2.320000,3.300000,3.000000,0.403818,0.283896,0.312286,0.067398,Football-Data closing market average (AvgCH/AvgCD/AvgCA)
bb1a2f3f5d1cf2c71fe04575549b58c4b54f02a912d4f8e79f13b6f3eb175060,2019-20,primary_market_average,market_average_closing,2.170000,3.450000,3.190000,0.433044,0.272378,0.294578,0.064164,Football-Data closing market average (AvgCH/AvgCD/AvgCA)
bb1e8a1967abc2f207cf32806e56847e2215f84acf8a4effcb1bc4a231e160a0,2019-20,primary_market_average,market_average_closing,2.030000,3.560000,3.420000,0.462152,0.263530,0.274318,0.065907,Football-Data closing market average (AvgCH/AvgCD/AvgCA)
bc29c0030e74a2c9591fbad762e5b67cdb898fdc1c0df697698be0bd8af9cc00,2019-20,primary_market_average,market_average_closing,2.450000,3.370000,2.750000,0.381984,0.277703,0.340313,0.068536,Football-Data closing market average (AvgCH/AvgCD/AvgCA)
bd4ee07c08e2c822db6b228d06603066e6eea300841de479bf6b4b47868bdbf6,2019-20,primary_market_average,market_average_closing,4.020000,4.090000,1.750000,0.233643,0.229645,0.536712,0.064684,Football-Data closing market average (AvgCH/AvgCD/AvgCA)
bd84721646610a59af45ae0fdff29a7b0718e543eed6e0b5a310971028332208,2019-20,primary_market_average,market_average_closing,1.550000,4.090000,5.570000,0.603409,0.228676,0.167915,0.069193,Football-Data closing market average (AvgCH/AvgCD/AvgCA)
be74a5e5c286d1899cbb8c4de3c80329e6ca3e7b12a8e1d23d1acb3a006e97a6,2019-20,primary_market_average,market_average_closing,4.070000,4.130000,1.730000,0.230517,0.227168,0.542315,0.065866,Football-Data closing market average (AvgCH/AvgCD/AvgCA)
be90c9f1c7f0b66c17d59843dcc7d3c7dc62d20b93c31dffdcb76c8d65e27e93,2019-20,primary_market_average,market_average_closing,3.000000,3.630000,2.190000,0.312861,0.258563,0.428576,0.065436,Football-Data closing market average (AvgCH/AvgCD/AvgCA)
bfe2daf91849def42ef64f09cf62bfd58e8b94058ab35314b3828ea3bb08833b,2019-20,primary_market_average,market_average_closing,1.650000,3.880000,4.930000,0.568200,0.241631,0.190168,0.066632,Football-Data closing market average (AvgCH/AvgCD/AvgCA)
c042f52498a896c53e7241f7da941fe04710698e66d706ab5d5d3de33a624c1a,2019-20,primary_market_average,market_average_closing,2.410000,3.110000,3.040000,0.389456,0.301797,0.308747,0.065429,Football-Data closing market average (AvgCH/AvgCD/AvgCA)
c04dce2f31690b724162e6dd40044d34dfe61012ff47f2e5e13b497350debe1a,2019-20,primary_market_average,market_average_closing,2.200000,3.530000,3.030000,0.425658,0.265283,0.309059,0.067865,Football-Data closing market average (AvgCH/AvgCD/AvgCA)
c0b083b353e6befc5718f10d32122a8d0f716478581feb0aec30fc25f85e6104,2019-20,primary_market_average,market_average_closing,9.610000,5.130000,1.300000,0.097413,0.182483,0.720105,0.068221,Football-Data closing market average (AvgCH/AvgCD/AvgCA)
c2534e1772ddc9fd2b97ad892fb9c2a5816c6623538c63aa0d892b65e3dbaedb,2019-20,primary_market_average,market_average_closing,2.710000,3.190000,2.600000,0.345801,0.293768,0.360431,0.067099,Football-Data closing market average (AvgCH/AvgCD/AvgCA)
c3ea2f1a376cd741286be99be3d209aa22df25e903d668dafdebfef24f91cdff,2019-20,primary_market_average,market_average_closing,1.400000,4.810000,6.660000,0.666102,0.193876,0.140022,0.072336,Football-Data closing market average (AvgCH/AvgCD/AvgCA)
c4c92599652bb6fa7aee880aef38bd08ef819737d4fd890e06b7c411ecc9085f,2019-20,primary_market_average,market_average_closing,2.510000,3.450000,2.630000,0.372869,0.271276,0.355856,0.068490,Football-Data closing market average (AvgCH/AvgCD/AvgCA)
c5d39b051e5fb6940f3d2e8516d7f2fc03521f39b23d5962e2507565b4f8d4d4,2019-20,primary_market_average,market_average_closing,1.590000,3.900000,5.490000,0.589168,0.240199,0.170633,0.067490,Football-Data closing market average (AvgCH/AvgCD/AvgCA)
c9c18821dd4fe66a5dae1299fa932793b8a39d7d5e0a78e1dfb4c0f70e74fff1,2019-20,primary_market_average,market_average_closing,2.740000,3.020000,2.680000,0.341335,0.309688,0.348977,0.069224,Football-Data closing market average (AvgCH/AvgCD/AvgCA)
c9db82aa297e7dc1520253b97d10b7fdd1dc4df15079f99c913bc1eaf2b6052c,2019-20,primary_market_average,market_average_closing,1.620000,4.090000,4.890000,0.578913,0.229300,0.191787,0.066282,Football-Data closing market average (AvgCH/AvgCD/AvgCA)
cb157eea12275cefdaa1f69032d984f4b4302c4a89d1f8e5de6d777f52e6dd65,2019-20,primary_market_average,market_average_closing,1.560000,3.870000,5.940000,0.600338,0.241997,0.157665,0.067774,Football-Data closing market average (AvgCH/AvgCD/AvgCA)
cbe16f8f07e04a390cd14141c26bfb4d3be3757838c77bbcd90ca8fbada44f92,2019-20,primary_market_average,market_average_closing,1.510000,4.310000,5.790000,0.620678,0.217453,0.161869,0.066982,Football-Data closing market average (AvgCH/AvgCD/AvgCA)
cdeda34b723870212435861c0166e38fff46c6743bff2d5680fd256d297f508e,2019-20,primary_market_average,market_average_closing,3.520000,3.260000,2.100000,0.266245,0.287479,0.446277,0.067030,Football-Data closing market average (AvgCH/AvgCD/AvgCA)
ce7ec06d7bff18788d0f65ece439620aa08267c38c5c9e2e52a8efc634fb930b,2019-20,primary_market_average,market_average_closing,2.680000,3.240000,2.590000,0.349417,0.289024,0.361559,0.067877,Football-Data closing market average (AvgCH/AvgCD/AvgCA)
cf1915afcbeb9408675e8c11792ac1a9d2ba64c817ef469839c76db1fa709d93,2019-20,primary_market_average,market_average_closing,1.580000,4.170000,5.090000,0.591958,0.224291,0.183751,0.069183,Football-Data closing market average (AvgCH/AvgCD/AvgCA)
d04ee0394a10c7794b85817d44fc63a375907445bb2df78ab4a59f4e19eb9b29,2019-20,primary_market_average,market_average_closing,2.170000,3.680000,2.990000,0.431886,0.254672,0.313442,0.067017,Football-Data closing market average (AvgCH/AvgCD/AvgCA)
d123bb32f49c85e95ffa88caf7ad9e65695e04e3f5c812f6fb076758362532af,2019-20,primary_market_average,market_average_closing,3.570000,3.440000,2.010000,0.262198,0.272107,0.465695,0.068322,Football-Data closing market average (AvgCH/AvgCD/AvgCA)
d3a4e8919bebc24d0548366171d481be091b177d3db12920cf23d3b7253c035d,2019-20,primary_market_average,market_average_closing,3.320000,3.250000,2.180000,0.282129,0.288206,0.429665,0.067613,Football-Data closing market average (AvgCH/AvgCD/AvgCA)
d4bf610be5849bebf051a0d1c5239e97e208904680bd390251e1eec31ecf336f,2019-20,primary_market_average,market_average_closing,1.720000,3.510000,4.970000,0.544631,0.266885,0.188484,0.067503,Football-Data closing market average (AvgCH/AvgCD/AvgCA)
d83787e6917530375a8eb80d08dae3976e77b52bc71c2eca634cd9e29dcd963e,2019-20,primary_market_average,market_average_closing,1.500000,4.440000,5.700000,0.624611,0.211017,0.164371,0.067330,Football-Data closing market average (AvgCH/AvgCD/AvgCA)
d964e055c17568330e9c5b65ab19db749c9c7b4db25604c43e23f451ec1a95a0,2019-20,primary_market_average,market_average_closing,4.080000,3.830000,1.790000,0.230171,0.245195,0.524635,0.064854,Football-Data closing market average (AvgCH/AvgCD/AvgCA)
da707e25a70d174f89f05a44027b2db4a1c5fb41b81435b6f52635602c3e28c9,2019-20,primary_market_average,market_average_closing,1.550000,4.250000,5.300000,0.603443,0.220079,0.176478,0.069135,Football-Data closing market average (AvgCH/AvgCD/AvgCA)
db19a281ced8425b2b8d449d8e026d7600f8a83084c9744c682462fddb8cad5c,2019-20,primary_market_average,market_average_closing,1.450000,4.400000,6.520000,0.644356,0.212344,0.143300,0.070302,Football-Data closing market average (AvgCH/AvgCD/AvgCA)
db41025585fc8d4d4483bd60fee2b71254fae5c222b4354fb6afb4dad4ef6b09,2019-20,primary_market_average,market_average_closing,2.950000,3.450000,2.280000,0.317568,0.271544,0.410888,0.067435,Football-Data closing market average (AvgCH/AvgCD/AvgCA)
db6c4dedcb717da7a1912255ed3d4d8122927b476cfdc45ada1e75479d03faee,2019-20,primary_market_average,market_average_closing,3.130000,3.010000,2.390000,0.298553,0.310455,0.390992,0.070125,Football-Data closing market average (AvgCH/AvgCD/AvgCA)
dc2bf2b6c0f789a89cb8bf443fe5796b38587c1045b07c64df9e2dd764c77112,2019-20,primary_market_average,market_average_closing,2.730000,3.520000,2.390000,0.342721,0.265803,0.391476,0.068801,Football-Data closing market average (AvgCH/AvgCD/AvgCA)
dc3034a050800976f6ed534b164589b3b494983445677640b906f79810c8a0ee,2019-20,primary_market_average,market_average_closing,2.420000,3.480000,2.740000,0.387805,0.269681,0.342514,0.065543,Football-Data closing market average (AvgCH/AvgCD/AvgCA)
dc3565d81caa2deb70deb642f55cc3d0a24c7fa2fd04b176f8878b00d64a1cb0,2019-20,primary_market_average,market_average_closing,3.610000,3.260000,2.070000,0.259651,0.287528,0.452821,0.066849,Football-Data closing market average (AvgCH/AvgCD/AvgCA)
dc3fcd115c9dafd38361478fc70976233012e66ab3341c49fb0f91ea10862fb5,2019-20,primary_market_average,market_average_closing,1.560000,4.480000,4.950000,0.601191,0.209343,0.189466,0.066260,Football-Data closing market average (AvgCH/AvgCD/AvgCA)
dcabb1b5ddf14628201978cbfc482999b5c44995f146f004bb54038be2919b7b,2019-20,primary_market_average,market_average_closing,2.410000,3.180000,2.950000,0.388378,0.294337,0.317285,0.068386,Football-Data closing market average (AvgCH/AvgCD/AvgCA)
dcec95cf945d92776ba01b1b83a0bab8257db5e7977e64fd3847487fed4796ec,2019-20,primary_market_average,market_average_closing,3.690000,3.820000,1.870000,0.253857,0.245218,0.500926,0.067542,Football-Data closing market average (AvgCH/AvgCD/AvgCA)
dd13ca5f521f27f51e3ffa3ea3af996d610780dcf6f5a0479ac7b5438795d456,2019-20,primary_market_average,market_average_closing,1.630000,4.110000,4.800000,0.575978,0.228429,0.195593,0.065139,Football-Data closing market average (AvgCH/AvgCD/AvgCA)
e038f7ba6acca586aa2597ea1c6ea05bf0dea797c749faa722c49e7957e243a6,2019-20,primary_market_average,market_average_closing,1.660000,3.770000,4.990000,0.564021,0.248349,0.187630,0.068062,Football-Data closing market average (AvgCH/AvgCD/AvgCA)
e0ba7038df6000dcf1ecb3f6613451ca9d00e7e5910aa3dab05a583bd6b35189,2019-20,primary_market_average,market_average_closing,2.410000,3.500000,2.750000,0.389873,0.268456,0.341671,0.064288,Football-Data closing market average (AvgCH/AvgCD/AvgCA)
e10a5eaf7afbfc1b20d950ef93ceb0a65f8fa403526d005f9cfa8bfc40473139,2019-20,primary_market_average,market_average_closing,2.150000,3.270000,3.410000,0.437065,0.287367,0.275569,0.064182,Football-Data closing market average (AvgCH/AvgCD/AvgCA)
e10ca00dc8ec1a757abc59da754d079debba069646a0198d70495a90e0e542c1,2019-20,primary_market_average,market_average_closing,2.620000,3.480000,2.510000,0.357564,0.269201,0.373235,0.067442,Football-Data closing market average (AvgCH/AvgCD/AvgCA)
e13a8f526cbf01c6321849ee3f3ff375d18678da1251c84fc1113f445622476b,2019-20,primary_market_average,market_average_closing,1.490000,4.340000,6.090000,0.629730,0.216198,0.154072,0.065759,Football-Data closing market average (AvgCH/AvgCD/AvgCA)
e1eae7f09efcaab515695973d5ef3469c593c53ce16dbf9f1696d71b4e21f750,2019-20,primary_market_average,market_average_closing,1.740000,3.780000,4.400000,0.538859,0.248046,0.213094,0.066536,Football-Data closing market average (AvgCH/AvgCD/AvgCA)
e21a5216c33ba09428dee4d9d8c41569294af651be8e8d7a188cf9865a2cb6c9,2019-20,primary_market_average,market_average_closing,1.250000,6.200000,9.530000,0.750313,0.151273,0.098415,0.066222,Football-Data closing market average (AvgCH/AvgCD/AvgCA)
e233eb2a5d50f53689f9388cee814fd1acfd743f9c2f778db0d548dfdbcb89e1,2019-20,primary_market_average,market_average_closing,1.700000,3.770000,4.700000,0.551684,0.248770,0.199545,0.066253,Football-Data closing market average (AvgCH/AvgCD/AvgCA)
e269c8aa52e9a7b771ae3511c3e20f6fb1ddfafdc84dc81baf5a1a5b788ef52e,2019-20,primary_market_average,market_average_closing,2.790000,3.190000,2.540000,0.336357,0.294180,0.369463,0.065603,Football-Data closing market average (AvgCH/AvgCD/AvgCA)
e3e7612bbe025fd98ad4f41edc256527d6a59de05e1c46f33c20dd895fbca3ee,2019-20,primary_market_average,market_average_closing,1.610000,4.130000,4.990000,0.583950,0.227641,0.188409,0.063650,Football-Data closing market average (AvgCH/AvgCD/AvgCA)
e40ad5af81e30657525dcc3855f805ec084806f862546688a43003841329a2a4,2019-20,primary_market_average,market_average_closing,2.120000,3.230000,3.490000,0.441736,0.289932,0.268332,0.067829,Football-Data closing market average (AvgCH/AvgCD/AvgCA)
e4b73727e8d54ba74ad27be4dc63f6390d35146f004defca99073d4f9b7ae8cb,2019-20,primary_market_average,market_average_closing,1.260000,5.900000,9.660000,0.744051,0.158899,0.097050,0.066662,Football-Data closing market average (AvgCH/AvgCD/AvgCA)
e594ac22d031eb74f67a83152dd551eafff6f4590d4bacc954be58c5c4f94468,2019-20,primary_market_average,market_average_closing,2.220000,3.570000,2.960000,0.421612,0.262179,0.316209,0.068400,Football-Data closing market average (AvgCH/AvgCD/AvgCA)
e5eb143083071ae996818d8e0e4f15834834bba5793e0f808d1ba6d26c0638c3,2019-20,primary_market_average,market_average_closing,2.000000,3.680000,3.380000,0.468341,0.254533,0.277125,0.067597,Football-Data closing market average (AvgCH/AvgCD/AvgCA)
e619f272e726f70635fe15f76423bb47b00b331345b2f7aca78eae6c1a27ba6c,2019-20,primary_market_average,market_average_closing,1.650000,3.800000,5.000000,0.566826,0.246122,0.187053,0.069219,Football-Data closing market average (AvgCH/AvgCD/AvgCA)
e637f2c44de6d686594835e2b1e4453fe0f9e75d7fdb1b75c2b545a576ace367,2019-20,primary_market_average,market_average_closing,1.980000,3.390000,3.730000,0.472835,0.276169,0.250996,0.068132,Football-Data closing market average (AvgCH/AvgCD/AvgCA)
e727d586ae3b1d830e430cfa3bbaf2696c681c279cca1f50000a716f6866bd53,2019-20,primary_market_average,market_average_closing,2.850000,3.410000,2.370000,0.329130,0.275080,0.395790,0.066073,Football-Data closing market average (AvgCH/AvgCD/AvgCA)
e88cd4d34779537940523b1e05f677c5122876ddd706a8cf514f3aab1b29bfc2,2019-20,primary_market_average,market_average_closing,3.150000,3.260000,2.270000,0.298158,0.288098,0.413744,0.064737,Football-Data closing market average (AvgCH/AvgCD/AvgCA)
ea4591f2a51326bdc22f8f8da38af8d27f89d3385fa9112bf5ffdaefb1c368a6,2019-20,primary_market_average,market_average_closing,1.380000,4.910000,7.080000,0.677519,0.190423,0.132059,0.069547,Football-Data closing market average (AvgCH/AvgCD/AvgCA)
eb0a9a2d1c766d891ee340e99412975655607ca40aa969260a41f0efee70944a,2019-20,primary_market_average,market_average_closing,2.310000,3.250000,3.040000,0.404754,0.287687,0.307560,0.069540,Football-Data closing market average (AvgCH/AvgCD/AvgCA)
eb9c8267f462f61b7585820dd4039e9edd7eb8537516c4de0a1609afc5e5d235,2019-20,primary_market_average,market_average_closing,2.560000,3.410000,2.620000,0.366591,0.275212,0.358196,0.065560,Football-Data closing market average (AvgCH/AvgCD/AvgCA)
ec5d3afcd1fe59c9af91252519590e33e39cdcb7647c0b7395b7ee879ef2f120,2019-20,primary_market_average,market_average_closing,2.480000,3.390000,2.690000,0.376861,0.275698,0.347441,0.069958,Football-Data closing market average (AvgCH/AvgCD/AvgCA)
ec93a43b13d69f9ca4cc60068d85b8994d6ad9423e18a9b5d43a4ffc9dcb7e7c,2019-20,primary_market_average,market_average_closing,3.390000,3.520000,2.040000,0.275875,0.265686,0.458439,0.069272,Football-Data closing market average (AvgCH/AvgCD/AvgCA)
ecacb2a479f052fc4b5455d70b75b34a3b4fa703c9ba5bf7971e8f2abe2d7ebe,2019-20,primary_market_average,market_average_closing,2.380000,3.580000,2.710000,0.393231,0.261422,0.345347,0.068501,Football-Data closing market average (AvgCH/AvgCD/AvgCA)
ecc3b122276bdbe122cde1df4375af7c1d6c04cff706f0e1a03a35ed5bdac8ad,2019-20,primary_market_average,market_average_closing,4.100000,4.090000,1.730000,0.228708,0.229267,0.542025,0.066436,Football-Data closing market average (AvgCH/AvgCD/AvgCA)
ed4b80b8c8ce8cc558b26d2d7e0cafccdf083f032dbe63cfe84a912acb56ca94,2019-20,primary_market_average,market_average_closing,1.840000,3.710000,3.980000,0.510655,0.253263,0.236082,0.064276,Football-Data closing market average (AvgCH/AvgCD/AvgCA)
eda089d53486b4b2f5f041601fc4e59f600c6dac26f989a7d02e5eb669ea81b6,2019-20,primary_market_average,market_average_closing,4.840000,3.940000,1.650000,0.193732,0.237986,0.568282,0.066479,Football-Data closing market average (AvgCH/AvgCD/AvgCA)
ee6098824dafa81c416619318d5c091c684bf93b1f1d59465f6c6e016317c4ad,2019-20,primary_market_average,market_average_closing,1.880000,3.790000,3.700000,0.498965,0.247507,0.253528,0.066037,Football-Data closing market average (AvgCH/AvgCD/AvgCA)
ee61dc7b629c8f4e670ba3ad1dbc47131da08e4a3e74efe5a5b35ec300d74fbd,2019-20,primary_market_average,market_average_closing,2.460000,3.390000,2.740000,0.381174,0.276604,0.342222,0.066453,Football-Data closing market average (AvgCH/AvgCD/AvgCA)
ee72597ba9a4097b7d1153b9fdd4dd1a786ce91997e9aed801ed8e2d88a736e4,2019-20,primary_market_average,market_average_closing,2.460000,3.670000,2.570000,0.380590,0.255109,0.364300,0.068089,Football-Data closing market average (AvgCH/AvgCD/AvgCA)
eeed4aab31f6579874db8e7c6f593983efb8e96b713e4374295e77bb66650956,2019-20,primary_market_average,market_average_closing,3.760000,3.560000,1.930000,0.249727,0.263757,0.486516,0.064991,Football-Data closing market average (AvgCH/AvgCD/AvgCA)
f0673a572ce45a658843ae9a244169107c413d63850deb4b1e8232cf40be62d9,2019-20,primary_market_average,market_average_closing,1.200000,6.480000,12.060000,0.778399,0.144148,0.077453,0.070573,Football-Data closing market average (AvgCH/AvgCD/AvgCA)
f0ceca8f9421f585bca46d08b3b74dc390f4d4c88985af07c7e6a09ccb8ab43d,2019-20,primary_market_average,market_average_closing,1.720000,3.790000,4.550000,0.545897,0.247742,0.206361,0.065028,Football-Data closing market average (AvgCH/AvgCD/AvgCA)
f28e690020c762907fa8a3bb166da542f94477a83c1cf1a1d639bed216e3cafd,2019-20,primary_market_average,market_average_closing,4.710000,3.900000,1.670000,0.198884,0.240191,0.560925,0.067527,Football-Data closing market average (AvgCH/AvgCD/AvgCA)
f376febf633c769fcf6eda08dcd4bfb39ecaa6984ac2ab301d9bae38fbd666f8,2019-20,primary_market_average,market_average_closing,1.530000,4.190000,5.640000,0.611086,0.223141,0.165773,0.069563,Football-Data closing market average (AvgCH/AvgCD/AvgCA)
f43c842573059055acea474f4ace7fe0962f6a796fcdf93a89882527bfb47d34,2019-20,primary_market_average,market_average_closing,2.690000,3.490000,2.450000,0.348586,0.268681,0.382733,0.066443,Football-Data closing market average (AvgCH/AvgCD/AvgCA)
f461d006255790d174770d1c2f318f350b0952b770380d2bcb4b75378dce1f40,2019-20,primary_market_average,market_average_closing,1.880000,3.750000,3.710000,0.497990,0.249659,0.252351,0.068123,Football-Data closing market average (AvgCH/AvgCD/AvgCA)
f48d155d57596dddc7106a68efc421e83e06d0211bd013ae49b772e12dbfc89e,2019-20,primary_market_average,market_average_closing,1.440000,4.550000,6.640000,0.652166,0.206400,0.141434,0.064827,Football-Data closing market average (AvgCH/AvgCD/AvgCA)
f684785ebbef4ffd258198feb01544e0456c66e27f0f54dec5e76610b12275c6,2019-20,primary_market_average,market_average_closing,1.870000,3.790000,3.760000,0.502325,0.247849,0.249826,0.064569,Football-Data closing market average (AvgCH/AvgCD/AvgCA)
f6de5af54866672c6c4243249bb72785ce25fb67f1baee57a8e551e2bfca00c9,2019-20,primary_market_average,market_average_closing,1.550000,4.490000,5.070000,0.605719,0.209101,0.185180,0.065117,Football-Data closing market average (AvgCH/AvgCD/AvgCA)
f852e662ccba181d4c0a93f77fee420075f9d0ab1b10ef59a68a5dfea6e37fab,2019-20,primary_market_average,market_average_closing,1.900000,3.590000,3.800000,0.492793,0.260810,0.246397,0.068025,Football-Data closing market average (AvgCH/AvgCD/AvgCA)
fa913887f1e41793a585af58ef2e27d89ac11041e19477df6ac2fd0a422dcc17,2019-20,primary_market_average,market_average_closing,2.550000,3.190000,2.780000,0.368102,0.294251,0.337647,0.065349,Football-Data closing market average (AvgCH/AvgCD/AvgCA)
fb01ee56e7bae79ed6255210bd49b4795a7d335978c72fe6f23402b4805eaf2c,2019-20,primary_market_average,market_average_closing,2.970000,3.130000,2.440000,0.315847,0.299701,0.384453,0.066025,Football-Data closing market average (AvgCH/AvgCD/AvgCA)
fb77da19ea398f10f00058825afdc31a6e2c6c4fe2af3b52ce77e55d56742c58,2019-20,primary_market_average,market_average_closing,3.170000,3.400000,2.190000,0.295872,0.275857,0.428271,0.066196,Football-Data closing market average (AvgCH/AvgCD/AvgCA)
fc416d2847a247866a51b86073271a0b6c4dce9e0d8989f02190edece292ede8,2019-20,primary_market_average,market_average_closing,1.670000,3.950000,4.630000,0.560703,0.237057,0.202241,0.067950,Football-Data closing market average (AvgCH/AvgCD/AvgCA)
fc90a08c84fb0ba2c88364dfd0f88a8ab68cced860b750656a22344a86788d47,2019-20,primary_market_average,market_average_closing,1.790000,3.900000,4.010000,0.524836,0.240886,0.234278,0.064446,Football-Data closing market average (AvgCH/AvgCD/AvgCA)
fd9ba3c31e8493cfa234b51654ceb4e7edd6911791f451e194ac046ed388d46e,2019-20,primary_market_average,market_average_closing,2.980000,3.470000,2.250000,0.314146,0.269785,0.416069,0.068199,Football-Data closing market average (AvgCH/AvgCD/AvgCA)
fea457cbf1c0ea0adbd9740caaa16397f4c2e47f151405cf5def47fdd36c3e54,2019-20,primary_market_average,market_average_closing,2.350000,3.050000,3.190000,0.398856,0.307315,0.293828,0.066880,Football-Data closing market average (AvgCH/AvgCD/AvgCA)
feb1f6621646c87645ab9a7af7fe3b30dab0a8226cd3edb7f026848b1a4411ed,2019-20,primary_market_average,market_average_closing,1.390000,4.690000,7.230000,0.671759,0.199093,0.129149,0.070957,Football-Data closing market average (AvgCH/AvgCD/AvgCA)
0046375a71bcb14abd6a09304bbcac9bb91ec80a9f40182acbe2f15b6d85b416,2020-21,primary_market_average,market_average_closing,1.390000,4.900000,7.050000,0.675294,0.191563,0.133143,0.065350,Football-Data closing market average (AvgCH/AvgCD/AvgCA)
00dea97f02e09bdfd1eea4e5e2c2a810830bbf0ad596fc19eaedc60925abfe90,2020-21,primary_market_average,market_average_closing,2.580000,3.090000,2.830000,0.364085,0.303993,0.331922,0.064578,Football-Data closing market average (AvgCH/AvgCD/AvgCA)
031662d3376df438984fee11b813df22d0a70a05e5d95bb7ea540642c9497236,2020-21,primary_market_average,market_average_closing,1.890000,3.320000,4.230000,0.496011,0.282368,0.221622,0.066712,Football-Data closing market average (AvgCH/AvgCD/AvgCA)
035044ded7dbb63522758c80defededc525f4a2f14e9f3d6d7c87f79bbaa6f13,2020-21,primary_market_average,market_average_closing,1.830000,3.560000,4.240000,0.513967,0.264202,0.221830,0.063196,Football-Data closing market average (AvgCH/AvgCD/AvgCA)
03e694e21831c94b3b9ae842646e5ea3610f254d563c9ff4752eb27cec35b0d1,2020-21,primary_market_average,market_average_closing,1.390000,4.750000,7.310000,0.674408,0.197353,0.128239,0.066750,Football-Data closing market average (AvgCH/AvgCD/AvgCA)
04065eead0783bd0f11c482bbb9730d2bc303df961f2ac4bba21c005bb712eaa,2020-21,primary_market_average,market_average_closing,2.410000,3.350000,2.830000,0.388955,0.279815,0.331230,0.066802,Football-Data closing market average (AvgCH/AvgCD/AvgCA)
04fd22ca1b4089bb1f95a79ee2d55f5b0e637ceccfc40f6b62be946a068c21ba,2020-21,primary_market_average,market_average_closing,1.430000,4.490000,7.010000,0.656823,0.209189,0.133988,0.064671,Football-Data closing market average (AvgCH/AvgCD/AvgCA)
0686ed768213b687255a24d7748c28beb2e077fced9580b8a440ebcbf44116d4,2020-21,primary_market_average,market_average_closing,2.860000,3.640000,2.540000,0.343442,0.269847,0.386710,0.018076,Football-Data closing market average (AvgCH/AvgCD/AvgCA)
06c2bc98b7df14f8904e74bf04f38a58238f299cefa7bf8144b611e935292f97,2020-21,primary_market_average,market_average_closing,2.630000,3.220000,2.640000,0.355495,0.290357,0.354148,0.069575,Football-Data closing market average (AvgCH/AvgCD/AvgCA)
070d9fa0cfcffcd445c49761be7b7285169768e12a90addf7b80cef8f0fcaa00,2020-21,primary_market_average,market_average_closing,2.400000,3.330000,2.840000,0.389743,0.280896,0.329361,0.069080,Football-Data closing market average (AvgCH/AvgCD/AvgCA)
08620b030eb5f98fc44d31df6865dbcc31669c800a2508a3ca7f7ee6f2731109,2020-21,primary_market_average,market_average_closing,4.240000,3.770000,1.770000,0.221232,0.248812,0.529956,0.066073,Football-Data closing market average (AvgCH/AvgCD/AvgCA)
0991d22882de11b36052d27c4cde9d1de2ecefc14557c6959e05c711bf4f63ec,2020-21,primary_market_average,market_average_closing,2.040000,3.480000,3.460000,0.459601,0.269421,0.270978,0.066570,Football-Data closing market average (AvgCH/AvgCD/AvgCA)
0a21aa4a7d00c7aa006423f5445ca9723ab404e9a8c8d2ecac546933d1bf2292,2020-21,primary_market_average,market_average_closing,2.240000,3.420000,3.080000,0.419772,0.274939,0.305289,0.063502,Football-Data closing market average (AvgCH/AvgCD/AvgCA)
0a7cd69dc86466d907de470180596426ba52fa738590dd96ca18f2ed70bd9509,2020-21,primary_market_average,market_average_closing,2.110000,3.230000,3.600000,0.446556,0.291713,0.261731,0.061309,Football-Data closing market average (AvgCH/AvgCD/AvgCA)
0aac7ebbe26b0188d90c4e67b9b835142083c1c46cdce16b509fe08a2bf6904d,2020-21,primary_market_average,market_average_closing,1.780000,3.460000,4.750000,0.529328,0.272313,0.198359,0.061341,Football-Data closing market average (AvgCH/AvgCD/AvgCA)
0adbc2ded40a5d232314eadfe87fc130ab046a484e50d833145035202bbf2305,2020-21,primary_market_average,market_average_closing,2.340000,3.160000,3.150000,0.402680,0.298187,0.299133,0.061266,Football-Data closing market average (AvgCH/AvgCD/AvgCA)
0cdf6fd3e71f766758f0e2cc052a7cb1078b5727bfb8f1495e01ec6e18744844,2020-21,primary_market_average,market_average_closing,2.420000,3.320000,2.850000,0.387892,0.282740,0.329368,0.065305,Football-Data closing market average (AvgCH/AvgCD/AvgCA)
0da19b4f9bdaa1c92f340d3f5c9dbd2570706466483b841d36118d3248a65a21,2020-21,primary_market_average,market_average_closing,3.920000,3.820000,1.820000,0.239233,0.245496,0.515271,0.066333,Football-Data closing market average (AvgCH/AvgCD/AvgCA)
0e36ab5d9c1960c61ee351ce186eb8b199e4cc58cb1828cb2599f4a4524c6302,2020-21,primary_market_average,market_average_closing,1.560000,4.150000,5.460000,0.601823,0.226227,0.171949,0.065140,Football-Data closing market average (AvgCH/AvgCD/AvgCA)
0eeea7715120db02c9751dc5d0997d2d9ac1faeba74efefaa44492d64ac66249,2020-21,primary_market_average,market_average_closing,5.900000,4.270000,1.510000,0.159007,0.219706,0.621287,0.065935,Football-Data closing market average (AvgCH/AvgCD/AvgCA)
0ef76f52fa381c9491ae5d9ae82f5f479c9eb052e3e38bd0ff70fc21e4caa84e,2020-21,primary_market_average,market_average_closing,2.000000,3.610000,3.470000,0.469399,0.260055,0.270547,0.065193,Football-Data closing market average (AvgCH/AvgCD/AvgCA)
0ef9df6288c6c92c2b80ddce18fe18a51a1a2500a16b40ebe16a1f5cf2504878,2020-21,primary_market_average,market_average_closing,2.230000,3.550000,3.010000,0.422113,0.265158,0.312728,0.062347,Football-Data closing market average (AvgCH/AvgCD/AvgCA)
105fb941aae2cfc0a93d573dc0e53c00133fc635b4cb7124de10f52068829bbd,2020-21,primary_market_average,market_average_closing,2.580000,3.040000,2.860000,0.363533,0.308525,0.327942,0.066195,Football-Data closing market average (AvgCH/AvgCD/AvgCA)
10b214cea875709bca070937d8e19f4a241d3c6ac2445db14f89f7085beb993b,2020-21,primary_market_average,market_average_closing,3.730000,3.800000,1.890000,0.252837,0.248179,0.498984,0.060355,Football-Data closing market average (AvgCH/AvgCD/AvgCA)
10b969717eab4d2b955a851ec9631019c69e2f272c44db9a58cf213325f45bf7,2020-21,primary_market_average,market_average_closing,1.870000,3.530000,4.020000,0.501273,0.265547,0.233179,0.066802,Football-Data closing market average (AvgCH/AvgCD/AvgCA)
10f10b55c33360a387f7eb139298035b2e4d019c9b220ef585a85e79fc5a4be3,2020-21,primary_market_average,market_average_closing,2.260000,3.130000,3.330000,0.416541,0.300761,0.282698,0.062267,Football-Data closing market average (AvgCH/AvgCD/AvgCA)
118d1fc86642a32e4440597a18c81ccd6012b590eea68dcf48cb92be3b43dc6f,2020-21,primary_market_average,market_average_closing,1.660000,3.630000,5.350000,0.565745,0.258715,0.175540,0.064808,Football-Data closing market average (AvgCH/AvgCD/AvgCA)
1591838cf94d8499efee212fe5403e6887bf94d79607883675d847bea1d2b4b8,2020-21,primary_market_average,market_average_closing,2.150000,3.250000,3.420000,0.436644,0.288857,0.274499,0.065206,Football-Data closing market average (AvgCH/AvgCD/AvgCA)
17138ece69ea1bc84b2163624888009c275b238ecf3bd8df43dd2278f252f760,2020-21,primary_market_average,market_average_closing,1.290000,5.470000,9.350000,0.727908,0.171664,0.100428,0.064961,Football-Data closing market average (AvgCH/AvgCD/AvgCA)
17b774f343550b534dc4cb0446a8febd75edf2055c12291df81da3d5c953f02f,2020-21,primary_market_average,market_average_closing,1.510000,4.250000,5.800000,0.618950,0.219909,0.161140,0.069960,Football-Data closing market average (AvgCH/AvgCD/AvgCA)
17de30e202f043f6fa64d7214951f9bcdec771d096fdcac22ab85c9d3a30b450,2020-21,primary_market_average,market_average_closing,3.990000,3.730000,1.830000,0.235292,0.251693,0.513014,0.065171,Football-Data closing market average (AvgCH/AvgCD/AvgCA)
189fc5e2dabb15d990144739f0825c6bd0c3cd097f9e2d471f21c2e4bd7e8e26,2020-21,primary_market_average,market_average_closing,2.540000,3.330000,2.710000,0.370366,0.282501,0.347133,0.063005,Football-Data closing market average (AvgCH/AvgCD/AvgCA)
18f9ad0956e240e17dc89cdb7d774c04d343f1225a0ebdc16a79871774e0d075,2020-21,primary_market_average,market_average_closing,1.440000,4.470000,6.890000,0.653105,0.210396,0.136498,0.063296,Football-Data closing market average (AvgCH/AvgCD/AvgCA)
1adbd7cad0dba475c63810c68e11de680ceb93e2ec46650ec8cc4d8390c75fff,2020-21,primary_market_average,market_average_closing,1.900000,3.420000,4.040000,0.493619,0.274233,0.232148,0.066238,Football-Data closing market average (AvgCH/AvgCD/AvgCA)
1c2559210e6a219be313688becd21ddedad6050646bd16284ba18bf3822f7d5f,2020-21,primary_market_average,market_average_closing,2.630000,3.550000,2.490000,0.357517,0.264865,0.377618,0.063525,Football-Data closing market average (AvgCH/AvgCD/AvgCA)
1c73384c246915fc3f701858d82c68384a75e8690e6e20baebc4d04d66cf56a7,2020-21,primary_market_average,market_average_closing,3.420000,3.360000,2.120000,0.275401,0.280319,0.444279,0.061715,Football-Data closing market average (AvgCH/AvgCD/AvgCA)
1c7f5a11c0c8a50b98d64fcd4f19972a6abae3e8a1e765a2a060c6b67a406340,2020-21,primary_market_average,market_average_closing,2.220000,3.420000,3.090000,0.422374,0.274173,0.303453,0.066473,Football-Data closing market average (AvgCH/AvgCD/AvgCA)
1c95d4443fbe7f571c20874a4d531c69944212c77787b3bbc0f34b8aa2a5fa24,2020-21,primary_market_average,market_average_closing,3.200000,3.450000,2.160000,0.293340,0.272083,0.434577,0.065318,Football-Data closing market average (AvgCH/AvgCD/AvgCA)
1cf76437711ae4cbb1da4a6e2278c9c5a4e080bad2958a04b65d057c645797e0,2020-21,primary_market_average,market_average_closing,2.280000,3.380000,3.030000,0.412026,0.277935,0.310039,0.064487,Football-Data closing market average (AvgCH/AvgCD/AvgCA)
1d6eb539f72cbcadc8b86f85961f16cff9d356484a1f73b4f36402f4973bef6e,2020-21,primary_market_average,market_average_closing,2.050000,3.460000,3.440000,0.456952,0.270737,0.272311,0.067520,Football-Data closing market average (AvgCH/AvgCD/AvgCA)
1dea0c659a7b847751caf62d142602712e373a5443be83d1af0401145e17411e,2020-21,primary_market_average,market_average_closing,2.400000,3.330000,2.890000,0.391977,0.282506,0.325517,0.062988,Football-Data closing market average (AvgCH/AvgCD/AvgCA)
1f6a813b546091a644e5d922d1695cf1e451106271f64579326f03483ad19c91,2020-21,primary_market_average,market_average_closing,1.340000,5.110000,8.090000,0.700345,0.183652,0.116003,0.065573,Football-Data closing market average (AvgCH/AvgCD/AvgCA)
1fb0cab5b9086b980aada0c2d1d5cd7f11bf6fc410bd4a4c5abcf3beb18c4109,2020-21,primary_market_average,market_average_closing,2.640000,3.250000,2.650000,0.356058,0.289228,0.354714,0.063839,Football-Data closing market average (AvgCH/AvgCD/AvgCA)
20a7e648ed66e48ad5d213acdec76977ffc76c378f9405b59a0d58bfd1a983ea,2020-21,primary_market_average,market_average_closing,4.290000,3.970000,1.730000,0.219280,0.236955,0.543764,0.063024,Football-Data closing market average (AvgCH/AvgCD/AvgCA)
20dbcbf1740ffe65fd0066cea8c83309dd6cb0abf36a457420b3c92d45361434,2020-21,primary_market_average,market_average_closing,3.760000,3.390000,1.980000,0.249493,0.276723,0.473784,0.065993,Football-Data closing market average (AvgCH/AvgCD/AvgCA)
217df54f5b83c6996c4cb8daef7800e1c95d615d9a30e2492d5d95d26de18aaf,2020-21,primary_market_average,market_average_closing,8.560000,5.810000,1.300000,0.110400,0.162655,0.726944,0.058170,Football-Data closing market average (AvgCH/AvgCD/AvgCA)
21a6da03e3d867f0a4ebbf9e584d861b44396b280e96366e6033cbea0275a6e8,2020-21,primary_market_average,market_average_closing,3.390000,3.410000,2.100000,0.277130,0.275504,0.447366,0.064431,Football-Data closing market average (AvgCH/AvgCD/AvgCA)
21c4e392b9a49a91f6e65ba60badfc835a864866a2a8a6c820f926878b53b63a,2020-21,primary_market_average,market_average_closing,4.290000,3.760000,1.760000,0.218414,0.249201,0.532385,0.067239,Football-Data closing market average (AvgCH/AvgCD/AvgCA)
2260cbace5608963ebf6d64951fe1a15ea366f8add9a4c657db95d194b206d2f,2020-21,primary_market_average,market_average_closing,2.890000,3.190000,2.460000,0.324596,0.294070,0.381334,0.066004,Football-Data closing market average (AvgCH/AvgCD/AvgCA)
22bcc1bb3b612c089eb706b2e698c40f239a8c3d511c86ebddb1a51e2aab520f,2020-21,primary_market_average,market_average_closing,2.460000,3.300000,2.810000,0.381548,0.284427,0.334025,0.065406,Football-Data closing market average (AvgCH/AvgCD/AvgCA)
2402753a276283c9a54c1d5fecdc9cedfa3ffcede31deae2878806cc298829f3,2020-21,primary_market_average,market_average_closing,2.180000,3.300000,3.300000,0.430809,0.284595,0.284595,0.064776,Football-Data closing market average (AvgCH/AvgCD/AvgCA)
244df2ded5b9d8b251cec6728b204aa36db8e39fdfb088678ff51e01c0cc7f3a,2020-21,primary_market_average,market_average_closing,3.420000,3.520000,2.050000,0.274734,0.266929,0.458337,0.064293,Football-Data closing market average (AvgCH/AvgCD/AvgCA)
2602567ef3ec492b83c7de75677c9ae0a62a172116405da889d755db0cc2d6cc,2020-21,primary_market_average,market_average_closing,2.870000,3.140000,2.530000,0.328041,0.299834,0.372125,0.062160,Football-Data closing market average (AvgCH/AvgCD/AvgCA)
27dcb7cdb0b569db3548d1a8e1f86d205c51e13bd501de0e63f95a30cb8ac0a4,2020-21,primary_market_average,market_average_closing,2.060000,3.620000,3.310000,0.456326,0.259677,0.283997,0.063795,Football-Data closing market average (AvgCH/AvgCD/AvgCA)
288e96ae4f955740ad84db9c0782c090d332961711ea0aeccd260dd3d2d84d1d,2020-21,primary_market_average,market_average_closing,1.350000,5.000000,8.000000,0.695048,0.187663,0.117289,0.065741,Football-Data closing market average (AvgCH/AvgCD/AvgCA)
288fc95baa8767abaf098ab2917e6402cd74d4e99f8be150ce07a06997004205,2020-21,primary_market_average,market_average_closing,2.660000,3.460000,2.510000,0.353538,0.271795,0.374666,0.063364,Football-Data closing market average (AvgCH/AvgCD/AvgCA)
297062379630d74e9c92d74d8c3434d83474bc9ed9b25f05165ab1d8af809890,2020-21,primary_market_average,market_average_closing,1.120000,8.960000,17.380000,0.840730,0.105091,0.054178,0.062002,Football-Data closing market average (AvgCH/AvgCD/AvgCA)
2a27d30357adb485c7cf05eabe2f7d17919fdbaad724560e1b58566879904a4c,2020-21,primary_market_average,market_average_closing,3.480000,3.530000,2.020000,0.269643,0.265824,0.464533,0.065692,Football-Data closing market average (AvgCH/AvgCD/AvgCA)
2a4c86af6d9f45d48b39e5e1918c79cc7ebe0352519788035437079bfc4edbaa,2020-21,primary_market_average,market_average_closing,1.820000,3.450000,4.400000,0.515153,0.271762,0.213086,0.066578,Football-Data closing market average (AvgCH/AvgCD/AvgCA)
2aa9bd820ecee29a76f5cfc9077c22c794431f665a1761ae7775210b14d0e38d,2020-21,primary_market_average,market_average_closing,1.850000,3.640000,4.050000,0.508898,0.258643,0.232459,0.062179,Football-Data closing market average (AvgCH/AvgCD/AvgCA)
2b4841ca185b7058ec8ef32439fcb1847288b23ed5b713615dbf38d3ea8dc637,2020-21,primary_market_average,market_average_closing,1.590000,4.150000,5.160000,0.591271,0.226535,0.182194,0.063693,Football-Data closing market average (AvgCH/AvgCD/AvgCA)
2c15311d30f690cddfe47cdd712bf0cdb5df1995e8bc7b29322f12d878c066fc,2020-21,primary_market_average,market_average_closing,3.010000,3.250000,2.370000,0.312872,0.289768,0.397361,0.061859,Football-Data closing market average (AvgCH/AvgCD/AvgCA)
2c5575c5594f38c45d6895e5e038de5d9ed98568134f86b3e6395219a5e88db3,2020-21,primary_market_average,market_average_closing,1.710000,4.090000,4.280000,0.550168,0.230021,0.219810,0.062939,Football-Data closing market average (AvgCH/AvgCD/AvgCA)
2cfb03004999517fd7f60597d2eb2c36e3f3c53b6c1435283bd4f695842fd01b,2020-21,primary_market_average,market_average_closing,1.700000,3.710000,4.810000,0.551983,0.252930,0.195087,0.065677,Football-Data closing market average (AvgCH/AvgCD/AvgCA)
2d031ddb5107768c4cfc74c4e85225d9e30b3fc67945f4053b478d791aa1e96a,2020-21,primary_market_average,market_average_closing,2.200000,3.410000,3.190000,0.428299,0.276322,0.295379,0.061280,Football-Data closing market average (AvgCH/AvgCD/AvgCA)
2dda44be0b4fc4a7415e4529cd630f5d241b55c97bcbf630267e713665cb7424,2020-21,primary_market_average,market_average_closing,1.450000,4.540000,6.390000,0.646705,0.206547,0.146748,0.066414,Football-Data closing market average (AvgCH/AvgCD/AvgCA)
2f13571eb80c573380eafb36c1b047e00f2a6a89e0cf2141112c09e760396741,2020-21,primary_market_average,market_average_closing,1.500000,4.430000,6.020000,0.629814,0.213255,0.156930,0.058513,Football-Data closing market average (AvgCH/AvgCD/AvgCA)
2f7089b98d41f086217db376de4d617444422341ac51b7203ca1d351068a51c3,2020-21,primary_market_average,market_average_closing,1.950000,3.310000,4.030000,0.482394,0.284190,0.233416,0.063074,Football-Data closing market average (AvgCH/AvgCD/AvgCA)
2f7eaf6557a1dd063ab83ad094791dd3193fcf4a4547fab6afcb67098976af52,2020-21,primary_market_average,market_average_closing,3.760000,3.560000,1.950000,0.250980,0.265080,0.483940,0.059677,Football-Data closing market average (AvgCH/AvgCD/AvgCA)
2fa5f2a8976400080150b4fbfb101e2263f8f7fe60d9b9449e98568937ff9ab1,2020-21,primary_market_average,market_average_closing,2.120000,3.040000,3.770000,0.442536,0.308611,0.248853,0.065897,Football-Data closing market average (AvgCH/AvgCD/AvgCA)
30d7604a728636ba43d19378d91c0c29fd463b1138ead5b6269344aff5da2179,2020-21,primary_market_average,market_average_closing,3.110000,3.570000,2.160000,0.302027,0.263110,0.434863,0.064618,Football-Data closing market average (AvgCH/AvgCD/AvgCA)
30fb565b4efa73afb2e255fa77b21ff8adc88fd7d35de41749cf38fd369a6772,2020-21,primary_market_average,market_average_closing,1.680000,3.900000,4.640000,0.557775,0.240272,0.201953,0.067166,Football-Data closing market average (AvgCH/AvgCD/AvgCA)
3129416e031651cbfe65a300cae8f35ed6944f79f0a086b5af2d43dd0bc43f19,2020-21,primary_market_average,market_average_closing,1.510000,4.190000,6.020000,0.620651,0.223671,0.155678,0.067028,Football-Data closing market average (AvgCH/AvgCD/AvgCA)
3130b404c8e6352a1d250669500e576ffc957ea3ae3c44805f6f1beef0e7dc24,2020-21,primary_market_average,market_average_closing,3.750000,3.460000,1.970000,0.250792,0.271812,0.477396,0.063298,Football-Data closing market average (AvgCH/AvgCD/AvgCA)
321468235d2194ab0f83ca66e3467cc67762d2152462c292918a1ff1fa1501f6,2020-21,primary_market_average,market_average_closing,3.170000,3.600000,2.130000,0.296840,0.261384,0.441776,0.062719,Football-Data closing market average (AvgCH/AvgCD/AvgCA)
32d065b709b7e9d47a294f991c48a08d9d1b346610a08a5acb66b4a2f546d44d,2020-21,primary_market_average,market_average_closing,2.970000,3.420000,2.310000,0.317044,0.275328,0.407628,0.061998,Football-Data closing market average (AvgCH/AvgCD/AvgCA)
33b9071569f9fe0ca6c8536eb6b17d021ea5ef4d049d1d54d6b32da2bb99af5e,2020-21,primary_market_average,market_average_closing,1.270000,5.790000,9.620000,0.739995,0.162313,0.097692,0.064063,Football-Data closing market average (AvgCH/AvgCD/AvgCA)
33c954437073fb692bbebf47303d92003ca10886fe596c977f4b91fa6825d1cb,2020-21,primary_market_average,market_average_closing,2.720000,2.980000,2.770000,0.345459,0.315318,0.339223,0.064228,Football-Data closing market average (AvgCH/AvgCD/AvgCA)
34cb08ca0b1804fa34d46a80077685d1f916c4b533648162832502b248323c65,2020-21,primary_market_average,market_average_closing,2.200000,3.500000,3.070000,0.426406,0.268027,0.305568,0.065993,Football-Data closing market average (AvgCH/AvgCD/AvgCA)
34eff3bb600357392d814d514a2b65cca8e55fc26b4262a09a856ec16c640b5a,2020-21,primary_market_average,market_average_closing,2.560000,3.340000,2.640000,0.365475,0.280125,0.354400,0.068814,Football-Data closing market average (AvgCH/AvgCD/AvgCA)
34f542455a83e1edceca113126153be4c48edecafa624e54b0bb15ef19150807,2020-21,primary_market_average,market_average_closing,2.670000,3.070000,2.740000,0.351598,0.305787,0.342615,0.065228,Football-Data closing market average (AvgCH/AvgCD/AvgCA)
350c8e0ba92f934512015439bb9002b70bc4e1a26196f380349738fb7341bf4b,2020-21,primary_market_average,market_average_closing,3.160000,3.220000,2.280000,0.296971,0.291437,0.411591,0.065611,Football-Data closing market average (AvgCH/AvgCD/AvgCA)
35c418fb84c991b901963492c5660fe806d9e605adbb062b1dea5212082c75e7,2020-21,primary_market_average,market_average_closing,2.400000,3.150000,3.010000,0.390740,0.297707,0.311553,0.066353,Football-Data closing market average (AvgCH/AvgCD/AvgCA)
372293a573eb082c39c73d8c3968d164a5dfffe2bda6fe8bdc251d1aae13ffb2,2020-21,primary_market_average,market_average_closing,5.930000,4.450000,1.500000,0.159086,0.211995,0.628919,0.060020,Football-Data closing market average (AvgCH/AvgCD/AvgCA)
379ba76250e999cd4142a71b47dcc96ab78d06cb7f9992156dda4c5241834140,2020-21,primary_market_average,market_average_closing,3.540000,3.320000,2.080000,0.265380,0.282965,0.451656,0.064460,Football-Data closing market average (AvgCH/AvgCD/AvgCA)
37c84a59857466a4561986124f66bcb740d7ddaf578f2f7c26f32d771b917db2,2020-21,primary_market_average,market_average_closing,2.160000,3.190000,3.460000,0.434519,0.294220,0.271261,0.065460,Football-Data closing market average (AvgCH/AvgCD/AvgCA)
382d79f5d1f8d92faa5e91eef7c72fbffc7c06161528408a953098a1fb604831,2020-21,primary_market_average,market_average_closing,2.830000,3.320000,2.440000,0.331978,0.282981,0.385040,0.064398,Football-Data closing market average (AvgCH/AvgCD/AvgCA)
3841d4a5c807ec7ae39eb3919e8b53db58998361af7e664eafab347b114d5427,2020-21,primary_market_average,market_average_closing,2.210000,3.220000,3.340000,0.425892,0.292305,0.281803,0.062449,Football-Data closing market average (AvgCH/AvgCD/AvgCA)
3a197a8674da06c77e71e9567cb33a8360144296c4b4f00993a2de5f4ac8d62f,2020-21,primary_market_average,market_average_closing,1.750000,3.690000,4.530000,0.537470,0.254898,0.207632,0.063182,Football-Data closing market average (AvgCH/AvgCD/AvgCA)
3b036fc52e0cc9497a68673d085a6eaf9aa0b3bb9333cc5367dbaebac159b6c2,2020-21,primary_market_average,market_average_closing,2.180000,3.360000,3.210000,0.429565,0.278706,0.291729,0.067861,Football-Data closing market average (AvgCH/AvgCD/AvgCA)
3b8331063ad1601620485b5a94f7b616791f5856ad5e6c05a774a3f3d4a51dc8,2020-21,primary_market_average,market_average_closing,1.480000,4.330000,6.370000,0.635267,0.217135,0.147597,0.063608,Football-Data closing market average (AvgCH/AvgCD/AvgCA)
3d69114a48316ce0c11760feacb282b306604faf211acc7444804f9b904e1558,2020-21,primary_market_average,market_average_closing,1.750000,3.740000,4.460000,0.537550,0.251528,0.210922,0.063023,Football-Data closing market average (AvgCH/AvgCD/AvgCA)
3dd87c5b2149ad8aa6ea19c6868c7495897c645ca61882fd103afb19204fdedb,2020-21,primary_market_average,market_average_closing,2.000000,3.430000,3.690000,0.470567,0.274383,0.255050,0.062548,Football-Data closing market average (AvgCH/AvgCD/AvgCA)
3ddea033c70fd0ea9c6af8c51b80edde609ff62cf3829936440c110e082ed335,2020-21,primary_market_average,market_average_closing,2.260000,3.180000,3.250000,0.415614,0.295374,0.289012,0.064636,Football-Data closing market average (AvgCH/AvgCD/AvgCA)
3e0fa1ae181206884fcd0526a21b4157ec16f57b3a5f56a74b5980799e153096,2020-21,primary_market_average,market_average_closing,3.400000,3.450000,2.080000,0.276234,0.272230,0.451536,0.064742,Football-Data closing market average (AvgCH/AvgCD/AvgCA)
3eae165c442d954e9c5a4ef6d40f656a3a2cbcc0f7f9ff21838db8c17b7363c8,2020-21,primary_market_average,market_average_closing,2.500000,3.190000,2.840000,0.375378,0.294183,0.330438,0.065592,Football-Data closing market average (AvgCH/AvgCD/AvgCA)
4059c22e14c66f734bee6733ed11a4efae201b09c2774e448193b8125aa3f67d,2020-21,primary_market_average,market_average_closing,2.420000,3.390000,2.840000,0.389715,0.278204,0.332081,0.060321,Football-Data closing market average (AvgCH/AvgCD/AvgCA)
407f89b7fd6b2e2be8d9fae318ea35d05035d21255907e2dfdd18fc57a448e47,2020-21,primary_market_average,market_average_closing,2.000000,3.420000,3.620000,0.467884,0.273616,0.258499,0.068641,Football-Data closing market average (AvgCH/AvgCD/AvgCA)
40a45c3cc4676b1c30b03e2e1ea6ccbec5fc9de9fe21677da3a26e205036b6f3,2020-21,primary_market_average,market_average_closing,1.470000,4.440000,6.330000,0.639669,0.211782,0.148549,0.063475,Football-Data closing market average (AvgCH/AvgCD/AvgCA)
40b0608af98af0d655226c0ef85c5ae8baa6aeaa9e9af5fb7207df8697ede4d2,2020-21,primary_market_average,market_average_closing,1.390000,4.770000,7.370000,0.675672,0.196894,0.127433,0.064753,Football-Data closing market average (AvgCH/AvgCD/AvgCA)
414ab3070ec4b0404abeeba294df58afaab2d1d74d12dfc9221f682c18ac8830,2020-21,primary_market_average,market_average_closing,2.030000,3.340000,3.630000,0.461465,0.280471,0.258064,0.067494,Football-Data closing market average (AvgCH/AvgCD/AvgCA)
419f343100826288ae281d708dfbd4c28377d8e9d52096773e40bf082e63d910,2020-21,primary_market_average,market_average_closing,3.010000,3.250000,2.350000,0.311817,0.288791,0.399392,0.065450,Football-Data closing market average (AvgCH/AvgCD/AvgCA)
41a3c9228a22344cbc6bfa0d251ed4095e523a86e724eedf9b8a198196598f7a,2020-21,primary_market_average,market_average_closing,2.960000,3.310000,2.370000,0.318147,0.284506,0.397348,0.061894,Football-Data closing market average (AvgCH/AvgCD/AvgCA)
421c9fed672d80d60119c5382bede9d02529178f450a0f2108bde70cbef93621,2020-21,primary_market_average,market_average_closing,2.810000,3.450000,2.370000,0.333317,0.271484,0.395199,0.067668,Football-Data closing market average (AvgCH/AvgCD/AvgCA)
43336ccdb3b995ee60ca5429b560545ef183a45c7cd85fa26c29964fc5abced4,2020-21,primary_market_average,market_average_closing,1.900000,3.450000,4.030000,0.494514,0.272341,0.233145,0.064310,Football-Data closing market average (AvgCH/AvgCD/AvgCA)
43a885a12bdf71f249f512246a0266b059323ba80a90e8cebf4c4b62bed42b8e,2020-21,primary_market_average,market_average_closing,1.430000,4.640000,6.690000,0.657055,0.202498,0.140447,0.064295,Football-Data closing market average (AvgCH/AvgCD/AvgCA)
43dbbb35c980dd1ad8b03ece20b52f4d739ddf31cc587449bb4045bbfd024c75,2020-21,primary_market_average,market_average_closing,1.410000,4.610000,7.170000,0.665553,0.203564,0.130883,0.065610,Football-Data closing market average (AvgCH/AvgCD/AvgCA)
44668d309bbe5abec2bbfb9d486f2aca9c7d98108300cd14cddb32e805ad807a,2020-21,primary_market_average,market_average_closing,3.050000,3.330000,2.280000,0.307349,0.281505,0.411146,0.066766,Football-Data closing market average (AvgCH/AvgCD/AvgCA)
44f5ca81ced8345080553f14e447a01864e0cecac04d37bdc4a87039e8ca3246,2020-21,primary_market_average,market_average_closing,1.520000,4.020000,6.280000,0.617228,0.233380,0.149393,0.065887,Football-Data closing market average (AvgCH/AvgCD/AvgCA)
452f34b1a16f32ad3ffbcc8e8fded7cc944cbee715fd27256326bab6f34fad67,2020-21,primary_market_average,market_average_closing,3.170000,3.390000,2.210000,0.296781,0.277521,0.425699,0.062931,Football-Data closing market average (AvgCH/AvgCD/AvgCA)
455b71ce467ce67d33a9d30912eb1db7043bac85327aa31fb366d8284bc3c238,2020-21,primary_market_average,market_average_closing,1.910000,3.490000,3.910000,0.491215,0.268831,0.239954,0.065848,Football-Data closing market average (AvgCH/AvgCD/AvgCA)
471f962f1685fbe54ef6bef694af934b6230623eaaa6e8529dbcfebdf94320d1,2020-21,primary_market_average,market_average_closing,2.520000,3.340000,2.720000,0.373000,0.281426,0.345574,0.063874,Football-Data closing market average (AvgCH/AvgCD/AvgCA)
481bb0b5fbd4cd871d61dc6e6aaf4ee110db655f40b26b277a4505ac1b5214d6,2020-21,primary_market_average,market_average_closing,2.160000,3.210000,3.400000,0.433240,0.291526,0.275235,0.068607,Football-Data closing market average (AvgCH/AvgCD/AvgCA)
4838c2a11e5abe29e68446cf0fe9792018e5f1a35df34f6c13c2bf61282da999,2020-21,primary_market_average,market_average_closing,2.630000,3.300000,2.620000,0.357043,0.284552,0.358405,0.064938,Football-Data closing market average (AvgCH/AvgCD/AvgCA)
48c3947724bcf7c9e5498d93e94ffa50ff7cf43769bab21391046038acf234f3,2020-21,primary_market_average,market_average_closing,1.310000,5.340000,8.900000,0.718128,0.176170,0.105702,0.062984,Football-Data closing market average (AvgCH/AvgCD/AvgCA)
48f6c7046e4e2fef6b899ab088161420cdfb8727fcb409fda8c58235092f2bfc,2020-21,primary_market_average,market_average_closing,4.840000,4.100000,1.640000,0.194867,0.230038,0.575095,0.060270,Football-Data closing market average (AvgCH/AvgCD/AvgCA)
4913817e899658c04046d397d2350f26e5de02314fc7aee8e5ed5acdae758da9,2020-21,primary_market_average,market_average_closing,3.020000,3.280000,2.350000,0.311931,0.287205,0.400864,0.061536,Football-Data closing market average (AvgCH/AvgCD/AvgCA)
4988266d41492be2dbd737368faf9cc473168b301c039cf429dd46562d3ef642,2020-21,primary_market_average,market_average_closing,4.080000,3.610000,1.840000,0.230013,0.259959,0.510028,0.065585,Football-Data closing market average (AvgCH/AvgCD/AvgCA)
4a152f7ea5f2c23a44078291726dffe7f061ab29cb2b14d606610b12b5b0013a,2020-21,primary_market_average,market_average_closing,5.360000,4.270000,1.550000,0.175029,0.219709,0.605262,0.065920,Football-Data closing market average (AvgCH/AvgCD/AvgCA)
4a62c5e2e44aed3555bb6f17dbd717fda420e4e14f0746a0e78d533376205195,2020-21,primary_market_average,market_average_closing,2.460000,3.280000,2.810000,0.380888,0.285666,0.333446,0.067254,Football-Data closing market average (AvgCH/AvgCD/AvgCA)
4a7c0948074b2c309ce5f156aae596acc5a7b55c7052a95e20384afeb8241508,2020-21,primary_market_average,market_average_closing,1.610000,3.820000,5.510000,0.583546,0.245945,0.170510,0.064386,Football-Data closing market average (AvgCH/AvgCD/AvgCA)
4afd0720e6791b2fecb8ce7364d2b84d6187dd3bb6f549912a47605bad44a3c7,2020-21,primary_market_average,market_average_closing,1.260000,6.040000,9.540000,0.745888,0.155599,0.098513,0.064036,Football-Data closing market average (AvgCH/AvgCD/AvgCA)
4b653ffb31a199ad16f72cea4c100db18df8e0d5b1057653a70f67a366a360fa,2020-21,primary_market_average,market_average_closing,2.060000,3.520000,3.390000,0.456018,0.266874,0.277108,0.064513,Football-Data closing market average (AvgCH/AvgCD/AvgCA)
4b6b6bca36982bee2b1df3d1f148c2efc1d834af700698df87a225544c13ee5c,2020-21,primary_market_average,market_average_closing,1.980000,3.360000,3.810000,0.474165,0.279419,0.246416,0.065137,Football-Data closing market average (AvgCH/AvgCD/AvgCA)
4b7252a67b582c8ddeb4c8a029c2794a13a3e02ae0d7348c283149540c0aa56d,2020-21,primary_market_average,market_average_closing,2.290000,3.220000,3.160000,0.410532,0.291962,0.297506,0.063696,Football-Data closing market average (AvgCH/AvgCD/AvgCA)
4cbc18c8434cd56e27951513598c6d2ef258ee63f304928b77f3afb1f2e20c0a,2020-21,primary_market_average,market_average_closing,3.380000,3.430000,2.090000,0.277574,0.273527,0.448899,0.065872,Football-Data closing market average (AvgCH/AvgCD/AvgCA)
4cd7bb4547f6ff79207eb97d0127b1dedd3d24601d1bcabb2604c54459b9e17e,2020-21,primary_market_average,market_average_closing,2.190000,3.250000,3.310000,0.428178,0.288526,0.283296,0.066428,Football-Data closing market average (AvgCH/AvgCD/AvgCA)
4daa7343edb65dbc0e3964a681c5bb10e5133580ec6b63996e7214c67584dd68,2020-21,primary_market_average,market_average_closing,3.030000,3.340000,2.290000,0.309566,0.280834,0.409600,0.066115,Football-Data closing market average (AvgCH/AvgCD/AvgCA)
4ddc04bd908229ac3d3edcaf0d505e43e19dac9c7d040bf09eb7ec5c7b629a00,2020-21,primary_market_average,market_average_closing,2.780000,3.280000,2.480000,0.336867,0.285516,0.377617,0.067816,Football-Data closing market average (AvgCH/AvgCD/AvgCA)
50c3b6b953ef4121b3824d45d8f013f75de881e77232318d163b6edbee97e86e,2020-21,primary_market_average,market_average_closing,2.520000,3.240000,2.760000,0.371634,0.289048,0.339318,0.067786,Football-Data closing market average (AvgCH/AvgCD/AvgCA)
51b0ae057f0fd8f2f2bff6e0b506c3d8fdafcc09234c0b7c13b2764bb88b4272,2020-21,primary_market_average,market_average_closing,1.710000,3.790000,4.600000,0.548568,0.247507,0.203924,0.066039,Football-Data closing market average (AvgCH/AvgCD/AvgCA)
524e6660f373aef2e17294ae76f823f6362131d9d8d9cb112cdde34973a34f08,2020-21,primary_market_average,market_average_closing,2.060000,3.520000,3.390000,0.456018,0.266874,0.277108,0.064513,Football-Data closing market average (AvgCH/AvgCD/AvgCA)
536d47ec40d7727407a89fe9892dc2334c58f2ab0bbce2229df0598bf89c4e52,2020-21,primary_market_average,market_average_closing,2.590000,2.970000,2.920000,0.362445,0.316071,0.321484,0.065266,Football-Data closing market average (AvgCH/AvgCD/AvgCA)
537c8c5e99f1d449bf1c1710edc23278655192cfe47f9eb1946c8762f80e9e6c,2020-21,primary_market_average,market_average_closing,1.610000,3.850000,5.360000,0.581884,0.243333,0.174782,0.067425,Football-Data closing market average (AvgCH/AvgCD/AvgCA)
54579c056939525e9d03ee27e613ab72d98cd93cd565c6b98ad354c45b933459,2020-21,primary_market_average,market_average_closing,2.040000,3.140000,3.890000,0.459960,0.298827,0.241213,0.065737,Football-Data closing market average (AvgCH/AvgCD/AvgCA)
55640ced3b0fe6d463f9bf1455df4330a62045f9f6949f5caf301c5cb4e234d7,2020-21,primary_market_average,market_average_closing,2.050000,3.320000,3.620000,0.457924,0.282754,0.259322,0.065253,Football-Data closing market average (AvgCH/AvgCD/AvgCA)
560b25bbbdb7dffff38868620edadc40784f510557607adcb9a9e94975cb02f3,2020-21,primary_market_average,market_average_closing,3.370000,3.550000,2.050000,0.278304,0.264192,0.457504,0.066231,Football-Data closing market average (AvgCH/AvgCD/AvgCA)
56c3aaa1336b2909b7b5cd471a27c52f12e03af47d6aab4f067525d771eab563,2020-21,primary_market_average,market_average_closing,2.650000,3.410000,2.520000,0.353518,0.274728,0.371755,0.067439,Football-Data closing market average (AvgCH/AvgCD/AvgCA)
56c447f5b949baba1e55f2cb850562a208d4d9da696b50953f7995f3a37c4629,2020-21,primary_market_average,market_average_closing,2.570000,3.460000,2.580000,0.365110,0.271195,0.363695,0.065719,Football-Data closing market average (AvgCH/AvgCD/AvgCA)
57a1c9dbbba68e5359de164b228d2eb4a0808d0d072b1587de915c1cf84b57b0,2020-21,primary_market_average,market_average_closing,2.210000,3.520000,3.040000,0.424662,0.266620,0.308718,0.065527,Football-Data closing market average (AvgCH/AvgCD/AvgCA)
5834cb378a10a8e203404f243f7ad8ae123b8c1713fb33d511764a31d79a2b54,2020-21,primary_market_average,market_average_closing,2.230000,3.300000,3.190000,0.421085,0.284551,0.294364,0.064940,Football-Data closing market average (AvgCH/AvgCD/AvgCA)
58f85b4bb90310ed056752a31ab300b3e70ec4b307627f4deab734e6a5a38acd,2020-21,primary_market_average,market_average_closing,4.090000,3.750000,1.810000,0.229867,0.250709,0.519424,0.063652,Football-Data closing market average (AvgCH/AvgCD/AvgCA)
5a09f8439a0f2432356b8ce1cca58262ddecc99b6c0a5b456ee968477725c3d7,2020-21,primary_market_average,market_average_closing,2.060000,3.270000,3.630000,0.455070,0.286680,0.258249,0.066729,Football-Data closing market average (AvgCH/AvgCD/AvgCA)
5a12ba5614e11358c9872a6c13eb19c5be9a2d2f215c4c831b8ceaff7d3c2714,2020-21,primary_market_average,market_average_closing,4.200000,3.640000,1.810000,0.223499,0.257884,0.518617,0.065307,Football-Data closing market average (AvgCH/AvgCD/AvgCA)
5afa6c3b3b05a1564403e56ac364a17944d22e8784c444f6517d69927282b70d,2020-21,primary_market_average,market_average_closing,2.450000,3.360000,2.770000,0.382608,0.278985,0.338408,0.066793,Football-Data closing market average (AvgCH/AvgCD/AvgCA)
5b1d8a15c747f39098602b6ba88a9bb1890b8180f984fbe525383f6aefb50500,2020-21,primary_market_average,market_average_closing,3.630000,4.040000,1.860000,0.259732,0.233373,0.506896,0.060641,Football-Data closing market average (AvgCH/AvgCD/AvgCA)
5b33dd6372316ee36bc9e431ad0e429d247977e9c91e546d062be13ece7830ef,2020-21,primary_market_average,market_average_closing,2.100000,3.540000,3.260000,0.446949,0.265139,0.287912,0.065425,Football-Data closing market average (AvgCH/AvgCD/AvgCA)
5c5ecf0333711637dff25b9b53fbb48447649dfdf59d824268c9ba365ff1e865,2020-21,primary_market_average,market_average_closing,2.610000,3.250000,2.660000,0.359159,0.288433,0.352408,0.066774,Football-Data closing market average (AvgCH/AvgCD/AvgCA)
5cb195f8619dd14f1ce5b7b001061b423cdeeea6d855c0ac007bd3d9521acebc,2020-21,primary_market_average,market_average_closing,4.410000,3.620000,1.780000,0.212958,0.259432,0.527610,0.064798,Football-Data closing market average (AvgCH/AvgCD/AvgCA)
5d0001dde4981e95b732818949a037a74e6372749bd55d9266492e9c6b48ef72,2020-21,primary_market_average,market_average_closing,1.890000,3.530000,3.960000,0.496849,0.266018,0.237133,0.064912,Football-Data closing market average (AvgCH/AvgCD/AvgCA)
5d9db8835673f9ea2c2f4b657f169b85b29e88d5b8a3ab260206049584066ba2,2020-21,primary_market_average,market_average_closing,2.210000,3.270000,3.270000,0.425228,0.287386,0.287386,0.064109,Football-Data closing market average (AvgCH/AvgCD/AvgCA)
5dc83af8ef8cfde42afbf24fd9a79f713306ba3d2f3f21ce7be3ba07e94cc7c7,2020-21,primary_market_average,market_average_closing,2.420000,3.250000,2.910000,0.388164,0.289033,0.322803,0.064558,Football-Data closing market average (AvgCH/AvgCD/AvgCA)
5dd6c27f8941470af2c96f65d3a7805f1dd9dda2690abc74744514ad642cd02e,2020-21,primary_market_average,market_average_closing,2.590000,3.170000,2.730000,0.361565,0.295411,0.343023,0.067858,Football-Data closing market average (AvgCH/AvgCD/AvgCA)
5edc41590cbbd76c2b1536be8458aaa6768f966b78057e31e8ddf5112f3e5df1,2020-21,primary_market_average,market_average_closing,2.580000,3.000000,2.900000,0.363682,0.312766,0.323552,0.065758,Football-Data closing market average (AvgCH/AvgCD/AvgCA)
5fe009e67d7b6a16d60d64d23e7ce78c71c1be3ce1abb336dd422d9cacc1a96e,2020-21,primary_market_average,market_average_closing,2.140000,3.530000,3.160000,0.437934,0.265490,0.296576,0.067032,Football-Data closing market average (AvgCH/AvgCD/AvgCA)
6092b8cd57fee38f2072cb7a9defda9c4a09d6db3f2ed963348fc5ca21c2f109,2020-21,primary_market_average,market_average_closing,1.570000,4.150000,5.350000,0.598168,0.226295,0.175537,0.064822,Football-Data closing market average (AvgCH/AvgCD/AvgCA)
60e2a961a1ab4c3eb97c62a49fed6af66277274dccf1ebaa3a89efa9ddb9467c,2020-21,primary_market_average,market_average_closing,2.650000,3.110000,2.730000,0.354260,0.301861,0.343879,0.065202,Football-Data closing market average (AvgCH/AvgCD/AvgCA)
628eaae28f0dba08be2bf3e8c1a63cabe69f65fa5ad605988308edf52fb9bf1a,2020-21,primary_market_average,market_average_closing,5.420000,4.100000,1.570000,0.173185,0.228942,0.597873,0.065347,Football-Data closing market average (AvgCH/AvgCD/AvgCA)
62d8d564b3c5be9016c8f1ee3251319a424f8f0c06df8e1f6ba7aa98eee9dcc0,2020-21,primary_market_average,market_average_closing,2.000000,3.450000,3.650000,0.470001,0.272464,0.257535,0.063828,Football-Data closing market average (AvgCH/AvgCD/AvgCA)
62f31d89160d8ab8f55f36b623b35cac11f1c5808aeda8aba34d44352aee0758,2020-21,primary_market_average,market_average_closing,1.990000,3.410000,3.740000,0.472665,0.275837,0.251498,0.063147,Football-Data closing market average (AvgCH/AvgCD/AvgCA)
643f9839df94e31090a41c67c9c6f2822ae277c615956a882e4777baea3ae1a8,2020-21,primary_market_average,market_average_closing,4.410000,3.800000,1.730000,0.212330,0.246414,0.541256,0.067950,Football-Data closing market average (AvgCH/AvgCD/AvgCA)
65c0bb8ebc869dac600c453c07ba38c08ffa0f8913762e6c33a9db70652a9d41,2020-21,primary_market_average,market_average_closing,3.930000,3.500000,1.900000,0.238591,0.267903,0.493506,0.066483,Football-Data closing market average (AvgCH/AvgCD/AvgCA)
662118ea04be5fb93d02a9d3f462dd5f35f454ea7485b6d3f8aa73bc1c220bf7,2020-21,primary_market_average,market_average_closing,3.000000,3.460000,2.280000,0.314185,0.272414,0.413401,0.060947,Football-Data closing market average (AvgCH/AvgCD/AvgCA)
6634a619d1c7c6dae7f712282096fc13fc7da9f80259b2bec9bdb44f98bdd29a,2020-21,primary_market_average,market_average_closing,3.800000,3.670000,1.890000,0.247157,0.255912,0.496930,0.064738,Football-Data closing market average (AvgCH/AvgCD/AvgCA)
664a12b76ca16ede8173f8718a80f9a26c8dbd4650453af3a737ebb715f07c5e,2020-21,primary_market_average,market_average_closing,1.320000,5.230000,8.700000,0.712193,0.179750,0.108057,0.063723,Football-Data closing market average (AvgCH/AvgCD/AvgCA)
6657f65542f1a631712049266d1c16ab8ec6b9365f094e154553bd573deec3ba,2020-21,primary_market_average,market_average_closing,2.520000,3.200000,2.790000,0.371647,0.292672,0.335681,0.067748,Football-Data closing market average (AvgCH/AvgCD/AvgCA)
66728c5d00b2a047ae8d4c5a9ecfcfa5130ab13c9dfb7e0e58d8b51ca56acfac,2020-21,primary_market_average,market_average_closing,13.080000,6.800000,1.190000,0.071864,0.138233,0.789903,0.063848,Football-Data closing market average (AvgCH/AvgCD/AvgCA)
67adb2dac6b2fae735919829a240ff5a00acec7cbf18532c0a6fa3af389ff04e,2020-21,primary_market_average,market_average_closing,2.590000,3.210000,2.700000,0.361518,0.291692,0.346790,0.067997,Football-Data closing market average (AvgCH/AvgCD/AvgCA)
6837342f295d2cc58e7dbdc461c9c325c59ac9a7ff946fb76b7209c0ac16c254,2020-21,primary_market_average,market_average_closing,2.280000,3.250000,3.150000,0.412312,0.289253,0.298435,0.063749,Football-Data closing market average (AvgCH/AvgCD/AvgCA)
6989d91b315ec3972c3897cd4b8e98278c14a7d4a4b7f1fcc141b57d93127f59,2020-21,primary_market_average,market_average_closing,1.750000,4.300000,3.850000,0.537195,0.218626,0.244179,0.063727,Football-Data closing market average (AvgCH/AvgCD/AvgCA)
6be35ed3d4ffb2dc192f254fc8204448bfc3e162da41da84b9f09ac2f9e93fed,2020-21,primary_market_average,market_average_closing,3.000000,3.500000,2.240000,0.312849,0.268156,0.418994,0.065476,Football-Data closing market average (AvgCH/AvgCD/AvgCA)
6c5d33e451febb04036df93d485f2c9a06a4f6bbd63156a3eed2fb474e3ba2cc,2020-21,primary_market_average,market_average_closing,1.530000,4.110000,5.910000,0.613066,0.228222,0.158712,0.066109,Football-Data closing market average (AvgCH/AvgCD/AvgCA)
6c84d98fa1b98de728f069c815e2ea40c9daf9f719fa920b503e581e0d047059,2020-21,primary_market_average,market_average_closing,1.950000,3.540000,3.710000,0.481590,0.265283,0.253127,0.064848,Football-Data closing market average (AvgCH/AvgCD/AvgCA)
6d5827c69fe6b523b12f42fca9ca6dc4afdd9532ba4e788b9845b517f54a2ef0,2020-21,primary_market_average,market_average_closing,3.760000,3.760000,1.880000,0.250000,0.250000,0.500000,0.063830,Football-Data closing market average (AvgCH/AvgCD/AvgCA)
6da52ed82093768e8daef5ea5a45afb9c196bd5ef9556ca7e0ee62ab74822dd8,2020-21,primary_market_average,market_average_closing,4.780000,3.850000,1.680000,0.196587,0.244075,0.559338,0.064183,Football-Data closing market average (AvgCH/AvgCD/AvgCA)
6dbbca40c259e6f1c0834cd9df27c2f0f037c4d43afed23d3d774e14f7ba5bc6,2020-21,primary_market_average,market_average_closing,2.110000,3.510000,3.270000,0.445157,0.267601,0.287242,0.064644,Football-Data closing market average (AvgCH/AvgCD/AvgCA)
6e98d68dcc86bcd22b8745f8667bfd14b269931eeddf3d3429886fd51d055951,2020-21,primary_market_average,market_average_closing,2.880000,3.160000,2.470000,0.324951,0.296158,0.378891,0.068536,Football-Data closing market average (AvgCH/AvgCD/AvgCA)
6facceb987f502ab44faee116ae322748f3670f50a4c29b441952cb58b0a6d84,2020-21,primary_market_average,market_average_closing,1.960000,3.620000,3.570000,0.478365,0.259004,0.262631,0.066559,Football-Data closing market average (AvgCH/AvgCD/AvgCA)
7041233b8ae7ddd2226c4b32502efb1e30543d51faa5970d99ecddc06f70ddbf,2020-21,primary_market_average,market_average_closing,1.750000,3.740000,4.420000,0.536526,0.251048,0.212426,0.065053,Football-Data closing market average (AvgCH/AvgCD/AvgCA)
7104723fe8caf707e148164b4f04424319205cf7280b4c00e536ea8702cf830e,2020-21,primary_market_average,market_average_closing,1.420000,4.660000,6.880000,0.661762,0.201653,0.136585,0.064166,Football-Data closing market average (AvgCH/AvgCD/AvgCA)
71bbf169cc06e7d1042bbbc908061b05d25c407f83c0541cf3d725996ea16f91,2020-21,primary_market_average,market_average_closing,3.840000,3.370000,1.960000,0.243983,0.278010,0.478007,0.067357,Football-Data closing market average (AvgCH/AvgCD/AvgCA)
71c7c60b36313b4538de8ccb9ce1295b4dcfe110e62444a35972bdf696ac2b37,2020-21,primary_market_average,market_average_closing,2.210000,3.130000,3.380000,0.423744,0.299193,0.277063,0.067835,Football-Data closing market average (AvgCH/AvgCD/AvgCA)
723036cadc850a58655cbf88bb899cae8fa09ed5c29a56983eaa5b986e52d0c7,2020-21,primary_market_average,market_average_closing,4.450000,3.760000,1.750000,0.211579,0.250406,0.538015,0.062105,Football-Data closing market average (AvgCH/AvgCD/AvgCA)
725442de313df091b18ac6b8fbe2cdf55c4b173361647e16cc7b5ef61d5f1892,2020-21,primary_market_average,market_average_closing,1.320000,5.370000,8.270000,0.711529,0.174901,0.113569,0.064714,Football-Data closing market average (AvgCH/AvgCD/AvgCA)
72cf5fe440ee330b4dd8a8b8ac87c4247eaf49a44d19187d643ee95afa15a7d7,2020-21,primary_market_average,market_average_closing,3.480000,3.370000,2.080000,0.269853,0.278662,0.451485,0.064861,Football-Data closing market average (AvgCH/AvgCD/AvgCA)
73335a3fcb6cf640de9759de6ee6184473eef759dbcd6cf9ed6d47bad83176d1,2020-21,primary_market_average,market_average_closing,1.720000,3.780000,4.570000,0.546032,0.248459,0.205509,0.064764,Football-Data closing market average (AvgCH/AvgCD/AvgCA)
73532a8b27b2e747a0a1eb7a1bc012190c68b0e97ff7f6c1460d7a9850d74e37,2020-21,primary_market_average,market_average_closing,2.730000,3.380000,2.470000,0.343294,0.277276,0.379430,0.067017,Football-Data closing market average (AvgCH/AvgCD/AvgCA)
743ad4108b307129787910d4d4803b112f78a00037b5fbcef2b63ceda651d5d9,2020-21,primary_market_average,market_average_closing,2.410000,3.190000,2.960000,0.389154,0.294001,0.316845,0.066255,Football-Data closing market average (AvgCH/AvgCD/AvgCA)
74ae3d5abe9352ffee94a5841ed1d2d63598d6b088ea0cd76a29ef41d6b85de4,2020-21,primary_market_average,market_average_closing,3.190000,3.270000,2.240000,0.294149,0.286952,0.418899,0.065719,Football-Data closing market average (AvgCH/AvgCD/AvgCA)
75f445629769d46f9adbcb6ddaa01b58874cfd8dbff679b07e3dad61927f0081,2020-21,primary_market_average,market_average_closing,2.130000,3.420000,3.290000,0.440485,0.274337,0.285177,0.065833,Football-Data closing market average (AvgCH/AvgCD/AvgCA)
76133765c3f6684c8d54d6e9c826562636104d256d8c8334bab7cbb6ae81a5a1,2020-21,primary_market_average,market_average_closing,1.910000,3.480000,3.910000,0.490836,0.269395,0.239769,0.066671,Football-Data closing market average (AvgCH/AvgCD/AvgCA)
76e134ba7a18874d3036e9f9ff1f3dda38d36b36540582fe0a2ce8ce7adffdb7,2020-21,primary_market_average,market_average_closing,3.420000,3.540000,2.040000,0.274531,0.265225,0.460244,0.065080,Football-Data closing market average (AvgCH/AvgCD/AvgCA)
7781a1bb7fe6a8498847b8edd6c51cdd02394673d6526570b3dac34f46623c0f,2020-21,primary_market_average,market_average_closing,2.690000,2.980000,2.760000,0.347545,0.313724,0.338731,0.069637,Football-Data closing market average (AvgCH/AvgCD/AvgCA)
7864c80707404f08c51bfcaa832eefc670596f9e8c248397c97ae4d9e49bd53c,2020-21,primary_market_average,market_average_closing,3.890000,3.510000,1.910000,0.241260,0.267379,0.491361,0.065530,Football-Data closing market average (AvgCH/AvgCD/AvgCA)
787babe08da6f2fabcca4723e394b74718cc0ec42776670bc1b6af898abc468e,2020-21,primary_market_average,market_average_closing,2.040000,3.270000,3.710000,0.460041,0.286998,0.252961,0.065548,Football-Data closing market average (AvgCH/AvgCD/AvgCA)
7915adf507735560e97bf108fd73ae53712d87873b0e08010118b66b4bd96a10,2020-21,primary_market_average,market_average_closing,2.270000,3.160000,3.220000,0.412656,0.296434,0.290910,0.067543,Football-Data closing market average (AvgCH/AvgCD/AvgCA)
7932950edee496f609ce954aaf92006a2d0400d731df751c4c8ebf98d6502fb5,2020-21,primary_market_average,market_average_closing,2.390000,3.270000,2.920000,0.392252,0.286692,0.321056,0.066686,Football-Data closing market average (AvgCH/AvgCD/AvgCA)
7940d475f344d4a7550e190de6fd721655b28ecb9b176dfef98924a763bc1093,2020-21,primary_market_average,market_average_closing,1.340000,5.030000,8.310000,0.700450,0.186601,0.112949,0.065413,Football-Data closing market average (AvgCH/AvgCD/AvgCA)
7a470baa08051602fc1055431da026518e4b2bc144712f464c2ca5a1ca7aec52,2020-21,primary_market_average,market_average_closing,2.140000,3.150000,3.560000,0.438503,0.297903,0.263594,0.065649,Football-Data closing market average (AvgCH/AvgCD/AvgCA)
7a70e1b9ee9229c05f12f2fe77c787a5213635b6b8a5667ff152c6c7fae462aa,2020-21,primary_market_average,market_average_closing,2.520000,3.180000,2.830000,0.372729,0.295370,0.331900,0.064648,Football-Data closing market average (AvgCH/AvgCD/AvgCA)
7aa616b81443f2bffeba193848e3ebd02233f94c8eac4aa0b7889b404b0ebaa4,2020-21,primary_market_average,market_average_closing,2.860000,3.220000,2.470000,0.328289,0.291586,0.380124,0.065068,Football-Data closing market average (AvgCH/AvgCD/AvgCA)
7b567903d74b13e5bb5ffc9e2605e3a0e6a5bcd894d13078a7d001a4e0fbcb32,2020-21,primary_market_average,market_average_closing,2.720000,3.310000,2.520000,0.344695,0.283254,0.372052,0.066587,Football-Data closing market average (AvgCH/AvgCD/AvgCA)
7ba1b33211258f9faf3944d192e5970901ca3143312c03a63a1d46d320b09ace,2020-21,primary_market_average,market_average_closing,3.950000,3.530000,1.890000,0.237590,0.265859,0.496551,0.065551,Football-Data closing market average (AvgCH/AvgCD/AvgCA)
7bc0933ed70bae312294b8492a4ca7d8435ad8c1eb64319d9715b366f5183810,2020-21,primary_market_average,market_average_closing,4.950000,4.300000,1.590000,0.189956,0.218671,0.591373,0.063509,Football-Data closing market average (AvgCH/AvgCD/AvgCA)
7c3145ef50f5c261565978c752e4c0b77c8016e80b48e431413f47c45ae3a663,2020-21,primary_market_average,market_average_closing,2.330000,3.270000,3.060000,0.404208,0.288013,0.307779,0.061792,Football-Data closing market average (AvgCH/AvgCD/AvgCA)
7c426e6ddfeb9b186d81e91190dee903f6536863c90e5e2cf62c04743cdf6ee4,2020-21,primary_market_average,market_average_closing,3.100000,3.410000,2.220000,0.302527,0.275025,0.422448,0.066286,Football-Data closing market average (AvgCH/AvgCD/AvgCA)
7c4ff7e9d6517b1a22ac980c3e777fba030e46250ae33020a1a96870a820b8fa,2020-21,primary_market_average,market_average_closing,1.740000,3.770000,4.490000,0.540813,0.249606,0.209580,0.062682,Football-Data closing market average (AvgCH/AvgCD/AvgCA)
7c5d18d517e04650bf0275f6cceb4476c9c93f4032a53c476a8b8baf439f6e39,2020-21,primary_market_average,market_average_closing,1.840000,3.540000,4.210000,0.511031,0.265621,0.223348,0.063494,Football-Data closing market average (AvgCH/AvgCD/AvgCA)
7c72189080bf2fe1ab6af269ca20e593404a049e41f4973c3397be1ebc09aef4,2020-21,primary_market_average,market_average_closing,2.960000,3.490000,2.280000,0.317825,0.269560,0.412615,0.062967,Football-Data closing market average (AvgCH/AvgCD/AvgCA)
7d477d4eddc5dff79c27acf2e35e130f229a7fd0c62edbdd167753c8c51a6c76,2020-21,primary_market_average,market_average_closing,1.500000,4.550000,5.760000,0.628896,0.207328,0.163775,0.060058,Football-Data closing market average (AvgCH/AvgCD/AvgCA)
7d66567dde045e9be5e20a8c46213e9550c9ea4b556bd28a43e5177efc5b1da7,2020-21,primary_market_average,market_average_closing,1.820000,3.690000,4.100000,0.516228,0.254617,0.229155,0.064356,Football-Data closing market average (AvgCH/AvgCD/AvgCA)
7e05b301e0b43e79594ec80b6a9b1c0ff61afd9583a507415ff5d8d4739af446,2020-21,primary_market_average,market_average_closing,1.380000,4.800000,7.350000,0.677849,0.194882,0.127270,0.069025,Football-Data closing market average (AvgCH/AvgCD/AvgCA)
7e1ede60b1d79c0d3dfe56f487e063a0807de8279d60bb4e404e1313ef41627d,2020-21,primary_market_average,market_average_closing,1.900000,3.560000,3.870000,0.493909,0.263603,0.242488,0.065613,Football-Data closing market average (AvgCH/AvgCD/AvgCA)
7e49f9f9108cca2346daf9b8c4c1d7e59c0c71864c3c7e9ac790f1d83d25450d,2020-21,primary_market_average,market_average_closing,2.110000,3.170000,3.640000,0.445378,0.296450,0.258172,0.064116,Football-Data closing market average (AvgCH/AvgCD/AvgCA)
7e58bee693d490af4410beb0eab986b2c58b4be948011e9067a9933e5defe822,2020-21,primary_market_average,market_average_closing,2.010000,3.360000,3.710000,0.467291,0.279540,0.253169,0.064673,Football-Data closing market average (AvgCH/AvgCD/AvgCA)
7e8dc41e6682e9277f59ed64eaa906b7420414fc8028315d4ea14d6c012ac156,2020-21,primary_market_average,market_average_closing,1.780000,3.600000,4.480000,0.528607,0.261367,0.210027,0.062790,Football-Data closing market average (AvgCH/AvgCD/AvgCA)
7f652454d4dedcaf4fc45e739de5c8fd52b774c27cdfed662b74d1976a9fc877,2020-21,primary_market_average,market_average_closing,3.730000,3.490000,1.960000,0.251773,0.269087,0.479140,0.064834,Football-Data closing market average (AvgCH/AvgCD/AvgCA)
806b633ed04dbccbb168457e80dc2a2e81c162c3dfd3679e40d171ff5b8adcca,2020-21,primary_market_average,market_average_closing,2.120000,3.460000,3.310000,0.443813,0.271932,0.284255,0.062830,Football-Data closing market average (AvgCH/AvgCD/AvgCA)
812fb54a54ed88b994bfdd9802747ccf6ac4618209eb2026549338bf811345b6,2020-21,primary_market_average,market_average_closing,2.730000,3.570000,2.380000,0.343434,0.262626,0.393939,0.066580,Football-Data closing market average (AvgCH/AvgCD/AvgCA)
8243d08718390a962b2541d1ef2f25fc004ff6248e403073a12c72a732c02ddb,2020-21,primary_market_average,market_average_closing,1.900000,3.750000,3.730000,0.496019,0.251317,0.252664,0.061079,Football-Data closing market average (AvgCH/AvgCD/AvgCA)
83b0939d7c93e4bf474fca1a4e3c3705d613f3d46854171f15f8ce3359a9b027,2020-21,primary_market_average,market_average_closing,1.970000,3.630000,3.610000,0.478834,0.259863,0.261303,0.060105,Football-Data closing market average (AvgCH/AvgCD/AvgCA)
84737da16a163961bb5015036e9979e24530d6de1b70b4137ab83cd68a38a97e,2020-21,primary_market_average,market_average_closing,1.380000,5.090000,7.020000,0.681338,0.184724,0.133938,0.063551,Football-Data closing market average (AvgCH/AvgCD/AvgCA)
84be571e60a7a7a131c7afed7e15a399378c014ad5464e2dd5b75b23b502389c,2020-21,primary_market_average,market_average_closing,2.750000,3.220000,2.580000,0.342474,0.292486,0.365040,0.061792,Football-Data closing market average (AvgCH/AvgCD/AvgCA)
85820b853acad6fb2b0b2364662cfc8f8bd3489f80eaf6bd2242fcb85fb93565,2020-21,primary_market_average,market_average_closing,1.950000,3.620000,3.630000,0.481727,0.259494,0.258779,0.064546,Football-Data closing market average (AvgCH/AvgCD/AvgCA)
85a75e83cbb3ce39303df2bcfd603a4efed4f4b5dd9660f1b2df8aaf79444a80,2020-21,primary_market_average,market_average_closing,2.170000,3.370000,3.300000,0.434501,0.279782,0.285717,0.060596,Football-Data closing market average (AvgCH/AvgCD/AvgCA)
85b8c7309d37c461d770a9ab125091ad1ea1d01926183c4f50d54acb1af5de1a,2020-21,primary_market_average,market_average_closing,2.420000,3.240000,2.920000,0.388247,0.289987,0.321766,0.064331,Football-Data closing market average (AvgCH/AvgCD/AvgCA)
85f0220875c7f586343b42ea903037a86a2dee5cc8461bf3b491cc94c48ea167,2020-21,primary_market_average,market_average_closing,1.850000,3.580000,4.090000,0.507851,0.262437,0.229712,0.064369,Football-Data closing market average (AvgCH/AvgCD/AvgCA)
87751184a56308176fb60dd7ab12cc802fcb1a79bcc1ba32f53320e3430fa957,2020-21,primary_market_average,market_average_closing,2.190000,3.280000,3.280000,0.428198,0.285901,0.285901,0.066377,Football-Data closing market average (AvgCH/AvgCD/AvgCA)
877aa839ea8f45e2e3eb45112290ac0baa6b10f9740eac8f28f3b4b0df80ee11,2020-21,primary_market_average,market_average_closing,1.420000,4.630000,6.980000,0.662193,0.203092,0.134715,0.063475,Football-Data closing market average (AvgCH/AvgCD/AvgCA)
87f6010705866ce8717834dc6a9ad22f2143444bb14cc82365047bdfbc443dd5,2020-21,primary_market_average,market_average_closing,3.960000,3.700000,1.840000,0.236830,0.253472,0.509699,0.066274,Football-Data closing market average (AvgCH/AvgCD/AvgCA)
892d129cadd255a1997b16216c0e7916ef980875740a85aa3c9110f49b19518d,2020-21,primary_market_average,market_average_closing,2.040000,3.340000,3.680000,0.461867,0.282098,0.256035,0.061336,Football-Data closing market average (AvgCH/AvgCD/AvgCA)
8aa6745a6e20b69535ee17648ac4afb3e2788c215b1a3640d70346caa10a9f4b,2020-21,primary_market_average,market_average_closing,2.420000,3.200000,2.940000,0.387690,0.293191,0.319119,0.065859,Football-Data closing market average (AvgCH/AvgCD/AvgCA)
8afe99dccd6d99b2c0e07201609318941109850ca9a00a7e231b5b299a38bee1,2020-21,primary_market_average,market_average_closing,2.260000,3.150000,3.270000,0.415180,0.297875,0.286944,0.065749,Football-Data closing market average (AvgCH/AvgCD/AvgCA)
8b40cc660085df30ec183445138b1c38205e2e09b589885fcd80d9628ec109f7,2020-21,primary_market_average,market_average_closing,2.610000,3.420000,2.560000,0.359365,0.274252,0.366383,0.066164,Football-Data closing market average (AvgCH/AvgCD/AvgCA)
8b6e68789052d3f04339018019eb3dd59fa46692c6e15825c54bf7a7f5f4fcdb,2020-21,primary_market_average,market_average_closing,4.090000,3.470000,1.880000,0.229663,0.270698,0.499639,0.064598,Football-Data closing market average (AvgCH/AvgCD/AvgCA)
8ba062730a562a0caf3e65a30cd401852c742647e84815a9562d652401937ad7,2020-21,primary_market_average,market_average_closing,2.850000,3.220000,2.480000,0.329567,0.291697,0.378736,0.064662,Football-Data closing market average (AvgCH/AvgCD/AvgCA)
8ba637e195073072ab324615ed1e21ebb02081d528d29e81abee2dcf51a914cc,2020-21,primary_market_average,market_average_closing,2.190000,3.230000,3.330000,0.428142,0.290288,0.281571,0.066519,Football-Data closing market average (AvgCH/AvgCD/AvgCA)
8c9bd0c03e3e29df9b9c9f81968e861159f8a87b3bd72d3528a1e42a8ec3fe80,2020-21,primary_market_average,market_average_closing,1.990000,3.390000,3.720000,0.471261,0.276640,0.252099,0.066315,Football-Data closing market average (AvgCH/AvgCD/AvgCA)
8d8588b7c01150882a3422dde5a81393473bf4de018ed62596dbaf2e24d30d19,2020-21,primary_market_average,market_average_closing,2.250000,3.150000,3.290000,0.416984,0.297845,0.285171,0.065856,Football-Data closing market average (AvgCH/AvgCD/AvgCA)
8ded61b483a1f91ec0275e4606dfc3054ed0f430de4003805f5a7e04a0d8ea47,2020-21,primary_market_average,market_average_closing,2.590000,3.290000,2.650000,0.361717,0.284756,0.353527,0.067410,Football-Data closing market average (AvgCH/AvgCD/AvgCA)
8f3b3e61818921683ecc07495a4539135b19db76fc25a05f555c82ba6eca916e,2020-21,primary_market_average,market_average_closing,1.450000,4.570000,6.360000,0.647134,0.205327,0.147539,0.065706,Football-Data closing market average (AvgCH/AvgCD/AvgCA)
90edd0c74aa50583dd841b4e8c134ebc8f92f4a46d7c53a121ffe761271668b5,2020-21,primary_market_average,market_average_closing,5.260000,4.040000,1.590000,0.178248,0.232076,0.589676,0.066570,Football-Data closing market average (AvgCH/AvgCD/AvgCA)
91c71c99b0d5d900dfc8af7e97fcfef93267028e9e9c92240a003c3910a84c14,2020-21,primary_market_average,market_average_closing,2.020000,3.240000,3.830000,0.464928,0.289862,0.245210,0.064788,Football-Data closing market average (AvgCH/AvgCD/AvgCA)
91d2966726a37fdf5cd2060a5b4be4db0346028d97a56aa9a2f97edadedbbc93,2020-21,primary_market_average,market_average_closing,1.390000,4.790000,7.600000,0.678849,0.196994,0.124158,0.059772,Football-Data closing market average (AvgCH/AvgCD/AvgCA)
9277caece492aab7707961bc159fe4aaa7529c93cf15ac7fc071955e93bd5c15,2020-21,primary_market_average,market_average_closing,3.040000,3.260000,2.320000,0.308370,0.287560,0.404071,0.066730,Football-Data closing market average (AvgCH/AvgCD/AvgCA)
9317e58e30be33542b15fcf0053194b2c9dca824f12dd5225f3c261c4c34a538,2020-21,primary_market_average,market_average_closing,4.210000,3.680000,1.800000,0.223069,0.255196,0.521734,0.064824,Football-Data closing market average (AvgCH/AvgCD/AvgCA)
9444d70a462acd006027a90e57ce6b846e93a19295f6ed3f9465335baddf31c2,2020-21,primary_market_average,market_average_closing,1.480000,4.390000,6.230000,0.635046,0.214093,0.150862,0.063980,Football-Data closing market average (AvgCH/AvgCD/AvgCA)
9567a735308426baad1a6012eea22ee175b970cdb9d38b843589f7bb5fb73916,2020-21,primary_market_average,market_average_closing,5.060000,3.910000,1.640000,0.185891,0.240565,0.573543,0.063139,Football-Data closing market average (AvgCH/AvgCD/AvgCA)
960889e0510089314d6abc50954c9710ea85226f03380120909a4ae0f336fd78,2020-21,primary_market_average,market_average_closing,1.290000,5.490000,9.310000,0.728049,0.171072,0.100879,0.064755,Football-Data closing market average (AvgCH/AvgCD/AvgCA)
96e881429fc23736ecf43b49bb6b5ca86deb00e5ec51b0b8d8b4ef86ded5d27e,2020-21,primary_market_average,market_average_closing,2.290000,3.060000,3.300000,0.409449,0.306418,0.284133,0.066509,Football-Data closing market average (AvgCH/AvgCD/AvgCA)
97cb862738ef2d8cc7eba32918c4a826d509eda8f81eb7732c5eaced0367b117,2020-21,primary_market_average,market_average_closing,3.260000,3.450000,2.120000,0.287137,0.271323,0.441540,0.068302,Football-Data closing market average (AvgCH/AvgCD/AvgCA)
98c71c53deaf5f93e3379cbed7d41d45f0584668acf732d5d40ea60620fb6625,2020-21,primary_market_average,market_average_closing,1.600000,4.050000,5.200000,0.587284,0.232013,0.180703,0.064221,Football-Data closing market average (AvgCH/AvgCD/AvgCA)
9939f7d654a17239df99d7064533395c985f48ba27004b1c2bff341ec24bf5bc,2020-21,primary_market_average,market_average_closing,2.660000,3.270000,2.610000,0.353031,0.287175,0.359794,0.064892,Football-Data closing market average (AvgCH/AvgCD/AvgCA)
99408e556b8c9f8a95da36aa8a1da08a11be819eba8fcfcc3e12573282a8a922,2020-21,primary_market_average,market_average_closing,2.360000,3.530000,2.790000,0.397704,0.265887,0.336409,0.065438,Football-Data closing market average (AvgCH/AvgCD/AvgCA)
994100d14ddd3f0d142b144ce2b138eec4c261b10fe1633d793ae5885c649c31,2020-21,primary_market_average,market_average_closing,1.360000,5.160000,7.380000,0.690680,0.182040,0.127280,0.064594,Football-Data closing market average (AvgCH/AvgCD/AvgCA)
9961f691ae762fcc40fd52a02dd0709e430a280d50a216c07035680806f8ec55,2020-21,primary_market_average,market_average_closing,2.670000,3.330000,2.540000,0.350510,0.281040,0.368450,0.068533,Football-Data closing market average (AvgCH/AvgCD/AvgCA)
999d8a8fee90ac13a1c798acc1c8957c81e8f851bd7a2ee8455c775891cb0529,2020-21,primary_market_average,market_average_closing,1.810000,3.660000,4.130000,0.517386,0.255866,0.226748,0.067841,Football-Data closing market average (AvgCH/AvgCD/AvgCA)
9a69e933885017cab4d08a372883db218ccb9942de1d178731bb694308d67d43,2020-21,primary_market_average,market_average_closing,1.350000,5.160000,7.630000,0.695139,0.181868,0.122993,0.065601,Football-Data closing market average (AvgCH/AvgCD/AvgCA)
9c21067c2ac81ce832e2aaa65c259038d9e2f2c4ce3947af336b840a72c5f3ed,2020-21,primary_market_average,market_average_closing,4.520000,4.010000,1.680000,0.207570,0.233969,0.558461,0.065854,Football-Data closing market average (AvgCH/AvgCD/AvgCA)
9c63bcc2f7da183ed4a0a6398c58190f38a8b2c7fd1e99177303ec900e9dcb52,2020-21,primary_market_average,market_average_closing,2.100000,3.290000,3.550000,0.448461,0.286252,0.265287,0.061832,Football-Data closing market average (AvgCH/AvgCD/AvgCA)
9d5a55e261a9b7e9798396716f0838b244c9d4634054cc607ba7a06207a867ad,2020-21,primary_market_average,market_average_closing,3.200000,3.180000,2.290000,0.293801,0.295648,0.410551,0.063647,Football-Data closing market average (AvgCH/AvgCD/AvgCA)
9e744448b34bef79a684e160c0ff54d852507199fb688064220616dc3aab1a4e,2020-21,primary_market_average,market_average_closing,3.190000,3.120000,2.320000,0.294340,0.300943,0.404717,0.065027,Football-Data closing market average (AvgCH/AvgCD/AvgCA)
9ecbb0aa4e1522b6fbe4fb2b4248acf2022cd7d97cd792630fcf4fb1adb15068,2020-21,primary_market_average,market_average_closing,1.650000,4.000000,4.780000,0.568929,0.234683,0.196388,0.065266,Football-Data closing market average (AvgCH/AvgCD/AvgCA)
9f014bff8a4fc5b843ffb7076a6ed54780fe14890fe2230566d2bb9a8412f781,2020-21,primary_market_average,market_average_closing,1.900000,3.550000,3.940000,0.495677,0.265292,0.239032,0.061813,Football-Data closing market average (AvgCH/AvgCD/AvgCA)
9f08f8e6d88f2353017ddd008374e7f1e01eb52243dbcebf3aa88d1339acb692,2020-21,primary_market_average,market_average_closing,3.300000,3.290000,2.180000,0.284349,0.285214,0.430437,0.065697,Football-Data closing market average (AvgCH/AvgCD/AvgCA)
9fd3060213022c6abca1f1aece60752f731e88ec8493991a15e77132ba5b8bce,2020-21,primary_market_average,market_average_closing,3.060000,3.250000,2.330000,0.307234,0.289273,0.403492,0.063674,Football-Data closing market average (AvgCH/AvgCD/AvgCA)
a081d3ecea7a7fafd3d64acdd6a272271bc92093d5aa8ca473d5702906059beb,2020-21,primary_market_average,market_average_closing,2.230000,3.380000,3.120000,0.421140,0.277853,0.301007,0.064801,Football-Data closing market average (AvgCH/AvgCD/AvgCA)
a0f7ba605c13268643924008c001f1f46e757d9a4c856214991b3bc9f67b333b,2020-21,primary_market_average,market_average_closing,2.090000,3.220000,3.650000,0.450112,0.292153,0.257735,0.063001,Football-Data closing market average (AvgCH/AvgCD/AvgCA)
a1204999af2cd1ff2f5fdc898dee32665fca6df2ffc09aa863ac459ef1d31bb3,2020-21,primary_market_average,market_average_closing,3.570000,3.560000,1.990000,0.263381,0.264121,0.472498,0.063523,Football-Data closing market average (AvgCH/AvgCD/AvgCA)
a223116ffc575254a3de8bcc6677165954152bfdf53a3ff497a6f23ed78f5d95,2020-21,primary_market_average,market_average_closing,1.590000,4.190000,5.160000,0.592552,0.224859,0.182589,0.061393,Football-Data closing market average (AvgCH/AvgCD/AvgCA)
a2e9b3d27916e070068e80b4be0b4b4ff3d3d65a7d5f1e1963c97e0799d08cbb,2020-21,primary_market_average,market_average_closing,1.990000,3.310000,3.820000,0.471220,0.283301,0.245478,0.066407,Football-Data closing market average (AvgCH/AvgCD/AvgCA)
a3f6ee2b81a4f6d34e1a0d1bfc6358edce588d6c7cc61417d76fa3f4bd3ba6e5,2020-21,primary_market_average,market_average_closing,5.050000,4.050000,1.610000,0.185751,0.231615,0.582634,0.066051,Football-Data closing market average (AvgCH/AvgCD/AvgCA)
a3f93869934218fd8aaa6cc9bb8cbf1cbf60c610f0bdd7d2c8a2ada957bda845,2020-21,primary_market_average,market_average_closing,1.750000,3.550000,4.730000,0.536787,0.264613,0.198600,0.064535,Football-Data closing market average (AvgCH/AvgCD/AvgCA)
a49ce99a7203458ea29766a452ff399df67a32108dbd8d0067dc587d95da1a48,2020-21,primary_market_average,market_average_closing,2.480000,3.430000,2.690000,0.378077,0.273362,0.348562,0.066518,Football-Data closing market average (AvgCH/AvgCD/AvgCA)
a5c6890de399e0124fa81fca0c5dca61b62f5bed6ed89926a6cf907d9fcbc1b8,2020-21,primary_market_average,market_average_closing,2.370000,3.030000,3.170000,0.395286,0.309184,0.295529,0.067431,Football-Data closing market average (AvgCH/AvgCD/AvgCA)
a5c6bff4994f720200c96e02fb08bd3e9487fef9359e8c17c78386f00903d6d0,2020-21,primary_market_average,market_average_closing,2.090000,3.300000,3.520000,0.449018,0.284378,0.266604,0.065590,Football-Data closing market average (AvgCH/AvgCD/AvgCA)
a62dda41c84021c41c90ca53568e520e120652d88491e2817e26c2daec42d88f,2020-21,primary_market_average,market_average_closing,1.370000,4.940000,7.640000,0.686508,0.190388,0.123104,0.063246,Football-Data closing market average (AvgCH/AvgCD/AvgCA)
a698f314c4c8a7da4864efaa118ce3d744f86aab4a0a7ae5d45e13fca99e86cb,2020-21,primary_market_average,market_average_closing,4.440000,3.880000,1.720000,0.211608,0.242149,0.546243,0.064353,Football-Data closing market average (AvgCH/AvgCD/AvgCA)
a79d94ecd7aa35678d5a6f974aa288acdb77fb79962c8b53321a6b6a48461236,2020-21,primary_market_average,market_average_closing,2.100000,3.310000,3.460000,0.446154,0.283059,0.270787,0.067323,Football-Data closing market average (AvgCH/AvgCD/AvgCA)
a7a05dbb197bdafc4c51c6da01fad66fc579327e1647da7753fa28868b2be642,2020-21,primary_market_average,market_average_closing,2.110000,3.350000,3.420000,0.445076,0.280331,0.274593,0.064839,Football-Data closing market average (AvgCH/AvgCD/AvgCA)
a7e2a90221503c6272a12e805c3b60ce753a0987e1f0dda8f6ddae2dfff5be8f,2020-21,primary_market_average,market_average_closing,1.500000,4.470000,5.790000,0.627102,0.210437,0.162462,0.063092,Football-Data closing market average (AvgCH/AvgCD/AvgCA)
a81347fdaab1dd86e407170acf8a4cccf5b9f759c31050d792879b71937ec471,2020-21,primary_market_average,market_average_closing,2.490000,3.250000,2.840000,0.378370,0.289890,0.331740,0.061411,Football-Data closing market average (AvgCH/AvgCD/AvgCA)
a8d3852aa0e878be6883d42fd04c80baaad40bee050f4e52772d40b840ba0489,2020-21,primary_market_average,market_average_closing,2.560000,3.190000,2.790000,0.367638,0.295032,0.337330,0.062528,Football-Data closing market average (AvgCH/AvgCD/AvgCA)
a9337609d0ef77443b0914a7a6b8999602c546ba2fca43fea45c77bb40276ff0,2020-21,primary_market_average,market_average_closing,4.000000,3.980000,1.790000,0.235868,0.237053,0.527079,0.059915,Football-Data closing market average (AvgCH/AvgCD/AvgCA)
a9adb37b5e3e2288ca09ee31cde136a4cd3695b2cf6cae389c5bd440176d27ef,2020-21,primary_market_average,market_average_closing,2.530000,3.190000,2.800000,0.370827,0.294104,0.335069,0.065879,Football-Data closing market average (AvgCH/AvgCD/AvgCA)
a9af16aef328ce554cd5d662d87a7447889f26e7fbbe49e967649a8839b2d443,2020-21,primary_market_average,market_average_closing,3.280000,3.460000,2.110000,0.285512,0.270659,0.443829,0.067829,Football-Data closing market average (AvgCH/AvgCD/AvgCA)
aa53fb5e7c5ee69e3ad7e6c6a8f29cf8caeb0e549f820a94c9e72e7d208e02f3,2020-21,primary_market_average,market_average_closing,1.350000,5.440000,7.440000,0.699490,0.173587,0.126924,0.058973,Football-Data closing market average (AvgCH/AvgCD/AvgCA)
aa8a50290e31b768e0a0c8340a535addeca933508f36a67738567cc8d160ca07,2020-21,primary_market_average,market_average_closing,2.760000,3.250000,2.510000,0.339117,0.287989,0.372894,0.068418,Football-Data closing market average (AvgCH/AvgCD/AvgCA)
ab84bf6d042c5207ba7f5393a4bf283931d8dce74de2354f2526ea9efc30e6db,2020-21,primary_market_average,market_average_closing,2.880000,3.260000,2.430000,0.325879,0.287893,0.386227,0.065493,Football-Data closing market average (AvgCH/AvgCD/AvgCA)
ac53f5695cbd421cbb80e5d269a45dc21245e85a6ecfc45ba567d23b4886d3df,2020-21,primary_market_average,market_average_closing,2.060000,3.330000,3.560000,0.455110,0.281540,0.263350,0.066636,Football-Data closing market average (AvgCH/AvgCD/AvgCA)
ac9aa818aec75aee408e865fbcd423bd4d7d47f51cdfd0dd073a0cf176cc2d90,2020-21,primary_market_average,market_average_closing,2.470000,3.220000,2.860000,0.380124,0.291586,0.328289,0.065068,Football-Data closing market average (AvgCH/AvgCD/AvgCA)
ad73b2ff0ab98e09235f0da35b67778692053c0b58140a9423fa107592299096,2020-21,primary_market_average,market_average_closing,1.580000,4.140000,5.260000,0.594522,0.226895,0.178583,0.064571,Football-Data closing market average (AvgCH/AvgCD/AvgCA)
adfbe41fc37e4dea4aeab2d7f33a1ac7fa8e711f07eb696bd36cb8c867c1b4c5,2020-21,primary_market_average,market_average_closing,2.560000,3.240000,2.720000,0.366126,0.289285,0.344589,0.066914,Football-Data closing market average (AvgCH/AvgCD/AvgCA)
ae0f0e1eed0c8d99d9c87008b46faa93a88786bee85915ece8b75f7896986e8e,2020-21,primary_market_average,market_average_closing,2.340000,3.420000,2.910000,0.401875,0.274967,0.323157,0.063391,Football-Data closing market average (AvgCH/AvgCD/AvgCA)
afddf17641b2de8a81c8589b2defd2a667fcae5431807dececbd3947c87463cc,2020-21,primary_market_average,market_average_closing,2.720000,2.950000,2.780000,0.344774,0.317893,0.337333,0.066342,Football-Data closing market average (AvgCH/AvgCD/AvgCA)
b0437af05eb47d15c06687bb726937a2650b19795cba35fd71fcfc672322e84a,2020-21,primary_market_average,market_average_closing,2.100000,3.510000,3.310000,0.447882,0.267964,0.284155,0.063206,Football-Data closing market average (AvgCH/AvgCD/AvgCA)
b06fa1920a3cf934fc7ae8aefbb41a0a967d9916eb9cf91830a2d90dc5e31068,2020-21,primary_market_average,market_average_closing,2.160000,3.550000,3.110000,0.434219,0.264201,0.301580,0.066197,Football-Data closing market average (AvgCH/AvgCD/AvgCA)
b0a4383085bec70b96183db662cb8953986f99015c83f9f14e61d91d518e33b5,2020-21,primary_market_average,market_average_closing,1.570000,3.880000,5.820000,0.597229,0.241662,0.161108,0.066496,Football-Data closing market average (AvgCH/AvgCD/AvgCA)
b190d3db7230a8ed6d13e065e131b168ff6fb2ce1f6aa09ad90fa63f9207fe9c,2020-21,primary_market_average,market_average_closing,2.790000,3.280000,2.490000,0.336577,0.286295,0.377128,0.064907,Football-Data closing market average (AvgCH/AvgCD/AvgCA)
b21ddc7b161cf5b989b146713a8c9aba242554fa4a3072f74dcb9da6fd48e5a7,2020-21,primary_market_average,market_average_closing,2.070000,3.390000,3.470000,0.453071,0.276654,0.270276,0.066261,Football-Data closing market average (AvgCH/AvgCD/AvgCA)
b28c0902b33375e71e251555e46b120ccda501f0e95a6e15a48c90efc1f0d051,2020-21,primary_market_average,market_average_closing,1.570000,4.150000,5.390000,0.598948,0.226590,0.174462,0.063435,Football-Data closing market average (AvgCH/AvgCD/AvgCA)
b2c2cef5039417a25114aebf7cfcef005f087a9403c9ba97da55166c9be29d30,2020-21,primary_market_average,market_average_closing,1.870000,3.400000,4.310000,0.504064,0.277235,0.218701,0.060896,Football-Data closing market average (AvgCH/AvgCD/AvgCA)
b3116df8cf5c8a5e24d2ace962e503f511c9641a029efc3afe5de6fd7bae12c1,2020-21,primary_market_average,market_average_closing,3.770000,3.440000,1.970000,0.249399,0.273324,0.477277,0.063564,Football-Data closing market average (AvgCH/AvgCD/AvgCA)
b32608551f75910085bb422a6de095e770f586995466b222b5424f378e32bcaf,2020-21,primary_market_average,market_average_closing,1.360000,5.080000,7.410000,0.689060,0.184473,0.126467,0.067097,Football-Data closing market average (AvgCH/AvgCD/AvgCA)
b3497c52c7502a44abb794c80728e7ec7e9d7da7cdb3736c5eca35b39d39d078,2020-21,primary_market_average,market_average_closing,2.310000,3.180000,3.150000,0.406546,0.295321,0.298133,0.064826,Football-Data closing market average (AvgCH/AvgCD/AvgCA)
b37790b901773c81c706b142f2226f7b6f2da8090038e9db3e2be152bb00441b,2020-21,primary_market_average,market_average_closing,1.730000,3.720000,4.580000,0.542657,0.252365,0.204978,0.065192,Football-Data closing market average (AvgCH/AvgCD/AvgCA)
b3c51c28cf8486b64c95473fc2ec25bd40ececab6574244d97ce08fc4767fc91,2020-21,primary_market_average,market_average_closing,3.480000,3.370000,2.080000,0.269853,0.278662,0.451485,0.064861,Football-Data closing market average (AvgCH/AvgCD/AvgCA)
b4c9b0d05cd96c3f1d00b933fcb61a9bddc7f121e812e9205f19c5451096e3cb,2020-21,primary_market_average,market_average_closing,2.020000,3.450000,3.530000,0.463447,0.271351,0.265202,0.068191,Football-Data closing market average (AvgCH/AvgCD/AvgCA)
b53cb8801cf8609af878052f9cd931ead7a2b9f3b14529e63776a4e302467308,2020-21,primary_market_average,market_average_closing,2.730000,3.240000,2.550000,0.343267,0.289235,0.367498,0.067099,Football-Data closing market average (AvgCH/AvgCD/AvgCA)
b59e8959dc52b7a1482df6569362606733e6b64ff0b1eba96c11c5b12682ef78,2020-21,primary_market_average,market_average_closing,1.640000,3.910000,5.110000,0.574588,0.241004,0.184408,0.061205,Football-Data closing market average (AvgCH/AvgCD/AvgCA)
b5d3ec9225b7de4d331f71cfb569db06049645f33ede059194a71b7017758f26,2020-21,primary_market_average,market_average_closing,2.620000,3.330000,2.610000,0.358344,0.281940,0.359717,0.065121,Football-Data closing market average (AvgCH/AvgCD/AvgCA)
b65c137138a61d63f6c0ba858757651d795bf7ec9d9bebe76e44161fdb8115db,2020-21,primary_market_average,market_average_closing,1.350000,5.360000,7.490000,0.698272,0.175871,0.125857,0.060819,Football-Data closing market average (AvgCH/AvgCD/AvgCA)
b6a72bcedc5b826c8235404dce2b2c4601d78fc443c302176a5c84ca00c04410,2020-21,primary_market_average,market_average_closing,2.100000,3.380000,3.390000,0.446275,0.277271,0.276454,0.067034,Football-Data closing market average (AvgCH/AvgCD/AvgCA)
b7b65e70df0c182c40b38c01e9f171a846357c9b392b4d4d6a9711176c2380f4,2020-21,primary_market_average,market_average_closing,2.640000,3.230000,2.650000,0.355421,0.290499,0.354080,0.065744,Football-Data closing market average (AvgCH/AvgCD/AvgCA)
b7c29002379a5ab4ae3ec5c8e75152ca8dc4870ccf07e50f0f88756154059a7b,2020-21,primary_market_average,market_average_closing,4.880000,3.830000,1.670000,0.192444,0.245203,0.562352,0.064817,Football-Data closing market average (AvgCH/AvgCD/AvgCA)
b7cf3fecdffbb83a6b431bdc34362cff2bd230576fb4b8a98f2be42add114275,2020-21,primary_market_average,market_average_closing,1.700000,4.130000,4.250000,0.551991,0.227212,0.220797,0.065660,Football-Data closing market average (AvgCH/AvgCD/AvgCA)
b82e5c344dc7a750fefd651fe45676c9584f93dbd2084da1c372d2cc3518e658,2020-21,primary_market_average,market_average_closing,1.630000,3.900000,5.060000,0.574685,0.240189,0.185126,0.067536,Football-Data closing market average (AvgCH/AvgCD/AvgCA)
b86c045f27807fea80419ecea3d978dbc3c982a9c935665ac5d1c573df63ba8e,2020-21,primary_market_average,market_average_closing,4.420000,4.050000,1.690000,0.212461,0.231871,0.555668,0.064874,Football-Data closing market average (AvgCH/AvgCD/AvgCA)
bb1ebb58c1cbc7ffa8355bdbaad45908dc398ac0bb261729ff0be8513ea97dce,2020-21,primary_market_average,market_average_closing,1.810000,3.700000,4.070000,0.517088,0.252954,0.229958,0.068457,Football-Data closing market average (AvgCH/AvgCD/AvgCA)
bb97633eac2a544af5e9d11045b8b65ef24cc21fa2a354679b69932595432ada,2020-21,primary_market_average,market_average_closing,2.180000,3.340000,3.220000,0.429237,0.280161,0.290602,0.068676,Football-Data closing market average (AvgCH/AvgCD/AvgCA)
bc50b65bf50f628c93484a8b2d96d5d66fdf76156ce13d4749abb5456bad3e11,2020-21,primary_market_average,market_average_closing,2.780000,3.480000,2.390000,0.337606,0.269697,0.392697,0.065479,Football-Data closing market average (AvgCH/AvgCD/AvgCA)
bcbc33a5990e3b757f141679891568494af9ec03b3df1347a2c4c7d4c594560b,2020-21,primary_market_average,market_average_closing,3.620000,3.430000,2.020000,0.259911,0.274308,0.465781,0.062838,Football-Data closing market average (AvgCH/AvgCD/AvgCA)
bcdacbc293daef78d45f213035d450dd632d598ce398509c173a86be209649c3,2020-21,primary_market_average,market_average_closing,1.870000,3.640000,3.950000,0.503232,0.258529,0.238239,0.062649,Football-Data closing market average (AvgCH/AvgCD/AvgCA)
bd90476373cb8f5b14501180961d759d787d7180cfb13578baff5d1f1c85c122,2020-21,primary_market_average,market_average_closing,3.070000,3.480000,2.200000,0.305098,0.269152,0.425750,0.067635,Football-Data closing market average (AvgCH/AvgCD/AvgCA)
be463d62a134718dbf75fc8f338b1bf896afcc88d8c5822fd711913ef40c6368,2020-21,primary_market_average,market_average_closing,2.230000,3.180000,3.310000,0.421057,0.295270,0.283673,0.065011,Football-Data closing market average (AvgCH/AvgCD/AvgCA)
beba6a22f1162f4aa6eda716eff5e8c8244288647ccb859b7127a55c10c71fb1,2020-21,primary_market_average,market_average_closing,1.750000,3.730000,4.440000,0.536678,0.251793,0.211529,0.064750,Football-Data closing market average (AvgCH/AvgCD/AvgCA)
bfff35f0702653818e88b3c4022bb5514269c6365e686da3f047500f61fd177e,2020-21,primary_market_average,market_average_closing,1.720000,3.650000,4.730000,0.544998,0.256821,0.198181,0.066784,Football-Data closing market average (AvgCH/AvgCD/AvgCA)
c0091a90356a50ab747945046a7017c3b0c0912740f962496b43825830d3465e,2020-21,primary_market_average,market_average_closing,2.720000,3.280000,2.550000,0.345312,0.286356,0.368332,0.064682,Football-Data closing market average (AvgCH/AvgCD/AvgCA)
c21162533c527ca692aacf0609a8b12c38a6d93f6389d7a91905ccb0fc039ac5,2020-21,primary_market_average,market_average_closing,2.230000,3.290000,3.190000,0.420721,0.285170,0.294109,0.065861,Football-Data closing market average (AvgCH/AvgCD/AvgCA)
c222c9dee6ecaeec16f241538d018ffdfdf7b4c4bfb9968b2ad8fa2566c446ac,2020-21,primary_market_average,market_average_closing,1.660000,3.670000,5.220000,0.564868,0.255499,0.179632,0.066460,Football-Data closing market average (AvgCH/AvgCD/AvgCA)
c293c0ece6dde29ebf38d46ab588ce29d082f4ad1edb3a8c7937262799b69f63,2020-21,primary_market_average,market_average_closing,5.400000,4.240000,1.550000,0.173688,0.221206,0.605106,0.066196,Football-Data closing market average (AvgCH/AvgCD/AvgCA)
c30d196cd7562afcb37708f431ae303b38b11ad272019d38d4ed64f83451bfcf,2020-21,primary_market_average,market_average_closing,1.510000,4.350000,5.710000,0.620511,0.215396,0.164093,0.067268,Football-Data closing market average (AvgCH/AvgCD/AvgCA)
c4106174c6592177e95b6a01277ac6196615e03cc08274a179ce0678f66ca640,2020-21,primary_market_average,market_average_closing,3.170000,3.290000,2.250000,0.296523,0.285708,0.417769,0.063853,Football-Data closing market average (AvgCH/AvgCD/AvgCA)
c4d4060bcffd96765a0f506e94688b0f1c3924f0471d8b994d5316ff7e00d240,2020-21,primary_market_average,market_average_closing,4.160000,3.660000,1.810000,0.225481,0.256285,0.518234,0.066095,Football-Data closing market average (AvgCH/AvgCD/AvgCA)
c532e168bc8f9434cb065c0766aea2645b80d430530ac065b8cc79884f89f0fa,2020-21,primary_market_average,market_average_closing,1.370000,4.770000,7.910000,0.684739,0.196665,0.118596,0.065993,Football-Data closing market average (AvgCH/AvgCD/AvgCA)
c64359fc888add0bb045b6cbb5693658d88d886906f7a26700e1b1152e1cbfeb,2020-21,primary_market_average,market_average_closing,1.850000,3.690000,3.940000,0.507383,0.254379,0.238238,0.065350,Football-Data closing market average (AvgCH/AvgCD/AvgCA)
c79fc7907e1cc83dd69e85bd9ed58126e6d7a423a656b07122d93d4c5e439df5,2020-21,primary_market_average,market_average_closing,2.060000,3.270000,3.640000,0.455393,0.286884,0.257723,0.065973,Football-Data closing market average (AvgCH/AvgCD/AvgCA)
c7ad49d27ae1d18760f81915acff0f8b0947db5fb0ac8925c2cf1ba96519083a,2020-21,primary_market_average,market_average_closing,2.390000,3.190000,2.980000,0.391968,0.293669,0.314363,0.067460,Football-Data closing market average (AvgCH/AvgCD/AvgCA)
cb3cd778b3439729c872aed14a1bb75e089c90bf35f8a0f3cf759e02490997a8,2020-21,primary_market_average,market_average_closing,2.550000,3.470000,2.590000,0.367725,0.270230,0.362045,0.066442,Football-Data closing market average (AvgCH/AvgCD/AvgCA)
cc312bae3e94b2db1b66a717bf202f7153ee553de25b915d8368e1c65becf1eb,2020-21,primary_market_average,market_average_closing,1.500000,4.460000,5.760000,0.626276,0.210631,0.163093,0.064493,Football-Data closing market average (AvgCH/AvgCD/AvgCA)
ccf77a4d52776d5b852fe079cdcac495fb26e54deb6f063197169f4d94584db9,2020-21,primary_market_average,market_average_closing,2.070000,3.210000,3.680000,0.453030,0.292141,0.254829,0.066357,Football-Data closing market average (AvgCH/AvgCD/AvgCA)
cd8b48cf9af59e3bb1facde60ead72a34e0bcfbe7b9323d3be4f787470329384,2020-21,primary_market_average,market_average_closing,1.630000,4.000000,4.960000,0.575994,0.234718,0.189288,0.065110,Football-Data closing market average (AvgCH/AvgCD/AvgCA)
cda40818877f50de0c7f973bef8a41e7fe29082ce2550ce9ee03b9a90f0bee5e,2020-21,primary_market_average,market_average_closing,2.120000,3.180000,3.600000,0.443350,0.295567,0.261084,0.063941,Football-Data closing market average (AvgCH/AvgCD/AvgCA)
ce6855653f635174f5e159f69af719430d8873d300fad24db655b22127cfb0fb,2020-21,primary_market_average,market_average_closing,1.780000,3.740000,4.270000,0.528318,0.251446,0.220236,0.063369,Football-Data closing market average (AvgCH/AvgCD/AvgCA)
cee9f11b7fddd568089fa9d9b3fd316244aeb1ce228337f18acfc33645653663,2020-21,primary_market_average,market_average_closing,1.690000,3.880000,4.610000,0.554889,0.241691,0.203419,0.066368,Football-Data closing market average (AvgCH/AvgCD/AvgCA)
cf66c7d3d27e6eda1c895a6be474f5bcaa0b9390c2a2cc2df4dc81c42efa56b4,2020-21,primary_market_average,market_average_closing,1.750000,3.490000,4.800000,0.535901,0.268718,0.195381,0.066295,Football-Data closing market average (AvgCH/AvgCD/AvgCA)
d0ee9ea83cdcedea70c011b8157260d7ffae1cefe3221e7bb49a29274a8b725d,2020-21,primary_market_average,market_average_closing,1.510000,4.360000,5.740000,0.621351,0.215193,0.163456,0.065825,Football-Data closing market average (AvgCH/AvgCD/AvgCA)
d1ab554df94e998bfcb8eca58dc330766dc71ee2b0c83205415e497a5b53dbdf,2020-21,primary_market_average,market_average_closing,2.680000,3.140000,2.680000,0.350446,0.299107,0.350446,0.064740,Football-Data closing market average (AvgCH/AvgCD/AvgCA)
d209aae92834b6fbf9f38e66c6650125f0b93a855c7f24b59f0f70197f272ad0,2020-21,primary_market_average,market_average_closing,1.860000,3.440000,4.230000,0.504945,0.273023,0.222033,0.064739,Football-Data closing market average (AvgCH/AvgCD/AvgCA)
d27cfc2690eb9fdd57801276e69fe1e9172bc3479ea6f01f67ae477a8c7ab186,2020-21,primary_market_average,market_average_closing,2.500000,3.280000,2.790000,0.376187,0.286728,0.337085,0.063301,Football-Data closing market average (AvgCH/AvgCD/AvgCA)
d3260194509b329cdf72c2f537b052d7b28a44862ee6b6a92b02ccaa36076efc,2020-21,primary_market_average,market_average_closing,2.730000,3.390000,2.470000,0.343575,0.276684,0.379741,0.066144,Football-Data closing market average (AvgCH/AvgCD/AvgCA)
d4d0914e8fd7725d58b33f7928ef5cfb2ff90e205d35c0297f98d1afe2370403,2020-21,primary_market_average,market_average_closing,3.610000,3.520000,1.980000,0.259821,0.266464,0.473714,0.066150,Football-Data closing market average (AvgCH/AvgCD/AvgCA)
d56774fca6b0b4ccec987bfc247ceb68d25690d4e02ccf73ebb9896ce4265ab9,2020-21,primary_market_average,market_average_closing,1.620000,3.860000,5.370000,0.580934,0.243812,0.175254,0.062571,Football-Data closing market average (AvgCH/AvgCD/AvgCA)
d6054e9adcaf4212d6eae890ebed7d73d4645ff407f20d237c8ba8441768c171,2020-21,primary_market_average,market_average_closing,1.640000,3.750000,5.330000,0.573057,0.250617,0.176325,0.064040,Football-Data closing market average (AvgCH/AvgCD/AvgCA)
d669a9e99d1d4478ef754f9249f6dce5629743832b2d696ff6014162b3a00cb7,2020-21,primary_market_average,market_average_closing,2.090000,3.420000,3.380000,0.448540,0.274108,0.277352,0.066725,Football-Data closing market average (AvgCH/AvgCD/AvgCA)
d704610848591aad77469bf45c98d7d00cf7d346b866b9a693366f0698ef3800,2020-21,primary_market_average,market_average_closing,1.940000,3.480000,3.790000,0.483245,0.269395,0.247360,0.066672,Football-Data closing market average (AvgCH/AvgCD/AvgCA)
d77c2c21d44efef50daf95c96c3a31c6bc6c1899344e6ae941a6279238ed04f7,2020-21,primary_market_average,market_average_closing,1.720000,3.670000,4.730000,0.545762,0.255779,0.198459,0.065291,Football-Data closing market average (AvgCH/AvgCD/AvgCA)
d789089958569ef2bd505b399ae654b88d84b1ea257bc37d19b3edfb9e1470e5,2020-21,primary_market_average,market_average_closing,2.980000,3.340000,2.310000,0.314242,0.280372,0.405386,0.067872,Football-Data closing market average (AvgCH/AvgCD/AvgCA)
d8f53f61be3e908233628bbf051ba4291f9c1db33631ec2848665ea722819198,2020-21,primary_market_average,market_average_closing,1.550000,4.060000,5.720000,0.605051,0.230992,0.163956,0.066292,Football-Data closing market average (AvgCH/AvgCD/AvgCA)
da784adf5c09f2c5fdafcb00b65c76a5fd29f9ba60f01ddcd5cb43e4e81361d8,2020-21,primary_market_average,market_average_closing,2.650000,3.360000,2.590000,0.355637,0.280487,0.363876,0.061078,Football-Data closing market average (AvgCH/AvgCD/AvgCA)
da7e683c8472d9613f8cf09fca42b208061b92d0f956a743adab2460958e3a88,2020-21,primary_market_average,market_average_closing,1.830000,3.340000,4.600000,0.513946,0.281593,0.204461,0.063241,Football-Data closing market average (AvgCH/AvgCD/AvgCA)
dab0101536e02eeff7ce5d327d4aba4b1516a4d9c0265c87fffe0b3343006779,2020-21,primary_market_average,market_average_closing,4.430000,3.760000,1.740000,0.211677,0.249397,0.538926,0.066404,Football-Data closing market average (AvgCH/AvgCD/AvgCA)
db2637ce62c94d5353c9b29cef797549eaa9bb912813ba602d365eda4f1386e7,2020-21,primary_market_average,market_average_closing,1.400000,4.720000,7.140000,0.669932,0.198709,0.131359,0.066206,Football-Data closing market average (AvgCH/AvgCD/AvgCA)
dbc88d5d072dc5aac0a80133d84160b108043c480324e1e1dd9600bd190460c4,2020-21,primary_market_average,market_average_closing,2.290000,3.120000,3.250000,0.410073,0.300983,0.288944,0.064886,Football-Data closing market average (AvgCH/AvgCD/AvgCA)
dd112e651d33004869a04128aa8e60b1545b4288c7b88fc455ff9eabe0f9e0ba,2020-21,primary_market_average,market_average_closing,2.250000,3.340000,3.120000,0.417570,0.281297,0.301132,0.064358,Football-Data closing market average (AvgCH/AvgCD/AvgCA)
dd18a9efa7af503ebf921ecbee60a0b56c86bc40e01b41347438539d5ed9e53a,2020-21,primary_market_average,market_average_closing,2.360000,3.230000,3.050000,0.399294,0.291744,0.308962,0.061195,Football-Data closing market average (AvgCH/AvgCD/AvgCA)
dd20ec90271ee6579ea290d2424ff1379ea1708dc260c560d9f28882b779194e,2020-21,primary_market_average,market_average_closing,3.550000,3.340000,2.080000,0.265280,0.281959,0.452761,0.061861,Football-Data closing market average (AvgCH/AvgCD/AvgCA)
dd57ada5fde33cc45522adaaab1cb282450673dcdbd9a7417a8d2392ff4c430d,2020-21,primary_market_average,market_average_closing,2.280000,3.310000,3.100000,0.412489,0.284132,0.303379,0.063292,Football-Data closing market average (AvgCH/AvgCD/AvgCA)
dd99418c42dccd143ee0282a8b2e77152ad09656dbddc5f13558dd4c05cabb8e,2020-21,primary_market_average,market_average_closing,2.150000,3.320000,3.370000,0.437527,0.283338,0.279135,0.063057,Football-Data closing market average (AvgCH/AvgCD/AvgCA)
ddf2a4e655d258f2c4f9cf3d84c8e57fd736fb1319dc24f33322cb5bbee86d8a,2020-21,primary_market_average,market_average_closing,2.150000,3.170000,3.490000,0.435867,0.295619,0.268514,0.067107,Football-Data closing market average (AvgCH/AvgCD/AvgCA)
de4a6f22bfc8fdd5cb731c64b21daa672af5d41777109ad198131b11693e259d,2020-21,primary_market_average,market_average_closing,2.430000,3.390000,2.780000,0.385964,0.276664,0.337371,0.066220,Football-Data closing market average (AvgCH/AvgCD/AvgCA)
deab6873a362a8a3edf6af1350561db4aea052ff228ad2bd85f000185907246c,2020-21,primary_market_average,market_average_closing,2.930000,3.410000,2.320000,0.320290,0.275205,0.404504,0.065587,Football-Data closing market average (AvgCH/AvgCD/AvgCA)
df928e47d9835c3758531398a2e05d98d093b674520274b392dbb99d54d68b20,2020-21,primary_market_average,market_average_closing,1.400000,4.740000,7.000000,0.668736,0.197517,0.133747,0.068113,Football-Data closing market average (AvgCH/AvgCD/AvgCA)
e19ae91ee06e0ff0501e0fbf3868778e24efcb5e96a16eb7b50a370131b6c357,2020-21,primary_market_average,market_average_closing,3.400000,3.580000,2.040000,0.276519,0.262616,0.460865,0.063643,Football-Data closing market average (AvgCH/AvgCD/AvgCA)
e24b0f7871d6433aefc2f6c178db873450dd678f28063a75ed04be08c68c6a02,2020-21,primary_market_average,market_average_closing,1.310000,5.400000,8.700000,0.717789,0.174130,0.108081,0.063486,Football-Data closing market average (AvgCH/AvgCD/AvgCA)
e2c8d69fe8b6bae24767354b5512db35407baf6745ffe7f417cdf46505fbb441,2020-21,primary_market_average,market_average_closing,1.670000,3.890000,4.810000,0.562905,0.241658,0.195437,0.063772,Football-Data closing market average (AvgCH/AvgCD/AvgCA)
e3471c3a90300d48dbb78874b04c3430a66218c083468da24ed58d7fcefafb1f,2020-21,primary_market_average,market_average_closing,2.720000,3.160000,2.610000,0.344482,0.296517,0.359001,0.067245,Football-Data closing market average (AvgCH/AvgCD/AvgCA)
e3a92941a06e654e18ab8866b3f2622420cfd38496ad846af04ce4064df47b3f,2020-21,primary_market_average,market_average_closing,2.170000,3.440000,3.240000,0.434675,0.274199,0.291125,0.060169,Football-Data closing market average (AvgCH/AvgCD/AvgCA)
e509d73e22c773a1398ca0fb4a931182af8f21c4e7f8c7859d300aa3513edebf,2020-21,primary_market_average,market_average_closing,2.410000,3.390000,2.800000,0.388859,0.276445,0.334696,0.067066,Football-Data closing market average (AvgCH/AvgCD/AvgCA)
e5631a65ed7a3b729dbe43c3f8982768b744dd403dac7a1dc2fbb7e8dbbc0d11,2020-21,primary_market_average,market_average_closing,1.420000,4.620000,6.990000,0.662030,0.203481,0.134490,0.063737,Football-Data closing market average (AvgCH/AvgCD/AvgCA)
e6014a9b3de0b9b47f9b90d8deabdc1c716fa96e59c3d8b1b21977f1ad1b4bfd,2020-21,primary_market_average,market_average_closing,2.580000,3.360000,2.640000,0.364281,0.279716,0.356002,0.064004,Football-Data closing market average (AvgCH/AvgCD/AvgCA)
e64e3fb0235c21be3d66d7cc7005bb6ecd11ff8afd0b5b0850dff67eb72720fb,2020-21,primary_market_average,market_average_closing,2.780000,3.140000,2.570000,0.337034,0.298393,0.364573,0.067289,Football-Data closing market average (AvgCH/AvgCD/AvgCA)
e7347f8939913e0bfd00855decaedff0c9912231b6f7efa11460b478da861950,2020-21,primary_market_average,market_average_closing,1.690000,3.700000,4.890000,0.554828,0.253421,0.191750,0.066485,Football-Data closing market average (AvgCH/AvgCD/AvgCA)
e76388ef409cbdffe7e283586d7930493448317bfa27c10f78f1d7c2d9124a00,2020-21,primary_market_average,market_average_closing,3.040000,3.410000,2.280000,0.310094,0.276447,0.413459,0.060799,Football-Data closing market average (AvgCH/AvgCD/AvgCA)
e7c07c9c60e29b4c6563779d53c1ce4bf915b23d74ab2ea0a66c9c8b116bc866,2020-21,primary_market_average,market_average_closing,3.470000,3.220000,2.140000,0.270333,0.291322,0.438344,0.066033,Football-Data closing market average (AvgCH/AvgCD/AvgCA)
e7c83db303e5d1022b5effddfc155e8fa4fef28c74923b6c283c0eee750b4111,2020-21,primary_market_average,market_average_closing,2.690000,3.090000,2.690000,0.348365,0.303269,0.348365,0.067119,Football-Data closing market average (AvgCH/AvgCD/AvgCA)
eaf20015fc956c155058070c7a19841d90d7c692ba250625d133d6574432ece7,2020-21,primary_market_average,market_average_closing,2.960000,3.190000,2.420000,0.317356,0.294474,0.388170,0.064541,Football-Data closing market average (AvgCH/AvgCD/AvgCA)
eafb0e1c2ddf0460d96d48c3b7e6e0ef56c1c40be81f4ab493fbd9ecf5e27a04,2020-21,primary_market_average,market_average_closing,2.170000,3.550000,3.080000,0.431814,0.263954,0.304232,0.067195,Football-Data closing market average (AvgCH/AvgCD/AvgCA)
ebf0af7247193b1d4864b14ae766ac7951c5a1a93080e71e1d8a0bf5d4efd3f6,2020-21,primary_market_average,market_average_closing,3.910000,3.770000,1.850000,0.240926,0.249873,0.509201,0.061547,Football-Data closing market average (AvgCH/AvgCD/AvgCA)
ec9149120a882287df337afdede11dee9871448e4764d1952a6d1d1fc3d8ebaa,2020-21,primary_market_average,market_average_closing,2.740000,3.320000,2.500000,0.342313,0.282512,0.375175,0.066168,Football-Data closing market average (AvgCH/AvgCD/AvgCA)
ed661687001b479f62df49d9273e312d8bee32861e444839c0f0f3c721720e39,2020-21,primary_market_average,market_average_closing,3.050000,3.150000,2.370000,0.307203,0.297451,0.395346,0.067270,Football-Data closing market average (AvgCH/AvgCD/AvgCA)
ed90001085bf28c56e3102d41f3ebef3a0fb824db030317ce69d9854cfb0b55e,2020-21,primary_market_average,market_average_closing,3.630000,3.640000,1.940000,0.258506,0.257796,0.483699,0.065671,Football-Data closing market average (AvgCH/AvgCD/AvgCA)
ee60a0e45d06d9d22eada7dbdee7bcafa64e4cc67db1d4d368ad3d7202cccc2f,2020-21,primary_market_average,market_average_closing,2.300000,3.250000,3.060000,0.406615,0.287759,0.305626,0.069272,Football-Data closing market average (AvgCH/AvgCD/AvgCA)
eeb612701d6648f85571888f63f79e4d2505c2b65dfec3ffe4b245057459afa3,2020-21,primary_market_average,market_average_closing,2.800000,2.980000,2.700000,0.335950,0.315658,0.348392,0.063084,Football-Data closing market average (AvgCH/AvgCD/AvgCA)
efa0a2ad647a4212bf1e9e37081d71de617ae453156f838311d2470cee13342e,2020-21,primary_market_average,market_average_closing,1.890000,3.570000,3.920000,0.497128,0.263185,0.239687,0.064315,Football-Data closing market average (AvgCH/AvgCD/AvgCA)
f10b6848025c422845a372fae81bc3d1ac30722de8e1e92f49ed91c772a9c264,2020-21,primary_market_average,market_average_closing,2.790000,3.110000,2.600000,0.336680,0.302037,0.361283,0.064582,Football-Data closing market average (AvgCH/AvgCD/AvgCA)
f2155f5d3447d094b3cab5e1530f83100ba2266ff01087e8b1f74acef4eceb75,2020-21,primary_market_average,market_average_closing,6.510000,4.630000,1.430000,0.143709,0.202062,0.654229,0.068893,Football-Data closing market average (AvgCH/AvgCD/AvgCA)
f24d80ab1f25fc121963d654b10bb4e3aa8e14070275631763a05712be9b87fb,2020-21,primary_market_average,market_average_closing,2.170000,3.120000,3.490000,0.431539,0.300141,0.268321,0.067875,Football-Data closing market average (AvgCH/AvgCD/AvgCA)
f2bf66f6af779b16842e1b34a8cbdbba14447c186e308d659cec2a6a223ecc29,2020-21,primary_market_average,market_average_closing,3.830000,3.620000,1.910000,0.246109,0.260386,0.493506,0.060900,Football-Data closing market average (AvgCH/AvgCD/AvgCA)
f2c899db274a76a091af5e7876bcda4ee57a189dfcbdd8227c86626a29981584,2020-21,primary_market_average,market_average_closing,1.700000,3.960000,4.430000,0.551560,0.236781,0.211660,0.066494,Football-Data closing market average (AvgCH/AvgCD/AvgCA)
f372906e4a89e4ca11eaf9aee237dc5ee256760405a1ff145bde7084d25e4be9,2020-21,primary_market_average,market_average_closing,2.730000,3.280000,2.540000,0.343983,0.286303,0.369714,0.064879,Football-Data closing market average (AvgCH/AvgCD/AvgCA)
f3ce9d857a0b3f4c6c1635986d734596fecb129b50dfd82ed66b27c2e9128fec,2020-21,primary_market_average,market_average_closing,2.240000,3.100000,3.390000,0.419578,0.303179,0.277243,0.063994,Football-Data closing market average (AvgCH/AvgCD/AvgCA)
f400fe352936d9863c7c6188c7057753f7dc79c8ae9df4d7c502859c390654a4,2020-21,primary_market_average,market_average_closing,1.760000,3.870000,4.160000,0.532522,0.242180,0.225298,0.066964,Football-Data closing market average (AvgCH/AvgCD/AvgCA)
f59cb7bd89ad3ac9f1dce16a6482356ca45cc2c55951a8ffcbc0ae38361531cb,2020-21,primary_market_average,market_average_closing,2.230000,3.380000,3.120000,0.421140,0.277853,0.301007,0.064801,Football-Data closing market average (AvgCH/AvgCD/AvgCA)
f6163019ff14275a09f490bc9857aa6e0af2a31fdea2860a864c8b6cc2f4237e,2020-21,primary_market_average,market_average_closing,2.150000,3.360000,3.330000,0.437536,0.279971,0.282493,0.063036,Football-Data closing market average (AvgCH/AvgCD/AvgCA)
f7225e156afec5b64b8a5f9b0cc013ac39513d813cb7b48fc9862a436d92b762,2020-21,primary_market_average,market_average_closing,3.150000,3.080000,2.350000,0.297340,0.304098,0.398562,0.067668,Football-Data closing market average (AvgCH/AvgCD/AvgCA)
f7b38a680118798b1f13818c3c2b087c86c66c7881d5919aa366d506aa8e27cd,2020-21,primary_market_average,market_average_closing,1.860000,3.800000,3.820000,0.505974,0.247661,0.246364,0.062572,Football-Data closing market average (AvgCH/AvgCD/AvgCA)
f7db5f9a489711bfeef4c00230d265e139a0d05b7756bb67aa71128cdd895fec,2020-21,primary_market_average,market_average_closing,1.680000,3.870000,4.800000,0.560504,0.243320,0.196176,0.061969,Football-Data closing market average (AvgCH/AvgCD/AvgCA)
f86d6b8ee71204e8d3ea94201050454340b2ddee80277f72275925332a90af50,2020-21,primary_market_average,market_average_closing,2.770000,3.190000,2.540000,0.337965,0.293468,0.368568,0.068191,Football-Data closing market average (AvgCH/AvgCD/AvgCA)
faa7f299182dbe1392ad217730e321f71cedcabe24d2b4e3d10360f788977fe4,2020-21,primary_market_average,market_average_closing,2.420000,3.170000,2.950000,0.387035,0.295465,0.317500,0.067664,Football-Data closing market average (AvgCH/AvgCD/AvgCA)
fb063b74332dee70405dea3eb457cfb599fd90881ff73922a620d6924e3bf286,2020-21,primary_market_average,market_average_closing,2.400000,3.020000,3.150000,0.391143,0.310842,0.298014,0.065253,Football-Data closing market average (AvgCH/AvgCD/AvgCA)
fb2eb63adbc158487de8798f6ccefa86a8406d4e9d02ae338fa71cb20382ab45,2020-21,primary_market_average,market_average_closing,3.440000,3.580000,2.010000,0.272306,0.261657,0.466036,0.067540,Football-Data closing market average (AvgCH/AvgCD/AvgCA)
fbb761659cce138bb478eba948ed480d93f2418ef36d52ea171dfacc7c243fca,2020-21,primary_market_average,market_average_closing,2.160000,3.410000,3.250000,0.435152,0.275639,0.289209,0.063910,Football-Data closing market average (AvgCH/AvgCD/AvgCA)
fc9883398d8bd9c4ad7c6b7a64f26283626ac62958cb8de0b66df286891f20c2,2020-21,primary_market_average,market_average_closing,3.110000,3.540000,2.170000,0.301959,0.265280,0.432761,0.064859,Football-Data closing market average (AvgCH/AvgCD/AvgCA)
fcd15dc70ab887886c7bec6bf9b3395b136fc0af2d68f263dc46e103d4f88bf3,2020-21,primary_market_average,market_average_closing,1.700000,3.750000,4.720000,0.551419,0.249977,0.198604,0.066766,Football-Data closing market average (AvgCH/AvgCD/AvgCA)
fcfac1f2ec1e82620afda0db66f59c958871a23e99ea494b703003aee0cfd11f,2020-21,primary_market_average,market_average_closing,3.530000,3.430000,2.040000,0.265990,0.273744,0.460266,0.065027,Football-Data closing market average (AvgCH/AvgCD/AvgCA)
fd6e077fada093af3d7dd4c0796f4aa6d1200b7ae8c8d395686902b726c173c3,2020-21,primary_market_average,market_average_closing,2.600000,3.380000,2.580000,0.360103,0.277002,0.362895,0.068070,Football-Data closing market average (AvgCH/AvgCD/AvgCA)
ff0cccce4c4ec114588bfae62c92e6236dc4637e93e7c8c22ffab2348382c9ae,2020-21,primary_market_average,market_average_closing,4.350000,4.120000,1.690000,0.215993,0.228050,0.555957,0.064319,Football-Data closing market average (AvgCH/AvgCD/AvgCA)
ff0d9589ffc04f6d2d52c1d7244d7b5d314b5fa2ae85506ba5402c55f9d39784,2020-21,primary_market_average,market_average_closing,2.120000,3.390000,3.420000,0.445384,0.278529,0.276086,0.059081,Football-Data closing market average (AvgCH/AvgCD/AvgCA)
ffda4104c5f4ea6c4707f16ff41c43a77223ae352e24aef24191fd3ab4fb8e3e,2020-21,primary_market_average,market_average_closing,3.210000,3.490000,2.160000,0.293610,0.270054,0.436337,0.061022,Football-Data closing market average (AvgCH/AvgCD/AvgCA)
0074a70991d201ec2e254a0afb0e901c86a39c74a7a626fe85fda2dea9b27eac,2021-22,primary_market_average,market_average_closing,2.310000,3.290000,3.040000,0.406174,0.285186,0.308639,0.065799,Football-Data closing market average (AvgCH/AvgCD/AvgCA)
0093018eee8778c627f1715985bdd6f8ac49343381767e360fcc708b775f369b,2021-22,primary_market_average,market_average_closing,3.220000,3.640000,2.110000,0.293197,0.259366,0.447437,0.059218,Football-Data closing market average (AvgCH/AvgCD/AvgCA)
018629ccad7dafe9a8657325975f526a7476f92291b9dba33d5fd94f9cea2540,2021-22,primary_market_average,market_average_closing,2.520000,3.410000,2.730000,0.375646,0.277604,0.346750,0.056381,Football-Data closing market average (AvgCH/AvgCD/AvgCA)
01c7b64faf02221ebe06efc68671d62a96d8798c37fd988a8ffe51cb253406a7,2021-22,primary_market_average,market_average_closing,2.400000,3.250000,2.930000,0.390996,0.288735,0.320269,0.065656,Football-Data closing market average (AvgCH/AvgCD/AvgCA)
03c496c94753d593432c07d77adfc53d8ab18b89bb63d9f254379113db658792,2021-22,primary_market_average,market_average_closing,2.430000,3.200000,2.960000,0.387549,0.294295,0.318157,0.061860,Football-Data closing market average (AvgCH/AvgCD/AvgCA)
0488b8c9d1e786ff4f0d272e60f361e149d1c3a5ebfb66702d0806632dfecc31,2021-22,primary_market_average,market_average_closing,2.140000,3.310000,3.440000,0.440797,0.284986,0.274217,0.060102,Football-Data closing market average (AvgCH/AvgCD/AvgCA)
04eefecd8c137d42a5d3da732a0824580839828408ac07a88276fb717f8221dd,2021-22,primary_market_average,market_average_closing,3.370000,3.570000,2.070000,0.279955,0.264272,0.455773,0.059940,Football-Data closing market average (AvgCH/AvgCD/AvgCA)
0647ea1a74d4d599cf5608d472db33e8e65d5351455855f3f7dcfb162e9f51f9,2021-22,primary_market_average,market_average_closing,5.140000,3.810000,1.650000,0.183008,0.246893,0.570099,0.063080,Football-Data closing market average (AvgCH/AvgCD/AvgCA)
06779d85602546e84db525c24be2cb157b6df79835d77b3ca5eaca51edb7c3a1,2021-22,primary_market_average,market_average_closing,2.790000,3.500000,2.410000,0.338430,0.269777,0.391793,0.059075,Football-Data closing market average (AvgCH/AvgCD/AvgCA)
07889f446d30cd4319d9836e82e566d27de4467cf7425093145351d0967be2f5,2021-22,primary_market_average,market_average_closing,1.590000,3.960000,5.670000,0.594552,0.238722,0.166726,0.057823,Football-Data closing market average (AvgCH/AvgCD/AvgCA)
07a2afbbcad4d9c7e920b4499f996e5f184e69e0741b84e0135348ac97f9a6f7,2021-22,primary_market_average,market_average_closing,2.750000,3.200000,2.600000,0.342810,0.294602,0.362588,0.060752,Football-Data closing market average (AvgCH/AvgCD/AvgCA)
0880eabd932c688df68f3e95cfe6d3ece1811c1765b42bf2c377f11b479da5d1,2021-22,primary_market_average,market_average_closing,1.950000,3.550000,3.680000,0.480957,0.264188,0.254855,0.066250,Football-Data closing market average (AvgCH/AvgCD/AvgCA)
08831d3a0f87b5a24aa2a42809ed472f79eca558d0cc100afe66a7914621c367,2021-22,primary_market_average,market_average_closing,3.040000,3.490000,2.260000,0.310927,0.270836,0.418238,0.057958,Football-Data closing market average (AvgCH/AvgCD/AvgCA)
098efe87e8c6c7030fa6e3c07dd853c197cdde258d885d8d1032a157ad07bbb5,2021-22,primary_market_average,market_average_closing,2.410000,3.220000,2.950000,0.389803,0.291747,0.318449,0.064480,Football-Data closing market average (AvgCH/AvgCD/AvgCA)
0a86b71e718cb47de5a2e4f312bc15a789fb6caa08d2c8e1124db9b02d86c785,2021-22,primary_market_average,market_average_closing,1.860000,3.640000,3.960000,0.504876,0.257986,0.237139,0.064885,Football-Data closing market average (AvgCH/AvgCD/AvgCA)
0a92f74d8b885c1fe6d3f27360e4306df0f6211a515909b16a07dab0e4f881a3,2021-22,primary_market_average,market_average_closing,2.020000,3.620000,3.410000,0.465033,0.259493,0.275474,0.064548,Football-Data closing market average (AvgCH/AvgCD/AvgCA)
0ab77c1c1eac7ec284abfe9c714090354cc88dc0c027127846f16e3e5b105df1,2021-22,primary_market_average,market_average_closing,1.940000,3.420000,3.910000,0.484633,0.274909,0.240458,0.063616,Football-Data closing market average (AvgCH/AvgCD/AvgCA)
0bf7f2918d656e7813cdbaf68b197164cf068a79aa44e5ea9c8adf25d2546690,2021-22,primary_market_average,market_average_closing,2.150000,3.460000,3.250000,0.438034,0.272189,0.289777,0.061826,Football-Data closing market average (AvgCH/AvgCD/AvgCA)
0c87a46b68bce4dff045fff343b81dafa57dcbcb97a86e88bf3918c1c801f72a,2021-22,primary_market_average,market_average_closing,1.870000,3.630000,4.070000,0.506429,0.260888,0.232684,0.055942,Football-Data closing market average (AvgCH/AvgCD/AvgCA)
0ea906418a3dbf570e2816d320fa0c05249314878bff75c1a8c392578afef395,2021-22,primary_market_average,market_average_closing,4.830000,3.830000,1.690000,0.195347,0.246352,0.558301,0.059852,Football-Data closing market average (AvgCH/AvgCD/AvgCA)
0fd95b44e1f8e1a4afce64851d4f5404571976f46ef35ab33dfe86660eece8dc,2021-22,primary_market_average,market_average_closing,3.250000,3.360000,2.180000,0.289177,0.279710,0.431113,0.064027,Football-Data closing market average (AvgCH/AvgCD/AvgCA)
100570bd94179e0b497cb22668f0cae89874670e752a9e0c97ad36b601a4a639,2021-22,primary_market_average,market_average_closing,1.560000,4.180000,5.470000,0.602992,0.225040,0.171968,0.063075,Football-Data closing market average (AvgCH/AvgCD/AvgCA)
11604361de1fb70ce320bd97ea4f7d6e534cbb07073719c3f452dc1eeeaed4f4,2021-22,primary_market_average,market_average_closing,1.760000,3.700000,4.560000,0.537161,0.255514,0.207325,0.057750,Football-Data closing market average (AvgCH/AvgCD/AvgCA)
1220180b080cb957c681220abcb4aadcec9f1b841037866f950f849867501e05,2021-22,primary_market_average,market_average_closing,3.490000,3.710000,1.980000,0.270027,0.254015,0.475957,0.061125,Football-Data closing market average (AvgCH/AvgCD/AvgCA)
12d4ade8885080eae6757ec1252bc30e59ec6834750e4bf7e793ae3a418dde53,2021-22,primary_market_average,market_average_closing,2.400000,3.200000,3.040000,0.393782,0.295337,0.310881,0.058114,Football-Data closing market average (AvgCH/AvgCD/AvgCA)
14484bab34e8f85102f5e8e2fa0ce457905addfd58c4c6b74610376bd950830e,2021-22,primary_market_average,market_average_closing,1.760000,3.700000,4.460000,0.534675,0.254332,0.210993,0.062667,Football-Data closing market average (AvgCH/AvgCD/AvgCA)
149aa4ab8f6539081b0b2b3a13c09d0d6e45305b671a7d204bb398c41598cdcf,2021-22,primary_market_average,market_average_closing,3.080000,3.460000,2.230000,0.305685,0.272113,0.422202,0.062123,Football-Data closing market average (AvgCH/AvgCD/AvgCA)
14c98e50c4d1c0ac854b80f872f62adaba1561c2c0616b0c0cbeeb2d8be7effe,2021-22,primary_market_average,market_average_closing,2.370000,3.180000,3.070000,0.397256,0.296068,0.306676,0.062139,Football-Data closing market average (AvgCH/AvgCD/AvgCA)
14e68c8153a0e4923008785a076e29152533adb2f01cd43e37669f983ee1f331,2021-22,primary_market_average,market_average_closing,1.400000,4.710000,7.510000,0.674010,0.200343,0.125648,0.059756,Football-Data closing market average (AvgCH/AvgCD/AvgCA)
156edd386fcd83e052b1c23dce3a8f0978201146ff7e72bea938e8d893f6dce8,2021-22,primary_market_average,market_average_closing,1.720000,3.600000,4.960000,0.548080,0.261860,0.190060,0.060786,Football-Data closing market average (AvgCH/AvgCD/AvgCA)
17161e9b591fc73846434624ca265219455c1a2de921bf06bdc7f5afb4de1d3c,2021-22,primary_market_average,market_average_closing,2.120000,3.650000,3.220000,0.446587,0.259387,0.294026,0.056230,Football-Data closing market average (AvgCH/AvgCD/AvgCA)
1742dc7e1427a4b5866dc794260e72d80b44d56a5f4ca3d0c255d8b261b1b8f4,2021-22,primary_market_average,market_average_closing,2.850000,3.330000,2.440000,0.330700,0.283032,0.386268,0.061014,Football-Data closing market average (AvgCH/AvgCD/AvgCA)
17b48d56a171f75bab04f929fec1ba7ec0fee5416a54dc1f66eaebb5d6ad40f2,2021-22,primary_market_average,market_average_closing,2.220000,3.250000,3.330000,0.425578,0.290703,0.283719,0.058443,Football-Data closing market average (AvgCH/AvgCD/AvgCA)
17fb753142f88f411d0188ab6690d824a1d38ba32e5414bb164199428593dbd5,2021-22,primary_market_average,market_average_closing,2.360000,3.200000,3.080000,0.399403,0.294560,0.306036,0.060904,Football-Data closing market average (AvgCH/AvgCD/AvgCA)
187173e4d813b8f7547ea4d63aaa5a7c0fa0abdfb48d4662879512821e1ff1c4,2021-22,primary_market_average,market_average_closing,2.350000,3.150000,3.160000,0.401654,0.299647,0.298699,0.059448,Football-Data closing market average (AvgCH/AvgCD/AvgCA)
18aafc83f24ab7359b2e7b3a77413781e8229e52b1b7ed1aa902fcaedd3c152f,2021-22,primary_market_average,market_average_closing,1.940000,3.410000,3.970000,0.486008,0.276497,0.237495,0.060608,Football-Data closing market average (AvgCH/AvgCD/AvgCA)
18ca1430b94c4848d1e830ad4ccf989406fec7360e7b11b491d59da1fdd908b8,2021-22,primary_market_average,market_average_closing,2.190000,3.460000,3.190000,0.431133,0.272885,0.295982,0.059118,Football-Data closing market average (AvgCH/AvgCD/AvgCA)
18df39d5648edd05c9e2b2713bb9a9de35b02330d8540732aad2e2952f5bd9da,2021-22,primary_market_average,market_average_closing,1.860000,3.740000,3.950000,0.508075,0.252679,0.239246,0.058179,Football-Data closing market average (AvgCH/AvgCD/AvgCA)
1a2ec9e0942eb3e1a8c8cf5db8fab78d27d7ad250d24fd211a1621b5db7f7ffb,2021-22,primary_market_average,market_average_closing,2.740000,3.530000,2.400000,0.342716,0.266017,0.391267,0.064916,Football-Data closing market average (AvgCH/AvgCD/AvgCA)
1acaa9bcddc6099e36da7366ff8020d0466fd580ae1bb4f284348df80f36d2db,2021-22,primary_market_average,market_average_closing,3.290000,3.440000,2.150000,0.286810,0.274304,0.438886,0.059765,Football-Data closing market average (AvgCH/AvgCD/AvgCA)
1b9849eed479ae9ab187a49b394a97d0b0ecd3f439d1e8478a3e4d536d3fe9ed,2021-22,primary_market_average,market_average_closing,1.730000,3.760000,4.680000,0.546518,0.251457,0.202025,0.057667,Football-Data closing market average (AvgCH/AvgCD/AvgCA)
1bac69bc1aec79379079609dc1d06f8d2572e4ac244fea2ad0e471bb3e97422c,2021-22,primary_market_average,market_average_closing,2.120000,3.400000,3.380000,0.444297,0.277032,0.278671,0.061674,Football-Data closing market average (AvgCH/AvgCD/AvgCA)
1c7eb2184f8fc4af527c27f5f544904d0de033cdb1875583ff7a628191a328bf,2021-22,primary_market_average,market_average_closing,2.140000,3.400000,3.320000,0.439756,0.276787,0.283457,0.062612,Football-Data closing market average (AvgCH/AvgCD/AvgCA)
1d91cd9747dbf16150aaab1af860658e4fa277889295f7a96b187ba9575826ec,2021-22,primary_market_average,market_average_closing,2.640000,3.150000,2.770000,0.358273,0.300267,0.341459,0.057259,Football-Data closing market average (AvgCH/AvgCD/AvgCA)
1dc8d3da72dcf0ffd20636984616d7b5d1abab9c950eaedddaf501cef94f3231,2021-22,primary_market_average,market_average_closing,1.620000,3.910000,5.380000,0.582942,0.241526,0.175533,0.058912,Football-Data closing market average (AvgCH/AvgCD/AvgCA)
1e2cf91a43bbcc702b89ef87ce089b8606f8dedc0bdcc2e1b661a35037bc6571,2021-22,primary_market_average,market_average_closing,1.780000,3.370000,4.920000,0.529107,0.279469,0.191425,0.061786,Football-Data closing market average (AvgCH/AvgCD/AvgCA)
1efd86022baf5a4564ac6343577c3dcf9fa523f98c0db87e6d8db1b49012039f,2021-22,primary_market_average,market_average_closing,2.600000,3.280000,2.680000,0.361947,0.286910,0.351143,0.062628,Football-Data closing market average (AvgCH/AvgCD/AvgCA)
1f7892dc22c117d1e44fc18eed9d54ae239da7240fad4addaa811dcaf1fa0936,2021-22,primary_market_average,market_average_closing,2.540000,3.340000,2.680000,0.369243,0.280802,0.349955,0.066236,Football-Data closing market average (AvgCH/AvgCD/AvgCA)
2129000d3d603b5a5e19d79aef6536336d060a03867113538734cddb8640d0f4,2021-22,primary_market_average,market_average_closing,2.800000,3.360000,2.490000,0.338086,0.281738,0.380177,0.056368,Football-Data closing market average (AvgCH/AvgCD/AvgCA)
212ddd83c0e2cc62aebd7a3b6de7dc40f271d43c2c43bd2f5a9e122ae3e447a5,2021-22,primary_market_average,market_average_closing,3.800000,3.550000,1.940000,0.248189,0.265667,0.486144,0.060312,Football-Data closing market average (AvgCH/AvgCD/AvgCA)
213d745455df6e9bad0447d10010c808d91b7b39ac98e0f22d9cbc00762737e8,2021-22,primary_market_average,market_average_closing,1.810000,3.660000,4.260000,0.520991,0.257649,0.221360,0.060452,Football-Data closing market average (AvgCH/AvgCD/AvgCA)
21dd93fe3666b78fec24e43d1a63753fe4122357ec3afdf4303704214ed0c8df,2021-22,primary_market_average,market_average_closing,1.410000,4.860000,6.880000,0.668867,0.194054,0.137079,0.060330,Football-Data closing market average (AvgCH/AvgCD/AvgCA)
24dc9fa7cba585881170e304524186ac4ec6af126a6d34e679d5ab52d7d839ac,2021-22,primary_market_average,market_average_closing,1.790000,3.440000,4.830000,0.528835,0.275179,0.195986,0.056396,Football-Data closing market average (AvgCH/AvgCD/AvgCA)
257a73d380bb09bda65fc12179b1362c106b57e5febf332006bd47994661fd6c,2021-22,primary_market_average,market_average_closing,2.210000,3.360000,3.270000,0.428526,0.281858,0.289616,0.055918,Football-Data closing market average (AvgCH/AvgCD/AvgCA)
295cbdd8694a00d54900f3eae933e7cc0558d6e9d7c6057f422bc30df77fcdfe,2021-22,primary_market_average,market_average_closing,2.140000,3.210000,3.520000,0.439634,0.293089,0.267277,0.062907,Football-Data closing market average (AvgCH/AvgCD/AvgCA)
29f480e8f89247619c5edc7b31cf64a1c443e5f0443e59b5f5bbbc2b7c9e5d94,2021-22,primary_market_average,market_average_closing,4.380000,3.790000,1.770000,0.215971,0.249592,0.534437,0.057134,Football-Data closing market average (AvgCH/AvgCD/AvgCA)
2a31ee940aa17ef66075c94bc9f1399959421399c67ac9acdf2aad6f07ca39de,2021-22,primary_market_average,market_average_closing,2.540000,3.270000,2.740000,0.369855,0.287288,0.342858,0.064475,Football-Data closing market average (AvgCH/AvgCD/AvgCA)
2a6039dd5adf1e2dd6b4a2b70d4b1bfc9bfe0cdae13a6106bd743424b628427f,2021-22,primary_market_average,market_average_closing,1.860000,3.580000,4.150000,0.508196,0.264035,0.227770,0.057928,Football-Data closing market average (AvgCH/AvgCD/AvgCA)
2b4cdbaca8e071d385b89e008c584ef3f7c834266e66c0d548a339bbad2d2fb4,2021-22,primary_market_average,market_average_closing,3.100000,3.260000,2.310000,0.303683,0.288778,0.407539,0.062230,Football-Data closing market average (AvgCH/AvgCD/AvgCA)
2b7e44b0730f474f34576dc4343edf4a98647724bc465770ecb1e5ea883c6ace,2021-22,primary_market_average,market_average_closing,2.340000,3.380000,2.980000,0.403626,0.279433,0.316941,0.058779,Football-Data closing market average (AvgCH/AvgCD/AvgCA)
2bf346a438f7856a471b33904695c3e2470082b0f4b41d9cb198a09f338faf7a,2021-22,primary_market_average,market_average_closing,3.100000,3.360000,2.270000,0.304112,0.280580,0.415308,0.060728,Football-Data closing market average (AvgCH/AvgCD/AvgCA)
2c46242594d2cb0e8d3a97f7eda302724e711dfa890060774f10daa55d784a00,2021-22,primary_market_average,market_average_closing,1.780000,3.480000,4.630000,0.527442,0.269783,0.202775,0.065137,Football-Data closing market average (AvgCH/AvgCD/AvgCA)
2c877c1edf38fb393a45ed623e496507ae30fdd651331ea7d4a847f6ffeadc7e,2021-22,primary_market_average,market_average_closing,2.140000,3.640000,3.130000,0.440215,0.258808,0.300978,0.061504,Football-Data closing market average (AvgCH/AvgCD/AvgCA)
2dcfc89e0519d98b9300dd4d150ae1272d837681eab8f5ec40faa4c1f2861a6b,2021-22,primary_market_average,market_average_closing,1.860000,3.540000,4.210000,0.508329,0.267088,0.224583,0.057650,Football-Data closing market average (AvgCH/AvgCD/AvgCA)
2f7a4ca1240f89f2f6ca8fccf7dc82375f078d18d84ecf7772b71ab9c52df111,2021-22,primary_market_average,market_average_closing,1.990000,3.450000,3.650000,0.471250,0.271822,0.256928,0.066340,Football-Data closing market average (AvgCH/AvgCD/AvgCA)
2faab3846d0472f0eda9f2a3e52bd9833e74add9b230791a3f04142d59f73452,2021-22,primary_market_average,market_average_closing,1.680000,3.770000,4.920000,0.559570,0.249357,0.191073,0.063742,Football-Data closing market average (AvgCH/AvgCD/AvgCA)
316c06f1200bb6a44e7857b19a71e5ad6b92fec4f289eaad40ed86d134173519,2021-22,primary_market_average,market_average_closing,2.090000,3.170000,3.820000,0.453222,0.298812,0.247967,0.055706,Football-Data closing market average (AvgCH/AvgCD/AvgCA)
3290162cd290f46699a5078f6bc5d2cb99016062521c12645c6acca76d2aa700,2021-22,primary_market_average,market_average_closing,2.820000,3.200000,2.530000,0.333792,0.294155,0.372053,0.062367,Football-Data closing market average (AvgCH/AvgCD/AvgCA)
331a5451472fbd969c1bea90a5d43edc372290a8690b2f288cf45049b977545d,2021-22,primary_market_average,market_average_closing,1.870000,3.490000,4.230000,0.505588,0.270902,0.223510,0.057699,Football-Data closing market average (AvgCH/AvgCD/AvgCA)
3657307d387b21a51c7f594044b0d641a45d6be701f47f8c77e7d7954794d042,2021-22,primary_market_average,market_average_closing,1.980000,3.510000,3.770000,0.478629,0.269996,0.251375,0.055203,Football-Data closing market average (AvgCH/AvgCD/AvgCA)
372a2667facd691f6f9fe669d7d41043cf2e40e10d487072f2b3fbb2964f0abd,2021-22,primary_market_average,market_average_closing,2.120000,3.470000,3.320000,0.444542,0.271594,0.283864,0.061087,Football-Data closing market average (AvgCH/AvgCD/AvgCA)
37386dd578f8ac06599029974e543ffe5a3eabd3e9c886c29f5a4da98b653f01,2021-22,primary_market_average,market_average_closing,1.880000,3.470000,4.140000,0.501029,0.271451,0.227520,0.061645,Football-Data closing market average (AvgCH/AvgCD/AvgCA)
3834efb016d8703c73d75d1f5e5ab5644f088449bea2f256a7d9cbbaae2e3d3f,2021-22,primary_market_average,market_average_closing,2.850000,3.400000,2.400000,0.330498,0.277035,0.392467,0.061662,Football-Data closing market average (AvgCH/AvgCD/AvgCA)
3915853467a04b23c8d7ebc60b6fd092d3a984ee9036bb5316d6fbb6bcf7a5f7,2021-22,primary_market_average,market_average_closing,2.830000,3.170000,2.580000,0.334488,0.298612,0.366900,0.056411,Football-Data closing market average (AvgCH/AvgCD/AvgCA)
3b2219ae6d317b9445e6cbcca886b669e36b9d839b197815f0b7781a4dd220e2,2021-22,primary_market_average,market_average_closing,1.560000,4.040000,5.910000,0.606025,0.234010,0.159966,0.057755,Football-Data closing market average (AvgCH/AvgCD/AvgCA)
3b5989a079261b5f681b6b0c51d036395bea7e5ff9b10ad81aeaf0dce2748ee1,2021-22,primary_market_average,market_average_closing,2.760000,3.430000,2.430000,0.340082,0.273652,0.386266,0.065387,Football-Data closing market average (AvgCH/AvgCD/AvgCA)
3bd2ae4f87f623635be4d37c38c79d0f7e696b750e5be27bf144658c32606665,2021-22,primary_market_average,market_average_closing,3.510000,3.290000,2.140000,0.269756,0.287794,0.442450,0.056141,Football-Data closing market average (AvgCH/AvgCD/AvgCA)
3bf1e62491589f1fbd64cd8def21b893fb14819e5077359848147a23a8e3affb,2021-22,primary_market_average,market_average_closing,1.710000,3.790000,4.730000,0.551660,0.248902,0.199437,0.060064,Football-Data closing market average (AvgCH/AvgCD/AvgCA)
3c74e15366f290011f0954acaaa536567c11c56b70136c6f9a7118471d35a5f7,2021-22,primary_market_average,market_average_closing,2.870000,3.140000,2.550000,0.329001,0.300711,0.370288,0.059060,Football-Data closing market average (AvgCH/AvgCD/AvgCA)
3c890caccb2f6c1c76f677cb01fbfd7065f681e702b3b4337e299255d1d75334,2021-22,primary_market_average,market_average_closing,2.450000,3.310000,2.840000,0.384193,0.284373,0.331434,0.062391,Football-Data closing market average (AvgCH/AvgCD/AvgCA)
3e18e997adef70bd25510253104762900814921b91623e947e23d49e3f23a14f,2021-22,primary_market_average,market_average_closing,2.110000,3.360000,3.470000,0.447218,0.280842,0.271940,0.059737,Football-Data closing market average (AvgCH/AvgCD/AvgCA)
3f82af278c7f118d577bb32eb16e58c97ca7441240fcae9ce2aeff04568f27b2,2021-22,primary_market_average,market_average_closing,2.830000,2.870000,2.780000,0.332884,0.328245,0.338871,0.061501,Football-Data closing market average (AvgCH/AvgCD/AvgCA)
3fca3eda582dbce17ed0e9db9644c2d2d879160870499fbc764d93cffc75ab52,2021-22,primary_market_average,market_average_closing,2.050000,3.500000,3.480000,0.459814,0.269319,0.270867,0.060875,Football-Data closing market average (AvgCH/AvgCD/AvgCA)
40c85250a38b58954b3c2d03c2a538e003d887dd1f1b88a389baae69f7802bcf,2021-22,primary_market_average,market_average_closing,1.800000,3.940000,4.050000,0.525957,0.240285,0.233759,0.056276,Football-Data closing market average (AvgCH/AvgCD/AvgCA)
41ce5ae215ecbe6a7c40c821ee12cdf02433116f9f2a5ac14ace2ac1773e5da7,2021-22,primary_market_average,market_average_closing,2.450000,3.230000,2.930000,0.385402,0.292333,0.322265,0.059058,Football-Data closing market average (AvgCH/AvgCD/AvgCA)
41de053c48fd39a102eb3aa040fae408b35633bec1dfea806c53c77e732e437a,2021-22,primary_market_average,market_average_closing,4.590000,3.940000,1.700000,0.205551,0.239462,0.554987,0.059907,Football-Data closing market average (AvgCH/AvgCD/AvgCA)
424f035ad7ed6fb9682c2dfe6c978d8f3713d1c3cb96fb52ee27323408a58224,2021-22,primary_market_average,market_average_closing,2.550000,3.570000,2.590000,0.370529,0.264664,0.364807,0.058369,Football-Data closing market average (AvgCH/AvgCD/AvgCA)
4329dcf6df9307f560a2b45384e7b2eed2c481cb54c2cc11187a08d41ed446b1,2021-22,primary_market_average,market_average_closing,2.070000,3.420000,3.470000,0.454173,0.274894,0.270933,0.063674,Football-Data closing market average (AvgCH/AvgCD/AvgCA)
435bbbc4d0cb734a9ebd95d34331fb7cd175cb9e6339334b39c0d8670a7d1611,2021-22,primary_market_average,market_average_closing,1.670000,4.040000,4.690000,0.565150,0.233614,0.201237,0.059547,Football-Data closing market average (AvgCH/AvgCD/AvgCA)
4413d5ceb9479688e7dc293c5cd4a322f09ab1ff5c224c8d3870efd08b10568a,2021-22,primary_market_average,market_average_closing,4.660000,4.000000,1.680000,0.202478,0.235887,0.561635,0.059830,Football-Data closing market average (AvgCH/AvgCD/AvgCA)
44e5529e8c663ef2d73e1d16e2a6364323a05a163b8ec6eeca6887254d6944c8,2021-22,primary_market_average,market_average_closing,2.690000,3.380000,2.560000,0.351291,0.279578,0.369130,0.058230,Football-Data closing market average (AvgCH/AvgCD/AvgCA)
4502fa375e4e40d9e1ccd967ba6a653a2d7003e65c2537dc2ce653d86e3430d9,2021-22,primary_market_average,market_average_closing,1.670000,4.060000,4.730000,0.566766,0.233128,0.200106,0.056524,Football-Data closing market average (AvgCH/AvgCD/AvgCA)
45a6f6e65985506ab256e1640c9e733281383a1667c55cfcb2a60af69e3dc6c5,2021-22,primary_market_average,market_average_closing,1.370000,4.960000,7.640000,0.687035,0.189766,0.123199,0.062430,Football-Data closing market average (AvgCH/AvgCD/AvgCA)
4624d5ae4b30fb9a1539cc16ab215eea68af0e999cfbb32998aa2154628134a9,2021-22,primary_market_average,market_average_closing,2.260000,3.170000,3.280000,0.416327,0.296814,0.286859,0.062813,Football-Data closing market average (AvgCH/AvgCD/AvgCA)
469d54e32e2eb1d4cd3314566d61cb92e708c69badd7d862a8466d5e88f58955,2021-22,primary_market_average,market_average_closing,2.670000,3.290000,2.640000,0.354244,0.287487,0.358269,0.057271,Football-Data closing market average (AvgCH/AvgCD/AvgCA)
470144b3b09a8adb82c6b9531297995b1d0dd3949300ebf8bfaf155f1a1f0c5f,2021-22,primary_market_average,market_average_closing,1.760000,3.640000,4.580000,0.535390,0.258870,0.205740,0.061248,Football-Data closing market average (AvgCH/AvgCD/AvgCA)
47e7ec2648d401584be94f1776a28110685de57c318be5a74c6674ccc5b1dfa8,2021-22,primary_market_average,market_average_closing,2.730000,3.230000,2.600000,0.345399,0.291932,0.362669,0.060513,Football-Data closing market average (AvgCH/AvgCD/AvgCA)
4803ac9b5bba70ab1fded6d6c2f57bb7166e68510c457a27258153e7c4bbb432,2021-22,primary_market_average,market_average_closing,1.620000,4.000000,5.150000,0.581543,0.235525,0.182932,0.061459,Football-Data closing market average (AvgCH/AvgCD/AvgCA)
484bef3773affb9888e7f4dca57c9cff2f20a167f762ad767a1c2a9afc7e7c9a,2021-22,primary_market_average,market_average_closing,1.390000,4.940000,7.220000,0.678473,0.190906,0.130620,0.060358,Football-Data closing market average (AvgCH/AvgCD/AvgCA)
4a27d613912c928e0fd03a723988066944b219936ea06f14c5b103616b95a6ca,2021-22,primary_market_average,market_average_closing,1.650000,3.810000,5.150000,0.570301,0.246981,0.182718,0.062703,Football-Data closing market average (AvgCH/AvgCD/AvgCA)
4a34bc61dadbedac8edfe00b7cbc92cb5237263d21dd4362265f9ee654395074,2021-22,primary_market_average,market_average_closing,2.070000,3.310000,3.630000,0.455451,0.284829,0.259720,0.060689,Football-Data closing market average (AvgCH/AvgCD/AvgCA)
4e089992ad01679d3fb92339eb1eb842bce0d3a479e439e8f8163a1830c57650,2021-22,primary_market_average,market_average_closing,2.320000,3.470000,2.890000,0.404636,0.270535,0.324829,0.065240,Football-Data closing market average (AvgCH/AvgCD/AvgCA)
4e3b6cde503daacff583c7252bcae2eb95a891074c2ce7254c77c58b7d2c0617,2021-22,primary_market_average,market_average_closing,1.650000,3.850000,5.060000,0.569912,0.244248,0.185841,0.063429,Football-Data closing market average (AvgCH/AvgCD/AvgCA)
5027ea1fb94a33259f01a5c78d0a87bd37d4ed7a965268321ca97fcd0c2ba651,2021-22,primary_market_average,market_average_closing,3.360000,3.300000,2.160000,0.279819,0.284907,0.435274,0.063612,Football-Data closing market average (AvgCH/AvgCD/AvgCA)
502fb5e9f387d650494a139ebdd05c5f550f52b73e782562180ce8068b6bde68,2021-22,primary_market_average,market_average_closing,3.010000,3.460000,2.290000,0.314036,0.273193,0.412772,0.057924,Football-Data closing market average (AvgCH/AvgCD/AvgCA)
50845828217e187517023e04176b728b54f2e6034dcfb98170972fe9b6e12955,2021-22,primary_market_average,market_average_closing,3.510000,3.600000,2.000000,0.268097,0.261394,0.470509,0.062678,Football-Data closing market average (AvgCH/AvgCD/AvgCA)
50c8f3b9df60718d999b92f14a9cddd357a108cadb158595e3dc1efa19a23005,2021-22,primary_market_average,market_average_closing,1.410000,4.750000,6.880000,0.665875,0.197660,0.136466,0.065095,Football-Data closing market average (AvgCH/AvgCD/AvgCA)
50e5f1e7412ba080e3995d55cdbe8dd8388eac8b80bf35062395f53d9bc3c039,2021-22,primary_market_average,market_average_closing,1.720000,4.060000,4.370000,0.550286,0.233126,0.216588,0.056534,Football-Data closing market average (AvgCH/AvgCD/AvgCA)
519b08ef23a1377de1ef922d76cddb9c30f9a36a8a8ead03a437252bbc49e433,2021-22,primary_market_average,market_average_closing,2.250000,3.220000,3.260000,0.418595,0.292497,0.288908,0.061752,Football-Data closing market average (AvgCH/AvgCD/AvgCA)
519ff92841dc02f3c07275dd7320d3d76881d1524aa5389822f52fb19e8eed0f,2021-22,primary_market_average,market_average_closing,2.050000,3.630000,3.440000,0.462820,0.261372,0.275808,0.053985,Football-Data closing market average (AvgCH/AvgCD/AvgCA)
52bbb629fd60a31a5ed7b10d19bab7b4aa09320f56dd9b39207acf50957e1ac8,2021-22,primary_market_average,market_average_closing,4.800000,3.990000,1.660000,0.196287,0.236135,0.567578,0.061370,Football-Data closing market average (AvgCH/AvgCD/AvgCA)
52feea37fd8db2e8712726d9d4b3fcbe99442eb6aadad9ccc209bab39d7a8062,2021-22,primary_market_average,market_average_closing,2.740000,3.350000,2.530000,0.344719,0.281949,0.373332,0.058728,Football-Data closing market average (AvgCH/AvgCD/AvgCA)
539547c5909900d5368583c8a04ac8b0a285e138493f2dc01616bb2559503a30,2021-22,primary_market_average,market_average_closing,2.370000,3.260000,2.970000,0.396044,0.287921,0.316035,0.065390,Football-Data closing market average (AvgCH/AvgCD/AvgCA)
53c084bb99b7fb1340ccc0e05e09372cdfbd061835969b297b99d3b8ff120ae5,2021-22,primary_market_average,market_average_closing,1.420000,4.820000,6.860000,0.665955,0.196194,0.137851,0.057467,Football-Data closing market average (AvgCH/AvgCD/AvgCA)
53da2159ca8f80038f3243eedfbe310448022ffee54ef6d84a1e8a7913d47bff,2021-22,primary_market_average,market_average_closing,3.110000,3.370000,2.250000,0.302565,0.279222,0.418213,0.062724,Football-Data closing market average (AvgCH/AvgCD/AvgCA)
5432c94a5043efe03d69af49e50230d8c21bef10af1d06a50a38ba092be49080,2021-22,primary_market_average,market_average_closing,5.300000,4.140000,1.600000,0.178805,0.228905,0.592291,0.055225,Football-Data closing market average (AvgCH/AvgCD/AvgCA)
5477d31031168f9fdc38874ae4882afb7828fd701f303901faea412d04577fbf,2021-22,primary_market_average,market_average_closing,2.300000,3.350000,3.100000,0.411776,0.282712,0.305511,0.055871,Football-Data closing market average (AvgCH/AvgCD/AvgCA)
57f71c9907bf41751cf259539909953e2d319bddc8dddd2df998516876a04711,2021-22,primary_market_average,market_average_closing,2.900000,3.170000,2.510000,0.325711,0.297969,0.376320,0.058691,Football-Data closing market average (AvgCH/AvgCD/AvgCA)
583d785727515dc97f55d60cb89e506ecd42f2e11ea02aa48ec9d3c9b6daea39,2021-22,primary_market_average,market_average_closing,3.020000,3.140000,2.430000,0.312053,0.300128,0.387819,0.061120,Football-Data closing market average (AvgCH/AvgCD/AvgCA)
58d8079a9a72a23f5796e5b43b5d399e8b5b287c06f3fca0c013f0b5dac502d9,2021-22,primary_market_average,market_average_closing,1.140000,8.660000,15.730000,0.830487,0.109325,0.060188,0.056239,Football-Data closing market average (AvgCH/AvgCD/AvgCA)
5a3979129cf3e9b3c87b4ff15c2eb6b910f7fafee41fe6d82a3d2b6b0cf17ac6,2021-22,primary_market_average,market_average_closing,2.590000,3.440000,2.620000,0.364770,0.274638,0.360593,0.058477,Football-Data closing market average (AvgCH/AvgCD/AvgCA)
5a968eef3cdc73e3a50d52fe638a7e670245ad7ade0f09931ca763f6fbab1bea,2021-22,primary_market_average,market_average_closing,2.270000,3.330000,3.110000,0.414665,0.282670,0.302665,0.062372,Football-Data closing market average (AvgCH/AvgCD/AvgCA)
5b03f521d2d199f6ab8e15793637575c853096905c82ada363bd936a975c9e08,2021-22,primary_market_average,market_average_closing,1.320000,5.200000,9.490000,0.717906,0.182238,0.099856,0.055258,Football-Data closing market average (AvgCH/AvgCD/AvgCA)
5b8c1516c667db2a63720ab6c782da71feff4b0531e6b333beac96bcc356e7c0,2021-22,primary_market_average,market_average_closing,3.120000,3.340000,2.270000,0.302244,0.282336,0.415420,0.060443,Football-Data closing market average (AvgCH/AvgCD/AvgCA)
5c6289d14b26519663d1581dfa02470d21411e13d7369a2777df8b9938108ceb,2021-22,primary_market_average,market_average_closing,2.340000,3.460000,2.890000,0.402254,0.272045,0.325701,0.062389,Football-Data closing market average (AvgCH/AvgCD/AvgCA)
5ccefdd5dee1e4fc74f0dd7cb46cfff139284b5429304103c36d25601ccb7f81,2021-22,primary_market_average,market_average_closing,1.630000,3.730000,5.620000,0.579028,0.253034,0.167939,0.059529,Football-Data closing market average (AvgCH/AvgCD/AvgCA)
5d79c37c605b9580792ba9d9c95f381af4e2e8472f20685d17ad66778bf21ea8,2021-22,primary_market_average,market_average_closing,2.970000,3.720000,2.220000,0.318855,0.254569,0.426576,0.055968,Football-Data closing market average (AvgCH/AvgCD/AvgCA)
5db6e6734cf8cf0eb38cdaf9579ae7f844380362fb9dbc10de204d70dcc29d0c,2021-22,primary_market_average,market_average_closing,1.480000,4.360000,6.100000,0.632082,0.214560,0.153358,0.068968,Football-Data closing market average (AvgCH/AvgCD/AvgCA)
5f305b07852e908ff7f47cc399f078e77f71ed2f42531031f7f200db31b25d31,2021-22,primary_market_average,market_average_closing,1.840000,3.750000,4.030000,0.513547,0.251980,0.234473,0.058284,Football-Data closing market average (AvgCH/AvgCD/AvgCA)
5f4cdf409621550e06bbb28a8e62047293f80f1da84d7f2f4d9f930721be1557,2021-22,primary_market_average,market_average_closing,2.400000,3.360000,2.890000,0.392968,0.280692,0.326340,0.060306,Football-Data closing market average (AvgCH/AvgCD/AvgCA)
60ab5df71cba999816ea4682768319a29cb245e842b8deefba37022232be5257,2021-22,primary_market_average,market_average_closing,2.210000,3.250000,3.330000,0.426682,0.290144,0.283174,0.060481,Football-Data closing market average (AvgCH/AvgCD/AvgCA)
6187e40f2dbc0b6ea3664f77a5cdc5595c932e79630dd589654640bfad496c68,2021-22,primary_market_average,market_average_closing,4.780000,3.640000,1.740000,0.197616,0.259507,0.542877,0.058643,Football-Data closing market average (AvgCH/AvgCD/AvgCA)
61f08f86677ff2ff985249b0c764cd657dce9168e845cbbc88a5db12df8ad865,2021-22,primary_market_average,market_average_closing,1.800000,4.140000,3.870000,0.526344,0.228845,0.244811,0.055499,Football-Data closing market average (AvgCH/AvgCD/AvgCA)
61f6eb0bebdda05a3d5309a2def2d063bd42f3d1f277c51ef443bdca71409b3a,2021-22,primary_market_average,market_average_closing,3.070000,3.430000,2.240000,0.306224,0.274084,0.419691,0.063707,Football-Data closing market average (AvgCH/AvgCD/AvgCA)
62283ee6f24b77b9954e3ef41bec82823c83dcf9ed8fae09a1f65b95f7052b98,2021-22,primary_market_average,market_average_closing,2.730000,3.100000,2.700000,0.345811,0.304536,0.349653,0.059251,Football-Data closing market average (AvgCH/AvgCD/AvgCA)
6231951db1ba7a65b5db46a5e8c2d6168d817f9a7354780f84a34781e1ac38ca,2021-22,primary_market_average,market_average_closing,2.250000,3.250000,3.230000,0.418602,0.289802,0.291596,0.061734,Football-Data closing market average (AvgCH/AvgCD/AvgCA)
646f63adfd36534d62d9964b37ab270b69ddfd3e24d7df384c98634b68c8cd7a,2021-22,primary_market_average,market_average_closing,2.040000,3.400000,3.640000,0.462869,0.277721,0.259410,0.059039,Football-Data closing market average (AvgCH/AvgCD/AvgCA)
64955a74cfd83512090ddc38a9e1833a3aa8ec761271088cb176a5614a703bf8,2021-22,primary_market_average,market_average_closing,3.030000,3.290000,2.310000,0.309343,0.284896,0.405761,0.066885,Football-Data closing market average (AvgCH/AvgCD/AvgCA)
65a00560877200b9190455fb95b952d7d9968ed031ee26823170974765afad13,2021-22,primary_market_average,market_average_closing,2.240000,3.190000,3.340000,0.421434,0.295928,0.282638,0.059309,Football-Data closing market average (AvgCH/AvgCD/AvgCA)
65fa67925a3da9aebabaa3ce5b64120b30cddb2e87f75ee9547a484a6b1dc0ed,2021-22,primary_market_average,market_average_closing,2.680000,3.210000,2.640000,0.350872,0.292940,0.356188,0.063449,Football-Data closing market average (AvgCH/AvgCD/AvgCA)
660d04e160d5ee8af5b868cccfda88af8eedc83ad8643edc9bbc19d36ac4c4bd,2021-22,primary_market_average,market_average_closing,3.660000,3.300000,2.060000,0.257348,0.285422,0.457230,0.061691,Football-Data closing market average (AvgCH/AvgCD/AvgCA)
6690c81223f72a82ef5c2f29d6f41ee844258c053c5d4a412c347b849d3b0d10,2021-22,primary_market_average,market_average_closing,1.730000,3.820000,4.520000,0.544774,0.246717,0.208509,0.061054,Football-Data closing market average (AvgCH/AvgCD/AvgCA)
676eb6e13ef0d555306a8472922bd57221582a6d62bc578c5db7634b0582c6d4,2021-22,primary_market_average,market_average_closing,2.690000,3.330000,2.560000,0.349823,0.282590,0.367587,0.062673,Football-Data closing market average (AvgCH/AvgCD/AvgCA)
67eb0c80dc4c61d029393beff52ed338165ec22195bc1abb6dea3ad85716ba03,2021-22,primary_market_average,market_average_closing,2.070000,3.110000,3.960000,0.456971,0.304158,0.238871,0.057160,Football-Data closing market average (AvgCH/AvgCD/AvgCA)
6856c8bd1108fda05f37290195197cf8767d49b92bbd15ceb7c8ff529b9f3b07,2021-22,primary_market_average,market_average_closing,2.010000,3.520000,3.570000,0.468593,0.267577,0.263830,0.061715,Football-Data closing market average (AvgCH/AvgCD/AvgCA)
69136cfab7db4c299829bd1afe5f225a395ba2def788d2b049f68383d68d9045,2021-22,primary_market_average,market_average_closing,1.690000,3.950000,4.670000,0.558743,0.239057,0.202200,0.059013,Football-Data closing market average (AvgCH/AvgCD/AvgCA)
693ed8db43f8957b0ba01e353081373453599f8268fe3a8db37394c622f097c9,2021-22,primary_market_average,market_average_closing,2.190000,3.480000,3.140000,0.429782,0.270466,0.299752,0.062449,Football-Data closing market average (AvgCH/AvgCD/AvgCA)
6a060d574176cbaf01061ee47fc137400721cd175842bfdeea693d1b479c957e,2021-22,primary_market_average,market_average_closing,2.120000,3.210000,3.610000,0.444900,0.293828,0.261271,0.060233,Football-Data closing market average (AvgCH/AvgCD/AvgCA)
6a16de4a90c78f88c0f72943782f0be7b69a2b200c09a81916c0fead2aa4ee0d,2021-22,primary_market_average,market_average_closing,1.550000,4.090000,5.770000,0.606942,0.230015,0.163043,0.062970,Football-Data closing market average (AvgCH/AvgCD/AvgCA)
6b6e84e818fdf3672839acccd3e1138edba9fa146077e16693433942a5186991,2021-22,primary_market_average,market_average_closing,1.750000,3.830000,4.340000,0.537593,0.245636,0.216771,0.062940,Football-Data closing market average (AvgCH/AvgCD/AvgCA)
6b9c753dcbe30703e7be97f714f959477bc8626601e9144ab22dbecba0e18042,2021-22,primary_market_average,market_average_closing,2.370000,3.740000,2.710000,0.398688,0.252644,0.348668,0.058324,Football-Data closing market average (AvgCH/AvgCD/AvgCA)
6c78f91b2a7c4abdcf114ea49b27f9edfa2b48b08cc096c5bab2840f0d525c4f,2021-22,primary_market_average,market_average_closing,1.660000,4.230000,4.580000,0.569839,0.223625,0.206536,0.057157,Football-Data closing market average (AvgCH/AvgCD/AvgCA)
6cc4c6fb3999d90bd879e250a68cf8c1e078bdc1533e6502db23441595e54720,2021-22,primary_market_average,market_average_closing,2.820000,3.300000,2.510000,0.335790,0.286948,0.377262,0.056047,Football-Data closing market average (AvgCH/AvgCD/AvgCA)
6ce964c3f81689cf4a0b28a452756681a9ffa3e8d84316520472068fe7a7fb3d,2021-22,primary_market_average,market_average_closing,2.200000,3.310000,3.300000,0.428942,0.285097,0.285961,0.059691,Football-Data closing market average (AvgCH/AvgCD/AvgCA)
6cf2d57d2e78bf921db3cf1197f6e87f74d57de36375442fa33b95c11fd46d00,2021-22,primary_market_average,market_average_closing,1.420000,4.900000,6.600000,0.664475,0.192562,0.142963,0.059822,Football-Data closing market average (AvgCH/AvgCD/AvgCA)
6d1ce22f9ba4e3bdcf913292c5cc9d1575d96486f34a6fade528eac379f2fa4d,2021-22,primary_market_average,market_average_closing,1.430000,4.490000,6.860000,0.654904,0.208578,0.136518,0.067790,Football-Data closing market average (AvgCH/AvgCD/AvgCA)
6d42e224431a67b7a24d8b5a7e3d14ab505dfd6dbfd332979253175b3095f3e2,2021-22,primary_market_average,market_average_closing,2.600000,3.380000,2.610000,0.361611,0.278163,0.360226,0.063615,Football-Data closing market average (AvgCH/AvgCD/AvgCA)
6e77d4044d5a1cf97f743f4fbca3925b812725cbeacf6296172df7f3218e60b2,2021-22,primary_market_average,market_average_closing,2.010000,3.330000,3.850000,0.470437,0.283958,0.245605,0.057553,Football-Data closing market average (AvgCH/AvgCD/AvgCA)
6eb41b819d1f8306a14dabee49beb4bcd2fbb2d910e3c74d666f8014095d4db1,2021-22,primary_market_average,market_average_closing,2.640000,3.120000,2.750000,0.356360,0.301535,0.342105,0.062937,Football-Data closing market average (AvgCH/AvgCD/AvgCA)
6f514a610dd562c37755f4a45b8a52c8d1c53378ee9be482296156e5b65cba21,2021-22,primary_market_average,market_average_closing,1.670000,3.870000,4.950000,0.565324,0.243951,0.190725,0.059221,Football-Data closing market average (AvgCH/AvgCD/AvgCA)
7031812d75cf0a2189ceb8560dfefdfcfe4c0e77880ab3c147d257e3eff92f79,2021-22,primary_market_average,market_average_closing,1.800000,3.620000,4.400000,0.524569,0.260835,0.214596,0.059071,Football-Data closing market average (AvgCH/AvgCD/AvgCA)
70593ad07be8138c1f733470e6c0e9713a8ef072ccc9912f403d86bf7de984ca,2021-22,primary_market_average,market_average_closing,2.530000,3.330000,2.740000,0.372701,0.283163,0.344136,0.060521,Football-Data closing market average (AvgCH/AvgCD/AvgCA)
70daba066f83713bbe9e917a8718a8020e1156673b537744b698ebc290317ac5,2021-22,primary_market_average,market_average_closing,1.690000,3.860000,4.790000,0.558459,0.244507,0.197035,0.059552,Football-Data closing market average (AvgCH/AvgCD/AvgCA)
70fdbaf63ba03e857f5f574dd87cbb65891952cdcea0f15187d7336836f98daf,2021-22,primary_market_average,market_average_closing,2.840000,3.180000,2.510000,0.330627,0.295277,0.374096,0.064984,Football-Data closing market average (AvgCH/AvgCD/AvgCA)
711cc03febb6aa7c2f1e71225ac33b490d7f2043bf5c76d131135042ed93a947,2021-22,primary_market_average,market_average_closing,2.610000,3.480000,2.570000,0.361590,0.271192,0.367218,0.059603,Football-Data closing market average (AvgCH/AvgCD/AvgCA)
7250fac521d58bbb590f6f8f0c627e0494ae5d6e5638c3681b8e5f4bff6a2cc8,2021-22,primary_market_average,market_average_closing,2.160000,3.250000,3.450000,0.436547,0.290136,0.273317,0.060510,Football-Data closing market average (AvgCH/AvgCD/AvgCA)
72c35ec9951b8d366dee1a31598e016a75eb79e2a21b57aa2df8cb8e35c9d9b8,2021-22,primary_market_average,market_average_closing,3.150000,3.350000,2.240000,0.298815,0.280976,0.420209,0.062396,Football-Data closing market average (AvgCH/AvgCD/AvgCA)
747294314efe9977ec7ec0dce3254ab9f7342043cf3522019935e2c7d84aae31,2021-22,primary_market_average,market_average_closing,1.470000,4.410000,6.640000,0.643203,0.214401,0.142396,0.057632,Football-Data closing market average (AvgCH/AvgCD/AvgCA)
74a949ebaafc01065c22b36fd768a97a8670957d810af99afecea21b99eb4b21,2021-22,primary_market_average,market_average_closing,2.050000,3.440000,3.560000,0.460453,0.274398,0.265149,0.059401,Football-Data closing market average (AvgCH/AvgCD/AvgCA)
75504bb5ce575bc3c738a927816f2f9623a6959b2e08973ce4680f40832d5f69,2021-22,primary_market_average,market_average_closing,2.130000,3.380000,3.440000,0.444570,0.280158,0.275272,0.056039,Football-Data closing market average (AvgCH/AvgCD/AvgCA)
75545c75468916c013ab61c0cf34119fcdf2048ce3a5a348be1033868ae61952,2021-22,primary_market_average,market_average_closing,1.850000,3.400000,4.350000,0.507768,0.276285,0.215947,0.064543,Football-Data closing market average (AvgCH/AvgCD/AvgCA)
75577b061aa3d58a6b4f49b4289a19d4d11872b500cc14c6050eaf337d229159,2021-22,primary_market_average,market_average_closing,2.290000,3.600000,2.910000,0.412703,0.262525,0.324773,0.058102,Football-Data closing market average (AvgCH/AvgCD/AvgCA)
75ca8fb160b51a1bf5dee4164ba8c6f0fdda713e643843a1838ab3a008810d85,2021-22,primary_market_average,market_average_closing,1.710000,3.850000,4.650000,0.551908,0.245133,0.202960,0.059589,Football-Data closing market average (AvgCH/AvgCD/AvgCA)
75cd25185268441c7a7ad0711fa59262ec30c6db8e4920b8d17f462a62a9100e,2021-22,primary_market_average,market_average_closing,1.490000,4.690000,5.800000,0.635084,0.201765,0.163151,0.056774,Football-Data closing market average (AvgCH/AvgCD/AvgCA)
774a0ec5fa39dacae0f1747c06a41c25a92adc61bb47adec022f19c276bc44dc,2021-22,primary_market_average,market_average_closing,2.530000,3.510000,2.610000,0.371727,0.267940,0.360333,0.063299,Football-Data closing market average (AvgCH/AvgCD/AvgCA)
77aa80ced50ddb96e292fc9d7c3ac4125370e78da458eaccb58072c39fad1272,2021-22,primary_market_average,market_average_closing,2.070000,3.520000,3.410000,0.455559,0.267900,0.276542,0.060438,Football-Data closing market average (AvgCH/AvgCD/AvgCA)
7868f05a5ea9b1f3cf2e9fd1bcb3f1a023a18d4dc191d12b4a1efba0b94d084b,2021-22,primary_market_average,market_average_closing,1.640000,3.950000,5.110000,0.575994,0.239147,0.184859,0.058615,Football-Data closing market average (AvgCH/AvgCD/AvgCA)
786fc608b08579875e9d12313413c159d6edbf136a626d32b7db52c355abb0a8,2021-22,primary_market_average,market_average_closing,1.480000,4.400000,6.260000,0.635815,0.213865,0.150320,0.062693,Football-Data closing market average (AvgCH/AvgCD/AvgCA)
79236d905d78f4662c9f18b79b1b8a74b0b377c5b35409441bd20d15ec09859a,2021-22,primary_market_average,market_average_closing,1.710000,3.570000,5.040000,0.549971,0.263432,0.186597,0.063320,Football-Data closing market average (AvgCH/AvgCD/AvgCA)
79ad77b9dc67bc035472e9693a9b14595acdabb71fbe2ea349daeadd6a3bcfba,2021-22,primary_market_average,market_average_closing,2.080000,3.480000,3.460000,0.454782,0.271824,0.273395,0.057143,Football-Data closing market average (AvgCH/AvgCD/AvgCA)
79ddfb6eeae26fc265f70be448ee69a8fe111c32e8a0c583286afb5004cf5ff2,2021-22,primary_market_average,market_average_closing,1.650000,3.880000,5.160000,0.573058,0.243697,0.183245,0.057591,Football-Data closing market average (AvgCH/AvgCD/AvgCA)
7a1283d273a01334acf6bdf9acb5b6d15ca9be1bf5d58dea4fc8760dea911bc2,2021-22,primary_market_average,market_average_closing,2.060000,3.350000,3.610000,0.457548,0.281358,0.261094,0.060953,Football-Data closing market average (AvgCH/AvgCD/AvgCA)
7a1f400dc7d21668df53859a5475030717836ad9e081351bfb7dcb5a752df94b,2021-22,primary_market_average,market_average_closing,2.100000,3.530000,3.350000,0.450092,0.267760,0.282147,0.057984,Football-Data closing market average (AvgCH/AvgCD/AvgCA)
7a3d30ee0fa41e9b7285de8129feea8d688145d9125c8e1648063b3cca19e4a7,2021-22,primary_market_average,market_average_closing,1.920000,3.490000,3.940000,0.490809,0.270015,0.239176,0.061173,Football-Data closing market average (AvgCH/AvgCD/AvgCA)
7afd061f4c266498b0d27108a283c00801ee8b646da2f1af0116ff5a03f51c37,2021-22,primary_market_average,market_average_closing,2.100000,3.690000,3.240000,0.451008,0.256671,0.292320,0.055835,Football-Data closing market average (AvgCH/AvgCD/AvgCA)
7b752ad252bb6e18af935e330296a7fbf6689e441fc73f8e3d67e7e50faa6b7f,2021-22,primary_market_average,market_average_closing,2.660000,3.400000,2.540000,0.353407,0.276489,0.370104,0.063758,Football-Data closing market average (AvgCH/AvgCD/AvgCA)
7ba3b5f84743845a992e0b8a4610db32b245b402da0602c878fa5523f965c1fa,2021-22,primary_market_average,market_average_closing,1.590000,4.200000,5.150000,0.592660,0.224364,0.182976,0.061201,Football-Data closing market average (AvgCH/AvgCD/AvgCA)
7c21daa51e0f87050ef1597779c90d9d3062e0d74bf4bad8b7cb989238544478,2021-22,primary_market_average,market_average_closing,1.970000,3.660000,3.590000,0.479157,0.257907,0.262936,0.059390,Football-Data closing market average (AvgCH/AvgCD/AvgCA)
7cb02756422f3448e5d6c45a807d4bf20beca0c5140ffc83adba26725a147b0b,2021-22,primary_market_average,market_average_closing,3.390000,3.500000,2.080000,0.277903,0.269169,0.452928,0.061469,Football-Data closing market average (AvgCH/AvgCD/AvgCA)
7cc3d5cc6301fde02f3839e99877feb6e6dd12f20680ee75a439310ba70b06e3,2021-22,primary_market_average,market_average_closing,2.350000,3.420000,2.910000,0.400851,0.275438,0.323711,0.061572,Football-Data closing market average (AvgCH/AvgCD/AvgCA)
7de6f905cd77f0bef173fa7c47223095347203eae2502005931fff76236aaec7,2021-22,primary_market_average,market_average_closing,1.910000,3.520000,4.010000,0.495314,0.268764,0.235922,0.057028,Football-Data closing market average (AvgCH/AvgCD/AvgCA)
7eee208b6371903953a3267e185bbc8c71d42054b027a6a4b96300ac02b49cd2,2021-22,primary_market_average,market_average_closing,1.650000,3.840000,5.270000,0.573796,0.246553,0.179651,0.056231,Football-Data closing market average (AvgCH/AvgCD/AvgCA)
7f387a5ce9d9d758fcafb73738e7fcf138200d863060582af39a8505a8aeb180,2021-22,primary_market_average,market_average_closing,3.210000,3.440000,2.190000,0.294213,0.274542,0.431244,0.058845,Football-Data closing market average (AvgCH/AvgCD/AvgCA)
8140826af66908ef758e791abc9bd22b027a2ca7b6378b3cfbe2bd4d4b897fd2,2021-22,primary_market_average,market_average_closing,3.430000,3.290000,2.160000,0.275443,0.287164,0.437393,0.058460,Football-Data closing market average (AvgCH/AvgCD/AvgCA)
8190027b0c092b7fa65187abc06490bbeac57edaae8b85bf1c0e5e53131fc56f,2021-22,primary_market_average,market_average_closing,4.380000,3.730000,1.770000,0.215107,0.252593,0.532300,0.061379,Football-Data closing market average (AvgCH/AvgCD/AvgCA)
8325f3b3d439e7b8476958ddfda766f4c20645bf6f36f63652d7737395b19d9c,2021-22,primary_market_average,market_average_closing,3.330000,3.120000,2.260000,0.282425,0.301435,0.416140,0.063291,Football-Data closing market average (AvgCH/AvgCD/AvgCA)
851bab2d2876c8b6269738124538437a9c81b93e5db0afc25b92a6d3f9dc573c,2021-22,primary_market_average,market_average_closing,3.440000,3.580000,2.050000,0.274805,0.264059,0.461136,0.057832,Football-Data closing market average (AvgCH/AvgCD/AvgCA)
85e5d65c804d286b5ef9aa7335cc0d1175289c7c61374e571389dcc9ced9fcf4,2021-22,primary_market_average,market_average_closing,2.570000,3.170000,2.820000,0.367367,0.297834,0.334799,0.059172,Football-Data closing market average (AvgCH/AvgCD/AvgCA)
86cff7325ce21cef4da2157084cf518b5221e82a1c693a1b27ab631097ec6a87,2021-22,primary_market_average,market_average_closing,2.690000,3.360000,2.560000,0.350708,0.280775,0.368517,0.059991,Football-Data closing market average (AvgCH/AvgCD/AvgCA)
87570e35ed13974947ed3dd3b4cd2e71559b19d3a8a1d09f1b7000dbd8a7dec7,2021-22,primary_market_average,market_average_closing,2.180000,3.460000,3.220000,0.433449,0.273098,0.293453,0.058292,Football-Data closing market average (AvgCH/AvgCD/AvgCA)
87c441f5d5ac87afb3faa854a30c7dd485254c32596d0d214b859f8543864831,2021-22,primary_market_average,market_average_closing,1.550000,4.350000,5.410000,0.608706,0.216895,0.174398,0.059889,Football-Data closing market average (AvgCH/AvgCD/AvgCA)
87f340be7af8de32ee2d402f2afa63cb765a7fd5edf638571216ba5db5b254d5,2021-22,primary_market_average,market_average_closing,2.080000,3.430000,3.540000,0.455792,0.276398,0.267810,0.054800,Football-Data closing market average (AvgCH/AvgCD/AvgCA)
88134e720fe7f887c92ce1c7fe48258c7060cd50855be88f1d03b029cc4c9386,2021-22,primary_market_average,market_average_closing,3.080000,2.870000,2.580000,0.306094,0.328491,0.365415,0.060704,Football-Data closing market average (AvgCH/AvgCD/AvgCA)
88f1fead905f91ec50b9d9c111ef759f7a184261b2962f24c69907ca4329d564,2021-22,primary_market_average,market_average_closing,2.470000,3.430000,2.750000,0.381927,0.275032,0.343040,0.060040,Football-Data closing market average (AvgCH/AvgCD/AvgCA)
88f4274e20ef74bcae194685d1c90abf9beeedd1a148a85fe387b9870ca12013,2021-22,primary_market_average,market_average_closing,3.240000,3.560000,2.110000,0.290220,0.264133,0.445646,0.063475,Football-Data closing market average (AvgCH/AvgCD/AvgCA)
89ac43fec34215a24eb761636ff84edfc0537221461d5045bdad2ca633cebce4,2021-22,primary_market_average,market_average_closing,2.300000,3.330000,3.100000,0.411078,0.283928,0.304994,0.057664,Football-Data closing market average (AvgCH/AvgCD/AvgCA)
89e5e47fde7654f36812bb8e8e55a7c674cd8a93d4b3d6963fc5260f3c2e514a,2021-22,primary_market_average,market_average_closing,3.060000,3.310000,2.310000,0.307773,0.284527,0.407699,0.061813,Football-Data closing market average (AvgCH/AvgCD/AvgCA)
8a121adcaae90d18878b6403104006ed2ebb6e8c33027515948d5c0a06829e04,2021-22,primary_market_average,market_average_closing,1.680000,3.710000,5.090000,0.560887,0.253987,0.185126,0.061244,Football-Data closing market average (AvgCH/AvgCD/AvgCA)
8be3145dd184a4ee0acc1bca6ecce352992259966df936065c0a8fd9f5e2a942,2021-22,primary_market_average,market_average_closing,5.280000,4.710000,1.530000,0.179469,0.201188,0.619343,0.055303,Football-Data closing market average (AvgCH/AvgCD/AvgCA)
8c9feee9043baa150632a41f2e914e1b3bc0ee47a804f985e357cd7835da7b6a,2021-22,primary_market_average,market_average_closing,2.270000,3.330000,3.110000,0.414665,0.282670,0.302665,0.062372,Football-Data closing market average (AvgCH/AvgCD/AvgCA)
8ee93b05003eb3cbb8d6b291447f71f3d46432de2fe3cefca6d02c737cc24590,2021-22,primary_market_average,market_average_closing,1.850000,3.890000,3.780000,0.508907,0.242025,0.249068,0.062160,Football-Data closing market average (AvgCH/AvgCD/AvgCA)
8effd716914f63bdf61f160014c21c292a7712f8b1ca6d805d0fd52d99ad6686,2021-22,primary_market_average,market_average_closing,2.230000,3.270000,3.240000,0.421900,0.287718,0.290382,0.062883,Football-Data closing market average (AvgCH/AvgCD/AvgCA)
901ac390eba7fa34febdd09db1cd70f32de1e9099694cde2ff17b1ae609e2aa7,2021-22,primary_market_average,market_average_closing,1.390000,4.850000,7.320000,0.677283,0.194108,0.128610,0.062222,Football-Data closing market average (AvgCH/AvgCD/AvgCA)
90638d3039315864d9e71db4d0769d852ac57a3d8cfdf9335942b737bac925cb,2021-22,primary_market_average,market_average_closing,1.930000,3.530000,3.880000,0.489197,0.267465,0.243338,0.059153,Football-Data closing market average (AvgCH/AvgCD/AvgCA)
9065ec7af3f0e59decfaef12c82e95e779fff2cb0b02a1d5c52396e5398fb2c2,2021-22,primary_market_average,market_average_closing,2.000000,3.240000,3.890000,0.469170,0.289611,0.241219,0.065711,Football-Data closing market average (AvgCH/AvgCD/AvgCA)
9142f04f7a59f531b335541ce73a679d11e8f6a46eaa48d358a380053fb1adba,2021-22,primary_market_average,market_average_closing,1.880000,3.570000,3.980000,0.500257,0.263441,0.236302,0.063283,Football-Data closing market average (AvgCH/AvgCD/AvgCA)
91db016a8bd4af0c4cdba572fb101d8bb79dba1af6bf329aa8bb0a5e9eb829fb,2021-22,primary_market_average,market_average_closing,1.290000,5.470000,9.670000,0.730335,0.172236,0.097428,0.061422,Football-Data closing market average (AvgCH/AvgCD/AvgCA)
921995074fc11dc4867221f762ea29c209d561e7a73b7abe22112a30e4a40d16,2021-22,primary_market_average,market_average_closing,3.420000,3.540000,2.070000,0.276375,0.267006,0.456619,0.057975,Football-Data closing market average (AvgCH/AvgCD/AvgCA)
947abda0f4873145ba11ab34d92ed23fe303883aebb9823b0f53acc8dccd32e8,2021-22,primary_market_average,market_average_closing,2.270000,3.370000,3.090000,0.415245,0.279705,0.305050,0.060889,Football-Data closing market average (AvgCH/AvgCD/AvgCA)
94e248fa4b52d1a4b24faa76e4e43a75153f5d2761a5dee18dba8e8a7bf59a94,2021-22,primary_market_average,market_average_closing,2.610000,3.280000,2.710000,0.362472,0.288431,0.349097,0.057024,Football-Data closing market average (AvgCH/AvgCD/AvgCA)
95cfd5a2d44644667c6144da336b490d127fd9b31873c97d5fa2b85d440b2cc1,2021-22,primary_market_average,market_average_closing,2.250000,3.360000,3.140000,0.419076,0.280631,0.300293,0.060535,Football-Data closing market average (AvgCH/AvgCD/AvgCA)
966054b7015cf2d3d0682b92a357e48b833be283d13e70a82b26192a2e216ad1,2021-22,primary_market_average,market_average_closing,1.690000,3.860000,4.750000,0.557534,0.244102,0.198365,0.061310,Football-Data closing market average (AvgCH/AvgCD/AvgCA)
96d3438d2d6c643f83c9628fd52c1ba299e37ff14509ec9dd282f6c116c34e59,2021-22,primary_market_average,market_average_closing,2.260000,3.280000,3.180000,0.416716,0.287127,0.296157,0.061821,Football-Data closing market average (AvgCH/AvgCD/AvgCA)
977c0baa81008e24d067e169f3694baa71281a9bef03b1b49a63fda625fda86d,2021-22,primary_market_average,market_average_closing,4.510000,3.910000,1.720000,0.209400,0.241533,0.549067,0.058879,Football-Data closing market average (AvgCH/AvgCD/AvgCA)
9782c293b3a1902f93a3457b45dd56f80ea92fcd8a8c56086c1c91f5c008d126,2021-22,primary_market_average,market_average_closing,2.120000,3.220000,3.560000,0.443677,0.292110,0.264212,0.063156,Football-Data closing market average (AvgCH/AvgCD/AvgCA)
980df54c991b52bf3c7b9c975061efb4dc1f06f92b5b375c8360647058e8dcdf,2021-22,primary_market_average,market_average_closing,2.180000,3.620000,3.040000,0.431162,0.259650,0.309188,0.063906,Football-Data closing market average (AvgCH/AvgCD/AvgCA)
98eb3a177e4be48c47c1972ce22118632de70cc600a1c3ee74b5ac56e5daf063,2021-22,primary_market_average,market_average_closing,2.510000,3.260000,2.790000,0.374591,0.288412,0.336997,0.063578,Football-Data closing market average (AvgCH/AvgCD/AvgCA)
98ff29ec6766525a4b08c233e69bd4f0944c465189a726b1105f5aa10f3b0eb8,2021-22,primary_market_average,market_average_closing,4.360000,3.550000,1.820000,0.216274,0.265621,0.518106,0.060498,Football-Data closing market average (AvgCH/AvgCD/AvgCA)
991963f50e7d00dcdd304a0e774c75f1d41b70e9d944583ff7414f4fd943d025,2021-22,primary_market_average,market_average_closing,2.940000,3.480000,2.280000,0.319050,0.269543,0.411407,0.066089,Football-Data closing market average (AvgCH/AvgCD/AvgCA)
9a242736a343fd7bfa9dc5233811ad450c647af60af5f74c4005b2fa182b688b,2021-22,primary_market_average,market_average_closing,1.830000,3.610000,4.250000,0.516125,0.261637,0.222238,0.058751,Football-Data closing market average (AvgCH/AvgCD/AvgCA)
9aea92e3f4c1326bd999d4fe171baf238046a4b8eceaae0f38320066a51c2b8b,2021-22,primary_market_average,market_average_closing,1.950000,3.600000,3.620000,0.480690,0.260374,0.258935,0.066841,Football-Data closing market average (AvgCH/AvgCD/AvgCA)
9be4c410ec326e4acc78974f9486f2b1bb64aa76a7acdc5828a7e6882f842403,2021-22,primary_market_average,market_average_closing,1.570000,4.140000,5.440000,0.599581,0.227378,0.173041,0.062312,Football-Data closing market average (AvgCH/AvgCD/AvgCA)
9c0ffe6ce62be5915ebf0e873965511e8acb664620090481c30a3fbd523ddf69,2021-22,primary_market_average,market_average_closing,2.450000,3.490000,2.740000,0.385183,0.270401,0.344416,0.059660,Football-Data closing market average (AvgCH/AvgCD/AvgCA)
9e738ccaf4a03090f9128f860811b485f0de17fb77baadaabf747cec3495dbb4,2021-22,primary_market_average,market_average_closing,2.800000,3.370000,2.470000,0.337329,0.280273,0.382397,0.058737,Football-Data closing market average (AvgCH/AvgCD/AvgCA)
9eb7429dde45bac87458390a8c3ea18321a0590de06ddb64e4a2ef37eec40ad9,2021-22,primary_market_average,market_average_closing,2.240000,3.470000,3.110000,0.422692,0.272862,0.304447,0.056156,Football-Data closing market average (AvgCH/AvgCD/AvgCA)
9f1f33dca4fca656d01f7582b14c6f0cf68185585742a6d8ef517b80dcf02523,2021-22,primary_market_average,market_average_closing,2.650000,3.290000,2.610000,0.354510,0.285547,0.359943,0.064452,Football-Data closing market average (AvgCH/AvgCD/AvgCA)
9f2730f2bd3426408d6b3d5135fa9f62e1212dbfc1a813cc5292bf29fad59eab,2021-22,primary_market_average,market_average_closing,1.310000,5.390000,8.920000,0.719474,0.174863,0.105663,0.060995,Football-Data closing market average (AvgCH/AvgCD/AvgCA)
9faacc3f1f76f648ad8c9c0fe2b440586cd72fae386c208fe794b908709c58be,2021-22,primary_market_average,market_average_closing,1.520000,4.580000,5.660000,0.624832,0.207368,0.167800,0.052914,Football-Data closing market average (AvgCH/AvgCD/AvgCA)
9fd60b60fed7be26d2a0b10266ce54f9ad233c518bd0f58c47b86c3f1da5fbda,2021-22,primary_market_average,market_average_closing,2.080000,3.440000,3.440000,0.452632,0.273684,0.273684,0.062165,Football-Data closing market average (AvgCH/AvgCD/AvgCA)
a06aea697ade5590f16385a5de95b489f961c1eb4e51fb8db1295557b3812d69,2021-22,primary_market_average,market_average_closing,1.860000,3.640000,4.030000,0.506964,0.259053,0.233983,0.060499,Football-Data closing market average (AvgCH/AvgCD/AvgCA)
a0a88bfb7bbb5bc0cdc8ed1e5e21b54cc54b3bc1db805d477bd1a462a3539acc,2021-22,primary_market_average,market_average_closing,2.130000,3.120000,3.670000,0.441877,0.301666,0.256457,0.062476,Football-Data closing market average (AvgCH/AvgCD/AvgCA)
a13a14d347786758c53b37fceb9524f5028c0055334f8f319d11dd8cea519870,2021-22,primary_market_average,market_average_closing,1.400000,4.980000,7.080000,0.676194,0.190095,0.133711,0.056332,Football-Data closing market average (AvgCH/AvgCD/AvgCA)
a1d879878afcdaefebea96a9c932519e3be74443f03671a011ae294e7246d7d5,2021-22,primary_market_average,market_average_closing,2.500000,3.130000,2.920000,0.376664,0.300850,0.322486,0.061955,Football-Data closing market average (AvgCH/AvgCD/AvgCA)
a21804e6a869b7a22bb56651fc9312c8e49941f695cb86a1476ca0e88a53f2e6,2021-22,primary_market_average,market_average_closing,3.450000,4.190000,1.890000,0.274064,0.225661,0.500275,0.057619,Football-Data closing market average (AvgCH/AvgCD/AvgCA)
a38a97e1ed71f299cf582575ea9b6781ae827a85e13c5e36cda5349a89a912c1,2021-22,primary_market_average,market_average_closing,2.100000,3.250000,3.610000,0.448859,0.290032,0.261109,0.060891,Football-Data closing market average (AvgCH/AvgCD/AvgCA)
a40b869b672ae7a73272b64f682728e467a8f1024f2a678c1f7f902b411d0356,2021-22,primary_market_average,market_average_closing,2.720000,3.150000,2.670000,0.346955,0.299593,0.353452,0.059639,Football-Data closing market average (AvgCH/AvgCD/AvgCA)
a5245fa65b42170423f732e0ed76636bd8168616a0e3eb49113d15506424f51a,2021-22,primary_market_average,market_average_closing,1.980000,3.270000,4.010000,0.476356,0.288436,0.235208,0.060237,Football-Data closing market average (AvgCH/AvgCD/AvgCA)
a6dbd5d9ed08a61885d7359ff721b9ab09c300dc50afc54e42721c658dd8ef9b,2021-22,primary_market_average,market_average_closing,4.380000,3.530000,1.830000,0.215785,0.267745,0.516470,0.058045,Football-Data closing market average (AvgCH/AvgCD/AvgCA)
a7b559a5560db807855203cbcd7c79a3f33a2084d2c989edcea53bbd479af406,2021-22,primary_market_average,market_average_closing,2.000000,3.520000,3.610000,0.471209,0.267733,0.261058,0.061099,Football-Data closing market average (AvgCH/AvgCD/AvgCA)
a7f0c9ca17bdecba10287a13f55662f6af6b63dd1a487fcfc3c65eea60ffd447,2021-22,primary_market_average,market_average_closing,2.920000,3.160000,2.460000,0.321436,0.297023,0.381542,0.065426,Football-Data closing market average (AvgCH/AvgCD/AvgCA)
a89e4f9bb8ff01f0b20a81ec839d075e91eb18a7100374dad0815064baf5d487,2021-22,primary_market_average,market_average_closing,2.990000,3.420000,2.310000,0.315593,0.275913,0.408494,0.059746,Football-Data closing market average (AvgCH/AvgCD/AvgCA)
a931cc2ca9d772662b5f159fee3276cc01e1b87fc89f10f1ebf84cf5a0764208,2021-22,primary_market_average,market_average_closing,2.420000,3.280000,2.970000,0.391754,0.289038,0.319207,0.054802,Football-Data closing market average (AvgCH/AvgCD/AvgCA)
aa2beb7af1296745e8db1665e4ae1f03945417c655ed14c93e5bff629cdfb233,2021-22,primary_market_average,market_average_closing,3.900000,3.790000,1.860000,0.242377,0.249412,0.508211,0.057897,Football-Data closing market average (AvgCH/AvgCD/AvgCA)
aadd192bfcbd6d0fd37caeba8b96581d45bd44aa45fd4b0583e328cc5c7442e5,2021-22,primary_market_average,market_average_closing,2.220000,3.260000,3.280000,0.424122,0.288819,0.287058,0.062077,Football-Data closing market average (AvgCH/AvgCD/AvgCA)
ab40fafcc314b219971b805157fc7ab1b614d0ad2fa447e0a28f48f00841e9a7,2021-22,primary_market_average,market_average_closing,2.140000,3.160000,3.620000,0.440844,0.298546,0.260610,0.059989,Football-Data closing market average (AvgCH/AvgCD/AvgCA)
abbc81bbda7b27693f3190e924c7f3d0f545a6b0a62aa0bf459106fd34f8b72b,2021-22,primary_market_average,market_average_closing,1.770000,3.770000,4.310000,0.531867,0.249709,0.218423,0.062242,Football-Data closing market average (AvgCH/AvgCD/AvgCA)
ac3c8938a1284312941f14a940331d086fefdb8376fb364c621fe02bbd317415,2021-22,primary_market_average,market_average_closing,2.970000,3.460000,2.320000,0.318618,0.273496,0.407886,0.056752,Football-Data closing market average (AvgCH/AvgCD/AvgCA)
ac64827bf629f12fcb3d3811ac0e0b57e31d56be218e9302eb14bbe4ad6699b4,2021-22,primary_market_average,market_average_closing,4.320000,3.720000,1.780000,0.217948,0.253101,0.528952,0.062096,Football-Data closing market average (AvgCH/AvgCD/AvgCA)
ac7666a4ddad6f9763c5aed5f70c96dd582335293c87b43276f1029eddd6a9f5,2021-22,primary_market_average,market_average_closing,1.540000,4.320000,5.460000,0.610302,0.217561,0.172136,0.063982,Football-Data closing market average (AvgCH/AvgCD/AvgCA)
ac9364d5046c5545a45432b637bd4ee2374473747a2edccd3baf6fe50c2c3ee3,2021-22,primary_market_average,market_average_closing,1.340000,5.130000,8.500000,0.704793,0.184098,0.111109,0.058847,Football-Data closing market average (AvgCH/AvgCD/AvgCA)
adcb9e522d97621fc9e7e17c5b214e40a389b989915e758d1566bd60877eea1d,2021-22,primary_market_average,market_average_closing,1.840000,3.600000,4.210000,0.513303,0.262355,0.224342,0.058786,Football-Data closing market average (AvgCH/AvgCD/AvgCA)
b0b18d3a5271b3d605cc904aa4c73b0ddc78ed37644a9dff5311e1a487e13b02,2021-22,primary_market_average,market_average_closing,2.350000,3.520000,2.870000,0.402183,0.268503,0.329314,0.058055,Football-Data closing market average (AvgCH/AvgCD/AvgCA)
b0fd8b54f74073e77d0c4b1db1f186665dfdeada5f36f8b5835fb03a0bfb8719,2021-22,primary_market_average,market_average_closing,2.340000,3.180000,3.170000,0.404201,0.297431,0.298369,0.057273,Football-Data closing market average (AvgCH/AvgCD/AvgCA)
b136652d0b9c822d704a5b63caedd2317c848c62d9f91cbb4bb94c33a8cb8bd1,2021-22,primary_market_average,market_average_closing,1.610000,4.240000,4.980000,0.587196,0.222968,0.189836,0.057770,Football-Data closing market average (AvgCH/AvgCD/AvgCA)
b2b16b1f5f28a369697eac1cfa8a7603bbe7931aaf2dfacedb755f644050f800,2021-22,primary_market_average,market_average_closing,2.400000,3.260000,2.940000,0.391769,0.288419,0.319812,0.063551,Football-Data closing market average (AvgCH/AvgCD/AvgCA)
b2d27e17b8d788c573a204c7a967bea9baca9c0e2f4df7e70171f61cc27210f0,2021-22,primary_market_average,market_average_closing,2.590000,3.490000,2.600000,0.365194,0.271018,0.363789,0.057249,Football-Data closing market average (AvgCH/AvgCD/AvgCA)
b35c55fd235aeed9df70b98dde3442daa90fd25cef42b3fee7948c016fd14289,2021-22,primary_market_average,market_average_closing,1.790000,3.710000,4.200000,0.523925,0.252783,0.223292,0.066296,Football-Data closing market average (AvgCH/AvgCD/AvgCA)
b362f66c100ec22c04b58531cc2df244da2f5d6d701e10b523e24962c6afe3bd,2021-22,primary_market_average,market_average_closing,1.500000,4.360000,6.120000,0.629273,0.216493,0.154234,0.059423,Football-Data closing market average (AvgCH/AvgCD/AvgCA)
b39ffd361c88b6caf1b9b19efa54f420d2f9c2b1c94977b0c02e410d5e6396c6,2021-22,primary_market_average,market_average_closing,2.280000,3.330000,3.120000,0.414001,0.283460,0.302539,0.059410,Football-Data closing market average (AvgCH/AvgCD/AvgCA)
b3b608be68c43f6d721bde67b41881fde7d01c4589d8e5ee57a7ef01ca6b92e0,2021-22,primary_market_average,market_average_closing,1.870000,3.620000,3.960000,0.502817,0.259742,0.237441,0.063528,Football-Data closing market average (AvgCH/AvgCD/AvgCA)
b4189846f932552f030afb479e7ebf58ae9991c16fdc629cfd307c2028ab91da,2021-22,primary_market_average,market_average_closing,2.450000,3.320000,2.820000,0.383620,0.283093,0.333287,0.063978,Football-Data closing market average (AvgCH/AvgCD/AvgCA)
b45c55812602d80d9866dbee2dab3bba66c88db9c106764d5581196ac08c4476,2021-22,primary_market_average,market_average_closing,3.590000,3.680000,1.970000,0.263305,0.256865,0.479830,0.057905,Football-Data closing market average (AvgCH/AvgCD/AvgCA)
b52e4ff3fe7e08fdd712d25876d05d478979ada2aea96be8a588c2ffdf160510,2021-22,primary_market_average,market_average_closing,1.520000,4.380000,5.720000,0.620053,0.215178,0.164769,0.061030,Football-Data closing market average (AvgCH/AvgCD/AvgCA)
b58de098ee74b08f6f22dd5f6697c9a340707797b177d6f35a11ab9116f50b56,2021-22,primary_market_average,market_average_closing,1.750000,3.730000,4.500000,0.538196,0.252505,0.209299,0.061747,Football-Data closing market average (AvgCH/AvgCD/AvgCA)
b6ce6081da9f8488b21c05a78713846117aaa36d4c448762acd4cd0c8b41dc1f,2021-22,primary_market_average,market_average_closing,2.410000,3.230000,2.940000,0.389733,0.290792,0.319475,0.064671,Football-Data closing market average (AvgCH/AvgCD/AvgCA)
b6eba1186645d6b6c1250d8f29342c13e5101b0bb69b35b94c9395045f7969bc,2021-22,primary_market_average,market_average_closing,1.360000,5.040000,7.790000,0.692317,0.186816,0.120867,0.062077,Football-Data closing market average (AvgCH/AvgCD/AvgCA)
b74dac0c3277c98055eaeec32a568c0d5a05969fc485500da751c36b93e36572,2021-22,primary_market_average,market_average_closing,2.330000,3.510000,2.910000,0.405761,0.269351,0.324888,0.057727,Football-Data closing market average (AvgCH/AvgCD/AvgCA)
b7b7ca56c3f3c4bf73ff3200b380e8a318804490a4354efe02de5be9505cd437,2021-22,primary_market_average,market_average_closing,1.640000,3.920000,5.110000,0.574942,0.240537,0.184521,0.060553,Football-Data closing market average (AvgCH/AvgCD/AvgCA)
b9fc9566f12d8c344a2042be36931b0b800e4a9e0cb6785faf3aaaf11d1b7603,2021-22,primary_market_average,market_average_closing,1.860000,3.640000,4.030000,0.506964,0.259053,0.233983,0.060499,Football-Data closing market average (AvgCH/AvgCD/AvgCA)
baeef85507b1fda090d10cafc662b957c18b566de3b31e07e0658ed8640bb971,2021-22,primary_market_average,market_average_closing,2.520000,3.490000,2.610000,0.372082,0.268667,0.359251,0.066500,Football-Data closing market average (AvgCH/AvgCD/AvgCA)
bb4d77fcd83a5d7a02eae0dccf59e8b53ca8fd0d530ea59be541cb8bac2de89f,2021-22,primary_market_average,market_average_closing,1.580000,4.130000,5.420000,0.597343,0.228524,0.174133,0.059544,Football-Data closing market average (AvgCH/AvgCD/AvgCA)
bb591b1bc54b908e0536ef572a7bd5f01013ed85b3728fdfea90a9edb6807176,2021-22,primary_market_average,market_average_closing,4.600000,3.860000,1.710000,0.204844,0.244114,0.551042,0.061254,Football-Data closing market average (AvgCH/AvgCD/AvgCA)
bc01beac1ea8d27a0a0579bb443264dcd6c37bd652a066a0df305a20d416ee04,2021-22,primary_market_average,market_average_closing,2.280000,3.160000,3.300000,0.414520,0.299084,0.286396,0.058082,Football-Data closing market average (AvgCH/AvgCD/AvgCA)
bcd117d0fbac5eb1f09b54c348905dd654f8120e4d0bcd379bc6a69d24edb079,2021-22,primary_market_average,market_average_closing,3.970000,3.610000,1.890000,0.238081,0.261823,0.500096,0.057998,Football-Data closing market average (AvgCH/AvgCD/AvgCA)
bdb75518a9f80d73a687312e1f774a7c5cdf6595105cb624cd75fc847d760418,2021-22,primary_market_average,market_average_closing,1.730000,3.660000,4.790000,0.545302,0.257752,0.196946,0.060027,Football-Data closing market average (AvgCH/AvgCD/AvgCA)
be513ae76f4490d0ff2ec952cbe416e1a7ed5901094068801b70597c621b2c87,2021-22,primary_market_average,market_average_closing,1.860000,3.640000,4.060000,0.507842,0.259502,0.232657,0.058665,Football-Data closing market average (AvgCH/AvgCD/AvgCA)
bf94a2de069ba0f19c5abd4284a3c07bb7da0d51bac3b541351f8883121cf2ff,2021-22,primary_market_average,market_average_closing,2.330000,3.110000,3.200000,0.403662,0.302422,0.293916,0.063228,Football-Data closing market average (AvgCH/AvgCD/AvgCA)
bfdbc3ab59fcd6cebf1f1edd3eccd2ccff43502ed089123e3d7ccb2141324f5f,2021-22,primary_market_average,market_average_closing,2.500000,3.410000,2.700000,0.376072,0.275713,0.348215,0.063626,Football-Data closing market average (AvgCH/AvgCD/AvgCA)
c0622c9ea1db078f7436c206c4b289b8608cc8986e341c4892fe86d35e27e49e,2021-22,primary_market_average,market_average_closing,3.170000,3.350000,2.260000,0.298603,0.282559,0.418838,0.056443,Football-Data closing market average (AvgCH/AvgCD/AvgCA)
c09c78f9df6abd008bc0ea426556c611a638646c70c8915dde91b8b57d6e2e90,2021-22,primary_market_average,market_average_closing,1.440000,4.620000,6.530000,0.652652,0.203424,0.143923,0.064034,Football-Data closing market average (AvgCH/AvgCD/AvgCA)
c0d4b7d3f148c6ee22b1fed5812cc7dce304d32da77739a23a50c6472f8716b3,2021-22,primary_market_average,market_average_closing,2.280000,3.440000,3.080000,0.416138,0.275812,0.308050,0.053969,Football-Data closing market average (AvgCH/AvgCD/AvgCA)
c0efcc1e88376cc234a49bf6e7007bef46e07ec778c18ce1c1f180610cf8e491,2021-22,primary_market_average,market_average_closing,1.590000,3.840000,5.890000,0.593820,0.245879,0.160301,0.059127,Football-Data closing market average (AvgCH/AvgCD/AvgCA)
c105c922de74124d4a6773c8579caec0d739e429e4902d3ad54a9faa3bab9106,2021-22,primary_market_average,market_average_closing,3.090000,3.560000,2.210000,0.306169,0.265748,0.428083,0.057012,Football-Data closing market average (AvgCH/AvgCD/AvgCA)
c16f9d16ab2f83a56636baa540d5afac76d022cee8f87d6b5b5cc26799f87e2c,2021-22,primary_market_average,market_average_closing,1.520000,4.150000,6.400000,0.623533,0.228378,0.148089,0.055109,Football-Data closing market average (AvgCH/AvgCD/AvgCA)
c20da57dc912b5c38d715b6d47fa91d8e042b3d6ad545e1b505210d8743f5966,2021-22,primary_market_average,market_average_closing,1.530000,4.220000,5.890000,0.616401,0.223482,0.160118,0.060341,Football-Data closing market average (AvgCH/AvgCD/AvgCA)
c27d968f64b29e085786c2f82ed9c789f4e1fcc1e492d5424d6a6816c402a719,2021-22,primary_market_average,market_average_closing,1.860000,3.230000,4.680000,0.506769,0.291823,0.201408,0.060907,Football-Data closing market average (AvgCH/AvgCD/AvgCA)
c2d627e9d7ed9fef5de878bc4f2d060401d72196e7c292b3b775fe83f8138a40,2021-22,primary_market_average,market_average_closing,4.250000,3.450000,1.860000,0.221394,0.272732,0.505874,0.062784,Football-Data closing market average (AvgCH/AvgCD/AvgCA)
c2f04bc747ff1d023e407373513729ba7a412b4632ccf00ac511c7fe336418e5,2021-22,primary_market_average,market_average_closing,1.470000,4.500000,6.080000,0.637575,0.208274,0.154151,0.066968,Football-Data closing market average (AvgCH/AvgCD/AvgCA)
c5360703dc49a19b6c48f3489192854c489d895e79caaf3e80d9e383e2142e6c,2021-22,primary_market_average,market_average_closing,2.550000,3.000000,3.000000,0.370370,0.314815,0.314815,0.058824,Football-Data closing market average (AvgCH/AvgCD/AvgCA)
c5a640c7d7ee186fc273438ee13038ceaf12737849c1cf8e0f34c0df7f7f4a4f,2021-22,primary_market_average,market_average_closing,2.120000,3.150000,3.700000,0.445238,0.299652,0.255109,0.059429,Football-Data closing market average (AvgCH/AvgCD/AvgCA)
c5dc707c531d7ce997020687cf9abba692687d96322eaad439875fc4df7739c9,2021-22,primary_market_average,market_average_closing,1.930000,3.770000,3.630000,0.489329,0.250505,0.260166,0.058869,Football-Data closing market average (AvgCH/AvgCD/AvgCA)
c68def705b0ac481d6e99824042f2ef86b94a8077ed54288db4b9c64fc475cde,2021-22,primary_market_average,market_average_closing,3.340000,3.610000,2.060000,0.281963,0.260874,0.457163,0.061846,Football-Data closing market average (AvgCH/AvgCD/AvgCA)
c6d77aaeff86754ef298efa86096ded153a88372e961a3fa75e3e3280c88105d,2021-22,primary_market_average,market_average_closing,1.600000,3.920000,5.580000,0.590005,0.240818,0.169177,0.059314,Football-Data closing market average (AvgCH/AvgCD/AvgCA)
c787da33377597422cd7df11cef9db09d664b3188a44e8dfe0a2b27618a150be,2021-22,primary_market_average,market_average_closing,2.230000,3.480000,3.100000,0.423700,0.271509,0.304791,0.058367,Football-Data closing market average (AvgCH/AvgCD/AvgCA)
c7d6bc46f0b354128086ff0a1d2a43a5d3579782e262b81885e3fea6a48a932e,2021-22,primary_market_average,market_average_closing,1.610000,4.130000,5.130000,0.586968,0.228818,0.184214,0.058181,Football-Data closing market average (AvgCH/AvgCD/AvgCA)
c8a2d914e2028c9f1e9400dad2088223829a3947a121d38cacf926996a5c1d3c,2021-22,primary_market_average,market_average_closing,2.430000,3.490000,2.790000,0.389523,0.271215,0.339262,0.056479,Football-Data closing market average (AvgCH/AvgCD/AvgCA)
c92287e1a633e5692f91e0547e2ca90c3912456229b896c6a1f032671e227fe6,2021-22,primary_market_average,market_average_closing,1.780000,3.790000,4.320000,0.531436,0.249593,0.218971,0.057131,Football-Data closing market average (AvgCH/AvgCD/AvgCA)
cbb4d2d777787ff5637c7d53c84de1b71bf1da17e95e73a27e0bb06814786cd6,2021-22,primary_market_average,market_average_closing,2.340000,3.450000,2.930000,0.403731,0.273835,0.322434,0.058502,Football-Data closing market average (AvgCH/AvgCD/AvgCA)
cc542c86a6a0d6a481239d9f46c28a9349f9f27c6068426700545e0e79a762c2,2021-22,primary_market_average,market_average_closing,1.880000,3.400000,4.280000,0.501959,0.277554,0.220487,0.059677,Football-Data closing market average (AvgCH/AvgCD/AvgCA)
cc90630a37b4774a303315564228f7474342abc17f49b26ed6db4b5381df3db9,2021-22,primary_market_average,market_average_closing,1.890000,3.620000,3.960000,0.500157,0.261132,0.238711,0.057869,Football-Data closing market average (AvgCH/AvgCD/AvgCA)
ccba4a98eadd08a8c1c21a07547f235dcbf0d7d287460744f5262a5b29550c8c,2021-22,primary_market_average,market_average_closing,2.620000,3.170000,2.730000,0.358911,0.296639,0.344449,0.063437,Football-Data closing market average (AvgCH/AvgCD/AvgCA)
cdbf066e3ece71ff4400401ce066256a47917b47daa4f731de055a701839a668,2021-22,primary_market_average,market_average_closing,1.720000,3.760000,4.670000,0.547719,0.250552,0.201729,0.061486,Football-Data closing market average (AvgCH/AvgCD/AvgCA)
cea43d34f91c2688a2bedcf4ceb6b03409d61bb5112ff901c1d44a4653a3f441,2021-22,primary_market_average,market_average_closing,2.200000,3.440000,3.200000,0.429731,0.274828,0.295440,0.057743,Football-Data closing market average (AvgCH/AvgCD/AvgCA)
cf0d0796b962092e7a0986a498acb90dff124c7bcb7092d6251ac81189830a3b,2021-22,primary_market_average,market_average_closing,1.720000,3.680000,4.790000,0.547503,0.255898,0.196598,0.061903,Football-Data closing market average (AvgCH/AvgCD/AvgCA)
d0d0d34a8ffe67dc6e1b514c6ec1b66e2afdea942cbe0bd48feca2e930d2bacc,2021-22,primary_market_average,market_average_closing,2.890000,3.050000,2.580000,0.325978,0.308877,0.365145,0.061487,Football-Data closing market average (AvgCH/AvgCD/AvgCA)
d138cb7cac58d6e8a011e95bf04652ea1a6fb9deb7b5b54df52bffa246eff345,2021-22,primary_market_average,market_average_closing,2.380000,3.400000,2.880000,0.395822,0.277075,0.327103,0.061508,Football-Data closing market average (AvgCH/AvgCD/AvgCA)
d14669974a12784bbd837e96ef1fdc8c36e729b8774d0450aaddbd510d99d557,2021-22,primary_market_average,market_average_closing,3.170000,3.360000,2.230000,0.297179,0.280374,0.422447,0.061507,Football-Data closing market average (AvgCH/AvgCD/AvgCA)
d238eb8a35ca4546a1097d623837f63b4c4e73ece1ec9ac83f48707adff715bf,2021-22,primary_market_average,market_average_closing,1.710000,3.780000,4.690000,0.550362,0.248973,0.200665,0.062565,Football-Data closing market average (AvgCH/AvgCD/AvgCA)
d27eaa57671d79cbf4e5a2231a01bf329c581b14d403d23d4289fb960f86062a,2021-22,primary_market_average,market_average_closing,2.330000,3.250000,3.100000,0.405098,0.290424,0.304477,0.059458,Football-Data closing market average (AvgCH/AvgCD/AvgCA)
d281b23ca02ca0b08596346bf594c945b2c1061258024aa7c9f64fd3bb412fa2,2021-22,primary_market_average,market_average_closing,2.210000,3.170000,3.460000,0.428102,0.298456,0.273441,0.056963,Football-Data closing market average (AvgCH/AvgCD/AvgCA)
d382be0080a450c6ddfd2987900028f35109ec15cafd9bdc8bddd4ef13a03171,2021-22,primary_market_average,market_average_closing,2.110000,3.120000,3.730000,0.446037,0.301647,0.252316,0.062543,Football-Data closing market average (AvgCH/AvgCD/AvgCA)
d58b166aed8aebef758cfe79a42672397a1aa5dbe8f7fdaf3eb756ad7eefa5aa,2021-22,primary_market_average,market_average_closing,1.470000,4.660000,6.070000,0.642003,0.202520,0.155477,0.059609,Football-Data closing market average (AvgCH/AvgCD/AvgCA)
d5acecc791efb5488e7f4a944a8341487c28ddb820f0ed814192cbf614ab78ba,2021-22,primary_market_average,market_average_closing,2.600000,3.380000,2.630000,0.362605,0.278927,0.358469,0.060702,Football-Data closing market average (AvgCH/AvgCD/AvgCA)
d5cd55f302b642a9956021b6c78832c1e6290b27106c740898d210f5ae44969d,2021-22,primary_market_average,market_average_closing,2.660000,3.010000,2.830000,0.354152,0.312971,0.332877,0.061523,Football-Data closing market average (AvgCH/AvgCD/AvgCA)
d5e732816e983a2950d6869ac74920b0b77dc7a22d276e7ab03a74b3477aacd4,2021-22,primary_market_average,market_average_closing,2.360000,3.450000,2.920000,0.401239,0.274471,0.324289,0.056050,Football-Data closing market average (AvgCH/AvgCD/AvgCA)
d65723b7c22196e081bbd0c540784946ce28632a9a6b85994e2845ebc708ac2a,2021-22,primary_market_average,market_average_closing,2.130000,3.230000,3.560000,0.442917,0.292079,0.265004,0.059980,Football-Data closing market average (AvgCH/AvgCD/AvgCA)
d82a7af611e5d4195f4d725f514e0b968144a9bf1ec9a9bf03203372d8d0abb0,2021-22,primary_market_average,market_average_closing,1.510000,4.400000,5.950000,0.626188,0.214896,0.158915,0.057592,Football-Data closing market average (AvgCH/AvgCD/AvgCA)
d96d97078e2eecb221912e9353cbbdd183509c9bb3e281074474929f577392ff,2021-22,primary_market_average,market_average_closing,3.350000,3.420000,2.130000,0.281508,0.275746,0.442747,0.060389,Football-Data closing market average (AvgCH/AvgCD/AvgCA)
d9ac54f7db4202de0632d259f2c247e80ec80afcd746b9a5cfecc04f32ca70fe,2021-22,primary_market_average,market_average_closing,2.350000,3.330000,3.010000,0.402182,0.283822,0.313996,0.058058,Football-Data closing market average (AvgCH/AvgCD/AvgCA)
d9ea8dd009baa9a9a8816f266fdcf0f55387bdf1c12209699e2c9c80f2673f71,2021-22,primary_market_average,market_average_closing,1.890000,3.470000,4.160000,0.500251,0.272471,0.227278,0.057670,Football-Data closing market average (AvgCH/AvgCD/AvgCA)
dd6f24475c51980f012a46054b16c0785177fd5286aca8743544d327235afbf2,2021-22,primary_market_average,market_average_closing,1.730000,3.940000,4.380000,0.545237,0.239406,0.215356,0.060152,Football-Data closing market average (AvgCH/AvgCD/AvgCA)
ddb5b2e18e90f6c85a67a219165fe574c597da63942aef73be5fef7f01a93782,2021-22,primary_market_average,market_average_closing,1.440000,4.630000,6.710000,0.655471,0.203861,0.140667,0.059458,Football-Data closing market average (AvgCH/AvgCD/AvgCA)
de41bcbff90b0aabf5c2a15ad77a16f0fd8e1993c9c0f4b7aae0498b7d51dc0b,2021-22,primary_market_average,market_average_closing,1.570000,3.990000,5.740000,0.599879,0.236043,0.164078,0.061785,Football-Data closing market average (AvgCH/AvgCD/AvgCA)
de6598baf6be259dba665b50be6f2ce6e6cf796dc45caceb58394bac37c65923,2021-22,primary_market_average,market_average_closing,1.670000,4.080000,4.670000,0.565958,0.231654,0.202388,0.058033,Football-Data closing market average (AvgCH/AvgCD/AvgCA)
df8050fffb132493a99b67f61e33cefc87f688aeab5359b112a3a54a1e9469cd,2021-22,primary_market_average,market_average_closing,2.780000,3.180000,2.590000,0.339262,0.296588,0.364150,0.060278,Football-Data closing market average (AvgCH/AvgCD/AvgCA)
e0abf0670c6dfa87c57fdf7f0a5288b15165260e75a7349c4d0cef58fac718d1,2021-22,primary_market_average,market_average_closing,2.280000,3.370000,3.070000,0.413355,0.279658,0.306987,0.061065,Football-Data closing market average (AvgCH/AvgCD/AvgCA)
e161edc09ce7d16561c365c59b663695b65c0239fe8e644f80c433c96258e504,2021-22,primary_market_average,market_average_closing,1.970000,3.530000,3.720000,0.479009,0.267322,0.253669,0.059718,Football-Data closing market average (AvgCH/AvgCD/AvgCA)
e196377c5495298d82bd8352ed973e543b168258bb1d3ccbffcf2f779f1a70cc,2021-22,primary_market_average,market_average_closing,1.950000,3.880000,3.480000,0.484749,0.243624,0.271627,0.057909,Football-Data closing market average (AvgCH/AvgCD/AvgCA)
e204cdaa3319c446b315cb37effc3775bb4b41983cb0925bce3acd5cc5cb91cd,2021-22,primary_market_average,market_average_closing,2.510000,3.200000,2.840000,0.374788,0.293974,0.331238,0.063019,Football-Data closing market average (AvgCH/AvgCD/AvgCA)
e205a91c6e0b60884ae6e82f05c98e3759d800244aed3c6b266de738233f2a36,2021-22,primary_market_average,market_average_closing,1.960000,3.440000,3.840000,0.480727,0.273902,0.245371,0.061318,Football-Data closing market average (AvgCH/AvgCD/AvgCA)
e3be172b573b1bf3489fcade01219eddc0fa3fd8c0c6ea70f5433ca4c3727067,2021-22,primary_market_average,market_average_closing,4.060000,3.640000,1.860000,0.232657,0.259502,0.507842,0.058665,Football-Data closing market average (AvgCH/AvgCD/AvgCA)
e4a1f1eca8df6d8aba5c0f36eed6c8f4cddee93b93ed152618dc8e390b37f142,2021-22,primary_market_average,market_average_closing,2.770000,3.370000,2.480000,0.340264,0.279683,0.380053,0.060973,Football-Data closing market average (AvgCH/AvgCD/AvgCA)
e4d26b7ef84fe00d099c6642b2902351c4b594225bb4301b039c7fae1633cfb0,2021-22,primary_market_average,market_average_closing,2.300000,3.310000,3.140000,0.411972,0.286265,0.301763,0.055369,Football-Data closing market average (AvgCH/AvgCD/AvgCA)
e551e980721ae4818e8bfa80e908c6227067cec55a52661e28d60973a097409e,2021-22,primary_market_average,market_average_closing,1.970000,3.670000,3.610000,0.480194,0.257761,0.262045,0.057102,Football-Data closing market average (AvgCH/AvgCD/AvgCA)
e55e72ec019e25147be82ee7cae34f197d273282c392a6fd257c27f545137100,2021-22,primary_market_average,market_average_closing,2.440000,3.350000,2.830000,0.386019,0.281160,0.332822,0.061700,Football-Data closing market average (AvgCH/AvgCD/AvgCA)
e58dcd3fc3d420c66ba26c3fd56b32afcffe1222cb8eec5b711680b5629aaf22,2021-22,primary_market_average,market_average_closing,2.490000,3.350000,2.760000,0.378006,0.280966,0.341028,0.062433,Football-Data closing market average (AvgCH/AvgCD/AvgCA)
e5f104b1663eeee62afd712dadad29571e6ba8417d8e611d55235a0c366e8a70,2021-22,primary_market_average,market_average_closing,1.620000,3.840000,5.420000,0.581136,0.245167,0.173697,0.062202,Football-Data closing market average (AvgCH/AvgCD/AvgCA)
e60ffa354d8656b45f98e84461824483406fdf2cac4713e65c4a0893ed46bdf9,2021-22,primary_market_average,market_average_closing,1.860000,3.510000,4.190000,0.506630,0.268470,0.224900,0.061198,Football-Data closing market average (AvgCH/AvgCD/AvgCA)
e9405a8cb52d150f786c0f3897213502b868bfe861bdd3ad83d839633cebf561,2021-22,primary_market_average,market_average_closing,2.210000,3.540000,3.060000,0.426164,0.266051,0.307785,0.061772,Football-Data closing market average (AvgCH/AvgCD/AvgCA)
ea8d497755e3db9ec2743a9390088f2044057a6d66fe4cf21bd61fa10cb87b81,2021-22,primary_market_average,market_average_closing,5.570000,4.190000,1.560000,0.169495,0.225320,0.605185,0.059222,Football-Data closing market average (AvgCH/AvgCD/AvgCA)
eaa113cf2d0dda7e9a004a0f7c52cb775404265511364886cbb1d5474058320e,2021-22,primary_market_average,market_average_closing,10.420000,6.430000,1.240000,0.090713,0.147003,0.762283,0.057942,Football-Data closing market average (AvgCH/AvgCD/AvgCA)
eb177d2ebfa0d17553c132d01ff2c02c70bb43b2581180256739cfb229f98f4a,2021-22,primary_market_average,market_average_closing,1.180000,7.090000,13.850000,0.798958,0.132972,0.068070,0.060704,Football-Data closing market average (AvgCH/AvgCD/AvgCA)
eb3659d3715b5e621955c85a2a70ca818a5d92f532d2b2ace4ba793d5b32879b,2021-22,primary_market_average,market_average_closing,2.430000,3.150000,3.010000,0.387787,0.299150,0.313064,0.061209,Football-Data closing market average (AvgCH/AvgCD/AvgCA)
eb422cd7bfb821c5b55d64425052e525df37f10721964946cdf75e9448ca5a92,2021-22,primary_market_average,market_average_closing,3.210000,3.210000,2.280000,0.293436,0.293436,0.413127,0.061649,Football-Data closing market average (AvgCH/AvgCD/AvgCA)
ec4a995bac256d42428733215e84dc60073279858183ddaddaf067547d1214dc,2021-22,primary_market_average,market_average_closing,1.470000,4.490000,6.490000,0.643543,0.210692,0.145764,0.057072,Football-Data closing market average (AvgCH/AvgCD/AvgCA)
ec80ffa3a9320f7fb3d71ef6ba827867cd8c671c1dc139bc72017f37362a7e38,2021-22,primary_market_average,market_average_closing,2.250000,3.240000,3.250000,0.418979,0.290958,0.290063,0.060779,Football-Data closing market average (AvgCH/AvgCD/AvgCA)
ec9f7251ed67c25dcbbc68e79ae4cc3f7858b36db9bdc830dd9c86812702d9be,2021-22,primary_market_average,market_average_closing,1.510000,4.330000,6.020000,0.625172,0.218016,0.156812,0.059311,Football-Data closing market average (AvgCH/AvgCD/AvgCA)
ed8d5eb80b7711d539679d901fcb2abac8d71d487f5c752c0f5fc3e0ac68d85c,2021-22,primary_market_average,market_average_closing,1.910000,3.490000,4.050000,0.495323,0.271080,0.233597,0.057007,Football-Data closing market average (AvgCH/AvgCD/AvgCA)
ee46dc4e61062e0e565c58b33d806cea6ac1822eb3b2d0fe17836c8477a3b8a6,2021-22,primary_market_average,market_average_closing,1.470000,4.890000,5.710000,0.641825,0.192941,0.165233,0.059902,Football-Data closing market average (AvgCH/AvgCD/AvgCA)
ee75ffd517e38606dae8fdc797624bc6737f73f265cd8acf25408d72d5c7fc03,2021-22,primary_market_average,market_average_closing,2.770000,3.380000,2.490000,0.341067,0.279513,0.379420,0.058475,Football-Data closing market average (AvgCH/AvgCD/AvgCA)
ef6b5c407f857e769c336d8ce556667117892d18c1a3beb59db4b36f583fc02f,2021-22,primary_market_average,market_average_closing,2.500000,3.300000,2.830000,0.378649,0.286855,0.334496,0.056387,Football-Data closing market average (AvgCH/AvgCD/AvgCA)
efeae5476b8a9142b69a6472f8004d39e3c10d096b755a7fad34a580d13ac27f,2021-22,primary_market_average,market_average_closing,1.670000,3.770000,5.010000,0.562967,0.249378,0.187656,0.063655,Football-Data closing market average (AvgCH/AvgCD/AvgCA)
f02c5f0820bf975fde3a2c6eeb650a876e1d1933598fc329fcfe7f40f8f90594,2021-22,primary_market_average,market_average_closing,1.730000,3.670000,4.770000,0.545235,0.257018,0.197748,0.060158,Football-Data closing market average (AvgCH/AvgCD/AvgCA)
f0705fd16b737cb5eea4bb51a74f27bd8e0f1fdb6eb44c279c5f95e9a37a11c9,2021-22,primary_market_average,market_average_closing,2.490000,3.400000,2.720000,0.377673,0.276590,0.345737,0.063371,Football-Data closing market average (AvgCH/AvgCD/AvgCA)
f168cfbfe173f237fafc23d27302d14a4976be358b11505df57c58906b53b624,2021-22,primary_market_average,market_average_closing,1.990000,3.170000,4.090000,0.472967,0.296910,0.230123,0.062469,Football-Data closing market average (AvgCH/AvgCD/AvgCA)
f183a389489b42b1b3e380323fa7796e0d3a6bd92de45184ba44894c914db8ce,2021-22,primary_market_average,market_average_closing,1.360000,5.200000,7.860000,0.697075,0.182312,0.120613,0.054828,Football-Data closing market average (AvgCH/AvgCD/AvgCA)
f39e05536e78f920706a9eb9136744f536b8f394a348e45b732b9fc36376f49f,2021-22,primary_market_average,market_average_closing,2.760000,3.100000,2.660000,0.341540,0.304081,0.354380,0.060839,Football-Data closing market average (AvgCH/AvgCD/AvgCA)
f3cf3c555048540f836e1ed5313469bcafa61774bd4532dda2524eef06e1f06e,2021-22,primary_market_average,market_average_closing,2.260000,3.420000,3.120000,0.419256,0.277052,0.303692,0.055388,Football-Data closing market average (AvgCH/AvgCD/AvgCA)
f65b947a20d07780b95cc1b1f0691817226c2ac06689531d649c95411d3e817b,2021-22,primary_market_average,market_average_closing,2.110000,3.130000,3.730000,0.446467,0.300973,0.252559,0.061519,Football-Data closing market average (AvgCH/AvgCD/AvgCA)
f73df3cde856a69ac237fac19b08600b738520f01e798f2dbed18b238eb027ef,2021-22,primary_market_average,market_average_closing,2.150000,3.250000,3.490000,0.439062,0.290456,0.270482,0.059342,Football-Data closing market average (AvgCH/AvgCD/AvgCA)
f75b1c4eab82000746084dd886f6bde490d379f21b23987cbf4f83ae12148768,2021-22,primary_market_average,market_average_closing,3.620000,3.450000,2.010000,0.259722,0.272520,0.467758,0.063611,Football-Data closing market average (AvgCH/AvgCD/AvgCA)
f8c5da3c0c80238a1f6ae4497671eda80bc42d49ce127dca2db637f7c722488c,2021-22,primary_market_average,market_average_closing,1.540000,4.370000,5.570000,0.613917,0.216346,0.169737,0.057717,Football-Data closing market average (AvgCH/AvgCD/AvgCA)
fa8737f04802618c0bb3787f653dbf2c22cc480ad315ef29fd6f03696d5521dd,2021-22,primary_market_average,market_average_closing,3.020000,3.350000,2.320000,0.312186,0.281434,0.406380,0.060668,Football-Data closing market average (AvgCH/AvgCD/AvgCA)
fb99057057d918bf7e3f4bdfa5d80e28c5fc5f92be8757a9ea67a467deb4e77d,2021-22,primary_market_average,market_average_closing,2.550000,3.170000,2.820000,0.369185,0.296978,0.333837,0.062224,Football-Data closing market average (AvgCH/AvgCD/AvgCA)
fce39ec59d84c754dd676c017495ee78e89272a9bac96f321455373956213605,2021-22,primary_market_average,market_average_closing,2.120000,3.430000,3.410000,0.446473,0.275954,0.277573,0.056498,Football-Data closing market average (AvgCH/AvgCD/AvgCA)
fd80062d10aa9ba15b5ea4ef8f7260e9a1ed217143f5851c3a39bf210a5b075e,2021-22,primary_market_average,market_average_closing,2.670000,3.140000,2.740000,0.354011,0.301022,0.344967,0.057967,Football-Data closing market average (AvgCH/AvgCD/AvgCA)
fe4ae60bf1cab4a8caff10fd74893efdcbb8443ae9036da1cdf90aa9b3a7c527,2021-22,primary_market_average,market_average_closing,2.930000,3.320000,2.370000,0.320634,0.282970,0.396396,0.064443,Football-Data closing market average (AvgCH/AvgCD/AvgCA)
ff0f6c8bcaac596d7f5c17868cc0c1573857c63c82d72a54412c962b5a678788,2021-22,primary_market_average,market_average_closing,2.330000,3.410000,2.970000,0.405220,0.276880,0.317900,0.059140,Football-Data closing market average (AvgCH/AvgCD/AvgCA)
ff4c08a803125d445e17e73212a18d58d5fd5485d779bccb7b842d3493b04839,2021-22,primary_market_average,market_average_closing,2.140000,3.360000,3.410000,0.441604,0.281260,0.277136,0.058164,Football-Data closing market average (AvgCH/AvgCD/AvgCA)
ff5d134ff5c133cb97df3ec9cc35729c8fe575cfd9babc75997025209d2cdf4e,2021-22,primary_market_average,market_average_closing,1.980000,3.370000,3.870000,0.476380,0.279891,0.243729,0.060184,Football-Data closing market average (AvgCH/AvgCD/AvgCA)
0103f8a432fdc875513832237ea338e0113e618cfd96904bd5975e8c5925e788,2022-23,primary_market_average,market_average_closing,2.670000,3.490000,2.520000,0.354037,0.270853,0.375110,0.057890,Football-Data closing market average (AvgCH/AvgCD/AvgCA)
0308cca5748ea93f2f2a850fba1371e52037a8c4889a985ed18aa81bf31ac0d6,2022-23,primary_market_average,market_average_closing,4.330000,4.060000,1.720000,0.218153,0.232660,0.549187,0.058648,Football-Data closing market average (AvgCH/AvgCD/AvgCA)
04c19394f14634fbf17ed9237906bd3f6d2e85e21230e8239d620c45272d5fcc,2022-23,primary_market_average,market_average_closing,2.550000,3.510000,2.630000,0.370909,0.269464,0.359627,0.057285,Football-Data closing market average (AvgCH/AvgCD/AvgCA)
04f0ebf99de807a220b3f76323ee0f23e39464e4b5bcae94e3b71a63982f07d0,2022-23,primary_market_average,market_average_closing,3.450000,3.520000,2.070000,0.274214,0.268761,0.457024,0.057038,Football-Data closing market average (AvgCH/AvgCD/AvgCA)
05112827b1662f69f17ce42f08982e883f1c6c9798d42b0e3a0a7e8aaccf5639,2022-23,primary_market_average,market_average_closing,2.610000,3.540000,2.490000,0.359004,0.264690,0.376306,0.067234,Football-Data closing market average (AvgCH/AvgCD/AvgCA)
05304fe3aba87dd2a3bfc0efc448c0eee4f96c7ee363c59b4e6e6addce605626,2022-23,primary_market_average,market_average_closing,3.930000,3.740000,1.860000,0.240171,0.252372,0.507457,0.059467,Football-Data closing market average (AvgCH/AvgCD/AvgCA)
05e273ff945d9c61421c3d38e5ca3af4b91f4582b9255fb24d88314be06aa82a,2022-23,primary_market_average,market_average_closing,4.520000,3.750000,1.750000,0.208847,0.251730,0.539422,0.059334,Football-Data closing market average (AvgCH/AvgCD/AvgCA)
065cb83b25c76ed0c93fe3d82a52c62d365890784e4e2e6f571dcb1d770a30fd,2022-23,primary_market_average,market_average_closing,1.760000,3.700000,4.450000,0.534422,0.254211,0.211367,0.063171,Football-Data closing market average (AvgCH/AvgCD/AvgCA)
06b90b3117b6e0b61d6f30b95f1e80e353290457eb2a8b8862cffa54e697b558,2022-23,primary_market_average,market_average_closing,2.600000,3.010000,2.870000,0.361049,0.311869,0.327082,0.065273,Football-Data closing market average (AvgCH/AvgCD/AvgCA)
072aa2a6600c86714601dbdb533e30c65db7dc09ee5f5952d651c70bf67f0267,2022-23,primary_market_average,market_average_closing,2.530000,3.580000,2.600000,0.373165,0.263717,0.363118,0.059202,Football-Data closing market average (AvgCH/AvgCD/AvgCA)
0ac860de24305d23ebaf671d74322a94a802d21b4221dff189d783616cb02706,2022-23,primary_market_average,market_average_closing,2.590000,3.920000,2.360000,0.362559,0.239548,0.397893,0.064931,Football-Data closing market average (AvgCH/AvgCD/AvgCA)
0b14e5bc73d5db8e51bf004cb85651d5ad05fc0c7e45172f039a34c63b4183d6,2022-23,primary_market_average,market_average_closing,2.510000,3.430000,2.680000,0.374764,0.274244,0.350992,0.063086,Football-Data closing market average (AvgCH/AvgCD/AvgCA)
0bd4e5be60673800d26ddc7f793d9ce79ed8a65a760457fe4f4fd036b6c9e371,2022-23,primary_market_average,market_average_closing,3.200000,3.290000,2.250000,0.294562,0.286504,0.418933,0.060896,Football-Data closing market average (AvgCH/AvgCD/AvgCA)
0bdfae2ac4fbca2236fb61700397eeb1043abe50123404d1e51085be4cd8c865,2022-23,primary_market_average,market_average_closing,1.920000,3.470000,3.900000,0.488849,0.270487,0.240664,0.065428,Football-Data closing market average (AvgCH/AvgCD/AvgCA)
0d45c7918ae21298763fd2f7d2192c89f426ae9fa68e92b9657722a117084ec5,2022-23,primary_market_average,market_average_closing,1.870000,3.550000,4.080000,0.503755,0.265358,0.230887,0.061548,Football-Data closing market average (AvgCH/AvgCD/AvgCA)
0d698b9f611deec3ac72ca39521fe354606e02b2a5fda89a8bc2140e451719f0,2022-23,primary_market_average,market_average_closing,2.680000,3.720000,2.340000,0.348951,0.251395,0.399654,0.069302,Football-Data closing market average (AvgCH/AvgCD/AvgCA)
0fe6319502b4f2cb643e314323cf450faa92cd633cea30ac206d47e373add337,2022-23,primary_market_average,market_average_closing,1.920000,3.830000,3.600000,0.491488,0.246385,0.262127,0.059708,Football-Data closing market average (AvgCH/AvgCD/AvgCA)
1060f1443dd96d1090b92229aeb72c3aa17d507b4bb65de8c0de5bbe7e65aecf,2022-23,primary_market_average,market_average_closing,2.240000,3.430000,3.120000,0.421761,0.275436,0.302803,0.058487,Football-Data closing market average (AvgCH/AvgCD/AvgCA)
10c3e61c9025edb3fda208cb593bb2f2131e17bc66a16a8865feef84c7d365d1,2022-23,primary_market_average,market_average_closing,1.860000,3.790000,3.830000,0.505969,0.248312,0.245719,0.062583,Football-Data closing market average (AvgCH/AvgCD/AvgCA)
10dcafb21cfb3e7989ccd074010c67bf3929224b7526fb58da64b23f96b883f2,2022-23,primary_market_average,market_average_closing,1.710000,3.910000,4.540000,0.551270,0.241093,0.207637,0.060814,Football-Data closing market average (AvgCH/AvgCD/AvgCA)
11c76d100cb089267751d18d5f49d3535dc244a9dfa10dd04baa1e8121c1d1ff,2022-23,primary_market_average,market_average_closing,2.190000,3.220000,3.420000,0.430946,0.293097,0.275957,0.059578,Football-Data closing market average (AvgCH/AvgCD/AvgCA)
124cae44686062b31f428a41110efdd0368c9d441d633eeedf9b2962f2b84aa3,2022-23,primary_market_average,market_average_closing,1.750000,3.720000,4.530000,0.538577,0.253363,0.208060,0.060996,Football-Data closing market average (AvgCH/AvgCD/AvgCA)
14b0f08ce76eb22d6737ffeacda6d33369ac4f63edf8dbca753cca73f8012657,2022-23,primary_market_average,market_average_closing,2.640000,3.230000,2.700000,0.357767,0.292416,0.349817,0.058756,Football-Data closing market average (AvgCH/AvgCD/AvgCA)
1507904e8518ae3cfbcea7aa98d6a49b6ea0ca77d87e88219c9134d9801b5e59,2022-23,primary_market_average,market_average_closing,2.820000,3.330000,2.470000,0.334611,0.283364,0.382025,0.059769,Football-Data closing market average (AvgCH/AvgCD/AvgCA)
15179384c7ad0e4bfa376655acd7564d26822a201a0665d28f5a8aef35de313c,2022-23,primary_market_average,market_average_closing,1.740000,4.090000,4.180000,0.542978,0.230998,0.226024,0.058446,Football-Data closing market average (AvgCH/AvgCD/AvgCA)
1537c41514b5bacdb661d600c6f34190e57dc4628201deb22a2a53516328d1df,2022-23,primary_market_average,market_average_closing,1.930000,3.690000,3.650000,0.487376,0.254915,0.257709,0.063110,Football-Data closing market average (AvgCH/AvgCD/AvgCA)
15a2af5266737fcef6de7b7d281e5f5f0fc2ab2ee6e1970f999d3604e08683b8,2022-23,primary_market_average,market_average_closing,1.190000,7.310000,12.320000,0.794040,0.129262,0.076697,0.058304,Football-Data closing market average (AvgCH/AvgCD/AvgCA)
165e209083eaae1706bf5261989c87d574f61e493919938304673357cdcce02b,2022-23,primary_market_average,market_average_closing,1.930000,3.420000,4.010000,0.488848,0.275871,0.235281,0.059909,Football-Data closing market average (AvgCH/AvgCD/AvgCA)
166f31ffd26ee641240e8392f57f3f53714888356d907c25c09d74cbbaa0a2c0,2022-23,primary_market_average,market_average_closing,1.670000,4.070000,4.690000,0.566124,0.232292,0.201584,0.057722,Football-Data closing market average (AvgCH/AvgCD/AvgCA)
177a3c745c023bbde144a674f70376ae947f7a53e8d7aec5134fbe29335d9c60,2022-23,primary_market_average,market_average_closing,2.610000,3.490000,2.580000,0.362387,0.271012,0.366601,0.057272,Football-Data closing market average (AvgCH/AvgCD/AvgCA)
17b3302a9eb3d3c6c58b9f7acad4cdc546d21450fee04b9d2e7690c50a0dfed8,2022-23,primary_market_average,market_average_closing,3.210000,3.290000,2.250000,0.293914,0.286768,0.419318,0.059922,Football-Data closing market average (AvgCH/AvgCD/AvgCA)
185f6b75b58c932ca6aa537f721a66323ae987548c4ea5c3df284260749d0344,2022-23,primary_market_average,market_average_closing,2.350000,3.350000,2.940000,0.399870,0.280506,0.319624,0.064175,Football-Data closing market average (AvgCH/AvgCD/AvgCA)
19d7b2933531863c7b3fe54a84f93e118f77e6201dbf12484240e59611169d7a,2022-23,primary_market_average,market_average_closing,2.830000,3.280000,2.480000,0.332897,0.287225,0.379878,0.061461,Football-Data closing market average (AvgCH/AvgCD/AvgCA)
1a0be781b7ac1da48cbc5a9cfbd647dbd7c71bc7749045dc793ecf6d30ba0b17,2022-23,primary_market_average,market_average_closing,1.980000,3.490000,3.700000,0.475631,0.269842,0.254527,0.061854,Football-Data closing market average (AvgCH/AvgCD/AvgCA)
1ae39f9e857f93ca7b11f321cfa8ae2036a1fc5505ac14c91b809d349c2d1a70,2022-23,primary_market_average,market_average_closing,2.760000,3.550000,2.410000,0.342150,0.266010,0.391840,0.058947,Football-Data closing market average (AvgCH/AvgCD/AvgCA)
1b748e3a95547dbc0281abcf87d99650277cf0486cc5d05b4eeb838258654923,2022-23,primary_market_average,market_average_closing,1.570000,4.100000,5.540000,0.600125,0.229804,0.170071,0.061351,Football-Data closing market average (AvgCH/AvgCD/AvgCA)
1c60360a90a2b674d06a424d2877b9082cb946fdfd965ec9f04cc32b44999854,2022-23,primary_market_average,market_average_closing,1.970000,3.520000,3.710000,0.478319,0.267695,0.253986,0.061247,Football-Data closing market average (AvgCH/AvgCD/AvgCA)
1d061f2e451b13b46b90daed15d03698a702bf4544544656de146eef7578c504,2022-23,primary_market_average,market_average_closing,1.480000,4.870000,5.610000,0.637871,0.193850,0.168280,0.059268,Football-Data closing market average (AvgCH/AvgCD/AvgCA)
1e7300381bcb67664b7919e5f05de72b445e6d58ccc0cda01ae3dbc0ddbc0fae,2022-23,primary_market_average,market_average_closing,1.780000,3.970000,4.050000,0.529698,0.237497,0.232805,0.060601,Football-Data closing market average (AvgCH/AvgCD/AvgCA)
1ef21d6165f0b3fa50e20ff42da0da0a02e04770e48dcd9cfc3f297372a21c74,2022-23,primary_market_average,market_average_closing,1.550000,4.370000,5.370000,0.608520,0.215837,0.175644,0.060214,Football-Data closing market average (AvgCH/AvgCD/AvgCA)
1fe5aa400ff77e5da633586afb05e9016352136e308e7342c2c3949c983028a6,2022-23,primary_market_average,market_average_closing,1.480000,4.600000,6.100000,0.639238,0.205668,0.155094,0.057001,Football-Data closing market average (AvgCH/AvgCD/AvgCA)
2225a5e499f7a1ec8552042a200ec917e3b7365a03b1f8558badfbe4bb78d39b,2022-23,primary_market_average,market_average_closing,2.370000,3.140000,3.100000,0.396937,0.299599,0.303465,0.062993,Football-Data closing market average (AvgCH/AvgCD/AvgCA)
224f2069b0c40e3ffdc2e0f23769538b5ca74ef4b128ad9a25aad47ec3894923,2022-23,primary_market_average,market_average_closing,2.040000,3.760000,3.210000,0.459123,0.249098,0.291779,0.067680,Football-Data closing market average (AvgCH/AvgCD/AvgCA)
23229602d1c6cee2a557af41bbe40813b52eecf9262980fd9737c0a5c5bac74b,2022-23,primary_market_average,market_average_closing,1.350000,5.140000,7.750000,0.695972,0.182794,0.121234,0.064326,Football-Data closing market average (AvgCH/AvgCD/AvgCA)
238b0b004371aa9dcafa838d910bca8904e1021903ad954061919b7047ae2812,2022-23,primary_market_average,market_average_closing,1.710000,3.480000,5.280000,0.550890,0.270696,0.178413,0.061546,Football-Data closing market average (AvgCH/AvgCD/AvgCA)
25174cc066ec29df51a6b9174e43bd111a3757507b78571050e0d9f66d784bc6,2022-23,primary_market_average,market_average_closing,3.350000,4.260000,1.890000,0.280988,0.220965,0.498047,0.062350,Football-Data closing market average (AvgCH/AvgCD/AvgCA)
259815b8ffc3a7d0af92aff4dcdca41aece2d1ef34335f14620b086fb557ebd4,2022-23,primary_market_average,market_average_closing,1.380000,5.350000,6.650000,0.682378,0.176015,0.141606,0.061930,Football-Data closing market average (AvgCH/AvgCD/AvgCA)
25caf0547ec22ddcd7f9a02689742a9b04a606f69add3869d69cd0b5084cee7d,2022-23,primary_market_average,market_average_closing,1.840000,3.520000,4.250000,0.511334,0.267288,0.221378,0.062863,Football-Data closing market average (AvgCH/AvgCD/AvgCA)
26b64b4c3d05b748b034b95eca57784310abaa12202a7d21c0c62d00153cc41b,2022-23,primary_market_average,market_average_closing,1.760000,4.100000,4.000000,0.534969,0.229645,0.235386,0.062084,Football-Data closing market average (AvgCH/AvgCD/AvgCA)
29bd18e94f82d3290557654d798ec83c8619f02503f12f70c623714d6cabcc4a,2022-23,primary_market_average,market_average_closing,1.180000,7.200000,12.340000,0.793958,0.130121,0.075921,0.067384,Football-Data closing market average (AvgCH/AvgCD/AvgCA)
29c0d9ce08a4b2ede21b60a52291a812da0e9ee7e011e1f3eea1c17f8b836c61,2022-23,primary_market_average,market_average_closing,2.050000,3.410000,3.600000,0.460698,0.276959,0.262342,0.058838,Football-Data closing market average (AvgCH/AvgCD/AvgCA)
2b26ce298dc7f782ea47520860aa90f130225e539d51b235bcebb1831cf1e10b,2022-23,primary_market_average,market_average_closing,2.370000,3.660000,2.730000,0.397508,0.257403,0.345089,0.061465,Football-Data closing market average (AvgCH/AvgCD/AvgCA)
2d561d316edbe41b8787dabc46a83affeca5d19d58bce831f37b2524b3c7c853,2022-23,primary_market_average,market_average_closing,1.520000,4.540000,5.610000,0.622763,0.208502,0.168734,0.056412,Football-Data closing market average (AvgCH/AvgCD/AvgCA)
2e39a868054211987980bb6f36a07d1caa569e4dedfcf7bfe4d090b35c97c458,2022-23,primary_market_average,market_average_closing,2.340000,3.580000,2.820000,0.402671,0.263198,0.334131,0.061290,Football-Data closing market average (AvgCH/AvgCD/AvgCA)
2e8605654a164c1fb88c84fb3dea00dc0ac8ff26f18425fec43f229c9967b438,2022-23,primary_market_average,market_average_closing,2.110000,3.610000,3.250000,0.447684,0.261666,0.290650,0.058634,Football-Data closing market average (AvgCH/AvgCD/AvgCA)
2ec495a25bad08ee9a186cac4dc89d7672b05d270bb890d197b8425751d0d9ad,2022-23,primary_market_average,market_average_closing,3.210000,3.310000,2.210000,0.292203,0.283375,0.424422,0.066130,Football-Data closing market average (AvgCH/AvgCD/AvgCA)
2edb2206f6b2e21951a34671c6a5fddc500674cbfbb04df7634ae989fb5d0969,2022-23,primary_market_average,market_average_closing,1.790000,3.870000,4.110000,0.526855,0.243687,0.229458,0.060366,Football-Data closing market average (AvgCH/AvgCD/AvgCA)
2efb48c9c01c27d32cc86c1fa52dc8f3be24ce51f89fd9e0edcd350820115f85,2022-23,primary_market_average,market_average_closing,2.130000,3.630000,3.160000,0.442316,0.259541,0.298143,0.061421,Football-Data closing market average (AvgCH/AvgCD/AvgCA)
2f1f75372efdcbbfde7de7c910a93e4462f98c745d7c5024841cea55587abaf3,2022-23,primary_market_average,market_average_closing,2.010000,3.590000,3.520000,0.469283,0.262746,0.267971,0.060155,Football-Data closing market average (AvgCH/AvgCD/AvgCA)
2fd888e8ed5876fc3578281b918670a25c6ef5f3036e1b2ae4107fb030acd25a,2022-23,primary_market_average,market_average_closing,1.800000,3.950000,3.940000,0.522862,0.238266,0.238871,0.062527,Football-Data closing market average (AvgCH/AvgCD/AvgCA)
3039578560e9abab884204f96c062c6d4e9e1f7a41c0666233e6e19a491d8cfa,2022-23,primary_market_average,market_average_closing,1.580000,3.970000,5.750000,0.597812,0.237920,0.164268,0.058714,Football-Data closing market average (AvgCH/AvgCD/AvgCA)
30499ba0b8b0c29eab8167ac371e72d95efa1a62200199da6ae185ffdd32db15,2022-23,primary_market_average,market_average_closing,2.030000,3.350000,3.590000,0.460526,0.279065,0.260409,0.069670,Football-Data closing market average (AvgCH/AvgCD/AvgCA)
30c0bcebd198db6cff83cd15ef5adf8ba602866c87f99da87b44968471bedebb,2022-23,primary_market_average,market_average_closing,4.670000,4.030000,1.680000,0.202488,0.234645,0.562868,0.057510,Football-Data closing market average (AvgCH/AvgCD/AvgCA)
310625f27d558ea349d859c2929ffaa80e7d6a34adb4503eef189ba1b2c2f49d,2022-23,primary_market_average,market_average_closing,2.160000,3.400000,3.310000,0.437089,0.277680,0.285230,0.059195,Football-Data closing market average (AvgCH/AvgCD/AvgCA)
31feefcf5c5385afed9a24a2999c1d4cb4c8aa6d38be03eca8ccd15252665629,2022-23,primary_market_average,market_average_closing,2.180000,3.360000,3.320000,0.433757,0.281426,0.284817,0.057539,Football-Data closing market average (AvgCH/AvgCD/AvgCA)
320a2d6db80c1c0acd2e58279273776efed3c93b62cb828fb3958ff47af1fcbc,2022-23,primary_market_average,market_average_closing,3.300000,3.590000,2.090000,0.285864,0.262772,0.451364,0.060051,Football-Data closing market average (AvgCH/AvgCD/AvgCA)
3251b67b7f7f890f451bfaa8f9c229cd488fd4c4e774449602d1d2d01808f852,2022-23,primary_market_average,market_average_closing,1.430000,4.820000,6.600000,0.660787,0.196043,0.143170,0.058285,Football-Data closing market average (AvgCH/AvgCD/AvgCA)
325c74f17a222d52419c59c668232b2d0b527b24633e959cc5b70652c9db42c3,2022-23,primary_market_average,market_average_closing,4.570000,3.640000,1.760000,0.206097,0.258754,0.535149,0.061725,Football-Data closing market average (AvgCH/AvgCD/AvgCA)
334753c2267f60d9d494bd34c6ddf56b8810e2ceb6776e1760b3018d04b38ec2,2022-23,primary_market_average,market_average_closing,3.820000,3.580000,1.920000,0.246510,0.263036,0.490453,0.061943,Football-Data closing market average (AvgCH/AvgCD/AvgCA)
342abb8aacdae9b1e0d74f8faf0badb44ffc95b114f9bc0f0cf1532c15195281,2022-23,primary_market_average,market_average_closing,2.500000,3.330000,2.790000,0.377814,0.283644,0.338543,0.058723,Football-Data closing market average (AvgCH/AvgCD/AvgCA)
350ae49933253875f767692d054de1d56c02a6014d27de2e3d96c0233e367e15,2022-23,primary_market_average,market_average_closing,1.900000,3.830000,3.620000,0.494818,0.245471,0.259711,0.063655,Football-Data closing market average (AvgCH/AvgCD/AvgCA)
359413cef6e83ea6615e955680095a2f8a0c59e0a1be91c365ae015b8838dafd,2022-23,primary_market_average,market_average_closing,1.410000,4.970000,6.540000,0.666979,0.189223,0.143798,0.063332,Football-Data closing market average (AvgCH/AvgCD/AvgCA)
35cd1e6686d95e8b0f7ca640f06b20b835ed19e801e1cb53c8364be69c5078ee,2022-23,primary_market_average,market_average_closing,3.020000,3.230000,2.380000,0.312120,0.291828,0.396052,0.060891,Football-Data closing market average (AvgCH/AvgCD/AvgCA)
368363ed5a6fe8652ca519c517cff875ee639bf9a2f24827ffdec74b279f46b5,2022-23,primary_market_average,market_average_closing,2.010000,3.840000,3.310000,0.469332,0.245666,0.285002,0.060044,Football-Data closing market average (AvgCH/AvgCD/AvgCA)
385be2329d23d15003c9e7250d54e31fe740999de3048fd73ee0a7875b3688ac,2022-23,primary_market_average,market_average_closing,1.760000,3.830000,4.390000,0.537507,0.247001,0.215493,0.057069,Football-Data closing market average (AvgCH/AvgCD/AvgCA)
3a80bad4a9acf74062a12318e04a61643f9337d9affd7507ce7709b2da26caae,2022-23,primary_market_average,market_average_closing,1.660000,3.660000,5.390000,0.567688,0.257476,0.174835,0.061162,Football-Data closing market average (AvgCH/AvgCD/AvgCA)
3b06754f9f8c42681ae51b4b15549a32ecce080e527aa0c630d3836115334c4f,2022-23,primary_market_average,market_average_closing,1.270000,5.940000,9.400000,0.741339,0.158502,0.100160,0.062135,Football-Data closing market average (AvgCH/AvgCD/AvgCA)
3bd5b0d091ee767a40fb71378e7a6a09da63c127e446ff54d8f0c49eb8e94192,2022-23,primary_market_average,market_average_closing,1.720000,3.830000,4.630000,0.549277,0.246673,0.204051,0.058475,Football-Data closing market average (AvgCH/AvgCD/AvgCA)
3c8f0b196296d103ba1e560641af49480d912ed9913a281e82927201df27c560,2022-23,primary_market_average,market_average_closing,1.320000,5.360000,8.420000,0.712739,0.175525,0.111736,0.062908,Football-Data closing market average (AvgCH/AvgCD/AvgCA)
3ccfe4f3ee1502fdcdc670690fa3c70c506984e4c976dfe1a88487ee19585598,2022-23,primary_market_average,market_average_closing,2.390000,3.260000,2.980000,0.394455,0.289186,0.316358,0.060729,Football-Data closing market average (AvgCH/AvgCD/AvgCA)
3ce03b1eee026e4471c2ac1343c4076ee43b76834a0889236313fdc23fccc80b,2022-23,primary_market_average,market_average_closing,1.860000,3.660000,4.030000,0.507682,0.258003,0.234315,0.058997,Football-Data closing market average (AvgCH/AvgCD/AvgCA)
3d18e8e4452334de81254acfc2fdbc5a2f39e34b3daa950844fa5f92e4360cd4,2022-23,primary_market_average,market_average_closing,2.390000,3.450000,2.850000,0.395046,0.273670,0.331284,0.059142,Football-Data closing market average (AvgCH/AvgCD/AvgCA)
3e699e99518bb782aaf72c860bf099b41723b6f3f791daa5ae6bed5c822f0e67,2022-23,primary_market_average,market_average_closing,2.030000,3.660000,3.400000,0.464748,0.257770,0.277482,0.059953,Football-Data closing market average (AvgCH/AvgCD/AvgCA)
3ec83ac68a79839f5c29af303ea49c0ce43dc82683e4d430aff5788e63d5ed83,2022-23,primary_market_average,market_average_closing,1.340000,5.200000,8.380000,0.705419,0.181781,0.112800,0.057908,Football-Data closing market average (AvgCH/AvgCD/AvgCA)
3f43bdbb55a38cf74253dbb278c77d95957ca01089eb7fa0209686232b5b12fd,2022-23,primary_market_average,market_average_closing,2.640000,3.450000,2.550000,0.357078,0.273242,0.369680,0.060800,Football-Data closing market average (AvgCH/AvgCD/AvgCA)
3f85ba3db1d25fc474c31f692fc6f5d5e53a98490bf117e36e7d5626fa7cb6c5,2022-23,primary_market_average,market_average_closing,1.860000,3.480000,4.250000,0.507066,0.271018,0.221916,0.060285,Football-Data closing market average (AvgCH/AvgCD/AvgCA)
3f9fb1da59287eccb1edf953bc3048d38dbf61c62ef33ff75c34604ad4369031,2022-23,primary_market_average,market_average_closing,1.330000,5.100000,8.840000,0.708598,0.184791,0.106610,0.061080,Football-Data closing market average (AvgCH/AvgCD/AvgCA)
40b0efe8c6f8cac5ea4c50ddb022da1d5c65cb2ae481f727ca874f7ee9fe350a,2022-23,primary_market_average,market_average_closing,2.170000,3.990000,2.840000,0.433286,0.235647,0.331067,0.063569,Football-Data closing market average (AvgCH/AvgCD/AvgCA)
417a0811d8e67569a5ab07f62aaa99e1e740965472ca74ebff5dba079e3fa227,2022-23,primary_market_average,market_average_closing,1.420000,4.860000,6.680000,0.664560,0.194172,0.141269,0.059687,Football-Data closing market average (AvgCH/AvgCD/AvgCA)
41b1e57aed6c3503597ed76e1bfb2c6976c935d8de74210f772e641b36fe9cff,2022-23,primary_market_average,market_average_closing,2.650000,3.520000,2.490000,0.354975,0.267240,0.377785,0.063056,Football-Data closing market average (AvgCH/AvgCD/AvgCA)
420a53ff5844bb52960e412d6a8df08d1e92654c16efebb7f9ac182c5ade2022,2022-23,primary_market_average,market_average_closing,2.680000,3.160000,2.710000,0.352481,0.298940,0.348579,0.058594,Football-Data closing market average (AvgCH/AvgCD/AvgCA)
4254f1b4ed8c83c7102095e9eff79f7144c7388f4466df1f2190bb003133a9e9,2022-23,primary_market_average,market_average_closing,6.580000,4.660000,1.440000,0.143236,0.202252,0.654511,0.061012,Football-Data closing market average (AvgCH/AvgCD/AvgCA)
45cfc303f92acbf2b33fec37a2d1eedc954e5a80d19b086662856aedd5668791,2022-23,primary_market_average,market_average_closing,2.700000,3.410000,2.510000,0.348738,0.276126,0.375136,0.062032,Football-Data closing market average (AvgCH/AvgCD/AvgCA)
45e27b075533447860ccafaebd518382c86a808e1491a72ce1fe55ced433370f,2022-23,primary_market_average,market_average_closing,2.220000,3.380000,3.190000,0.425038,0.279167,0.295795,0.059788,Football-Data closing market average (AvgCH/AvgCD/AvgCA)
46881d21692d88f6155caa29dd43b42efde09b3cbf74e86dfe3792d1a176764b,2022-23,primary_market_average,market_average_closing,1.610000,4.240000,4.940000,0.586294,0.222626,0.191080,0.059396,Football-Data closing market average (AvgCH/AvgCD/AvgCA)
46c436e576c5129791f15ae47f154cf326041b5a664a261af07457553b99e260,2022-23,primary_market_average,market_average_closing,2.020000,3.390000,3.720000,0.467534,0.278590,0.253876,0.058852,Football-Data closing market average (AvgCH/AvgCD/AvgCA)
472e734286d36c3a061b19e70f42e4b9f62a816799d5cc8788ec0a8dbbb0ee92,2022-23,primary_market_average,market_average_closing,1.840000,3.830000,3.820000,0.509660,0.244850,0.245491,0.066355,Football-Data closing market average (AvgCH/AvgCD/AvgCA)
47950fac17247d32c476a9a33edcc4009a4981470569fffbe9491274b7f6fea4,2022-23,primary_market_average,market_average_closing,2.750000,3.660000,2.360000,0.342863,0.257615,0.399522,0.060589,Football-Data closing market average (AvgCH/AvgCD/AvgCA)
480b2bf6834bf52710b949c8852c0cd4d9d7067184dc3060d79022f457867aaa,2022-23,primary_market_average,market_average_closing,2.610000,3.630000,2.500000,0.361924,0.260227,0.377849,0.058624,Football-Data closing market average (AvgCH/AvgCD/AvgCA)
48be3e578e53eeb4e5ec1d7f2d7f73253da0ffd63ddfa3b80c3c15deed9e6110,2022-23,primary_market_average,market_average_closing,1.740000,3.720000,4.630000,0.542431,0.253718,0.203851,0.059513,Football-Data closing market average (AvgCH/AvgCD/AvgCA)
48cf67eaa3414e34f76928aaf7fdc318c1645fd489b7764fd6e0d4cfe2b285e6,2022-23,primary_market_average,market_average_closing,1.530000,4.100000,6.120000,0.616078,0.229902,0.154020,0.060896,Football-Data closing market average (AvgCH/AvgCD/AvgCA)
49d7c76a3777f6c1348ff2ffc60543b1406ca0468473bc52237d5948b157c770,2022-23,primary_market_average,market_average_closing,4.430000,3.900000,1.730000,0.212920,0.241856,0.545224,0.060179,Football-Data closing market average (AvgCH/AvgCD/AvgCA)
4a308b9322858a1488a0ccf424f6e0caf1ea3ee3f653771cc317de905d7c3826,2022-23,primary_market_average,market_average_closing,1.620000,3.930000,5.330000,0.582698,0.240196,0.177105,0.059354,Football-Data closing market average (AvgCH/AvgCD/AvgCA)
4a703cb9c3b41d114a520e9fdca68550229d412222cb382bc7a64847429813f4,2022-23,primary_market_average,market_average_closing,2.370000,4.110000,2.490000,0.395499,0.228062,0.376439,0.066856,Football-Data closing market average (AvgCH/AvgCD/AvgCA)
4b39dc5fceb42c9556ee104369aff60942a9f77a9b482fcaf5a50b8448f797e4,2022-23,primary_market_average,market_average_closing,5.860000,4.670000,1.460000,0.159527,0.200178,0.640295,0.069713,Football-Data closing market average (AvgCH/AvgCD/AvgCA)
4c55da161f3734ea20e0fa21a92e9e6b048a3f0289a8fa5186698d4c258fea8d,2022-23,primary_market_average,market_average_closing,6.800000,4.720000,1.430000,0.138968,0.200208,0.660825,0.058224,Football-Data closing market average (AvgCH/AvgCD/AvgCA)
4d02c78ad9629f8def12a9fe4b605bebcbc2b2da4effd1eea4b06ed50986e7f0,2022-23,primary_market_average,market_average_closing,2.460000,3.550000,2.680000,0.383014,0.265413,0.351573,0.061329,Football-Data closing market average (AvgCH/AvgCD/AvgCA)
4d1110d04e41576679e8b614cb024e327a2d688e5c9d7c043f1f0120a33ddfba,2022-23,primary_market_average,market_average_closing,2.180000,3.640000,3.040000,0.431778,0.258592,0.309630,0.062388,Football-Data closing market average (AvgCH/AvgCD/AvgCA)
4dad0b72123303e664db61b2920caa0bae112b23765d2472e528cdf2e3250756,2022-23,primary_market_average,market_average_closing,3.240000,3.090000,2.350000,0.291778,0.305942,0.402281,0.057798,Football-Data closing market average (AvgCH/AvgCD/AvgCA)
4e81883cbcb2bcb70a83aed69eb0e1ae54762efc80631120d4dfc37bb04b1e98,2022-23,primary_market_average,market_average_closing,2.230000,3.520000,3.070000,0.423745,0.268452,0.307802,0.058254,Football-Data closing market average (AvgCH/AvgCD/AvgCA)
4edf1fd96c3eabd9a921525c0ea1db034ea0d4df457668a639d288305dd598bd,2022-23,primary_market_average,market_average_closing,1.440000,4.850000,6.190000,0.653791,0.194115,0.152094,0.062181,Football-Data closing market average (AvgCH/AvgCD/AvgCA)
4f3cd811ee9191284cbfaa22c5fb55762c4105202b95698f5d74ccc24fdadeef,2022-23,primary_market_average,market_average_closing,4.190000,3.690000,1.810000,0.224698,0.255145,0.520157,0.062152,Football-Data closing market average (AvgCH/AvgCD/AvgCA)
50a723f5ffcaadaffe06159ef5903dc7536c843f61d65948ee81271c4e2cc547,2022-23,primary_market_average,market_average_closing,4.830000,3.980000,1.660000,0.195190,0.236877,0.567933,0.060705,Football-Data closing market average (AvgCH/AvgCD/AvgCA)
50b05490b711b0df0680e389cec2c0e2112e4765f051e9e1b4e38d5ae08ad6d9,2022-23,primary_market_average,market_average_closing,1.370000,5.390000,6.620000,0.684405,0.173958,0.141637,0.066513,Football-Data closing market average (AvgCH/AvgCD/AvgCA)
51e1eab522d2772122c4dad42d4dff1fb8b9d40466970f67bf40db25793fd713,2022-23,primary_market_average,market_average_closing,5.270000,4.030000,1.610000,0.179180,0.234312,0.586508,0.059010,Football-Data closing market average (AvgCH/AvgCD/AvgCA)
5207ecd94668c29b79d5d01e73867942a1bdc84c6af037b6e64c1bb635de2736,2022-23,primary_market_average,market_average_closing,1.770000,3.730000,4.410000,0.533080,0.252963,0.213957,0.059826,Football-Data closing market average (AvgCH/AvgCD/AvgCA)
520fe3470c5498c1f342920fe72be318c2aa76db4cfb3347c590885b63f5cfe2,2022-23,primary_market_average,market_average_closing,2.250000,3.270000,3.220000,0.418966,0.288279,0.292755,0.060814,Football-Data closing market average (AvgCH/AvgCD/AvgCA)
52cbba45f96f3b70a8aa42f41d0d9d18d6377592e84a1f6cade55e62baa1efb7,2022-23,primary_market_average,market_average_closing,1.250000,6.260000,10.420000,0.757781,0.151314,0.090905,0.055714,Football-Data closing market average (AvgCH/AvgCD/AvgCA)
532710abd9d25ecb846401582a8e6e8de612c825748ff78d20d5216ad20a7feb,2022-23,primary_market_average,market_average_closing,3.030000,3.220000,2.350000,0.309563,0.291297,0.399139,0.066124,Football-Data closing market average (AvgCH/AvgCD/AvgCA)
533c8951432c8571c898c7be865ce540c79d5ff27e943992b47f5352a41f3efe,2022-23,primary_market_average,market_average_closing,3.890000,3.880000,1.840000,0.242913,0.243539,0.513549,0.058280,Football-Data closing market average (AvgCH/AvgCD/AvgCA)
53bde3494d7355b50a4e757a2c1dfe1ca0cb650bf9d946b29c2fbfb9de104fbf,2022-23,primary_market_average,market_average_closing,4.440000,3.800000,1.750000,0.212514,0.248306,0.539179,0.059812,Football-Data closing market average (AvgCH/AvgCD/AvgCA)
541611f400beb7c70488285836281245455a1bb7250d88d74d30ae5ef4177b84,2022-23,primary_market_average,market_average_closing,4.050000,3.830000,1.820000,0.233497,0.246909,0.519594,0.057461,Football-Data closing market average (AvgCH/AvgCD/AvgCA)
54793d916f94ecf8f35d8f6b830a1f4610ae136d8699d4959af72e6fcc289287,2022-23,primary_market_average,market_average_closing,1.400000,4.870000,7.140000,0.674058,0.193774,0.132168,0.059681,Football-Data closing market average (AvgCH/AvgCD/AvgCA)
54a16ef7d4f3ab985d9c3878a8df76712b0ca9b5bfa658a59a7c5663652debd7,2022-23,primary_market_average,market_average_closing,2.050000,3.610000,3.380000,0.459902,0.261163,0.278935,0.060671,Football-Data closing market average (AvgCH/AvgCD/AvgCA)
568831b2e19baa3098ccc403e0f075a196db848e4a0095f5cdf6033182cf43a1,2022-23,primary_market_average,market_average_closing,3.050000,3.320000,2.320000,0.309279,0.284126,0.406595,0.060108,Football-Data closing market average (AvgCH/AvgCD/AvgCA)
56f5c0b453cfd8424ca06a5bc5e5c5e9cc9656ee60b064ee1cca851eaf3d69ed,2022-23,primary_market_average,market_average_closing,4.480000,3.580000,1.790000,0.210341,0.263220,0.526439,0.061203,Football-Data closing market average (AvgCH/AvgCD/AvgCA)
59720f55d9f0ac8eb233259fdd6b071f83c9c1bdd7fe456d49db6d60e1cf43c3,2022-23,primary_market_average,market_average_closing,3.790000,3.540000,1.950000,0.249115,0.266708,0.484177,0.059159,Football-Data closing market average (AvgCH/AvgCD/AvgCA)
5991215963f1c33093044849b01a2d3ef489c2b3a92a882d3ec8797ba3391a5b,2022-23,primary_market_average,market_average_closing,2.080000,3.170000,3.800000,0.453819,0.297774,0.248406,0.059385,Football-Data closing market average (AvgCH/AvgCD/AvgCA)
5a11a638ddaa575ee5def66aacbb91222e548f1c15c44f58a5af5c7ad781aa5d,2022-23,primary_market_average,market_average_closing,3.520000,3.550000,2.020000,0.267800,0.265537,0.466662,0.060831,Football-Data closing market average (AvgCH/AvgCD/AvgCA)
5a6d8f660619afacd057bd6c82f8bcdb5c0a8f2a23e1c82408498b5b82132db4,2022-23,primary_market_average,market_average_closing,3.320000,3.820000,1.990000,0.282689,0.245688,0.471622,0.065497,Football-Data closing market average (AvgCH/AvgCD/AvgCA)
5a9dad9e4de43b16675b9698f7aaeb7f99ecbdca4bce58cc8bb1a0d36f02f38e,2022-23,primary_market_average,market_average_closing,2.050000,3.570000,3.390000,0.458937,0.263535,0.277528,0.062902,Football-Data closing market average (AvgCH/AvgCD/AvgCA)
5bd4d66c58ef580570b93737b8672d01eced7d4b386b029b66d4fafdb8214826,2022-23,primary_market_average,market_average_closing,1.930000,3.540000,3.870000,0.489259,0.266743,0.243998,0.059019,Football-Data closing market average (AvgCH/AvgCD/AvgCA)
5c18c71178fb213bc18b29a1a9a09522097dac434cc4f0fd84ca78cf73a0b88f,2022-23,primary_market_average,market_average_closing,1.760000,4.170000,4.010000,0.537356,0.226798,0.235847,0.057367,Football-Data closing market average (AvgCH/AvgCD/AvgCA)
5c5261e60edf9c76a9a9e12705203d33083605d7c30e98229a12d448bdcc1d08,2022-23,primary_market_average,market_average_closing,2.100000,3.630000,3.240000,0.449103,0.259812,0.291085,0.060315,Football-Data closing market average (AvgCH/AvgCD/AvgCA)
5c66d27b592194810c793d965145ded730ea4af90244a4b8d437c53169918b8c,2022-23,primary_market_average,market_average_closing,1.280000,5.850000,8.840000,0.733353,0.160460,0.106187,0.065312,Football-Data closing market average (AvgCH/AvgCD/AvgCA)
5d88574c13ad141d9499db4b772cc65462c5994ea333a5f14d883fe96c843c98,2022-23,primary_market_average,market_average_closing,1.280000,5.740000,9.380000,0.735588,0.164034,0.100379,0.062076,Football-Data closing market average (AvgCH/AvgCD/AvgCA)
5dddbeb71c525b03dbacd583cb64f7579332682fe0b68c857fc8cf7502450180,2022-23,primary_market_average,market_average_closing,4.140000,3.630000,1.850000,0.228397,0.260486,0.511116,0.057569,Football-Data closing market average (AvgCH/AvgCD/AvgCA)
5de513e3f7e2aa31c6bdcf7a3bc83c932d1e05c8265b43fc255a59bbcc89dcb0,2022-23,primary_market_average,market_average_closing,2.050000,3.680000,3.320000,0.459868,0.256177,0.283955,0.060749,Football-Data closing market average (AvgCH/AvgCD/AvgCA)
5e06fb822f191d98f26bb2f696777c3d3209e62e90bd0ad6be05d21afb49041b,2022-23,primary_market_average,market_average_closing,1.900000,3.560000,3.960000,0.496646,0.265064,0.238290,0.059740,Football-Data closing market average (AvgCH/AvgCD/AvgCA)
5ea424a71a9f59f6fc26b5a2cc53b49f3887874def65213ead214b87f9839c5c,2022-23,primary_market_average,market_average_closing,2.320000,3.420000,2.970000,0.406585,0.275812,0.317602,0.060132,Football-Data closing market average (AvgCH/AvgCD/AvgCA)
6156a10584e3e16177aa82bf941b399f63a01a7687ac52ee14b9dbb7fc50c5a9,2022-23,primary_market_average,market_average_closing,2.880000,3.580000,2.300000,0.327156,0.263187,0.409657,0.061334,Football-Data closing market average (AvgCH/AvgCD/AvgCA)
6323f9eea40dafb8ea2e7cd574cae0abcf2fdd8521ee9fdfb39a1582112593d7,2022-23,primary_market_average,market_average_closing,1.300000,5.880000,8.180000,0.724631,0.160208,0.115161,0.061548,Football-Data closing market average (AvgCH/AvgCD/AvgCA)
634db47b76e3efddcb6439f00f0cc519ad39f4f759ec648fc482621831fd06a9,2022-23,primary_market_average,market_average_closing,2.070000,3.830000,3.120000,0.453735,0.245230,0.301035,0.064701,Football-Data closing market average (AvgCH/AvgCD/AvgCA)
6411a69c68ebf0c90ded43fcda474ae40affb06309c4f07786530ddeff104d6b,2022-23,primary_market_average,market_average_closing,1.530000,4.670000,5.080000,0.613947,0.201143,0.184909,0.064578,Football-Data closing market average (AvgCH/AvgCD/AvgCA)
652047a9cfb4f1d83d7ae0ed5e994de94f69087effc8ac3c080e52913f2f7a59,2022-23,primary_market_average,market_average_closing,2.320000,3.380000,3.010000,0.406975,0.279344,0.313682,0.059118,Football-Data closing market average (AvgCH/AvgCD/AvgCA)
652470590e8124ceaef8c431c4147546aecd498d40e39897c736862602653f1a,2022-23,primary_market_average,market_average_closing,2.180000,3.510000,3.140000,0.431900,0.268246,0.299854,0.062087,Football-Data closing market average (AvgCH/AvgCD/AvgCA)
6635801b188b46bc982b466a88817b912a9044ca7b389180330fc628ef8760e5,2022-23,primary_market_average,market_average_closing,2.500000,3.310000,2.800000,0.377623,0.285214,0.337163,0.059258,Football-Data closing market average (AvgCH/AvgCD/AvgCA)
66fb615d2bf8373f76b415bbd7f48f2b8fcb83ed35b7ea478ccb0f4886410371,2022-23,primary_market_average,market_average_closing,1.960000,3.460000,3.770000,0.479302,0.271512,0.249186,0.064473,Football-Data closing market average (AvgCH/AvgCD/AvgCA)
677b2c311dad7055a04df23738259e8c829b878ad2d28699ddcdef61b9356bbb,2022-23,primary_market_average,market_average_closing,2.300000,3.550000,2.900000,0.409670,0.265420,0.324910,0.061300,Football-Data closing market average (AvgCH/AvgCD/AvgCA)
699abc29bdc48b093c9b63a3747af3c106af8319af8e7aa26cff51f75f0b072d,2022-23,primary_market_average,market_average_closing,6.760000,4.640000,1.430000,0.139195,0.202793,0.658012,0.062747,Football-Data closing market average (AvgCH/AvgCD/AvgCA)
69b42d0ca3e2737f79b854d07372ae99ebbb9670eb32f247acab891f1d14ff0c,2022-23,primary_market_average,market_average_closing,1.960000,3.600000,3.640000,0.480098,0.261387,0.258515,0.062707,Football-Data closing market average (AvgCH/AvgCD/AvgCA)
69ba5b34b24b6ca8088fc0a1c7f8cf1f57b7558cc9fa963af4eb89ac5bcf24f3,2022-23,primary_market_average,market_average_closing,1.710000,3.910000,4.570000,0.552023,0.241422,0.206556,0.059368,Football-Data closing market average (AvgCH/AvgCD/AvgCA)
6a2ccae2f50fd5ba6344e3eda04056862c92d0a64a505d2a657e87eaf8bb35bd,2022-23,primary_market_average,market_average_closing,1.680000,3.810000,4.890000,0.560380,0.247097,0.192523,0.062204,Football-Data closing market average (AvgCH/AvgCD/AvgCA)
6a41b6c850615f7843620e01fc5edd8b59e698999bbe330425bfd21aac094f43,2022-23,primary_market_average,market_average_closing,2.080000,3.440000,3.470000,0.453705,0.274333,0.271962,0.059651,Football-Data closing market average (AvgCH/AvgCD/AvgCA)
6a6ed75b2df4ad060eaf3d22dbc71e9f3f763cb889872c0a60c92f403483accb,2022-23,primary_market_average,market_average_closing,2.750000,3.140000,2.630000,0.342299,0.299784,0.357917,0.062336,Football-Data closing market average (AvgCH/AvgCD/AvgCA)
6bf2e19b95c625356a42d69e3d00cfa3517169bdcc282ab817f7ee3f18942338,2022-23,primary_market_average,market_average_closing,2.480000,3.450000,2.740000,0.381105,0.273954,0.344942,0.058044,Football-Data closing market average (AvgCH/AvgCD/AvgCA)
6c68c7fefaa0a44cd239f99b690508fda23f0fdbeb0303329cbca5c362628e22,2022-23,primary_market_average,market_average_closing,4.380000,3.850000,1.750000,0.215493,0.245158,0.539348,0.059479,Football-Data closing market average (AvgCH/AvgCD/AvgCA)
6e5b22178502d2a04966c2e3527b8f560c64b0d2bd95666d0ed8d70eccb1ec89,2022-23,primary_market_average,market_average_closing,1.430000,4.670000,6.560000,0.656083,0.200899,0.143018,0.065872,Football-Data closing market average (AvgCH/AvgCD/AvgCA)
6e67ad132c1b4c1715d2da503370c34d344a30cc08517c6a7937cda1d08ef241,2022-23,primary_market_average,market_average_closing,1.750000,3.870000,4.360000,0.539499,0.243959,0.216542,0.059184,Football-Data closing market average (AvgCH/AvgCD/AvgCA)
70cfbf455f1dd3251751e5d5f8c06af5fba54d3eda5c5459f9ee3f28b7f1b17a,2022-23,primary_market_average,market_average_closing,2.210000,3.550000,3.070000,0.426912,0.265768,0.307321,0.059912,Football-Data closing market average (AvgCH/AvgCD/AvgCA)
73878914872b964fe026da3d68d8cd217d231465b93da12c2084790d1be55801,2022-23,primary_market_average,market_average_closing,1.510000,4.510000,5.760000,0.626188,0.209655,0.164157,0.057592,Football-Data closing market average (AvgCH/AvgCD/AvgCA)
74a9597ffc4e9e386bf7a2ca568f2c01f1736f37bf2099f4534f8d01f4d5fc1d,2022-23,primary_market_average,market_average_closing,2.260000,3.340000,3.150000,0.417692,0.282630,0.299678,0.059339,Football-Data closing market average (AvgCH/AvgCD/AvgCA)
770488d94e3e02772a4bf41f6ad39391e39567bad10658656397767130000ee5,2022-23,primary_market_average,market_average_closing,2.160000,3.510000,3.250000,0.438596,0.269906,0.291498,0.055556,Football-Data closing market average (AvgCH/AvgCD/AvgCA)
79458722a1c5cd515fccab146025abee6e3a3e73b741149093991c8136fec959,2022-23,primary_market_average,market_average_closing,2.990000,3.270000,2.380000,0.315390,0.288384,0.396225,0.060427,Football-Data closing market average (AvgCH/AvgCD/AvgCA)
7b17dc12f55c8ee3c52f6b3fe3585af635f172bd201284d51ba045bba6f341a7,2022-23,primary_market_average,market_average_closing,2.430000,3.210000,2.950000,0.387486,0.293331,0.319183,0.062032,Football-Data closing market average (AvgCH/AvgCD/AvgCA)
7be93218d34d4f4492e6d094535858dcf853ae700f118915df5036fad951b05a,2022-23,primary_market_average,market_average_closing,10.080000,6.390000,1.240000,0.093401,0.147337,0.759262,0.062152,Football-Data closing market average (AvgCH/AvgCD/AvgCA)
7c53bac2d374479f9d90c87a4c8c50b0208ed1c3b07b076fcee0156d23b8293c,2022-23,primary_market_average,market_average_closing,1.180000,7.290000,12.910000,0.797914,0.129155,0.072931,0.062091,Football-Data closing market average (AvgCH/AvgCD/AvgCA)
7eab471cc8b45a35e2fa64f2cb0ec985ce62e085813f072f2686ca8c5c055f58,2022-23,primary_market_average,market_average_closing,2.000000,3.520000,3.580000,0.470181,0.267148,0.262671,0.063421,Football-Data closing market average (AvgCH/AvgCD/AvgCA)
7ebab085fb458712eb2af0adbd809bdd8c16d3e67f9e11d8720b9dad288f6b1c,2022-23,primary_market_average,market_average_closing,2.190000,3.420000,3.220000,0.430946,0.275957,0.293097,0.059578,Football-Data closing market average (AvgCH/AvgCD/AvgCA)
80ef209ae48b640fad2041dfa3e4be242f69dd973c3ff2338de69e97fca039ee,2022-23,primary_market_average,market_average_closing,1.310000,5.300000,8.940000,0.717513,0.177348,0.105139,0.063895,Football-Data closing market average (AvgCH/AvgCD/AvgCA)
8148b73ac740a88e73b9a7ac6dfb279e314badcedc1480ce1805a436d81743a6,2022-23,primary_market_average,market_average_closing,2.040000,3.560000,3.470000,0.462764,0.265179,0.272057,0.059279,Football-Data closing market average (AvgCH/AvgCD/AvgCA)
81b422eed70c050cdf0976cdf7ac6dc22bd3eb6493162a2117acce525afc3d25,2022-23,primary_market_average,market_average_closing,1.700000,4.250000,4.180000,0.553496,0.221398,0.225106,0.062764,Football-Data closing market average (AvgCH/AvgCD/AvgCA)
822a4d15ffda1ff3983e529668b3153922b1346111198b34f6114ca4127775a2,2022-23,primary_market_average,market_average_closing,1.660000,4.000000,4.830000,0.568607,0.235972,0.195422,0.059449,Football-Data closing market average (AvgCH/AvgCD/AvgCA)
828af25cd24c47ae0f25d101ce559f5a81c2b66fe0e16cab1d004f90f571797f,2022-23,primary_market_average,market_average_closing,2.860000,3.520000,2.340000,0.329519,0.267735,0.402746,0.061092,Football-Data closing market average (AvgCH/AvgCD/AvgCA)
829cc2fab38542219ba8b54f1a59dd3a53606b4ed649ffecf46fe6cc12a293a7,2022-23,primary_market_average,market_average_closing,1.660000,4.230000,4.560000,0.569324,0.223423,0.207254,0.058115,Football-Data closing market average (AvgCH/AvgCD/AvgCA)
8318be4cbc4ca26caa45f15a77639fb1a7ddc109ac3f26df59ebfa3f8d7bf0cf,2022-23,primary_market_average,market_average_closing,1.280000,5.790000,9.100000,0.734360,0.162346,0.103295,0.063852,Football-Data closing market average (AvgCH/AvgCD/AvgCA)
832d7ca410b3f152d838c31ab32c2be388cf1c6f71c102b3637c440d102a6578,2022-23,primary_market_average,market_average_closing,1.960000,3.320000,4.000000,0.480686,0.283778,0.235536,0.061409,Football-Data closing market average (AvgCH/AvgCD/AvgCA)
83715b31270ea2d08bc90171db8b9e60c49d15b650298e8730194ff0fd3aedac,2022-23,primary_market_average,market_average_closing,2.010000,3.480000,3.640000,0.469531,0.271195,0.259274,0.059594,Football-Data closing market average (AvgCH/AvgCD/AvgCA)
83843ffc093dd9a26007ee3590176e20bbc22769a89f98817450d89beeee70e4,2022-23,primary_market_average,market_average_closing,1.710000,4.010000,4.450000,0.552272,0.235507,0.212221,0.058891,Football-Data closing market average (AvgCH/AvgCD/AvgCA)
847c8fe93d8aba07f79bd88934568c8bbac6bc7cf46ee23c28a47abff51cbff6,2022-23,primary_market_average,market_average_closing,1.890000,3.550000,4.000000,0.498779,0.265547,0.235673,0.060791,Football-Data closing market average (AvgCH/AvgCD/AvgCA)
8538978f0afd53436aead0b37bcd192ce23ee442d7ec1f3eb3c71962610482c2,2022-23,primary_market_average,market_average_closing,1.930000,3.730000,3.590000,0.486611,0.251785,0.261604,0.064783,Football-Data closing market average (AvgCH/AvgCD/AvgCA)
85517cc0ddc36791ed9591f254f79a60bf715a80782b97f01c87e75c8b6ec2bc,2022-23,primary_market_average,market_average_closing,4.810000,4.160000,1.630000,0.195803,0.226397,0.577799,0.061782,Football-Data closing market average (AvgCH/AvgCD/AvgCA)
8631a3b66b1635cce71140c1fa3ac0ba62935e99752ced2164ba0b143896a9b0,2022-23,primary_market_average,market_average_closing,1.880000,3.460000,4.120000,0.500084,0.271722,0.228194,0.063651,Football-Data closing market average (AvgCH/AvgCD/AvgCA)
87a01aba1253b067e00c52bba2244132feab096b2716dd80a8015c35c6b1ceeb,2022-23,primary_market_average,market_average_closing,2.510000,3.370000,2.720000,0.374869,0.279205,0.345927,0.062789,Football-Data closing market average (AvgCH/AvgCD/AvgCA)
87b0446efe7c707dd07ab2efd0fbfb039964d93704c8ba47057853d13dc07526,2022-23,primary_market_average,market_average_closing,5.220000,4.390000,1.540000,0.179254,0.213145,0.607601,0.068712,Football-Data closing market average (AvgCH/AvgCD/AvgCA)
8923a432c0af9cd5902a2fce0668782f230579d8f7c7913f29c5f4240075cbb2,2022-23,primary_market_average,market_average_closing,2.650000,3.240000,2.670000,0.355820,0.291026,0.353155,0.060532,Football-Data closing market average (AvgCH/AvgCD/AvgCA)
8a0cb34a5195923ff3be03b96a4fb8f673ab3b96595151f3229c8e320ad3d6c7,2022-23,primary_market_average,market_average_closing,2.450000,3.590000,2.690000,0.385619,0.263166,0.351215,0.058462,Football-Data closing market average (AvgCH/AvgCD/AvgCA)
8c53cb96e67b3b0fcc8515c2f9d956e8376be335285f47e672f34350b80ae3ab,2022-23,primary_market_average,market_average_closing,2.170000,3.500000,3.200000,0.435137,0.269785,0.295078,0.059044,Football-Data closing market average (AvgCH/AvgCD/AvgCA)
8ca1c7050c8c81b16e369150f06d6c8d2f7032de2aa54513f376ca6b4d35ba59,2022-23,primary_market_average,market_average_closing,3.900000,3.610000,1.900000,0.241957,0.261394,0.496649,0.059734,Football-Data closing market average (AvgCH/AvgCD/AvgCA)
8e13f538dd63ed1d807110268934a1db1079529f5d8e6ab47dc1b4735f5cff4a,2022-23,primary_market_average,market_average_closing,2.120000,3.600000,3.250000,0.446190,0.262756,0.291053,0.057168,Football-Data closing market average (AvgCH/AvgCD/AvgCA)
8e7d054a4a9f89bb0bf6b801afc0fbc57e112b5500f4c308e2f58ba4886ed2a6,2022-23,primary_market_average,market_average_closing,2.860000,3.540000,2.340000,0.330019,0.266625,0.403356,0.059487,Football-Data closing market average (AvgCH/AvgCD/AvgCA)
8eb33d4e26bf03ed0d1b3c6624d572b3dea68fdc5a28838bcec3e28506279252,2022-23,primary_market_average,market_average_closing,1.380000,4.990000,7.510000,0.684787,0.189380,0.125833,0.058194,Football-Data closing market average (AvgCH/AvgCD/AvgCA)
8f2f203639d2e63445557f64fb7709f5175f26a285e2726e2dab5b93b505b42d,2022-23,primary_market_average,market_average_closing,2.270000,3.570000,2.940000,0.415289,0.264063,0.320648,0.060777,Football-Data closing market average (AvgCH/AvgCD/AvgCA)
8fc1b07201f4126026542614bdd8c0dc201e3a0fb58525a161a8c5282e0178dc,2022-23,primary_market_average,market_average_closing,2.490000,3.380000,2.740000,0.378008,0.278473,0.343518,0.062428,Football-Data closing market average (AvgCH/AvgCD/AvgCA)
90b9265b562263cf31536644c90684dd4dc029425bf25633f6b6c6f8b3a9bc2c,2022-23,primary_market_average,market_average_closing,3.300000,3.910000,2.010000,0.286880,0.242124,0.470997,0.056297,Football-Data closing market average (AvgCH/AvgCD/AvgCA)
91a6642519f1d3f30f50bd8a0085ae0b0af19ddeac52f37a6920f63395d7cc86,2022-23,primary_market_average,market_average_closing,2.600000,3.510000,2.540000,0.361747,0.267961,0.370292,0.063216,Football-Data closing market average (AvgCH/AvgCD/AvgCA)
92f203851bd6765425037e5d05d637b2610feeca1ab4dbee81fb1cb03d1929da,2022-23,primary_market_average,market_average_closing,1.380000,5.040000,7.060000,0.680607,0.186357,0.133036,0.064693,Football-Data closing market average (AvgCH/AvgCD/AvgCA)
94215587a8ac3d23ce30eb648965ea160aec1b1655d4458a468e6d882b7b8d60,2022-23,primary_market_average,market_average_closing,1.320000,5.320000,8.860000,0.715766,0.177596,0.106638,0.058412,Football-Data closing market average (AvgCH/AvgCD/AvgCA)
94274cdbdd504e6c83a6e1cf06e2989180d596ca2d7703250d65505a3965854d,2022-23,primary_market_average,market_average_closing,2.240000,3.420000,3.090000,0.420188,0.275211,0.304602,0.062451,Football-Data closing market average (AvgCH/AvgCD/AvgCA)
94ce454ee62a3ac5d00df47ada9ceb6c5dab23aeecd1935c22e84f920bca2b25,2022-23,primary_market_average,market_average_closing,1.810000,3.760000,4.140000,0.521219,0.250906,0.227876,0.059990,Football-Data closing market average (AvgCH/AvgCD/AvgCA)
957d8ced5f1002cb0f94ce8465958736bdcea257c50d7c19b2fcacd15674b732,2022-23,primary_market_average,market_average_closing,1.860000,3.640000,4.010000,0.506373,0.258751,0.234876,0.061736,Football-Data closing market average (AvgCH/AvgCD/AvgCA)
961b705df5a6a385b97f76e59f1365b81114c0144498178aecc32f8db02f5807,2022-23,primary_market_average,market_average_closing,1.500000,4.400000,6.020000,0.628900,0.214398,0.156703,0.060052,Football-Data closing market average (AvgCH/AvgCD/AvgCA)
967a7abc1d6ea0307bfcf5f3781c78db1fb508c6aed68844ba8c22215143f735,2022-23,primary_market_average,market_average_closing,2.300000,3.290000,3.130000,0.410861,0.287228,0.301911,0.058223,Football-Data closing market average (AvgCH/AvgCD/AvgCA)
9744eb24d3747ee2d536237653c64a72e662fd1da29f19a1ee4cccc242846288,2022-23,primary_market_average,market_average_closing,2.810000,3.610000,2.340000,0.335655,0.261272,0.403073,0.060231,Football-Data closing market average (AvgCH/AvgCD/AvgCA)
97cb2501de585381d3136f08783978e7680badad3170b392a7074c951ecea8cf,2022-23,primary_market_average,market_average_closing,1.910000,3.580000,3.890000,0.493944,0.263529,0.242528,0.059959,Football-Data closing market average (AvgCH/AvgCD/AvgCA)
996e8dca2b92bb6191cb2f8f9064ce2579f409bd88f59af657811588183a87b1,2022-23,primary_market_average,market_average_closing,3.180000,3.380000,2.230000,0.297015,0.279440,0.423546,0.058754,Football-Data closing market average (AvgCH/AvgCD/AvgCA)
9a4256ef851c3287d32a5de55247ea5aec6b8494f31fc463635299a2e15c50be,2022-23,primary_market_average,market_average_closing,1.710000,4.010000,4.360000,0.549863,0.234480,0.215657,0.063530,Football-Data closing market average (AvgCH/AvgCD/AvgCA)
9a447be3f652e22930548ba22c02a07e35b4ec3fd237f31bc91a9cab0d0e21f8,2022-23,primary_market_average,market_average_closing,1.540000,4.690000,5.020000,0.611572,0.200815,0.187614,0.061773,Football-Data closing market average (AvgCH/AvgCD/AvgCA)
9a7e2c8381a376a7f95037c6d8d8c990613b96946dc7cfa3b8770e533f80d9db,2022-23,primary_market_average,market_average_closing,1.820000,3.940000,3.820000,0.515898,0.238308,0.245794,0.065038,Football-Data closing market average (AvgCH/AvgCD/AvgCA)
9a8b63bb8caf22f6befe7268af30d772d1f7fbc22435fc5555b10a37b6c39e76,2022-23,primary_market_average,market_average_closing,1.590000,4.130000,5.210000,0.591656,0.227781,0.180563,0.063000,Football-Data closing market average (AvgCH/AvgCD/AvgCA)
9a90ec7b4d40add08d998ea95414b5dc576e8593efbdaad5c1e7fbcac1e35fbc,2022-23,primary_market_average,market_average_closing,1.900000,3.660000,3.880000,0.497806,0.258424,0.243771,0.057272,Football-Data closing market average (AvgCH/AvgCD/AvgCA)
9b2aed045729f4550dd920be633963a2de8fa7112153b3e101a7351f6fc56aa5,2022-23,primary_market_average,market_average_closing,1.720000,3.860000,4.560000,0.548610,0.244458,0.206932,0.059761,Football-Data closing market average (AvgCH/AvgCD/AvgCA)
9b83f26afdfd0d72d680d7202aa73b02dac15358a8913772b48ce351cd139156,2022-23,primary_market_average,market_average_closing,1.620000,4.420000,4.570000,0.581057,0.212967,0.205976,0.062347,Football-Data closing market average (AvgCH/AvgCD/AvgCA)
9c4c72984e6fac1a8eede62ecdc73931f22d69a39dc940cef47957fadc444246,2022-23,primary_market_average,market_average_closing,2.160000,3.430000,3.290000,0.437393,0.275443,0.287164,0.058460,Football-Data closing market average (AvgCH/AvgCD/AvgCA)
9cd6b24131a0faaf5c08bbf36209ad9e3c63abdd898cb6f2ff8c18bcca94de39,2022-23,primary_market_average,market_average_closing,2.120000,3.390000,3.450000,0.446456,0.279200,0.274344,0.056538,Football-Data closing market average (AvgCH/AvgCD/AvgCA)
9e589eaa05874e85e2ed8bbea60b2dbc930a58cf86a6971abad34a6553554388,2022-23,primary_market_average,market_average_closing,2.180000,3.610000,3.040000,0.430852,0.260182,0.308966,0.064671,Football-Data closing market average (AvgCH/AvgCD/AvgCA)
9fd57d5b6ac3b56224c055845ebea320340ccaed4840e3a92a3eed90a0413e10,2022-23,primary_market_average,market_average_closing,3.280000,3.620000,2.090000,0.287732,0.260708,0.451560,0.059590,Football-Data closing market average (AvgCH/AvgCD/AvgCA)
a0e0492faa271c49cb5bb9077da745d529276b34e25d5dbd0c615344dd9e97b1,2022-23,primary_market_average,market_average_closing,2.890000,3.370000,2.400000,0.326612,0.280092,0.393296,0.059423,Football-Data closing market average (AvgCH/AvgCD/AvgCA)
a1df5008541847a3f42ba0af0ccf748c2aec908729bfc4edf31d7361ee6ef7c1,2022-23,primary_market_average,market_average_closing,1.480000,4.390000,6.360000,0.637010,0.214755,0.148235,0.060699,Football-Data closing market average (AvgCH/AvgCD/AvgCA)
a2920012cdb4692b35d294ecd64a956158593965fd63abc2010bb68864a7da19,2022-23,primary_market_average,market_average_closing,4.680000,3.970000,1.690000,0.202099,0.238243,0.559659,0.057280,Football-Data closing market average (AvgCH/AvgCD/AvgCA)
a349998cf4faa281b9682b5186732bb6b53a087e35e8a2577791b66b5a444c3e,2022-23,primary_market_average,market_average_closing,3.000000,3.630000,2.210000,0.314079,0.259569,0.426352,0.061304,Football-Data closing market average (AvgCH/AvgCD/AvgCA)
a4c077996bebca0128b2639ea491d270a3af55f7c7f51d67034f9cde3914654e,2022-23,primary_market_average,market_average_closing,1.930000,3.540000,3.870000,0.489259,0.266743,0.243998,0.059019,Football-Data closing market average (AvgCH/AvgCD/AvgCA)
a8cdc9c910243da33160a97209e17907d464861f46222e969419c08f04dd01e4,2022-23,primary_market_average,market_average_closing,1.740000,3.870000,4.420000,0.542512,0.243920,0.213568,0.059355,Football-Data closing market average (AvgCH/AvgCD/AvgCA)
a8ff5d6354d9a1254e7f6303fd7213f5da36f73da4fd3f60bec8d804ba8bbd49,2022-23,primary_market_average,market_average_closing,6.510000,4.830000,1.430000,0.144922,0.195329,0.659749,0.059950,Football-Data closing market average (AvgCH/AvgCD/AvgCA)
a9071e78cec08fa082cb0487750c407524cd8dec27e705fdd6086923d50a7f88,2022-23,primary_market_average,market_average_closing,1.420000,4.830000,6.730000,0.664456,0.195347,0.140197,0.059853,Football-Data closing market average (AvgCH/AvgCD/AvgCA)
a991e8e444f7eef7e4e4c8ee5f8f9e9d7ee37dcb6b03b0827181a32ef181cd9c,2022-23,primary_market_average,market_average_closing,1.960000,3.590000,3.630000,0.479408,0.261738,0.258854,0.064238,Football-Data closing market average (AvgCH/AvgCD/AvgCA)
aa5a56549910134851f1eef9785b5d02535234010e70b5330540e212314f9323,2022-23,primary_market_average,market_average_closing,2.370000,3.340000,2.960000,0.398366,0.282673,0.318962,0.059180,Football-Data closing market average (AvgCH/AvgCD/AvgCA)
ab14ba568d7b1b3d7821f45bd5519a0894048b0dc11ee18aa58bdb5898550ac0,2022-23,primary_market_average,market_average_closing,4.090000,4.220000,1.710000,0.229305,0.222241,0.548454,0.066261,Football-Data closing market average (AvgCH/AvgCD/AvgCA)
ab5a2001ad628ddf37e2b0b6554396aa4cd427269c9bb987a99abed768e47f70,2022-23,primary_market_average,market_average_closing,2.540000,3.410000,2.680000,0.371384,0.276632,0.351984,0.060090,Football-Data closing market average (AvgCH/AvgCD/AvgCA)
acb697e8cf53ecf6d7b94c2a8c8cbce37fadf6407728cfca5d57d9f6c1c72fa4,2022-23,primary_market_average,market_average_closing,1.430000,4.710000,6.910000,0.662008,0.200992,0.137000,0.056333,Football-Data closing market average (AvgCH/AvgCD/AvgCA)
ad3662653eae5591c864971d862f2033982a5d7395299a218e78c8a77b59a704,2022-23,primary_market_average,market_average_closing,4.980000,4.210000,1.610000,0.189535,0.224201,0.586264,0.059451,Football-Data closing market average (AvgCH/AvgCD/AvgCA)
ad585b328af2e9ff4dc0de89ded8aa613428887a9e023a7c2e7206da5ff4a12d,2022-23,primary_market_average,market_average_closing,2.860000,3.310000,2.430000,0.328839,0.284133,0.387028,0.063288,Football-Data closing market average (AvgCH/AvgCD/AvgCA)
ad94687866e8605639132f2778404624f90cb62e94f86cc5a320019e057b9c91,2022-23,primary_market_average,market_average_closing,2.320000,3.370000,3.030000,0.407481,0.280521,0.311998,0.057803,Football-Data closing market average (AvgCH/AvgCD/AvgCA)
aef6df93add8ac45d4f52f0483cf942973ca8ede143f224212eca30799375633,2022-23,primary_market_average,market_average_closing,1.910000,3.600000,3.840000,0.493108,0.261621,0.245270,0.061755,Football-Data closing market average (AvgCH/AvgCD/AvgCA)
af08ab64160206d6c6700c36105b3d800db158830a610edcb47670df7576eede,2022-23,primary_market_average,market_average_closing,4.800000,4.390000,1.590000,0.195608,0.213877,0.590515,0.065055,Football-Data closing market average (AvgCH/AvgCD/AvgCA)
b00c7d28756f5e89cded108491125e25714afcea2879e43a283cf58b070bea53,2022-23,primary_market_average,market_average_closing,3.500000,3.870000,1.940000,0.269650,0.243869,0.486481,0.059576,Football-Data closing market average (AvgCH/AvgCD/AvgCA)
b028d6196bbaf8af42195daf15da417270ed434c316d7f27f2862102d89c1c8b,2022-23,primary_market_average,market_average_closing,4.380000,3.470000,1.840000,0.215393,0.271879,0.512728,0.059973,Football-Data closing market average (AvgCH/AvgCD/AvgCA)
b06aace2ada2cb613e417107a2546605f8d2123d32bc2a99d888a9f70ce3300c,2022-23,primary_market_average,market_average_closing,2.480000,3.390000,2.790000,0.381614,0.279174,0.339212,0.056634,Football-Data closing market average (AvgCH/AvgCD/AvgCA)
b13e0c0f9bf589922c4f9acdbde4ba24cb8a62bb39857b1fbdd40428c68cbc5b,2022-23,primary_market_average,market_average_closing,1.630000,3.960000,5.200000,0.579684,0.238607,0.181709,0.058330,Football-Data closing market average (AvgCH/AvgCD/AvgCA)
b5352d6424242b41582c3ef4033f9b9c8d6b05d529965d0a59175b05d4025eb6,2022-23,primary_market_average,market_average_closing,3.080000,3.550000,2.210000,0.306629,0.266033,0.427338,0.058854,Football-Data closing market average (AvgCH/AvgCD/AvgCA)
b6c8b962f34547d46981123a5c990c85b899abced99118479cf35d32cffc522b,2022-23,primary_market_average,market_average_closing,2.540000,3.320000,2.730000,0.370994,0.283833,0.345174,0.061206,Football-Data closing market average (AvgCH/AvgCD/AvgCA)
b7d6f0047a1aa5a5a696231614a8fcf8da8450fc7c72cf91c716a10747abfec6,2022-23,primary_market_average,market_average_closing,2.710000,3.210000,2.640000,0.348341,0.294082,0.357577,0.059318,Football-Data closing market average (AvgCH/AvgCD/AvgCA)
b7f38b86d8106ac5f5cbbe98a5e72613a3cf7e635f1872007bdf90991a4f1462,2022-23,primary_market_average,market_average_closing,2.100000,3.390000,3.460000,0.449154,0.278237,0.272608,0.060193,Football-Data closing market average (AvgCH/AvgCD/AvgCA)
b809d84f18c951f34338e0d16f33499149189644b450b574cc80f596b1a53c9e,2022-23,primary_market_average,market_average_closing,1.500000,4.340000,6.150000,0.629119,0.217437,0.153444,0.059683,Football-Data closing market average (AvgCH/AvgCD/AvgCA)
b8d140b9ae0c3da6fb8b6e455f3792e268705bf307c9e9150baa6a61bde581d5,2022-23,primary_market_average,market_average_closing,2.140000,3.340000,3.410000,0.440862,0.282468,0.276670,0.059946,Football-Data closing market average (AvgCH/AvgCD/AvgCA)
b8f329e8686f87b48ad4f5e9e89d85b6c4e79118baefedb20715ebde6db50841,2022-23,primary_market_average,market_average_closing,2.110000,3.530000,3.310000,0.447388,0.267419,0.285193,0.059335,Football-Data closing market average (AvgCH/AvgCD/AvgCA)
b98b7ffa41c43df7fb905a2c2611c12b90e276dff40b8fea94181edc3d88ef76,2022-23,primary_market_average,market_average_closing,2.080000,3.700000,3.190000,0.451630,0.253890,0.294480,0.064519,Football-Data closing market average (AvgCH/AvgCD/AvgCA)
ba34c8490b071bf2075b2af56208194385e95f0ff49f0662856298db66e6f033,2022-23,primary_market_average,market_average_closing,2.560000,3.100000,2.860000,0.367524,0.303504,0.328972,0.062856,Football-Data closing market average (AvgCH/AvgCD/AvgCA)
bbe38060c1716fa4d56391d02bbf572b738073c611536ef0c815049d52eb38af,2022-23,primary_market_average,market_average_closing,3.790000,3.380000,2.010000,0.249571,0.279845,0.470584,0.057223,Football-Data closing market average (AvgCH/AvgCD/AvgCA)
bd5d419fc1ea9d0b024ba2b539d217b7b89b726e37e5c0a5a888a5ad4fbffc4e,2022-23,primary_market_average,market_average_closing,1.710000,3.920000,4.510000,0.550848,0.240294,0.208858,0.061627,Football-Data closing market average (AvgCH/AvgCD/AvgCA)
be095cd93303bb69f77dc30364a493cfd2dadaaa2d6c621462ed00400aa7e424,2022-23,primary_market_average,market_average_closing,2.460000,3.220000,2.920000,0.383665,0.293110,0.323225,0.059529,Football-Data closing market average (AvgCH/AvgCD/AvgCA)
be79f67d7a70c87cbf5bdd71c1ee508cff9ec753a71b70a5503390408d97b531,2022-23,primary_market_average,market_average_closing,1.890000,3.650000,3.770000,0.495262,0.256451,0.248288,0.068325,Football-Data closing market average (AvgCH/AvgCD/AvgCA)
c16c5bb79ec56fea3a3385c2e88e20f451c97466d0bffe16c7d9802b70ecf2fb,2022-23,primary_market_average,market_average_closing,3.070000,3.360000,2.280000,0.306731,0.280258,0.413011,0.061948,Football-Data closing market average (AvgCH/AvgCD/AvgCA)
c3ec6728f3c3b86e1e190edfd509bb5d3b8a3287c08831bd0d664383bf2de738,2022-23,primary_market_average,market_average_closing,1.990000,3.550000,3.630000,0.474209,0.265824,0.259966,0.059685,Football-Data closing market average (AvgCH/AvgCD/AvgCA)
c49db42fad57e546a21732052bfc881132268dcf95639b4825c648d7f32a5a04,2022-23,primary_market_average,market_average_closing,2.360000,4.140000,2.500000,0.397765,0.226745,0.375490,0.065275,Football-Data closing market average (AvgCH/AvgCD/AvgCA)
c5b09089fbffe25e7869b6def1544ba02c8ac769ee50099f92cc0c2a7d103755,2022-23,primary_market_average,market_average_closing,2.020000,3.490000,3.640000,0.468660,0.271259,0.260081,0.056308,Football-Data closing market average (AvgCH/AvgCD/AvgCA)
c6318094438faff11f8c9e93c0053882e445cada8da1d0bd36c5fb5664ee56df,2022-23,primary_market_average,market_average_closing,2.190000,3.510000,3.150000,0.431189,0.269032,0.299779,0.058982,Football-Data closing market average (AvgCH/AvgCD/AvgCA)
c6fe43d86eda0d70fcbafef5fb8eb8642d80e0f08133f103ca0eae3720b92ef2,2022-23,primary_market_average,market_average_closing,3.150000,3.410000,2.220000,0.299162,0.276352,0.424486,0.061166,Football-Data closing market average (AvgCH/AvgCD/AvgCA)
c7dfc29ca41b8f3b60517392b23d47d55a1da1e884d826aeec8308256e58972d,2022-23,primary_market_average,market_average_closing,3.020000,3.460000,2.270000,0.312185,0.272485,0.415330,0.060672,Football-Data closing market average (AvgCH/AvgCD/AvgCA)
cb70f54f9d362bc14c7656e290599f13c7263ed63d613068992b142321b6c07a,2022-23,primary_market_average,market_average_closing,1.700000,3.870000,4.660000,0.554298,0.243490,0.202212,0.061226,Football-Data closing market average (AvgCH/AvgCD/AvgCA)
cbb9f428990541759928de4b1ecdc356a8b19739426e519750bba30b9be2d683,2022-23,primary_market_average,market_average_closing,2.410000,3.310000,2.930000,0.392061,0.285458,0.322480,0.058349,Football-Data closing market average (AvgCH/AvgCD/AvgCA)
cbc734f6055978298d2c2dd39352bde88f491bc6f5ea4efb190629b576545ca0,2022-23,primary_market_average,market_average_closing,2.210000,3.670000,2.970000,0.426205,0.256652,0.317143,0.061669,Football-Data closing market average (AvgCH/AvgCD/AvgCA)
cc2fdd035aafc2b309d7f33f4a5116f227eae2eb545d16caa6fc80cb79f356e2,2022-23,primary_market_average,market_average_closing,3.120000,3.440000,2.230000,0.302473,0.274336,0.423191,0.059641,Football-Data closing market average (AvgCH/AvgCD/AvgCA)
cd015e3e95c78fc879588b13d934ff09493c555090b4d591e529eafc60c3226c,2022-23,primary_market_average,market_average_closing,2.500000,3.310000,2.760000,0.375787,0.283827,0.340386,0.064434,Football-Data closing market average (AvgCH/AvgCD/AvgCA)
ce69dda7b5f031b5fb19ba3571ebc3316368b03d0de114ade7c02b2d8af9f501,2022-23,primary_market_average,market_average_closing,2.060000,3.550000,3.430000,0.458534,0.266079,0.275388,0.058672,Football-Data closing market average (AvgCH/AvgCD/AvgCA)
cf2e768bcc3fd3bff6cd24d8f238d58416ff6fe3048ce7db6fb1e5089ce8ecab,2022-23,primary_market_average,market_average_closing,2.440000,3.920000,2.490000,0.384265,0.239186,0.376549,0.066545,Football-Data closing market average (AvgCH/AvgCD/AvgCA)
cfc1937d05c3e5292dfc86f7cf101438057bef0243c270b56784b76d0f08da13,2022-23,primary_market_average,market_average_closing,1.340000,5.220000,7.490000,0.696568,0.178812,0.124620,0.071351,Football-Data closing market average (AvgCH/AvgCD/AvgCA)
d0ad473aa6c63d73d4dd3a66db26be3c1381e9ea6ec4627588f8255c4c59f109,2022-23,primary_market_average,market_average_closing,3.000000,3.570000,2.220000,0.313314,0.263289,0.423397,0.063896,Football-Data closing market average (AvgCH/AvgCD/AvgCA)
d2fe84fcd70be6ba1a609f56b731d5a877185ef791c7b64970f90df66dbfaccd,2022-23,primary_market_average,market_average_closing,3.190000,3.710000,2.080000,0.294682,0.253379,0.451940,0.063791,Football-Data closing market average (AvgCH/AvgCD/AvgCA)
d3762759567e6c53b20485cc4a98746cbce9602faeab611d3c1653f65c80cea3,2022-23,primary_market_average,market_average_closing,1.300000,5.790000,8.320000,0.724231,0.162608,0.113161,0.062135,Football-Data closing market average (AvgCH/AvgCD/AvgCA)
d6682646624024264dfa7dba4906b2469da299da22a3980f200948bca2976607,2022-23,primary_market_average,market_average_closing,2.100000,3.750000,3.120000,0.447813,0.250775,0.301412,0.063370,Football-Data closing market average (AvgCH/AvgCD/AvgCA)
d7f49db0c70d46cec3325b3df9bf07dada75b21553b7e27b1e7af28ca5ff86d1,2022-23,primary_market_average,market_average_closing,3.680000,3.440000,2.010000,0.256370,0.274256,0.469374,0.059949,Football-Data closing market average (AvgCH/AvgCD/AvgCA)
d93e705e7ac5b440b816d0aa5d875e739caa2a540595919b3f732bfe8f5f2ad1,2022-23,primary_market_average,market_average_closing,3.290000,3.580000,2.100000,0.286890,0.263650,0.449460,0.059471,Football-Data closing market average (AvgCH/AvgCD/AvgCA)
d9404cef1cc0a2ac890b8ded6ebf178a03de4df95145385ac7d08108319b25db,2022-23,primary_market_average,market_average_closing,2.190000,3.630000,3.020000,0.429466,0.259100,0.311434,0.063229,Football-Data closing market average (AvgCH/AvgCD/AvgCA)
d9e47692f31a3be7e5f41e263b9fbd79d34069f9d33229004ba9a22d834313c5,2022-23,primary_market_average,market_average_closing,1.830000,4.060000,3.780000,0.516832,0.232956,0.250212,0.057304,Football-Data closing market average (AvgCH/AvgCD/AvgCA)
da3f94725b043ed966aab98f1e60a65741b0511b1046a8b8c86a441675149192,2022-23,primary_market_average,market_average_closing,2.690000,3.460000,2.480000,0.349390,0.271635,0.378975,0.063990,Football-Data closing market average (AvgCH/AvgCD/AvgCA)
ddf81ea41ecc91c4e06eb40f895d985126ba850c280b1a22260ea2c8304da56e,2022-23,primary_market_average,market_average_closing,1.900000,3.840000,3.620000,0.495134,0.244988,0.259877,0.062976,Football-Data closing market average (AvgCH/AvgCD/AvgCA)
dfcac06df8902c809943f461854ed5debbf7520d8f2dd457e0f18d2a98601c3b,2022-23,primary_market_average,market_average_closing,1.940000,3.790000,3.560000,0.486188,0.248867,0.264945,0.060215,Football-Data closing market average (AvgCH/AvgCD/AvgCA)
dff38d8282b32f795bb934e9d65a8f1878691d3f11039954860f45cd4287307d,2022-23,primary_market_average,market_average_closing,1.360000,5.180000,7.510000,0.692693,0.181865,0.125441,0.061500,Football-Data closing market average (AvgCH/AvgCD/AvgCA)
e042a84a05d9302982e6ccd5290e5115ffed65e3925413bd470c13a8543499ef,2022-23,primary_market_average,market_average_closing,1.300000,5.610000,8.810000,0.725011,0.168006,0.106982,0.060991,Football-Data closing market average (AvgCH/AvgCD/AvgCA)
e10010d3cd6d598ce4e8357339256cf7b533928f1c62a0777f9a77bb86fb19d1,2022-23,primary_market_average,market_average_closing,1.520000,4.290000,5.980000,0.621700,0.220276,0.158024,0.058219,Football-Data closing market average (AvgCH/AvgCD/AvgCA)
e13c71cf655de49b00bdc909aedf5543180525af723815210c2f164478778c16,2022-23,primary_market_average,market_average_closing,2.230000,3.310000,3.230000,0.422991,0.284976,0.292034,0.060143,Football-Data closing market average (AvgCH/AvgCD/AvgCA)
e171e50a01e13b8e620c955c10c879114cbf256e51e0222c57f1887c15f9f546,2022-23,primary_market_average,market_average_closing,2.550000,3.370000,2.710000,0.370695,0.280496,0.348809,0.057896,Football-Data closing market average (AvgCH/AvgCD/AvgCA)
e1f8fe8567884b316ebddab538a6f4a0865f9c41f81b4bd52c9f36e9718dfd8f,2022-23,primary_market_average,market_average_closing,4.030000,3.710000,1.850000,0.234487,0.254712,0.510801,0.058221,Football-Data closing market average (AvgCH/AvgCD/AvgCA)
e2ac97c4188792d0ce3a399e95147cb396276f3a9410c623aa86f8d712319286,2022-23,primary_market_average,market_average_closing,4.320000,4.030000,1.730000,0.218863,0.234612,0.546525,0.057655,Football-Data closing market average (AvgCH/AvgCD/AvgCA)
e2c8a50fc01fef4e4025e47ac073d440eb33743b60d4c7912d6ec360e202eadc,2022-23,primary_market_average,market_average_closing,2.690000,3.610000,2.410000,0.349487,0.260421,0.390092,0.063693,Football-Data closing market average (AvgCH/AvgCD/AvgCA)
e3e7730d4fe1cc17f5428a49054a9b5e4e4a65deebe2b448687f45f0cdf6edcd,2022-23,primary_market_average,market_average_closing,1.350000,5.340000,7.500000,0.697930,0.176443,0.125627,0.061340,Football-Data closing market average (AvgCH/AvgCD/AvgCA)
e547f0207a33d2e8d04977a3cea8adaa38c9184f16f8be86789e5085b0fdc56b,2022-23,primary_market_average,market_average_closing,3.300000,3.870000,2.020000,0.286831,0.244584,0.468585,0.056478,Football-Data closing market average (AvgCH/AvgCD/AvgCA)
e689c2f08e909479dfedb60ee893f1b1c918db69a35b5b123a18ea4fef107cb7,2022-23,primary_market_average,market_average_closing,3.740000,3.640000,1.930000,0.252188,0.259116,0.488696,0.060240,Football-Data closing market average (AvgCH/AvgCD/AvgCA)
e8a3b27a56b2d51f5e6484f3686c0e31d18c8b9d98316988a88f483a24e1fd3c,2022-23,primary_market_average,market_average_closing,2.460000,3.650000,2.640000,0.383761,0.258644,0.357595,0.059265,Football-Data closing market average (AvgCH/AvgCD/AvgCA)
e8ff21a85890c73eb0c17b0397290ca32b3e2dc262a052256a4acfcb39d49f75,2022-23,primary_market_average,market_average_closing,2.210000,3.460000,3.100000,0.425237,0.271611,0.303153,0.064087,Football-Data closing market average (AvgCH/AvgCD/AvgCA)
e9d10e4ed76c5ae19480c56bcd71cf113dfe0995b0e1c3ffd51f91513bd123d3,2022-23,primary_market_average,market_average_closing,2.410000,3.710000,2.600000,0.388121,0.252121,0.359758,0.069095,Football-Data closing market average (AvgCH/AvgCD/AvgCA)
eafbf9673f0457a05c2dbecc3f680544548506f1ed5e672f44e9be1b0d8f65d0,2022-23,primary_market_average,market_average_closing,1.530000,4.690000,5.050000,0.613800,0.200237,0.185963,0.064834,Football-Data closing market average (AvgCH/AvgCD/AvgCA)
eb1446616a8117d9d22cd1ebddbced3572a6ac1a90b6b8ba762651450ff4e4b2,2022-23,primary_market_average,market_average_closing,2.530000,3.350000,2.720000,0.372388,0.281236,0.346376,0.061411,Football-Data closing market average (AvgCH/AvgCD/AvgCA)
eb41c947bbecb5876fd0e1fd49f57c03a70231da1c7dbd12bb2fc3f57c08c73c,2022-23,primary_market_average,market_average_closing,3.040000,3.500000,2.240000,0.310009,0.269265,0.420726,0.061090,Football-Data closing market average (AvgCH/AvgCD/AvgCA)
eb4693365fade74618e5e1b66fab50d3633a76d9b3b938db336f984568c9a34d,2022-23,primary_market_average,market_average_closing,1.230000,6.660000,10.910000,0.770757,0.142347,0.086896,0.054817,Football-Data closing market average (AvgCH/AvgCD/AvgCA)
eb5d7a575aaf5d69ccca7008b21a44dd06bbd5b2e6628dd4bdc7c2245c9f1321,2022-23,primary_market_average,market_average_closing,6.210000,4.650000,1.450000,0.151098,0.201788,0.647114,0.065740,Football-Data closing market average (AvgCH/AvgCD/AvgCA)
efae1217331bcf7f447acc8305966ce6ce06855be3d58b7b85d50374e4e18f5e,2022-23,primary_market_average,market_average_closing,1.560000,4.270000,5.470000,0.605865,0.221347,0.172788,0.058033,Football-Data closing market average (AvgCH/AvgCD/AvgCA)
eff59955a5087b6b9c74ca1fb07c1a4efcda935c25a948192013cadb432a1360,2022-23,primary_market_average,market_average_closing,3.100000,3.360000,2.290000,0.305219,0.281601,0.413179,0.056881,Football-Data closing market average (AvgCH/AvgCD/AvgCA)
f0c70499133418490108698c24740078a4689188f9c2532e20df43d76562ac6d,2022-23,primary_market_average,market_average_closing,2.000000,3.530000,3.640000,0.472585,0.267753,0.259662,0.058011,Football-Data closing market average (AvgCH/AvgCD/AvgCA)
f0f21fa235823630374c95579f3e0206beda9827f3d604dbf3c44f43d390519d,2022-23,primary_market_average,market_average_closing,2.750000,3.450000,2.460000,0.343055,0.273449,0.383496,0.059996,Football-Data closing market average (AvgCH/AvgCD/AvgCA)
f1a83f2e54947076de78603ed65824365e17f351953ab8c69c638d658b96f6e8,2022-23,primary_market_average,market_average_closing,1.750000,3.770000,4.440000,0.538116,0.249789,0.212095,0.061906,Football-Data closing market average (AvgCH/AvgCD/AvgCA)
f2f439c6e7c90308076787a4853b97e661869d7c975c00a6bc3b5b3ce1edc4d5,2022-23,primary_market_average,market_average_closing,2.290000,3.500000,2.940000,0.410982,0.268900,0.320119,0.062532,Football-Data closing market average (AvgCH/AvgCD/AvgCA)
f53f671f6323666939f85bd4e165e5154c12ebd2110844339d92f4a856a6bda6,2022-23,primary_market_average,market_average_closing,2.230000,3.440000,3.100000,0.422367,0.273802,0.303832,0.061709,Football-Data closing market average (AvgCH/AvgCD/AvgCA)
f5b17f0aa031d2f3db3b57697b9ecb2df18ada7ba8767a8f48a480dc809ec0f8,2022-23,primary_market_average,market_average_closing,1.960000,3.240000,4.150000,0.481411,0.291224,0.227365,0.059810,Football-Data closing market average (AvgCH/AvgCD/AvgCA)
f5ccf6d541e2f7a119b96a967bb598056d70859bc2e124c9c5a7a1562156056a,2022-23,primary_market_average,market_average_closing,2.490000,3.680000,2.560000,0.377460,0.255401,0.367139,0.063971,Football-Data closing market average (AvgCH/AvgCD/AvgCA)
f6579940ba695aef87e132e218faa72f2b10631d84e327406dddf1d714b23141,2022-23,primary_market_average,market_average_closing,3.700000,3.420000,2.010000,0.254929,0.275800,0.469272,0.060180,Football-Data closing market average (AvgCH/AvgCD/AvgCA)
f6ec1739c12b096617e7cad0f3ecb905ce2e21b94964c47ee5a81dd217603979,2022-23,primary_market_average,market_average_closing,1.610000,4.060000,5.270000,0.587525,0.232984,0.179491,0.057177,Football-Data closing market average (AvgCH/AvgCD/AvgCA)
fb26d60dec09ab75e5e69dcf1f4aa99a2aa40dbe407ece6e9f683dbc79e04258,2022-23,primary_market_average,market_average_closing,2.780000,3.430000,2.450000,0.339537,0.275193,0.385270,0.059421,Football-Data closing market average (AvgCH/AvgCD/AvgCA)
fd22744eaad806f1d4bbca1c6d429a930cf7cd9c366c9e10dcf0d934d1b233e4,2022-23,primary_market_average,market_average_closing,1.940000,3.640000,3.700000,0.486076,0.259062,0.254861,0.060459,Football-Data closing market average (AvgCH/AvgCD/AvgCA)
fe4143f1271116929fa51fce949829022bca7a2acdf962e36e1aa405bcf8f2bc,2022-23,primary_market_average,market_average_closing,1.450000,4.560000,6.680000,0.651445,0.207148,0.141407,0.058654,Football-Data closing market average (AvgCH/AvgCD/AvgCA)
ff553405ae298dc989f0403b42ea08d66b7e2250edf9a20e297902bb25867d14,2022-23,primary_market_average,market_average_closing,1.400000,5.040000,6.870000,0.674963,0.187490,0.137547,0.058259,Football-Data closing market average (AvgCH/AvgCD/AvgCA)
fff1f0bb04f61bf1ab74082e3c0173f84ed91d9a6fc83d909c97dc1edddbbb25,2022-23,primary_market_average,market_average_closing,1.490000,4.220000,6.660000,0.634194,0.223922,0.141884,0.058258,Football-Data closing market average (AvgCH/AvgCD/AvgCA)
01392559725dc0a8666ecc80138a0007d80477bc06c391260e5c56d4443d33eb,2023-24,primary_market_average,market_average_closing,2.110000,3.340000,3.470000,0.446467,0.282050,0.271483,0.061519,Football-Data closing market average (AvgCH/AvgCD/AvgCA)
01f8dbbf9df433632f09cbb1a50fdda3a62c05df2c992dfeb552a3b650f02a4e,2023-24,primary_market_average,market_average_closing,1.530000,4.210000,5.770000,0.614030,0.223151,0.162819,0.064435,Football-Data closing market average (AvgCH/AvgCD/AvgCA)
01fae7aaca2c27365c27802aeaa1c05f2ccd1fa8c4cacabc7e2e881c376a01ed,2023-24,primary_market_average,market_average_closing,1.860000,3.700000,3.910000,0.505457,0.254095,0.240448,0.063659,Football-Data closing market average (AvgCH/AvgCD/AvgCA)
02976daa6420742f1e9988a4efca1993259710d0b4b0ffefa1b63951233a8c86,2023-24,primary_market_average,market_average_closing,1.620000,3.900000,5.320000,0.581431,0.241517,0.177052,0.061664,Football-Data closing market average (AvgCH/AvgCD/AvgCA)
03ca957c1a04701985ce28db3b9a06b0e2905d90f9581529a7d2c93ca452ef67,2023-24,primary_market_average,market_average_closing,2.190000,3.330000,3.250000,0.428908,0.282074,0.289018,0.064614,Football-Data closing market average (AvgCH/AvgCD/AvgCA)
041472d17241360d5112cfcb05b3e2da373fa8de2e1f64d01f6d3b25dffa4e0c,2023-24,primary_market_average,market_average_closing,2.220000,3.340000,3.180000,0.423230,0.281308,0.295462,0.064317,Football-Data closing market average (AvgCH/AvgCD/AvgCA)
0600fa752d7c5ec400cd6f085851a48f8d06f3a9989946fc5d922bf29761dfe6,2023-24,primary_market_average,market_average_closing,1.610000,4.120000,4.950000,0.582741,0.227721,0.189538,0.065857,Football-Data closing market average (AvgCH/AvgCD/AvgCA)
068b221b0cc86593d36aabe071a4c43f4b097d49f660eeeb91dfc03addf968a5,2023-24,primary_market_average,market_average_closing,1.700000,3.570000,5.190000,0.554403,0.264001,0.181596,0.061026,Football-Data closing market average (AvgCH/AvgCD/AvgCA)
068feb5e519360882862f6b14a2c97dfbb2e133be0693fe8edf92fb70084c1a2,2023-24,primary_market_average,market_average_closing,1.770000,4.150000,3.900000,0.531815,0.226822,0.241362,0.062346,Football-Data closing market average (AvgCH/AvgCD/AvgCA)
07ad09c3c6379faa99c9d1fad99581a7a5fb2f84fffa691759fab69bf677f3c7,2023-24,primary_market_average,market_average_closing,3.470000,3.710000,1.970000,0.270509,0.253010,0.476481,0.065340,Football-Data closing market average (AvgCH/AvgCD/AvgCA)
0800d3986383515f5798921d4ea6c78e470835d7993a61769a3ab8b87febb396,2023-24,primary_market_average,market_average_closing,2.020000,3.530000,3.530000,0.466314,0.266843,0.266843,0.061622,Football-Data closing market average (AvgCH/AvgCD/AvgCA)
08f312efb9b9ba3f5888204296285fd892979526155e00d014396bd544b2a65e,2023-24,primary_market_average,market_average_closing,3.450000,3.280000,2.140000,0.272927,0.287073,0.440000,0.062023,Football-Data closing market average (AvgCH/AvgCD/AvgCA)
09ad7400f67481451c013053ff03ecb602142ed109a97afffada4a7a2c126dba,2023-24,primary_market_average,market_average_closing,10.270000,6.050000,1.250000,0.091629,0.155543,0.752828,0.062660,Football-Data closing market average (AvgCH/AvgCD/AvgCA)
0b03de83f0c180e0265161787d5246bae939a10924aa4c2d508ddc3f0e834e29,2023-24,primary_market_average,market_average_closing,2.950000,3.090000,2.500000,0.319011,0.304557,0.376432,0.062608,Football-Data closing market average (AvgCH/AvgCD/AvgCA)
0b757bfca811d8e6b5fc3e53fd44a30277eabf730d65aa41f6e7be10d023b333,2023-24,primary_market_average,market_average_closing,2.750000,3.640000,2.320000,0.340039,0.256898,0.403063,0.069396,Football-Data closing market average (AvgCH/AvgCD/AvgCA)
0bddbac45aeba08e2a215365541164efcdad61d82fb7fa3b9a62e6c26d58ecb8,2023-24,primary_market_average,market_average_closing,1.990000,3.440000,3.700000,0.472517,0.273346,0.254137,0.063481,Football-Data closing market average (AvgCH/AvgCD/AvgCA)
0ca38e8437e08e4a16cffdacfb85ed27a3c65d448ae154921fea3d8fa7cd35e8,2023-24,primary_market_average,market_average_closing,5.120000,4.170000,1.590000,0.183556,0.225373,0.591072,0.064051,Football-Data closing market average (AvgCH/AvgCD/AvgCA)
0cdbd3d6698358f8c4f89e2d0055b85207038b58191ca9217e029d962386aa0e,2023-24,primary_market_average,market_average_closing,2.300000,3.400000,3.000000,0.409310,0.276886,0.313804,0.062234,Football-Data closing market average (AvgCH/AvgCD/AvgCA)
0deffa4554534d562071909683019e11cb8352e92992a485ee08b373cec14f62,2023-24,primary_market_average,market_average_closing,5.850000,4.760000,1.470000,0.161067,0.197950,0.640982,0.061296,Football-Data closing market average (AvgCH/AvgCD/AvgCA)
0e400e9862093909f0bd467810b60b956a1e21124afec063ebbebbe9fdb4c727,2023-24,primary_market_average,market_average_closing,4.070000,3.690000,1.820000,0.230455,0.254187,0.515358,0.066154,Football-Data closing market average (AvgCH/AvgCD/AvgCA)
0f9f58a13c673fec5dcd16240adf500ebab0b813dc6168c95debe41e47be54d7,2023-24,primary_market_average,market_average_closing,2.700000,3.450000,2.480000,0.348272,0.272561,0.379167,0.063451,Football-Data closing market average (AvgCH/AvgCD/AvgCA)
0fe5dba0246f6199367cb0145f2e7fab72110e0c9c2f4481ffa42263352e62b4,2023-24,primary_market_average,market_average_closing,1.940000,3.720000,3.570000,0.484280,0.252554,0.263166,0.064393,Football-Data closing market average (AvgCH/AvgCD/AvgCA)
1247fe5a2c9be4e6250963a569054cccc85e9d9b99e419b2433ffd83daa3bb98,2023-24,primary_market_average,market_average_closing,2.450000,3.170000,2.980000,0.385354,0.297829,0.316818,0.059191,Football-Data closing market average (AvgCH/AvgCD/AvgCA)
13035543b9a4a0e29fc640503d36b646541d234d1cac2387a04f8503f39c19e9,2023-24,primary_market_average,market_average_closing,3.150000,3.510000,2.170000,0.298592,0.267967,0.433440,0.063190,Football-Data closing market average (AvgCH/AvgCD/AvgCA)
138a82e8cfcbd0427e4508dbef9657b0eec04f0796359d72a21a79aff7becddb,2023-24,primary_market_average,market_average_closing,1.940000,3.450000,3.830000,0.483361,0.271803,0.244836,0.066416,Football-Data closing market average (AvgCH/AvgCD/AvgCA)
13bc776482be6e4c1b0177292578e5fac5b1746a5b5b7451157abd7eb39d45e4,2023-24,primary_market_average,market_average_closing,3.100000,3.390000,2.260000,0.304309,0.278276,0.417415,0.060044,Football-Data closing market average (AvgCH/AvgCD/AvgCA)
143556dd21db028e826f07a7466d849c69341d2799cfbd63a0f12ce089acdff4,2023-24,primary_market_average,market_average_closing,2.640000,3.410000,2.550000,0.355937,0.275564,0.368499,0.064200,Football-Data closing market average (AvgCH/AvgCD/AvgCA)
1456cb4735e72480b22a5acf4449f26989dbea132c4bacc51bcd4c6327dedca6,2023-24,primary_market_average,market_average_closing,2.430000,3.340000,2.830000,0.386667,0.281318,0.332015,0.064281,Football-Data closing market average (AvgCH/AvgCD/AvgCA)
14efd8545e5387d0ef10aeeebe261a02cfd4e7ccba47972745eb9ca8d19e80eb,2023-24,primary_market_average,market_average_closing,2.230000,3.340000,3.180000,0.422133,0.281843,0.296024,0.062297,Football-Data closing market average (AvgCH/AvgCD/AvgCA)
150340309903aa02c8c76f83cd0414de28816044bfbb7b6d41484d8116e9e3da,2023-24,primary_market_average,market_average_closing,5.910000,4.550000,1.480000,0.158928,0.206432,0.634639,0.064661,Football-Data closing market average (AvgCH/AvgCD/AvgCA)
154297f59387d541af90aab0251cc0d1a9b044a87564225c2b9b8e20b1a7e9d7,2023-24,primary_market_average,market_average_closing,9.650000,5.380000,1.290000,0.097330,0.174579,0.728090,0.064694,Football-Data closing market average (AvgCH/AvgCD/AvgCA)
16175dd742d725fba7e62a5d9394c31e2915fa3059ec1a38803fb202e362a2ba,2023-24,primary_market_average,market_average_closing,3.680000,3.780000,1.910000,0.256394,0.249611,0.493995,0.059850,Football-Data closing market average (AvgCH/AvgCD/AvgCA)
1773efcdccbffcf6447c950e93237206e9f3f138dc2bbd07a47b27759940450d,2023-24,primary_market_average,market_average_closing,1.780000,3.760000,4.310000,0.530111,0.250957,0.218932,0.059774,Football-Data closing market average (AvgCH/AvgCD/AvgCA)
1bee6fd580dfcb9431ea6b54de0ba1dac4383efdf774bb047c1a5ce53fa63051,2023-24,primary_market_average,market_average_closing,2.360000,3.630000,2.710000,0.396670,0.257890,0.345440,0.068215,Football-Data closing market average (AvgCH/AvgCD/AvgCA)
1c677b446cd81cd46682f4a0a9180b2ac1ca6b97b9d09ac08a1e1b39a114db28,2023-24,primary_market_average,market_average_closing,2.040000,3.410000,3.610000,0.462249,0.276536,0.261215,0.060460,Football-Data closing market average (AvgCH/AvgCD/AvgCA)
1caf42f099bddd88619c3c3565c3f6e7b87ba9cc97aa8cab4771d867115b7946,2023-24,primary_market_average,market_average_closing,2.260000,3.300000,3.140000,0.415871,0.284808,0.299321,0.063980,Football-Data closing market average (AvgCH/AvgCD/AvgCA)
1cf8557f32446bd2878d7fb13a3d78c32075dd5a0611c7e4558d501bf7103522,2023-24,primary_market_average,market_average_closing,1.840000,3.750000,3.990000,0.512342,0.251389,0.236268,0.060771,Football-Data closing market average (AvgCH/AvgCD/AvgCA)
1d4dac358519dc2d0d89b43f0e65c8130c09b51bf6d526b86838e8a72cef5398,2023-24,primary_market_average,market_average_closing,2.430000,3.490000,2.740000,0.387126,0.269546,0.343327,0.063019,Football-Data closing market average (AvgCH/AvgCD/AvgCA)
1d9ed9e1e8832e43fcdcc9623f8e4a1f29f33c95b4bde2e78a4104cb0ed7dea8,2023-24,primary_market_average,market_average_closing,1.520000,4.320000,5.920000,0.621655,0.218731,0.159614,0.058295,Football-Data closing market average (AvgCH/AvgCD/AvgCA)
20efe45facfa7b506b0dc1aaae96219e34ac6a1e0a701213adc2725341adaf7e,2023-24,primary_market_average,market_average_closing,1.940000,3.510000,3.790000,0.484360,0.267709,0.247931,0.064216,Football-Data closing market average (AvgCH/AvgCD/AvgCA)
2238d228b6da9df284f7fdf81cdef23c95bc1060caef8568311d8b547d3ca272,2023-24,primary_market_average,market_average_closing,2.370000,3.500000,2.790000,0.395788,0.268005,0.336207,0.066078,Football-Data closing market average (AvgCH/AvgCD/AvgCA)
226aa3ca64e1e9b426491f258ce02d0111baa7167bbb63e129196fa12c4a22ec,2023-24,primary_market_average,market_average_closing,2.840000,3.410000,2.400000,0.331545,0.276126,0.392329,0.062034,Football-Data closing market average (AvgCH/AvgCD/AvgCA)
239c9671c41bea17abac323ee5ff8050518f4c763c4d0f7c450a7cdc5d47c34c,2023-24,primary_market_average,market_average_closing,3.360000,3.270000,2.170000,0.279649,0.287346,0.433005,0.064259,Football-Data closing market average (AvgCH/AvgCD/AvgCA)
23e5348be336a291cab1c534addd776078fc708454628119bddc241374f14ffc,2023-24,primary_market_average,market_average_closing,3.000000,3.350000,2.340000,0.314706,0.281826,0.403469,0.059191,Football-Data closing market average (AvgCH/AvgCD/AvgCA)
23f6eac498ca346ddc74497efbd8a956e0f876a172b47e420fdf72937c3593f2,2023-24,primary_market_average,market_average_closing,2.120000,3.250000,3.440000,0.440803,0.287539,0.271658,0.070088,Football-Data closing market average (AvgCH/AvgCD/AvgCA)
246687eb4cbe843d01f0e99642c2e79046f92f1bd6949a34b2e919856b5312f3,2023-24,primary_market_average,market_average_closing,2.100000,3.400000,3.400000,0.447368,0.276316,0.276316,0.064426,Football-Data closing market average (AvgCH/AvgCD/AvgCA)
248be2b6e14226eff559c020abd4119582e0608367e41a1b347c17c5e80a6d1f,2023-24,primary_market_average,market_average_closing,2.240000,3.220000,3.250000,0.419308,0.291692,0.289000,0.064680,Football-Data closing market average (AvgCH/AvgCD/AvgCA)
27dbf4c3b3c9b0d064a5f6a87e033a2a4b1fda7270d537b1c3055428a16bbd29,2023-24,primary_market_average,market_average_closing,2.570000,3.370000,2.660000,0.366465,0.279470,0.354065,0.061781,Football-Data closing market average (AvgCH/AvgCD/AvgCA)
29500601844c37b1f885e35564b0f7deaa26a7062968cf6d268baacd10683d6b,2023-24,primary_market_average,market_average_closing,3.200000,3.490000,2.160000,0.294257,0.269806,0.435937,0.061996,Football-Data closing market average (AvgCH/AvgCD/AvgCA)
2a6234b00b8fed41fa2c8de64514bfe6d73bfa014daf16509021fd31f5059744,2023-24,primary_market_average,market_average_closing,2.070000,3.500000,3.400000,0.454493,0.268800,0.276706,0.062924,Football-Data closing market average (AvgCH/AvgCD/AvgCA)
2ad239d29eddea922487342d58e7a9f055a611c126dca0212009ee16c0d557f4,2023-24,primary_market_average,market_average_closing,2.220000,3.290000,3.230000,0.423356,0.285669,0.290975,0.063999,Football-Data closing market average (AvgCH/AvgCD/AvgCA)
2b8144736d3447090697665cd1f6e67979d7430974a62b4669b3c04ece44932f,2023-24,primary_market_average,market_average_closing,1.610000,4.140000,5.090000,0.586443,0.228061,0.185496,0.059128,Football-Data closing market average (AvgCH/AvgCD/AvgCA)
2bb2e7b11027ff7924d8b6f9265fed2217101ef0ccb3065bf2ac19426154db14,2023-24,primary_market_average,market_average_closing,2.520000,3.430000,2.690000,0.374322,0.275012,0.350666,0.060118,Football-Data closing market average (AvgCH/AvgCD/AvgCA)
2c86317c12ddb960c9c0072a024b9d274a4308a56733ecace4d917761c976f39,2023-24,primary_market_average,market_average_closing,1.530000,4.190000,5.840000,0.614575,0.224415,0.161010,0.063491,Football-Data closing market average (AvgCH/AvgCD/AvgCA)
2ca0bd982e8eefb938bb0a56516b881d437d43c7300fff0691a9f604c58ad22d,2023-24,primary_market_average,market_average_closing,1.200000,6.840000,12.150000,0.784804,0.137685,0.077511,0.061837,Football-Data closing market average (AvgCH/AvgCD/AvgCA)
2db499512b8356721683d423da6f7ae3185d9fce4d9f4487e198a96e87d74e90,2023-24,primary_market_average,market_average_closing,2.180000,3.260000,3.370000,0.431854,0.288786,0.279360,0.062200,Football-Data closing market average (AvgCH/AvgCD/AvgCA)
2e4db42e6fbcc6c3e020ed8bb006fbd51001b95ba3daf2897562fc165e7f319a,2023-24,primary_market_average,market_average_closing,2.080000,3.380000,3.560000,0.454617,0.279764,0.265619,0.057526,Football-Data closing market average (AvgCH/AvgCD/AvgCA)
2ec17c7773cc7eaec75a793008ded414aad727a1e1b89d9f25d2475706fbd3a6,2023-24,primary_market_average,market_average_closing,1.280000,5.670000,9.350000,0.733865,0.165670,0.100465,0.064569,Football-Data closing market average (AvgCH/AvgCD/AvgCA)
2ee7cdaf02f4ea7eb897cf851637306b0e1dea83d3146e45dc5226ce0f96b414,2023-24,primary_market_average,market_average_closing,2.690000,3.310000,2.580000,0.350223,0.284622,0.365155,0.061459,Football-Data closing market average (AvgCH/AvgCD/AvgCA)
2eedf1829d96ec7b0e4a81fcbf5e3cb77963eac2f1886f1ceec881593832db1f,2023-24,primary_market_average,market_average_closing,2.580000,3.220000,2.750000,0.365040,0.292486,0.342474,0.061792,Football-Data closing market average (AvgCH/AvgCD/AvgCA)
2f7d6452c7abdc2661b93534ad453c367874f51cbc246469c515411c25fef7ec,2023-24,primary_market_average,market_average_closing,6.280000,4.440000,1.470000,0.149555,0.211532,0.638913,0.064733,Football-Data closing market average (AvgCH/AvgCD/AvgCA)
2f96b991ba26aaf00386fdc7c330e8966ab504aa250250644526e36baddaffb5,2023-24,primary_market_average,market_average_closing,1.620000,3.970000,5.150000,0.580510,0.236883,0.182607,0.063348,Football-Data closing market average (AvgCH/AvgCD/AvgCA)
2fb7a736b9b56e04ed99d518a8247446c6f0c880870554a3e8a2b662855a56a7,2023-24,primary_market_average,market_average_closing,1.250000,6.160000,9.990000,0.752985,0.152797,0.094217,0.062438,Football-Data closing market average (AvgCH/AvgCD/AvgCA)
30187d18c595e36e4c51bea2c2dc957cd03b7507c41db2527126f0fcbe20864b,2023-24,primary_market_average,market_average_closing,1.650000,4.170000,4.640000,0.571009,0.225939,0.203053,0.061386,Football-Data closing market average (AvgCH/AvgCD/AvgCA)
303a137b7264b6c5ab1d545722cf5ee1f672573525999782882f5040b65db04e,2023-24,primary_market_average,market_average_closing,1.880000,3.570000,3.980000,0.500257,0.263441,0.236302,0.063283,Football-Data closing market average (AvgCH/AvgCD/AvgCA)
3105a881a2078a3a01855a9a946b199ffe3584c65d089f446e36cdf92e31963d,2023-24,primary_market_average,market_average_closing,3.590000,3.400000,2.050000,0.262667,0.277345,0.459988,0.060474,Football-Data closing market average (AvgCH/AvgCD/AvgCA)
31299050d44b6dac4fb13c92c8442637ef3f09d06af037d968c0b05ed9d8c34d,2023-24,primary_market_average,market_average_closing,1.250000,6.150000,9.930000,0.752370,0.152921,0.094709,0.063307,Football-Data closing market average (AvgCH/AvgCD/AvgCA)
33507953394cb10446cca6222b0f36a8e29acc1e46f882fa270f8d791af3f229,2023-24,primary_market_average,market_average_closing,2.370000,3.450000,2.850000,0.397056,0.272760,0.330184,0.062673,Football-Data closing market average (AvgCH/AvgCD/AvgCA)
33ae9f28cbc0f09d379826fd5efcebcd487732d2b806af0e0309afe86446172a,2023-24,primary_market_average,market_average_closing,1.590000,4.310000,4.970000,0.592126,0.218441,0.189433,0.062157,Football-Data closing market average (AvgCH/AvgCD/AvgCA)
3444bb97a29aa63890ad6dc540941dc482ccfe1832868ada88c229f9d0a2f0fd,2023-24,primary_market_average,market_average_closing,1.260000,5.950000,9.660000,0.745046,0.157774,0.097180,0.065238,Football-Data closing market average (AvgCH/AvgCD/AvgCA)
3623c6d52daabd9d10cfee3c5ec949f8b6e659dd154c077e18c801ea5ddd9551,2023-24,primary_market_average,market_average_closing,1.920000,3.590000,3.740000,0.488236,0.261118,0.250645,0.066765,Football-Data closing market average (AvgCH/AvgCD/AvgCA)
377dffa4ee6e2f7f09f57f5c7bd657c02b95de1aee5c1f2de4908818f9d66980,2023-24,primary_market_average,market_average_closing,2.460000,3.320000,2.840000,0.383559,0.284203,0.332238,0.059822,Football-Data closing market average (AvgCH/AvgCD/AvgCA)
383b5a62c10ba6cc6174d1ac4e2bbdaf0cc645534f810a47a38236af08d9785f,2023-24,primary_market_average,market_average_closing,1.850000,3.990000,3.660000,0.507840,0.235465,0.256695,0.064391,Football-Data closing market average (AvgCH/AvgCD/AvgCA)
3877ce4cdb19010227fac899cd09a9727243617c0b1977ba39df74384ad7b5c3,2023-24,primary_market_average,market_average_closing,1.660000,3.980000,4.650000,0.563674,0.235100,0.201226,0.068720,Football-Data closing market average (AvgCH/AvgCD/AvgCA)
38f6089c971d22e0a7fe26a33508aa3a9661725cf5c4842be62257c3eb481f67,2023-24,primary_market_average,market_average_closing,3.200000,3.310000,2.220000,0.293409,0.283658,0.422932,0.065065,Football-Data closing market average (AvgCH/AvgCD/AvgCA)
39739e7c2ce904e89493fe374095bf7cc1838f25698079b35de9ac8a6125bf6e,2023-24,primary_market_average,market_average_closing,1.880000,3.550000,4.060000,0.501849,0.265768,0.232383,0.059910,Football-Data closing market average (AvgCH/AvgCD/AvgCA)
398c1ee2229fa788cb05408aff6b9b7ba5a7502077c102d86cadcee7a0d48187,2023-24,primary_market_average,market_average_closing,1.920000,3.590000,3.830000,0.491129,0.262665,0.246206,0.060481,Football-Data closing market average (AvgCH/AvgCD/AvgCA)
39ea590a3508ea9010d719a7acc18d28d318397eab057adf9fa578e73abfa14f,2023-24,primary_market_average,market_average_closing,1.940000,3.500000,3.760000,0.483035,0.267739,0.249226,0.067136,Football-Data closing market average (AvgCH/AvgCD/AvgCA)
3cbdbb3644d01dae36add5d4ee305cff01382372339be1a98d573094c20e6e33,2023-24,primary_market_average,market_average_closing,5.040000,4.130000,1.610000,0.186889,0.228068,0.585043,0.061661,Football-Data closing market average (AvgCH/AvgCD/AvgCA)
3d16fd38b41c453da9f41e8386373cdfda7b26d23247632e9f30c0c63294c103,2023-24,primary_market_average,market_average_closing,4.570000,3.850000,1.710000,0.205781,0.244265,0.549954,0.063354,Football-Data closing market average (AvgCH/AvgCD/AvgCA)
3d73e5ae9c5ff64fb470eaa8486424070a22be4ce2dba87e44953b3348e4bbeb,2023-24,primary_market_average,market_average_closing,1.890000,3.610000,3.840000,0.496097,0.259730,0.244173,0.066526,Football-Data closing market average (AvgCH/AvgCD/AvgCA)
3dc1d0c369d15398ffca0ae1dbde6b178523dd01dd11dc68a779d803195ee1f0,2023-24,primary_market_average,market_average_closing,1.660000,3.820000,5.000000,0.566074,0.245990,0.187936,0.064190,Football-Data closing market average (AvgCH/AvgCD/AvgCA)
3f85d39f5e9ddde358c1fc4afac27565ae3762f87546db4e3eed0420a3bb3458,2023-24,primary_market_average,market_average_closing,3.230000,3.700000,2.070000,0.291260,0.254262,0.454478,0.062960,Football-Data closing market average (AvgCH/AvgCD/AvgCA)
3fea76dd6fb4549a7498b9e960d46981b4aba82b1bc2ea751aa9b6d46e0652b8,2023-24,primary_market_average,market_average_closing,1.950000,3.550000,3.690000,0.481290,0.264370,0.254340,0.065513,Football-Data closing market average (AvgCH/AvgCD/AvgCA)
400b6e92396df4ee798ed6f324a36ba4d889e8427630a834bbca1c02563dbbe7,2023-24,primary_market_average,market_average_closing,1.830000,3.750000,4.020000,0.514609,0.251129,0.234262,0.061871,Football-Data closing market average (AvgCH/AvgCD/AvgCA)
40d31ec0ad30d49f6b78c2b55d9abf6c7112996e2fa4b2fbc9ce10de92251b2e,2023-24,primary_market_average,market_average_closing,1.160000,7.660000,14.580000,0.812350,0.123019,0.064631,0.061204,Football-Data closing market average (AvgCH/AvgCD/AvgCA)
425448e403d470e199893dbb4cd144a35516585643d0b217b783e6e38b2d84d9,2023-24,primary_market_average,market_average_closing,1.300000,5.670000,8.600000,0.724407,0.166090,0.109503,0.061877,Football-Data closing market average (AvgCH/AvgCD/AvgCA)
4285db35da12066a39e6e0c9ca9fa10ebb20c7b652c45f6ae08b07809d096829,2023-24,primary_market_average,market_average_closing,1.900000,3.530000,3.990000,0.496417,0.267193,0.236389,0.060228,Football-Data closing market average (AvgCH/AvgCD/AvgCA)
42e528de163cb2f589c4ede6b781dc53da86e24d5e715dba6f9181ae2cddbf8f,2023-24,primary_market_average,market_average_closing,1.370000,4.970000,7.640000,0.687298,0.189456,0.123246,0.062024,Football-Data closing market average (AvgCH/AvgCD/AvgCA)
4318ca8f949322a4539d7fac660b6e4bf1320b0a20eb0de7cba8500f88f53176,2023-24,primary_market_average,market_average_closing,2.010000,3.460000,3.670000,0.469790,0.272913,0.257297,0.059009,Football-Data closing market average (AvgCH/AvgCD/AvgCA)
43d18f0218abf4c997b91e07fcb30f64c72f6f465a61a6ae7efc699901f92008,2023-24,primary_market_average,market_average_closing,2.330000,3.260000,3.060000,0.403851,0.288642,0.307507,0.062730,Football-Data closing market average (AvgCH/AvgCD/AvgCA)
43f15f16bc411a08b27638862d9278f96ad44f3306dc9106eeee8252306a5173,2023-24,primary_market_average,market_average_closing,2.040000,3.320000,3.670000,0.460762,0.283119,0.256119,0.063880,Football-Data closing market average (AvgCH/AvgCD/AvgCA)
44009ca3393c9fb3d2e54dc5c83d3c2327788635bb57c2301c19e945de70c109,2023-24,primary_market_average,market_average_closing,1.940000,3.370000,3.960000,0.484129,0.278697,0.237174,0.064725,Football-Data closing market average (AvgCH/AvgCD/AvgCA)
45316407f8858f383d8a2ce773abe5e56170a2cc9addb37e06b49b4f385e4294,2023-24,primary_market_average,market_average_closing,2.170000,3.390000,3.260000,0.433696,0.277617,0.288687,0.062563,Football-Data closing market average (AvgCH/AvgCD/AvgCA)
454f2d5d3daadeb58945e0b66de02bf7d5beefa2211ba4f3c6f224b2c31124c2,2023-24,primary_market_average,market_average_closing,2.950000,3.340000,2.360000,0.319159,0.281892,0.398949,0.062113,Football-Data closing market average (AvgCH/AvgCD/AvgCA)
46dfcc87b15fd8c69b82de881e763ae182edaeae079d037174c502919cd3a36a,2023-24,primary_market_average,market_average_closing,2.390000,3.290000,2.940000,0.393799,0.286073,0.320129,0.062497,Football-Data closing market average (AvgCH/AvgCD/AvgCA)
46e9a631ff71c766bfdf3bd844df1b472c1961eab310b05db586d48daddc0bcd,2023-24,primary_market_average,market_average_closing,4.240000,3.810000,1.770000,0.221811,0.246845,0.531344,0.063288,Football-Data closing market average (AvgCH/AvgCD/AvgCA)
471f5867f60c05a11e6aac8ef52a7287501569550ea298ec0d08733cdd46fcf8,2023-24,primary_market_average,market_average_closing,2.230000,3.840000,2.820000,0.421672,0.244877,0.333450,0.063457,Football-Data closing market average (AvgCH/AvgCD/AvgCA)
476c614e398333188917f3f20725fda88ff063db16c8affc2f654ecfb84c87ec,2023-24,primary_market_average,market_average_closing,1.220000,6.610000,11.050000,0.772215,0.142527,0.085258,0.061456,Football-Data closing market average (AvgCH/AvgCD/AvgCA)
4aeaee6d7a4891a4871a9c1406bd39ccc8141b489cfb0a110c16838855d2c71f,2023-24,primary_market_average,market_average_closing,9.750000,5.920000,1.270000,0.096861,0.159525,0.743614,0.058885,Football-Data closing market average (AvgCH/AvgCD/AvgCA)
4b39e5ed41ae1efaa616f67d40ef0ab726dcb57d99abcf8ed415c1da97a157b9,2023-24,primary_market_average,market_average_closing,1.690000,4.310000,4.200000,0.557261,0.218508,0.224231,0.061830,Football-Data closing market average (AvgCH/AvgCD/AvgCA)
4ba27050b4ed48acf5e38ecd7eff4a81d9140d19f137d932ded7b162791c059f,2023-24,primary_market_average,market_average_closing,2.050000,3.180000,3.830000,0.458736,0.295726,0.245538,0.063367,Football-Data closing market average (AvgCH/AvgCD/AvgCA)
4c73d489a876721be4f9b684cebc463a71a3037b9655cfb6c27c21425bbff8fc,2023-24,primary_market_average,market_average_closing,1.750000,3.750000,4.470000,0.538165,0.251144,0.210691,0.061809,Football-Data closing market average (AvgCH/AvgCD/AvgCA)
4cb98370b0c1f0f25d0686c9686f881ae3578dbf7b765b815c04dcc25c18f621,2023-24,primary_market_average,market_average_closing,3.060000,3.560000,2.200000,0.307649,0.264440,0.427912,0.062242,Football-Data closing market average (AvgCH/AvgCD/AvgCA)
4ce60b2afa1d11d028de15aa924945021f9571a8132e070d23f8de45820714a8,2023-24,primary_market_average,market_average_closing,2.180000,3.430000,3.180000,0.430830,0.273822,0.295349,0.064726,Football-Data closing market average (AvgCH/AvgCD/AvgCA)
4e83e9e8a4347ea3b38c926c4c0fc0a53e20cdde33127d640a88e69b8299bdaa,2023-24,primary_market_average,market_average_closing,2.110000,3.480000,3.330000,0.446437,0.270685,0.282878,0.061590,Football-Data closing market average (AvgCH/AvgCD/AvgCA)
4f15e5e567c87644ff84648e78dc0b366a3681311d4ad21657a28a3559a416ad,2023-24,primary_market_average,market_average_closing,3.160000,3.400000,2.230000,0.298824,0.277730,0.423446,0.059004,Football-Data closing market average (AvgCH/AvgCD/AvgCA)
50568608f97a89c4fec19041af4eabcb2eeab7cc1271bd3a4aa57273d63a1848,2023-24,primary_market_average,market_average_closing,2.100000,3.300000,3.520000,0.447837,0.284987,0.267176,0.063312,Football-Data closing market average (AvgCH/AvgCD/AvgCA)
518fa0de0325de58061b7e74a954b0567d3834d1fdedb9c6c1d105a3546c8ff7,2023-24,primary_market_average,market_average_closing,3.120000,3.320000,2.290000,0.302828,0.284585,0.412587,0.058399,Football-Data closing market average (AvgCH/AvgCD/AvgCA)
5236595e0dd4da4224358c98c1b7c8ae9b724cd1f50466c724179f69d06d6f52,2023-24,primary_market_average,market_average_closing,2.200000,3.470000,3.120000,0.427509,0.271043,0.301448,0.063243,Football-Data closing market average (AvgCH/AvgCD/AvgCA)
52ebbc63393ea36e842aaf66e628c292f4a3c721708c83e2e2f40f71a8a58d4a,2023-24,primary_market_average,market_average_closing,1.850000,3.830000,3.840000,0.508958,0.245841,0.245201,0.062054,Football-Data closing market average (AvgCH/AvgCD/AvgCA)
532cbf8814991f4c64ea82bec11bce37c8274b12e9e8e19a7d8345dda60f621b,2023-24,primary_market_average,market_average_closing,2.260000,3.200000,3.220000,0.415263,0.293279,0.291458,0.065537,Football-Data closing market average (AvgCH/AvgCD/AvgCA)
53e1adbe289f7a3d5b88085966eca88b663c30941ee50630a05ef2ce53680301,2023-24,primary_market_average,market_average_closing,3.090000,3.690000,2.140000,0.304755,0.255201,0.440044,0.061917,Football-Data closing market average (AvgCH/AvgCD/AvgCA)
540000325221dd317c8ef7a1c7e1bb0f24d49d076c144629424b4a96bbb491de,2023-24,primary_market_average,market_average_closing,1.690000,4.160000,4.360000,0.557456,0.226466,0.216078,0.061458,Football-Data closing market average (AvgCH/AvgCD/AvgCA)
549ac4211ce080cc2b2c18afe14a3a9e354b143ea4a097ef0ba1ff7f398e345f,2023-24,primary_market_average,market_average_closing,2.760000,3.290000,2.510000,0.340309,0.285487,0.374204,0.064677,Football-Data closing market average (AvgCH/AvgCD/AvgCA)
5532dd4564015a37c6970bb7706199ac1e16d1a37e0a6cb29ff99ea892a69b1e,2023-24,primary_market_average,market_average_closing,1.930000,3.660000,3.750000,0.489719,0.258240,0.252042,0.058025,Football-Data closing market average (AvgCH/AvgCD/AvgCA)
55bcebe41128bca2af434a4b7f82a8ae41086cbc2b6302e9f5c037eda78e2ace,2023-24,primary_market_average,market_average_closing,5.010000,4.340000,1.590000,0.188490,0.217589,0.593921,0.058946,Football-Data closing market average (AvgCH/AvgCD/AvgCA)
56418063de6f42839fe2b292f72c2d302a362f2d22d4dd0848201cb9ec95cf0d,2023-24,primary_market_average,market_average_closing,2.930000,3.200000,2.440000,0.320878,0.293804,0.385317,0.063633,Football-Data closing market average (AvgCH/AvgCD/AvgCA)
572518e3f937762f132b3873cf6669bbc62afa76bf27dc5c84cb0afa07feaec1,2023-24,primary_market_average,market_average_closing,2.210000,3.610000,2.980000,0.424845,0.260085,0.315070,0.065067,Football-Data closing market average (AvgCH/AvgCD/AvgCA)
593ff772ff11c42829bb859569b622203b9d00ccf20d6b3de9e2b6d3480b2340,2023-24,primary_market_average,market_average_closing,1.260000,5.970000,9.470000,0.743988,0.157023,0.098989,0.066752,Football-Data closing market average (AvgCH/AvgCD/AvgCA)
5986b51293481bc265ba9143519840e6cf61af1a38310ae7c261035d811a703e,2023-24,primary_market_average,market_average_closing,2.260000,3.330000,3.110000,0.415737,0.282152,0.302111,0.064322,Football-Data closing market average (AvgCH/AvgCD/AvgCA)
59d7eeaebb3f55d0850e4bfd6fe7aa243d545df5bc29fd36f131b8cee851032f,2023-24,primary_market_average,market_average_closing,1.880000,3.470000,4.140000,0.501029,0.271451,0.227520,0.061645,Football-Data closing market average (AvgCH/AvgCD/AvgCA)
59e2973bfbefe6da61fdb88f6a6eac3411628ecb5c3a99042df398ffb9876f6c,2023-24,primary_market_average,market_average_closing,6.270000,4.390000,1.480000,0.150044,0.214299,0.635657,0.062956,Football-Data closing market average (AvgCH/AvgCD/AvgCA)
5a8e9e01564b9e08c2d5bf793e324685e5fb58026bc8acaa5821cb9c00eae223,2023-24,primary_market_average,market_average_closing,2.430000,3.120000,3.040000,0.387869,0.302090,0.310040,0.060983,Football-Data closing market average (AvgCH/AvgCD/AvgCA)
5b05cc37a4b44b43c01bcf6507d4cacb89ee34748eecb72130ca6a31afabdb57,2023-24,primary_market_average,market_average_closing,7.380000,5.130000,1.370000,0.127788,0.183835,0.688377,0.060360,Football-Data closing market average (AvgCH/AvgCD/AvgCA)
5bc1f89731bfe794e08c25d072c338d3c75ee815615f2eca360668dbe2756d04,2023-24,primary_market_average,market_average_closing,2.830000,3.760000,2.260000,0.332793,0.250480,0.416727,0.061792,Football-Data closing market average (AvgCH/AvgCD/AvgCA)
5cad180929ae8fb1831c893b61da8a548584ac02922bee65240db2ff2764b167,2023-24,primary_market_average,market_average_closing,2.610000,3.250000,2.700000,0.361044,0.289946,0.349009,0.061204,Football-Data closing market average (AvgCH/AvgCD/AvgCA)
5d345aa167b0319234afc12587d3c56f8a2a454368865d27938cb8d2a9dd67c2,2023-24,primary_market_average,market_average_closing,1.790000,3.790000,4.160000,0.525601,0.248239,0.226160,0.062896,Football-Data closing market average (AvgCH/AvgCD/AvgCA)
5e2429acc7cd3303e45e99960eb5249d2ac006822ec0f431188b09a708bb3694,2023-24,primary_market_average,market_average_closing,1.760000,3.660000,4.520000,0.534686,0.257117,0.208197,0.062645,Football-Data closing market average (AvgCH/AvgCD/AvgCA)
5e9d34b96dffdefc4240677b5be8a5505170b583cabbf4da6843a0920d7d0285,2023-24,primary_market_average,market_average_closing,2.590000,3.320000,2.680000,0.364095,0.284038,0.351868,0.060440,Football-Data closing market average (AvgCH/AvgCD/AvgCA)
5eadde2b1d72000f5e3a47445e82b2dc35a819893c91bcdf1b005e16cfde2315,2023-24,primary_market_average,market_average_closing,3.110000,3.370000,2.240000,0.302002,0.278702,0.419297,0.064708,Football-Data closing market average (AvgCH/AvgCD/AvgCA)
5ed4d9fd2535e7258cedf96511cfa184b825f9b3ca0d3632f6d06475978e8bfa,2023-24,primary_market_average,market_average_closing,3.270000,3.120000,2.290000,0.287685,0.301516,0.410799,0.063004,Football-Data closing market average (AvgCH/AvgCD/AvgCA)
5f026399d1037d46dffa9fce735b02b509784641f6603ea62aad1194d64f3d68,2023-24,primary_market_average,market_average_closing,1.590000,3.910000,5.410000,0.588045,0.239128,0.172827,0.069528,Football-Data closing market average (AvgCH/AvgCD/AvgCA)
5fcc767052f050389c3b624616037fc4fcfb391322550d5aee6404becc942f67,2023-24,primary_market_average,market_average_closing,1.210000,6.960000,11.350000,0.780970,0.135772,0.083258,0.058230,Football-Data closing market average (AvgCH/AvgCD/AvgCA)
60730c15d10dc09df6ac7f436fca2997668b6dca95f41f64229e700052b420e8,2023-24,primary_market_average,market_average_closing,1.260000,6.030000,9.990000,0.749018,0.156511,0.094471,0.059588,Football-Data closing market average (AvgCH/AvgCD/AvgCA)
60bdf76f5947c88fcbe6372167a8356c2dd94891f70543530aecb43997476314,2023-24,primary_market_average,market_average_closing,2.120000,3.410000,3.350000,0.443550,0.275755,0.280694,0.063461,Football-Data closing market average (AvgCH/AvgCD/AvgCA)
60ce8b33bf1b9145bc51579c51b912625caf8a3ee86f70e5f0054a9534895230,2023-24,primary_market_average,market_average_closing,4.080000,3.720000,1.830000,0.231145,0.253514,0.515340,0.060363,Football-Data closing market average (AvgCH/AvgCD/AvgCA)
60d28821b7ef8572c7678a01ae0493ba912a249ed7fa2c9474cd87fecd782ed3,2023-24,primary_market_average,market_average_closing,2.580000,3.390000,2.610000,0.363694,0.276793,0.359513,0.065724,Football-Data closing market average (AvgCH/AvgCD/AvgCA)
624e064aefff8ab0117d081b550fba5e6bac511e71597670a4da07427e78d6be,2023-24,primary_market_average,market_average_closing,1.150000,8.070000,15.350000,0.821408,0.117053,0.061539,0.058628,Football-Data closing market average (AvgCH/AvgCD/AvgCA)
640910f0c4e2ad103efef4c2e39aa539c6482feb3f19ea5311c8366e4554684e,2023-24,primary_market_average,market_average_closing,1.450000,4.790000,5.970000,0.647000,0.195856,0.157144,0.065928,Football-Data closing market average (AvgCH/AvgCD/AvgCA)
64af52ce7d9c93bc750f0fba3561141e08955e3846006ff9776356a7b1deda82,2023-24,primary_market_average,market_average_closing,1.190000,6.790000,13.990000,0.793450,0.139058,0.067491,0.059091,Football-Data closing market average (AvgCH/AvgCD/AvgCA)
65f6e4748f09eafefe2dc65773e66dcd46e9f4097ef7f6b897656560a734f5ba,2023-24,primary_market_average,market_average_closing,2.520000,3.320000,2.720000,0.372369,0.282642,0.344989,0.065677,Football-Data closing market average (AvgCH/AvgCD/AvgCA)
660c8e110f3399a2b32371195af302411a10a2e1ef452eecd34218da9f9d733d,2023-24,primary_market_average,market_average_closing,3.430000,4.140000,1.900000,0.275197,0.228001,0.496802,0.059407,Football-Data closing market average (AvgCH/AvgCD/AvgCA)
67cfa45775b07711384c02bb31abe00594a5cfd3399be9bad77b56653e7f6f3a,2023-24,primary_market_average,market_average_closing,2.470000,3.390000,2.730000,0.379741,0.276684,0.343575,0.066144,Football-Data closing market average (AvgCH/AvgCD/AvgCA)
68d916891a362e77d8cd280f61aaf16254a87fc0afc8e1a6ba9be9880942f6df,2023-24,primary_market_average,market_average_closing,1.980000,3.770000,3.450000,0.476392,0.250201,0.273408,0.060158,Football-Data closing market average (AvgCH/AvgCD/AvgCA)
68fe3235ce516ff68d4e8da0d3c105673600711a0e5629133f21e89753241fd2,2023-24,primary_market_average,market_average_closing,2.800000,3.140000,2.590000,0.336383,0.299959,0.363657,0.061715,Football-Data closing market average (AvgCH/AvgCD/AvgCA)
69e402f011f8de85f906131e18f7390f4b0c0d73cf6fab035090d0b10c932d0a,2023-24,primary_market_average,market_average_closing,2.540000,3.290000,2.730000,0.370036,0.285681,0.344283,0.063953,Football-Data closing market average (AvgCH/AvgCD/AvgCA)
6ae891c795839b81ff5ce9843182d8fbf1717ffef34ef2eb838b939f6fdd1129,2023-24,primary_market_average,market_average_closing,2.400000,3.360000,2.890000,0.392968,0.280692,0.326340,0.060306,Football-Data closing market average (AvgCH/AvgCD/AvgCA)
6b52491f0a64df09db129f644338eeb70b90c6b72c7de583f5c1060aa6f5b530,2023-24,primary_market_average,market_average_closing,2.040000,3.610000,3.340000,0.459585,0.259710,0.280705,0.066606,Football-Data closing market average (AvgCH/AvgCD/AvgCA)
6c7847b7e113003e601ad69409a8780115e147cc358cac77cf88d3a89d3a7694,2023-24,primary_market_average,market_average_closing,2.840000,3.600000,2.320000,0.331892,0.261826,0.406282,0.060925,Football-Data closing market average (AvgCH/AvgCD/AvgCA)
6cac1703b67b9c93c71cf335d8e048d03eeb7263b5de92801d805cd1d665cffb,2023-24,primary_market_average,market_average_closing,1.350000,5.120000,7.920000,0.697289,0.183855,0.118856,0.062316,Football-Data closing market average (AvgCH/AvgCD/AvgCA)
6db873dafaa1edaef27a5d809317cde59d374ee3ef256883d1724bb12d854b98,2023-24,primary_market_average,market_average_closing,1.990000,3.670000,3.480000,0.473020,0.256488,0.270492,0.062348,Football-Data closing market average (AvgCH/AvgCD/AvgCA)
6e0b58accb35d37b5dbbb02df142f7e6bcb008ccce61eb3680f728180448b586,2023-24,primary_market_average,market_average_closing,2.070000,3.330000,3.610000,0.455575,0.283195,0.261230,0.060400,Football-Data closing market average (AvgCH/AvgCD/AvgCA)
6e54e5b8c5c216a11b8e92ba3a5bd43c6328977fd7bde49147985cfbaf99fb23,2023-24,primary_market_average,market_average_closing,1.170000,7.760000,12.580000,0.804002,0.121222,0.074776,0.063058,Football-Data closing market average (AvgCH/AvgCD/AvgCA)
6e6912a01d7feca4cef03a7e82bfbd535f38a43c13d1ca0de4e4d34a40e8ccd2,2023-24,primary_market_average,market_average_closing,1.960000,3.430000,3.840000,0.480343,0.274482,0.245175,0.062166,Football-Data closing market average (AvgCH/AvgCD/AvgCA)
6e73719d5526a0bc65453438b4d88a8b6c5c6872068711f8061ec806bd4c6640,2023-24,primary_market_average,market_average_closing,1.880000,3.590000,3.990000,0.501290,0.262514,0.236197,0.061093,Football-Data closing market average (AvgCH/AvgCD/AvgCA)
6eaa25e3602d32117db0b487fef04f2d80b00bfa3e961c43a3d433787ac8239d,2023-24,primary_market_average,market_average_closing,2.660000,3.230000,2.650000,0.353694,0.291277,0.355029,0.062896,Football-Data closing market average (AvgCH/AvgCD/AvgCA)
6f30dceb05b041d78f8d48badd2e186623084474a20a6d0a004165538fa84506,2023-24,primary_market_average,market_average_closing,2.160000,3.630000,3.090000,0.435906,0.259382,0.304711,0.062070,Football-Data closing market average (AvgCH/AvgCD/AvgCA)
6f477711b4a7fc1ff9b2ecbc5b7a00a5cccaf6b2263db94e3c07cc308a462640,2023-24,primary_market_average,market_average_closing,2.020000,3.610000,3.450000,0.466187,0.260858,0.272956,0.061913,Football-Data closing market average (AvgCH/AvgCD/AvgCA)
6fcc7e95861c010ff03b89daeb0df1df810478cadcc52eef39c6c7ae0191bbe5,2023-24,primary_market_average,market_average_closing,2.170000,3.470000,3.190000,0.433725,0.271234,0.295041,0.062494,Football-Data closing market average (AvgCH/AvgCD/AvgCA)
705a5ffc4b5566559b10c9d3967ac6153a54d5018eafdbe6181d24e1dd10f213,2023-24,primary_market_average,market_average_closing,1.580000,4.400000,4.970000,0.596304,0.214127,0.189569,0.061391,Football-Data closing market average (AvgCH/AvgCD/AvgCA)
70632261c39a80bc5610514e7c8bae986a8e20415cb72af67339f8ad5f78deb4,2023-24,primary_market_average,market_average_closing,2.410000,3.360000,2.830000,0.389279,0.279215,0.331506,0.065914,Football-Data closing market average (AvgCH/AvgCD/AvgCA)
71409d1985065761a1c5d69425f4adaa0cfc408e16f741f2265d7906f6e3a8a6,2023-24,primary_market_average,market_average_closing,1.790000,3.690000,4.250000,0.524584,0.254473,0.220943,0.064956,Football-Data closing market average (AvgCH/AvgCD/AvgCA)
73295397e291be2388f52a57b8f61c54cba6a3e50b53053fc2388943e88e093f,2023-24,primary_market_average,market_average_closing,4.610000,3.930000,1.700000,0.204717,0.240139,0.555144,0.059608,Football-Data closing market average (AvgCH/AvgCD/AvgCA)
7403dee20eb69c980b05d642fdcfefc95850216b4d7b2c8f749044396a8eb9ae,2023-24,primary_market_average,market_average_closing,2.290000,3.350000,3.040000,0.410362,0.280516,0.309122,0.064136,Football-Data closing market average (AvgCH/AvgCD/AvgCA)
74ae73da56e6e212adaac02e12149faec69d12d9fd105a067fef57818fe1bc64,2023-24,primary_market_average,market_average_closing,1.170000,7.400000,14.290000,0.806462,0.127508,0.066029,0.059815,Football-Data closing market average (AvgCH/AvgCD/AvgCA)
74b09b474e7831ec8e3c5c6747e02d5a631574e5340014a91640b14a46aab183,2023-24,primary_market_average,market_average_closing,2.220000,3.800000,2.860000,0.423651,0.247501,0.328848,0.063259,Football-Data closing market average (AvgCH/AvgCD/AvgCA)
77460db2f3d66220b9ad1f3424878caafe311a91c56e3aaeecbb0465cdd6426e,2023-24,primary_market_average,market_average_closing,2.480000,3.150000,2.940000,0.380107,0.299259,0.320634,0.060822,Football-Data closing market average (AvgCH/AvgCD/AvgCA)
7767598bc2941cede51cdbcd584eaa8fe16c5c83fea71d2cce577ad7cc5b8c5f,2023-24,primary_market_average,market_average_closing,1.710000,4.090000,4.290000,0.550450,0.230139,0.219410,0.062394,Football-Data closing market average (AvgCH/AvgCD/AvgCA)
78a3757bd38614b77be77d3f145b7f96d34ef18c8d22b4b804610bb2908efc2b,2023-24,primary_market_average,market_average_closing,1.560000,3.980000,5.870000,0.603239,0.236445,0.160316,0.062640,Football-Data closing market average (AvgCH/AvgCD/AvgCA)
7a67f5ed1a1b8f320ff696f9676b0d47a2d3b119c8a72ca2cd282a929c1160ef,2023-24,primary_market_average,market_average_closing,2.030000,3.450000,3.580000,0.463941,0.272986,0.263073,0.061796,Football-Data closing market average (AvgCH/AvgCD/AvgCA)
7b80cea0f5e023019e27ee763046ce60da2b884adae90eee1b33573429d208a4,2023-24,primary_market_average,market_average_closing,2.100000,3.460000,3.390000,0.449154,0.272608,0.278237,0.060193,Football-Data closing market average (AvgCH/AvgCD/AvgCA)
7b835e2177d6e30461eabac70eeca0d72072dc9d9be7bd08f2ef921a82e0f39c,2023-24,primary_market_average,market_average_closing,2.240000,3.330000,3.190000,0.421076,0.283246,0.295677,0.060208,Football-Data closing market average (AvgCH/AvgCD/AvgCA)
7bfb23deed0bac9c73d944012f67e82afeace9252b88ee1c64d1a71f25c790ed,2023-24,primary_market_average,market_average_closing,1.990000,3.480000,3.760000,0.475942,0.272162,0.251895,0.055826,Football-Data closing market average (AvgCH/AvgCD/AvgCA)
7c0be37900b02821f8e6201685415f8e4bef27b4b30c8f4a3b682c3183090a75,2023-24,primary_market_average,market_average_closing,1.270000,6.210000,9.000000,0.743152,0.151981,0.104867,0.059543,Football-Data closing market average (AvgCH/AvgCD/AvgCA)
7c1a51392da46161cb7144d840702e029df528449dc9678ed68c4f1ef528543f,2023-24,primary_market_average,market_average_closing,1.640000,3.830000,5.260000,0.574717,0.246093,0.179189,0.060967,Football-Data closing market average (AvgCH/AvgCD/AvgCA)
7c6affc0416c9d10cb570f507bf171f972b2a4f5e6383a602710bd7125f6d46a,2023-24,primary_market_average,market_average_closing,2.010000,3.480000,3.610000,0.468522,0.270612,0.260867,0.061877,Football-Data closing market average (AvgCH/AvgCD/AvgCA)
7c6c4394fe203076b02dd72b712184bd74911c9904cc298764767779e689d2f7,2023-24,primary_market_average,market_average_closing,3.490000,3.380000,2.080000,0.269511,0.278282,0.452208,0.063160,Football-Data closing market average (AvgCH/AvgCD/AvgCA)
7c84499cade08bb705e2e69240bd91d044b28f1c1cb6f662976ce3aa03dfe344,2023-24,primary_market_average,market_average_closing,5.880000,4.820000,1.460000,0.160069,0.195271,0.644661,0.062468,Football-Data closing market average (AvgCH/AvgCD/AvgCA)
7c8c4822ed752bfb79f76911c11ca70175063c34c7f05a97ba6d45febc297006,2023-24,primary_market_average,market_average_closing,2.010000,3.630000,3.430000,0.467350,0.258780,0.273870,0.064540,Football-Data closing market average (AvgCH/AvgCD/AvgCA)
7cc4baa3de298bf004a5bd47d322f810d888e48043cdb062d2bf649ebc72b575,2023-24,primary_market_average,market_average_closing,2.020000,3.330000,3.760000,0.466453,0.282953,0.250594,0.061307,Football-Data closing market average (AvgCH/AvgCD/AvgCA)
7cdd08240b2fbe8d63d2ee27feafdff0aa955b0999a112400283bf13777db860,2023-24,primary_market_average,market_average_closing,2.500000,3.560000,2.650000,0.377980,0.265435,0.356585,0.058257,Football-Data closing market average (AvgCH/AvgCD/AvgCA)
7ce8496a20644561b1d2a4560740cd5323eadda72aa223610b5ec430c06d1946,2023-24,primary_market_average,market_average_closing,2.360000,3.260000,2.980000,0.397476,0.287744,0.314780,0.066048,Football-Data closing market average (AvgCH/AvgCD/AvgCA)
7d65a078a114f7e85a33f611ca362fc67edb965c9de7fe1809e0c94683a5c91b,2023-24,primary_market_average,market_average_closing,1.190000,7.230000,11.910000,0.790821,0.130163,0.079016,0.062612,Football-Data closing market average (AvgCH/AvgCD/AvgCA)
7da1b208b7a5151c9f163c2d0eb201d532631f86ff999899e81fad430fa9316f,2023-24,primary_market_average,market_average_closing,2.490000,3.140000,2.920000,0.377967,0.299725,0.322308,0.062544,Football-Data closing market average (AvgCH/AvgCD/AvgCA)
7e3417d7fdc210f4edb0eaf70a0ce987d0e9d74ed2943775fa8c9d34798f49c8,2023-24,primary_market_average,market_average_closing,1.170000,7.350000,13.430000,0.802374,0.127725,0.069902,0.065215,Football-Data closing market average (AvgCH/AvgCD/AvgCA)
7e38000e66e829d83414fc1c45aa9bcd00bcf887d0435f3405896caec7e2f930,2023-24,primary_market_average,market_average_closing,2.110000,3.270000,3.520000,0.445495,0.287460,0.267044,0.063835,Football-Data closing market average (AvgCH/AvgCD/AvgCA)
7f58113c6cc0a476df0bb9be169b81f52ea04ba73dfdb47c0f8fafe6183617da,2023-24,primary_market_average,market_average_closing,2.170000,3.210000,3.450000,0.433840,0.293281,0.272879,0.062211,Football-Data closing market average (AvgCH/AvgCD/AvgCA)
7f85d499c6fecfa7df8507a12e9a4a1fd3ec489421b1ac3e33529e467a968343,2023-24,primary_market_average,market_average_closing,1.200000,7.540000,11.130000,0.789286,0.125616,0.085098,0.055807,Football-Data closing market average (AvgCH/AvgCD/AvgCA)
7fd35da22b55977068badc3aec71002282d01959d46880a26d95b91584ec64c8,2023-24,primary_market_average,market_average_closing,2.130000,3.450000,3.310000,0.442303,0.273074,0.284624,0.061453,Football-Data closing market average (AvgCH/AvgCD/AvgCA)
80ec5af64482d7140fd92a12ad1307a0eda282788e0103c957e91947bb3190a6,2023-24,primary_market_average,market_average_closing,1.750000,3.940000,4.230000,0.538250,0.239070,0.222680,0.061642,Football-Data closing market average (AvgCH/AvgCD/AvgCA)
81056cdf2902f2369d1912f18a630e930a76e676907b835a3ef702348659414f,2023-24,primary_market_average,market_average_closing,2.760000,3.100000,2.620000,0.339702,0.302444,0.357854,0.066579,Football-Data closing market average (AvgCH/AvgCD/AvgCA)
821f2e5511a4c521b77ef1ca651ec9cb819fecc85efac806fab25ae1f1f44df0,2023-24,primary_market_average,market_average_closing,2.380000,3.370000,2.880000,0.394848,0.278854,0.326298,0.064126,Football-Data closing market average (AvgCH/AvgCD/AvgCA)
82d583b5c984e3e235c514e1771cc61b7de4493fd90aa3693e87ae4f1c0f9985,2023-24,primary_market_average,market_average_closing,2.170000,3.330000,3.330000,0.434159,0.282920,0.282920,0.061430,Football-Data closing market average (AvgCH/AvgCD/AvgCA)
8341a09e0b6a0d33f3ec2f54141840b09bf0d37ef16c588d7aa3fd463fc9c285,2023-24,primary_market_average,market_average_closing,5.540000,4.270000,1.540000,0.169640,0.220095,0.610264,0.064048,Football-Data closing market average (AvgCH/AvgCD/AvgCA)
8468aa038bda335eac19127e335c0798a19f32fc53d3d5c0e6aac2e6e07f67ae,2023-24,primary_market_average,market_average_closing,2.370000,3.400000,2.910000,0.398170,0.277548,0.324283,0.059701,Football-Data closing market average (AvgCH/AvgCD/AvgCA)
84746c85e012526c16b703bc0e12d9ae5f4bb1438140f5b8cd2da85fa807e24a,2023-24,primary_market_average,market_average_closing,2.950000,3.330000,2.350000,0.318349,0.282021,0.399630,0.064815,Football-Data closing market average (AvgCH/AvgCD/AvgCA)
848c43eb28d7e4d3ff813d685e8892278a8b5ceb7e8270c6e4e7ebbd43aad8d2,2023-24,primary_market_average,market_average_closing,1.660000,4.050000,4.650000,0.565974,0.231979,0.202047,0.064377,Football-Data closing market average (AvgCH/AvgCD/AvgCA)
858ee48dd4de34f73a7e16dc7e66c4a0124a99a42ba7663f7ae04cc9a1e37a11,2023-24,primary_market_average,market_average_closing,2.830000,3.540000,2.340000,0.332354,0.265696,0.401950,0.063193,Football-Data closing market average (AvgCH/AvgCD/AvgCA)
85f2998d905472dff105f72e12c52e0b0f67b104f8f3dabb1d8a75820d450b24,2023-24,primary_market_average,market_average_closing,1.740000,3.680000,4.610000,0.540463,0.255545,0.203992,0.063372,Football-Data closing market average (AvgCH/AvgCD/AvgCA)
861ac86f4b0a7af932d29fc031de738e5b27a687125477ed6b1177580365df84,2023-24,primary_market_average,market_average_closing,2.760000,2.960000,2.760000,0.341014,0.317972,0.341014,0.062476,Football-Data closing market average (AvgCH/AvgCD/AvgCA)
886afc8cba30123bbdde74cebb82c52421fe66e51c933e84cc98d0ddd35bafee,2023-24,primary_market_average,market_average_closing,2.230000,3.360000,3.140000,0.421251,0.279580,0.299169,0.064521,Football-Data closing market average (AvgCH/AvgCD/AvgCA)
893b3520beaea155684143af1362487c92d5714d80f50d986d23ade30a9b235e,2023-24,primary_market_average,market_average_closing,3.290000,3.630000,2.060000,0.285435,0.258700,0.455865,0.064870,Football-Data closing market average (AvgCH/AvgCD/AvgCA)
89f673232d372d7c9633fa36caa3e86ed412e83f7a015fff6ecc305e0540d4da,2023-24,primary_market_average,market_average_closing,2.170000,3.350000,3.330000,0.434894,0.281707,0.283399,0.059637,Football-Data closing market average (AvgCH/AvgCD/AvgCA)
8a1f57b7785b92e3a1d6dd5376d4dead1697bb18ac25eff7dd5033c335130534,2023-24,primary_market_average,market_average_closing,2.310000,3.570000,2.820000,0.405481,0.262370,0.332149,0.067622,Football-Data closing market average (AvgCH/AvgCD/AvgCA)
8a96b28894cd15788d8169a7ef0caf4300ca454596ee68c629e3068d420906d1,2023-24,primary_market_average,market_average_closing,3.270000,3.480000,2.140000,0.288376,0.270974,0.440650,0.060456,Football-Data closing market average (AvgCH/AvgCD/AvgCA)
8b22b9435c8f82cafed1879eeb2e3c194233c2385bb9838f8b2e3ea21ef64d93,2023-24,primary_market_average,market_average_closing,2.660000,3.340000,2.560000,0.352675,0.280873,0.366452,0.065966,Football-Data closing market average (AvgCH/AvgCD/AvgCA)
8ce6c76639e16b22acf2f3e6ae42309bad9cd3285165dbc6145bee8be62c01d5,2023-24,primary_market_average,market_average_closing,2.070000,3.310000,3.550000,0.452801,0.283172,0.264028,0.066897,Football-Data closing market average (AvgCH/AvgCD/AvgCA)
8d1e098b70c47c7d40e7d06db9c9594cd4a19492efc5f92c20233e6353588574,2023-24,primary_market_average,market_average_closing,8.170000,5.340000,1.320000,0.114687,0.175467,0.709845,0.067241,Football-Data closing market average (AvgCH/AvgCD/AvgCA)
8de04307883810a15ff128a7a87cf2434b7a2f53a31e39f7e70c3227c6e405f6,2023-24,primary_market_average,market_average_closing,2.180000,3.730000,2.980000,0.431780,0.252354,0.315866,0.062383,Football-Data closing market average (AvgCH/AvgCD/AvgCA)
8e6fb642fb38df47e3bf28f665941a7ae9f5e9e6db63988f89eb759d887d501c,2023-24,primary_market_average,market_average_closing,8.810000,5.820000,1.290000,0.107030,0.162016,0.730955,0.060522,Football-Data closing market average (AvgCH/AvgCD/AvgCA)
8f1fe30cf998c4324bd8947bba05446ecb5b3e30a04278bfcaa29b5ef31574ad,2023-24,primary_market_average,market_average_closing,2.540000,3.190000,2.800000,0.369907,0.294534,0.335559,0.064323,Football-Data closing market average (AvgCH/AvgCD/AvgCA)
8f5b970a126772130f200088553c991cd0ed46fc0004c9ab6987d3ea93a8b1e0,2023-24,primary_market_average,market_average_closing,4.610000,3.930000,1.700000,0.204717,0.240139,0.555144,0.059608,Football-Data closing market average (AvgCH/AvgCD/AvgCA)
8f8f23c9045e2dbf1d8009f871e4aee8cb3adcb137aa16465aa989fcbc8a7798,2023-24,primary_market_average,market_average_closing,1.930000,3.360000,4.060000,0.487859,0.280228,0.231913,0.062059,Football-Data closing market average (AvgCH/AvgCD/AvgCA)
8fb914960b11c54916e454b6c14c1f643fd81506528aed12f8b2a745e70adeb6,2023-24,primary_market_average,market_average_closing,2.580000,3.270000,2.700000,0.364359,0.287476,0.348165,0.063778,Football-Data closing market average (AvgCH/AvgCD/AvgCA)
9003e43a32cd335ab6bc66b4504defb9c2d5bb481b7274d7fd4ebdb9b76e08ab,2023-24,primary_market_average,market_average_closing,1.870000,3.490000,4.130000,0.502866,0.269444,0.227690,0.063423,Football-Data closing market average (AvgCH/AvgCD/AvgCA)
9164fa6bd2fa4fbd3bfa9280f2fd138cf15ff300633a435ccfadf9fb2e0b38bf,2023-24,primary_market_average,market_average_closing,1.790000,3.750000,4.150000,0.523928,0.250088,0.225983,0.066290,Football-Data closing market average (AvgCH/AvgCD/AvgCA)
91fd7496d9f78b599f85d057325b6977621a32fdad03725cc15b56e5387e6d2c,2023-24,primary_market_average,market_average_closing,1.540000,4.260000,5.650000,0.611969,0.221228,0.166802,0.061084,Football-Data closing market average (AvgCH/AvgCD/AvgCA)
92e25de2c87206f5f868b19700a05fa9079205c657a1ef1cde3c895e379eb67a,2023-24,primary_market_average,market_average_closing,2.060000,3.280000,3.690000,0.457391,0.287264,0.255346,0.061318,Football-Data closing market average (AvgCH/AvgCD/AvgCA)
94473dca42e15158e9349fe47a474a3439c8d394918bc7986a761f3298c1ef4f,2023-24,primary_market_average,market_average_closing,1.940000,3.700000,3.600000,0.484681,0.254130,0.261189,0.063512,Football-Data closing market average (AvgCH/AvgCD/AvgCA)
9489d43b98bdae75012920bc66cec75bd074e0837c93ab3c71de449ffc687f10,2023-24,primary_market_average,market_average_closing,2.250000,3.410000,3.080000,0.418350,0.276037,0.305613,0.062375,Football-Data closing market average (AvgCH/AvgCD/AvgCA)
95045f1d7b4f84ad2339fe9528b116f0668a7a07ef394cf6dd9f5106e688d94d,2023-24,primary_market_average,market_average_closing,2.220000,3.150000,3.360000,0.422748,0.297937,0.279316,0.065530,Football-Data closing market average (AvgCH/AvgCD/AvgCA)
96aba3a8530140a9b0db3f1c25ca893867ff48f0993ab2094d0431c1ec590be1,2023-24,primary_market_average,market_average_closing,3.250000,3.820000,2.020000,0.289043,0.245913,0.465044,0.064522,Football-Data closing market average (AvgCH/AvgCD/AvgCA)
9740344320b8eed5a2ca9dccd272a8fe6363f47839699021f28d9ee61bd7b432,2023-24,primary_market_average,market_average_closing,3.400000,3.400000,2.110000,0.276903,0.276903,0.446194,0.062169,Football-Data closing market average (AvgCH/AvgCD/AvgCA)
97bdfb7f60e04c98a3081e1763a2fabc246cb3c088fa7fd9154bec2b626afcf1,2023-24,primary_market_average,market_average_closing,1.550000,4.460000,5.010000,0.603531,0.209747,0.186721,0.068977,Football-Data closing market average (AvgCH/AvgCD/AvgCA)
97dee533a9c13475a960932442fd7473a837f282ba1c707497712842e5d7a042,2023-24,primary_market_average,market_average_closing,2.050000,3.470000,3.500000,0.459455,0.271436,0.269109,0.061704,Football-Data closing market average (AvgCH/AvgCD/AvgCA)
983aecac5276cbdc3e5ab3fff80c2ca9741ba065c505fd820d4a6c69cf27f6fa,2023-24,primary_market_average,market_average_closing,1.510000,4.430000,5.680000,0.622393,0.212147,0.165460,0.064042,Football-Data closing market average (AvgCH/AvgCD/AvgCA)
98b127b8b500b831f0ddb0b97ba13580591364ee9fb3bcb50f7d640fafe84d19,2023-24,primary_market_average,market_average_closing,1.820000,3.660000,4.140000,0.516294,0.256736,0.226970,0.064220,Football-Data closing market average (AvgCH/AvgCD/AvgCA)
98f7bc6fd4f1f653f662513c5fd4c8fe2a821e299a1bc2e41ec6cabf7d48c96b,2023-24,primary_market_average,market_average_closing,2.960000,3.350000,2.340000,0.317608,0.280632,0.401760,0.063696,Football-Data closing market average (AvgCH/AvgCD/AvgCA)
99525808bbae480dec6bd540c141279b6e96a273c9af3fac0e8598f73839760f,2023-24,primary_market_average,market_average_closing,3.980000,3.620000,1.870000,0.236530,0.260053,0.503417,0.062259,Football-Data closing market average (AvgCH/AvgCD/AvgCA)
99a3c50a622efc0d177c89a0445c9936f3a5b0ed554d7861fb625ef797f44f11,2023-24,primary_market_average,market_average_closing,1.910000,3.730000,3.690000,0.492689,0.252288,0.255023,0.062659,Football-Data closing market average (AvgCH/AvgCD/AvgCA)
9b9b9fdff5477d7fe3e256e9ea5e7f723764f4491582fe74e37e0752f68e5f2a,2023-24,primary_market_average,market_average_closing,1.970000,3.470000,3.770000,0.478407,0.271603,0.249990,0.061051,Football-Data closing market average (AvgCH/AvgCD/AvgCA)
9c89decc6401d9dc7711d0fbc12ea9c61dc172996c92aa5007ef8a256df1c4ef,2023-24,primary_market_average,market_average_closing,2.350000,3.580000,2.790000,0.400205,0.262704,0.337090,0.063284,Football-Data closing market average (AvgCH/AvgCD/AvgCA)
9cdfd069e98f8c4aacc4f7787996669749f6082e03ebd7b5851ab56f10c33e54,2023-24,primary_market_average,market_average_closing,1.740000,3.780000,4.490000,0.541171,0.249110,0.209719,0.061980,Football-Data closing market average (AvgCH/AvgCD/AvgCA)
9d4cc26bdd873d289f0c95d2d4ceda78a4254746bbf231227c48feb8662c7789,2023-24,primary_market_average,market_average_closing,3.050000,3.560000,2.200000,0.308346,0.264173,0.427480,0.063313,Football-Data closing market average (AvgCH/AvgCD/AvgCA)
9dea7c9716026cde64b9340ec49516b7a6debd2525b6f317ba0ac798bc8850f2,2023-24,primary_market_average,market_average_closing,2.540000,3.400000,2.680000,0.371082,0.277220,0.351697,0.060953,Football-Data closing market average (AvgCH/AvgCD/AvgCA)
9e3b6d7d46a12b06b04295a417e9ded4c2707024291c29ca59c372e4087fc76f,2023-24,primary_market_average,market_average_closing,1.940000,3.490000,3.880000,0.486411,0.270383,0.243206,0.059729,Football-Data closing market average (AvgCH/AvgCD/AvgCA)
9fa3449549231201636e8a3c65fc9f41f5aa9f4ccffa235de3e4c35dabbe2db5,2023-24,primary_market_average,market_average_closing,2.650000,3.450000,2.540000,0.355692,0.273213,0.371096,0.060914,Football-Data closing market average (AvgCH/AvgCD/AvgCA)
a04bd70325a6e11af256fc33aa4825f04cb5bd22aaeb84bee66f19a6e4b848cf,2023-24,primary_market_average,market_average_closing,1.800000,3.840000,4.070000,0.523283,0.245289,0.231428,0.061672,Football-Data closing market average (AvgCH/AvgCD/AvgCA)
a0a7f3818ec8fcdecee89b60508832d001b0d41b6f348b15b1689892c405fcec,2023-24,primary_market_average,market_average_closing,3.040000,3.480000,2.260000,0.310685,0.271403,0.417912,0.058782,Football-Data closing market average (AvgCH/AvgCD/AvgCA)
a0bc834b364bcd5c63c0a96601a054360b47aae830662f060b38c5dd4b420a41,2023-24,primary_market_average,market_average_closing,1.180000,7.060000,13.460000,0.796936,0.133199,0.069865,0.063395,Football-Data closing market average (AvgCH/AvgCD/AvgCA)
a0c61d594fab5ec2a9fe9cf114fde355416de33792ddc9511ff4ae5494e9948e,2023-24,primary_market_average,market_average_closing,1.690000,3.900000,4.720000,0.558228,0.241899,0.199874,0.059991,Football-Data closing market average (AvgCH/AvgCD/AvgCA)
a0dedd3b3d774671da2e528b1b67fbd50952e3e642cbbf38d38fdb778e047e12,2023-24,primary_market_average,market_average_closing,2.050000,3.610000,3.340000,0.458371,0.260294,0.281335,0.064214,Football-Data closing market average (AvgCH/AvgCD/AvgCA)
a127d24240340beaa5af9e8ed98fbda240ab4381ab2cbc62320dd1291e94fed9,2023-24,primary_market_average,market_average_closing,1.450000,4.470000,6.600000,0.647634,0.210083,0.142283,0.064884,Football-Data closing market average (AvgCH/AvgCD/AvgCA)
a1281a210cfb0b6600cac45f085a253bc2e3ab89bf57c8f46aebb2bbd2fa8a98,2023-24,primary_market_average,market_average_closing,3.170000,3.880000,2.050000,0.297322,0.242916,0.459762,0.060994,Football-Data closing market average (AvgCH/AvgCD/AvgCA)
a12ef49b2a055ad22966be6e867acd5ee38b656eef8b2b8fc691cf37a686ea38,2023-24,primary_market_average,market_average_closing,1.650000,3.950000,4.800000,0.567707,0.237143,0.195149,0.067558,Football-Data closing market average (AvgCH/AvgCD/AvgCA)
a2af6c2f4b8e84b984c06007d709bd080a48839f2f6ab0b6f7eb3d72e8b5dfe3,2023-24,primary_market_average,market_average_closing,1.370000,5.010000,7.340000,0.684884,0.187284,0.127833,0.065768,Football-Data closing market average (AvgCH/AvgCD/AvgCA)
a45b95f4310081bc3877a2131dffcb5ae0a6b0a591804fd86931bbe061d32a01,2023-24,primary_market_average,market_average_closing,3.000000,3.350000,2.330000,0.314162,0.281339,0.404500,0.061025,Football-Data closing market average (AvgCH/AvgCD/AvgCA)
a519e9a1eedebef123906b9aeb67768d0a6bace32914009261ec2632c6ac7873,2023-24,primary_market_average,market_average_closing,2.220000,3.270000,3.260000,0.423750,0.287684,0.288566,0.063009,Football-Data closing market average (AvgCH/AvgCD/AvgCA)
a5beac356d2afad6093325d8e7a11f409c6822f8eaba2dbc971a61b12e5f517e,2023-24,primary_market_average,market_average_closing,3.220000,3.690000,2.070000,0.291700,0.254545,0.453755,0.064654,Football-Data closing market average (AvgCH/AvgCD/AvgCA)
a734604d6fd66408b80601f422c979943296be013489540af9bad7a95a4df8fe,2023-24,primary_market_average,market_average_closing,1.230000,6.490000,10.810000,0.767280,0.145417,0.087304,0.059598,Football-Data closing market average (AvgCH/AvgCD/AvgCA)
a895d54e088ffae796fe75498e3e493f3625954948c54047f45ddead3706984f,2023-24,primary_market_average,market_average_closing,3.120000,3.550000,2.170000,0.301508,0.264987,0.433505,0.063032,Football-Data closing market average (AvgCH/AvgCD/AvgCA)
aa2527ab096c30ad6cfa206c98eba7e2ade6d4f4108fa67909198bb871b6d5cc,2023-24,primary_market_average,market_average_closing,1.910000,3.490000,4.000000,0.493881,0.270290,0.235828,0.060093,Football-Data closing market average (AvgCH/AvgCD/AvgCA)
abb6706b40f49a80de51c1fcbcca83342227e85e576d4eef3f7b73ff401062a2,2023-24,primary_market_average,market_average_closing,2.270000,3.450000,3.040000,0.415855,0.273621,0.310524,0.059331,Football-Data closing market average (AvgCH/AvgCD/AvgCA)
ac9d1191f653a07f943d226f4497e90871caaec8a1a14b1ddf79ae62bbb5cb1f,2023-24,primary_market_average,market_average_closing,2.130000,3.440000,3.300000,0.441571,0.273415,0.285014,0.063212,Football-Data closing market average (AvgCH/AvgCD/AvgCA)
aef49050b680c053fa24924eadef3e5e8cf8c708ed84994cdb1a6b1b04bab5e8,2023-24,primary_market_average,market_average_closing,1.880000,3.740000,3.790000,0.500321,0.251498,0.248180,0.063147,Football-Data closing market average (AvgCH/AvgCD/AvgCA)
af67a735ea5de793803e6ece266d1b2ba2c2fb3de910c8fccb5ff2c8b478b0ec,2023-24,primary_market_average,market_average_closing,4.760000,3.990000,1.660000,0.197611,0.235746,0.566643,0.063120,Football-Data closing market average (AvgCH/AvgCD/AvgCA)
afaba198b005dad10ffb390af3ba49a484ab9ac8cdfe2b97a3c62da4714a039f,2023-24,primary_market_average,market_average_closing,1.820000,3.490000,4.420000,0.517262,0.269747,0.212990,0.062228,Football-Data closing market average (AvgCH/AvgCD/AvgCA)
afd019dba25e9acb5b5c1a72119367fe6ed24440fcdd54e539ecc9200009ce95,2023-24,primary_market_average,market_average_closing,2.780000,3.170000,2.580000,0.338468,0.296827,0.364706,0.062767,Football-Data closing market average (AvgCH/AvgCD/AvgCA)
b04559533d188a8ad4f53538f0e969728803d84fa4a76d769ca70be8fcba5028,2023-24,primary_market_average,market_average_closing,6.490000,4.850000,1.420000,0.144748,0.193693,0.661559,0.064494,Football-Data closing market average (AvgCH/AvgCD/AvgCA)
b066c1df2e56e3307ee8d8e8412933d4834630b217732cb9a7fc1620da48b853,2023-24,primary_market_average,market_average_closing,2.030000,3.370000,3.680000,0.464252,0.279653,0.256095,0.061086,Football-Data closing market average (AvgCH/AvgCD/AvgCA)
b161da6d2d6d49c96807fcd14c2735e6724c21b31e8e5bd0b1f47808496fe53d,2023-24,primary_market_average,market_average_closing,1.250000,6.110000,10.110000,0.752886,0.154027,0.093087,0.062578,Football-Data closing market average (AvgCH/AvgCD/AvgCA)
b27a23accc234a4d3a10c275fab54296cf102e70ea6d9a0c080fc9a0b549ee08,2023-24,primary_market_average,market_average_closing,1.870000,3.560000,4.040000,0.502980,0.264206,0.232815,0.063183,Football-Data closing market average (AvgCH/AvgCD/AvgCA)
b3d26e8c5310095a6028c4353601d347fc4bb39efd6c251592d4637fd99b5d58,2023-24,primary_market_average,market_average_closing,1.110000,9.650000,18.940000,0.852056,0.098008,0.049936,0.057326,Football-Data closing market average (AvgCH/AvgCD/AvgCA)
b4a71f272142c77009ce7d2e671f3753bef7dd212703e0b9c334d3f5cfb4ed06,2023-24,primary_market_average,market_average_closing,1.840000,3.680000,4.030000,0.511097,0.255549,0.233354,0.063356,Football-Data closing market average (AvgCH/AvgCD/AvgCA)
b4b1d5934752ae49b33a668b8f89f93a042d5133b94c65ee4c636566dd0f49fb,2023-24,primary_market_average,market_average_closing,1.560000,4.550000,4.880000,0.601493,0.206226,0.192281,0.065724,Football-Data closing market average (AvgCH/AvgCD/AvgCA)
b4f45c36021cf2358c4f50bc6b634d1a580e27c2ce88b1234e360847b85375a7,2023-24,primary_market_average,market_average_closing,1.250000,6.330000,9.860000,0.755146,0.149120,0.095734,0.059398,Football-Data closing market average (AvgCH/AvgCD/AvgCA)
b4fe4de97099ae519ff4ba718083a4cc0ecbd477e6a241e2600b6db363da5f49,2023-24,primary_market_average,market_average_closing,2.050000,3.380000,3.600000,0.459569,0.278732,0.261699,0.061441,Football-Data closing market average (AvgCH/AvgCD/AvgCA)
b7a5b53371358e3f0127e4879278e2c50d24fac863b7ae74e045269ef9dba9af,2023-24,primary_market_average,market_average_closing,1.230000,6.440000,10.770000,0.766166,0.146333,0.087501,0.061138,Football-Data closing market average (AvgCH/AvgCD/AvgCA)
b80359275d61717dcc8fba89843f7e0cf02a5f7283718e2ac2bd47970c976008,2023-24,primary_market_average,market_average_closing,1.730000,3.910000,4.310000,0.542344,0.239963,0.217693,0.065808,Football-Data closing market average (AvgCH/AvgCD/AvgCA)
b857bcf7cb13a247f861b54341a6a98fd7f299f456d897ceb05d66ad0da33728,2023-24,primary_market_average,market_average_closing,1.850000,3.520000,4.150000,0.507266,0.266603,0.226131,0.065595,Football-Data closing market average (AvgCH/AvgCD/AvgCA)
b85a535c27835eaaadfd571ae07ebb0b9f884777b46a87f5a0cc253d0b3fd555,2023-24,primary_market_average,market_average_closing,2.260000,3.310000,3.130000,0.415831,0.283921,0.300248,0.064081,Football-Data closing market average (AvgCH/AvgCD/AvgCA)
b89759531a0ca464db1f61545e82393fc19260a021eb0ba1649199ebc3b5a9ea,2023-24,primary_market_average,market_average_closing,2.150000,3.720000,3.020000,0.436705,0.252396,0.310899,0.065059,Football-Data closing market average (AvgCH/AvgCD/AvgCA)
bc66dab9e714db92b0f90567ef7eafd6a556523162cbec04bc2403a3f9fc80e4,2023-24,primary_market_average,market_average_closing,6.740000,4.790000,1.420000,0.139790,0.196699,0.663511,0.061362,Football-Data closing market average (AvgCH/AvgCD/AvgCA)
bcd962c30f8ea9758ad70c9bbc8925906b840e3480636b700c3d01a59418e472,2023-24,primary_market_average,market_average_closing,2.740000,3.280000,2.550000,0.343657,0.287080,0.369263,0.061998,Football-Data closing market average (AvgCH/AvgCD/AvgCA)
bec9efd8afb499d394bf4ab9aecfc908b5e03a2c912466dd6132607ca405b01b,2023-24,primary_market_average,market_average_closing,1.740000,3.680000,4.600000,0.540223,0.255432,0.204345,0.063843,Football-Data closing market average (AvgCH/AvgCD/AvgCA)
bf0664961c150fc17d626779ad4e832fdd4d8e5944d0fdb6ec2bf24c82d397e3,2023-24,primary_market_average,market_average_closing,1.830000,3.480000,4.360000,0.513984,0.270285,0.215732,0.063162,Football-Data closing market average (AvgCH/AvgCD/AvgCA)
bfaacd4a55c96fc32ad4b4739b9f932ea71ae5cf56584ca7794d90ed637807ee,2023-24,primary_market_average,market_average_closing,2.840000,3.520000,2.340000,0.331072,0.267115,0.401814,0.063554,Football-Data closing market average (AvgCH/AvgCD/AvgCA)
bfdced9a29a60d370ccf78378253004920624ad12f3e26beca154b8e99c24dbb,2023-24,primary_market_average,market_average_closing,1.720000,3.830000,4.590000,0.548302,0.246235,0.205464,0.060357,Football-Data closing market average (AvgCH/AvgCD/AvgCA)
c0d6cda6b9c6f811c9d39b00c31ec2caa823e918d2ab28d969c65f5254f736e8,2023-24,primary_market_average,market_average_closing,2.160000,3.400000,3.310000,0.437089,0.277680,0.285230,0.059195,Football-Data closing market average (AvgCH/AvgCD/AvgCA)
c1051af7a4be774af94e831bbf9e9a032c0d3ac7b927a6f90b7e29c16f6de374,2023-24,primary_market_average,market_average_closing,2.180000,3.350000,3.240000,0.430369,0.280061,0.289569,0.065865,Football-Data closing market average (AvgCH/AvgCD/AvgCA)
c134e783e3bf295eaea9a441de83bc7fec77316dcd02c2d767bcb3102b87df25,2023-24,primary_market_average,market_average_closing,4.470000,3.820000,1.730000,0.210350,0.246143,0.543507,0.063528,Football-Data closing market average (AvgCH/AvgCD/AvgCA)
c1eebd556606205fe59d24f3abda1d4da0176a2880bd88fa5aa0d02cacec68e0,2023-24,primary_market_average,market_average_closing,1.840000,3.680000,4.110000,0.513429,0.256715,0.229856,0.058526,Football-Data closing market average (AvgCH/AvgCD/AvgCA)
c27451e6a64b39e75b3b05d60156e46c3e225081ca22970afc727fff1828697d,2023-24,primary_market_average,market_average_closing,2.580000,3.080000,2.880000,0.365832,0.306444,0.327724,0.059494,Football-Data closing market average (AvgCH/AvgCD/AvgCA)
c2ce145671f7ed16783763636a5e54104374fe369c5c509e5660ef965ad6ba1a,2023-24,primary_market_average,market_average_closing,14.550000,7.520000,1.160000,0.064608,0.125006,0.810386,0.063776,Football-Data closing market average (AvgCH/AvgCD/AvgCA)
c348342fd5243b4fe241e4baee5f2f8aa86069077a8e2a3c54851417c20267d1,2023-24,primary_market_average,market_average_closing,2.140000,3.330000,3.410000,0.440488,0.283076,0.276435,0.060845,Football-Data closing market average (AvgCH/AvgCD/AvgCA)
c4f60f8086b8a8b497760aafe1b9f9b868acab22eefa92f6b1776f0d1ebe0990,2023-24,primary_market_average,market_average_closing,1.550000,4.220000,5.470000,0.605817,0.222516,0.171667,0.064943,Football-Data closing market average (AvgCH/AvgCD/AvgCA)
c519c1571b3feac6b4d6d64086c4af370f9f4071e20f5d2160b0d7f2e773ddde,2023-24,primary_market_average,market_average_closing,5.690000,4.220000,1.540000,0.165477,0.223119,0.611404,0.062064,Football-Data closing market average (AvgCH/AvgCD/AvgCA)
c5762569f3cc27c202af447d957c58854c866c8c8d05f174aa7db1479366d4e6,2023-24,primary_market_average,market_average_closing,1.890000,3.450000,4.150000,0.499189,0.273469,0.227342,0.059919,Football-Data closing market average (AvgCH/AvgCD/AvgCA)
c5a16542825bd2bec18b10f47f487d430c7fcd488be929fa92bbb475f9db6495,2023-24,primary_market_average,market_average_closing,1.950000,3.510000,3.770000,0.482440,0.268022,0.249538,0.062973,Football-Data closing market average (AvgCH/AvgCD/AvgCA)
c64a7ad91d66b2b41233dd8b88c0f0cf3a1779d97a930b833c105be719574cba,2023-24,primary_market_average,market_average_closing,1.880000,3.730000,3.870000,0.502561,0.253301,0.244138,0.058409,Football-Data closing market average (AvgCH/AvgCD/AvgCA)
c64b32f0bb8f38dc053c847d2cd5e187d9cce13e93c47db949282c355eca1018,2023-24,primary_market_average,market_average_closing,1.970000,3.220000,4.110000,0.478213,0.292571,0.229216,0.061482,Football-Data closing market average (AvgCH/AvgCD/AvgCA)
c6e2b522a2552c62f2144e2a56ee4d17c022ba39cd0927a570196fcac7f9d7f6,2023-24,primary_market_average,market_average_closing,1.300000,5.640000,8.530000,0.723118,0.166676,0.110206,0.063769,Football-Data closing market average (AvgCH/AvgCD/AvgCA)
c7a8659048e1663bc6b22d16b97b2853039d0e1bd8e90c3c04dce48f0510d628,2023-24,primary_market_average,market_average_closing,1.030000,16.770000,41.820000,0.920769,0.056553,0.022678,0.054416,Football-Data closing market average (AvgCH/AvgCD/AvgCA)
c8abcc7db2459455ccc83bf7b2ad70ee85d0df1690804232b17e3e4c2d6b5672,2023-24,primary_market_average,market_average_closing,2.100000,3.380000,3.450000,0.448431,0.278611,0.272958,0.061904,Football-Data closing market average (AvgCH/AvgCD/AvgCA)
ca96fe905f1579fa6e3b49edc4751c68bd5fd339a259f594bd83d9add6057f81,2023-24,primary_market_average,market_average_closing,2.150000,3.650000,3.080000,0.437236,0.257550,0.305214,0.063764,Football-Data closing market average (AvgCH/AvgCD/AvgCA)
cc16eecb83db4d3d393cfb4444d16dcc5ba64d2292b352fdf71050f5b0a7a437,2023-24,primary_market_average,market_average_closing,3.320000,3.790000,2.000000,0.282806,0.247735,0.469458,0.065057,Football-Data closing market average (AvgCH/AvgCD/AvgCA)
cc7c09f6e2684f203a13b5fab3dc9a36e14d6e77aa8cc0a2baa10f36e7116d46,2023-24,primary_market_average,market_average_closing,2.530000,3.280000,2.770000,0.372481,0.287310,0.340209,0.061146,Football-Data closing market average (AvgCH/AvgCD/AvgCA)
ccbe849177d43e5adfdf5c4e9b5376d89e361642c4235c9619dab4f52976b5ec,2023-24,primary_market_average,market_average_closing,1.990000,3.450000,3.700000,0.472892,0.272769,0.254339,0.062638,Football-Data closing market average (AvgCH/AvgCD/AvgCA)
ccea99b46115517b87424702eac30d013d5c56b27fcd6cce83412e3b9c8e4f15,2023-24,primary_market_average,market_average_closing,3.280000,3.580000,2.090000,0.286896,0.262855,0.450249,0.062677,Football-Data closing market average (AvgCH/AvgCD/AvgCA)
ccf93d2f6a691299e31b5c63b2acffa60ec7ea5bbbe9f52cb9b9137fd219bbbb,2023-24,primary_market_average,market_average_closing,6.730000,2.690000,1.830000,0.139286,0.348475,0.512239,0.066784,Football-Data closing market average (AvgCH/AvgCD/AvgCA)
cd54d33e70cbcdab6cebc8ffed3c49d8e16baec405d0c828e1932dd70e64f2a8,2023-24,primary_market_average,market_average_closing,2.550000,3.140000,2.840000,0.369005,0.299670,0.331325,0.062741,Football-Data closing market average (AvgCH/AvgCD/AvgCA)
cdc59cf27c07a7e831cab7ffb43c5bf2cb1ea445ef7194ca280a9f28b2de02c6,2023-24,primary_market_average,market_average_closing,1.220000,6.410000,11.590000,0.771849,0.146904,0.081247,0.061960,Football-Data closing market average (AvgCH/AvgCD/AvgCA)
ce8e203932a6c36e4c6070cccebc9152420c7bd35e301575fe45c4e7d641092c,2023-24,primary_market_average,market_average_closing,2.240000,3.370000,3.110000,0.419297,0.278702,0.302002,0.064708,Football-Data closing market average (AvgCH/AvgCD/AvgCA)
ceb5b9baf6cc2cdb39844f88ce45745600a2666c36dd2754d28a48de21c10089,2023-24,primary_market_average,market_average_closing,3.540000,4.110000,1.860000,0.265637,0.228797,0.505567,0.063429,Football-Data closing market average (AvgCH/AvgCD/AvgCA)
cebef277e4c37604be5a2a6fa93913e8e61a2c88ac0b827164ad99ccbeb6a1b9,2023-24,primary_market_average,market_average_closing,1.130000,8.730000,15.290000,0.831018,0.107566,0.061416,0.064906,Football-Data closing market average (AvgCH/AvgCD/AvgCA)
cf0dcc3748228551ce958f8712748df91af82fa678de10e8eb7b3a7c6021995a,2023-24,primary_market_average,market_average_closing,1.940000,3.530000,3.800000,0.485413,0.266771,0.247816,0.061908,Football-Data closing market average (AvgCH/AvgCD/AvgCA)
cf2e875767d031a04e295862f00dceafd2d5584adbfdf800596c56dadf5b1fd4,2023-24,primary_market_average,market_average_closing,1.690000,3.900000,4.640000,0.556310,0.241068,0.202622,0.063643,Football-Data closing market average (AvgCH/AvgCD/AvgCA)
cfab5e87c9acfcea6f61a9e03fe4be68db7b2e8fe2db303e2c2ba3622d0432cd,2023-24,primary_market_average,market_average_closing,1.910000,3.520000,3.930000,0.492946,0.267479,0.239574,0.062104,Football-Data closing market average (AvgCH/AvgCD/AvgCA)
cfb64b465ab53685dc55301a00ce01933f12a7ef64dd861380b6dbe8780025ca,2023-24,primary_market_average,market_average_closing,1.710000,3.980000,4.360000,0.548893,0.235831,0.215277,0.065409,Football-Data closing market average (AvgCH/AvgCD/AvgCA)
d089debc377d47ba18604bc02f0b0e23ea0c40849332cfe3c63057b3c642cecb,2023-24,primary_market_average,market_average_closing,1.150000,7.800000,14.010000,0.813325,0.119913,0.066761,0.069148,Football-Data closing market average (AvgCH/AvgCD/AvgCA)
d1fbd57ffb751f83270d7f6cd4b8edfab668603a1f0d8ab99e6b90ac702b51e3,2023-24,primary_market_average,market_average_closing,2.580000,3.280000,2.660000,0.362778,0.285356,0.351867,0.068415,Football-Data closing market average (AvgCH/AvgCD/AvgCA)
d2192b70faea31f12595caa3f1c8f31d8f7560f977af28f0a9f5d7b6795ce0f5,2023-24,primary_market_average,market_average_closing,2.540000,3.270000,2.770000,0.371233,0.288358,0.340409,0.060522,Football-Data closing market average (AvgCH/AvgCD/AvgCA)
d380b1fd3df84460fc6168e04bbe64c33b66a11ecbf2fabae7f89bf9ebc9f9e7,2023-24,primary_market_average,market_average_closing,6.510000,4.790000,1.420000,0.144018,0.195732,0.660250,0.066603,Football-Data closing market average (AvgCH/AvgCD/AvgCA)
d3a242c1343bb167ff9cb505c50ab5ed51aa2184ae8fdd76b26b0a73c5c1ac2d,2023-24,primary_market_average,market_average_closing,1.200000,6.850000,12.170000,0.785061,0.137529,0.077410,0.061488,Football-Data closing market average (AvgCH/AvgCD/AvgCA)
d428a133955fcc16edae4faff57b6a59618426c8cbee1d85450873c767afb490,2023-24,primary_market_average,market_average_closing,1.930000,3.500000,3.860000,0.487465,0.268802,0.243733,0.062916,Football-Data closing market average (AvgCH/AvgCD/AvgCA)
d4906b8878821f4aebe89f8d87f826dca7722ed15a73ad97cd1b166d9ac07bf7,2023-24,primary_market_average,market_average_closing,1.190000,7.440000,12.040000,0.794418,0.127064,0.078518,0.057801,Football-Data closing market average (AvgCH/AvgCD/AvgCA)
d51c4f0829574195ecf35658574c00d26f55afe85ed58ffafb2754884f09fc44,2023-24,primary_market_average,market_average_closing,2.410000,3.310000,2.890000,0.390319,0.284190,0.325491,0.063073,Football-Data closing market average (AvgCH/AvgCD/AvgCA)
d533e5fa6f718f2c6682e00648008a65b3bd5c4859d2c7b11f15f0ca618c0333,2023-24,primary_market_average,market_average_closing,2.160000,3.430000,3.250000,0.435853,0.274473,0.289674,0.062200,Football-Data closing market average (AvgCH/AvgCD/AvgCA)
d658814ece153c2eabc80fa3c3541fe20468c7c0aafb7d9f7a35448ed25af2c4,2023-24,primary_market_average,market_average_closing,1.420000,4.500000,7.310000,0.662335,0.209003,0.128662,0.063246,Football-Data closing market average (AvgCH/AvgCD/AvgCA)
d6a39729a3395d07d040138fa42ebf9fff8cb66e69c369390c5e9e0056a9e1fc,2023-24,primary_market_average,market_average_closing,2.430000,3.560000,2.700000,0.387209,0.264303,0.348488,0.062792,Football-Data closing market average (AvgCH/AvgCD/AvgCA)
d767adc35514984753618b1dfd28fbbeece323242389a3317c35bf0e78ab4636,2023-24,primary_market_average,market_average_closing,2.860000,2.520000,3.110000,0.327382,0.371553,0.301065,0.068019,Football-Data closing market average (AvgCH/AvgCD/AvgCA)
d76b0aa941931fc791ee2c581ab8b93926f9cb80443f6a6f63911e381799beef,2023-24,primary_market_average,market_average_closing,6.900000,4.710000,1.410000,0.135896,0.199083,0.665021,0.066462,Football-Data closing market average (AvgCH/AvgCD/AvgCA)
d7e7b6d4d5bef22da09db4220c96ec64329cd276ea75501aa70f2cc33c368f5b,2023-24,primary_market_average,market_average_closing,2.230000,3.260000,3.260000,0.422280,0.288860,0.288860,0.061927,Football-Data closing market average (AvgCH/AvgCD/AvgCA)
d89251ff2a786195dc7f11a7043c1a4dc9f2667a37c8e81d638800af5d0fa663,2023-24,primary_market_average,market_average_closing,2.240000,3.790000,2.830000,0.419719,0.248066,0.332215,0.063638,Football-Data closing market average (AvgCH/AvgCD/AvgCA)
da3badad5a8bccdce202512042688b62ae853130be8abaf4246ac3f8ccd3c40e,2023-24,primary_market_average,market_average_closing,3.020000,3.200000,2.390000,0.311784,0.294246,0.393970,0.062036,Football-Data closing market average (AvgCH/AvgCD/AvgCA)
db7aeee41d28f6dc2f04c5f2dc97f44cc9d4069096100a6b55dc272488ca524b,2023-24,primary_market_average,market_average_closing,2.260000,3.320000,3.130000,0.416187,0.283308,0.300505,0.063172,Football-Data closing market average (AvgCH/AvgCD/AvgCA)
de120e13ae47de6366c2f11a23a9e7fac3ffd09312bc5bc2e010c29b97e060d3,2023-24,primary_market_average,market_average_closing,2.450000,3.280000,2.870000,0.384525,0.287222,0.328253,0.061473,Football-Data closing market average (AvgCH/AvgCD/AvgCA)
de336e7da414f8b573302d6286a35499c14de3bb904f0c3cf44746c281a26635,2023-24,primary_market_average,market_average_closing,2.920000,3.130000,2.500000,0.322486,0.300850,0.376664,0.061955,Football-Data closing market average (AvgCH/AvgCD/AvgCA)
de40b5c3b6f2db5d96d2ac4fcd023000ee41a5ef20b8f00535ef5290685ea569,2023-24,primary_market_average,market_average_closing,3.290000,3.530000,2.110000,0.286430,0.266956,0.446614,0.061171,Football-Data closing market average (AvgCH/AvgCD/AvgCA)
e014439e089e004c143f0037521d3e80b76672a0ece39592599df8640e8694c0,2023-24,primary_market_average,market_average_closing,3.510000,3.610000,1.990000,0.267657,0.260243,0.472099,0.064421,Football-Data closing market average (AvgCH/AvgCD/AvgCA)
e14bbb94cec3179e9d4af57918a47035fd78427c5eeb9bbc2a7ae20fd9af1dc3,2023-24,primary_market_average,market_average_closing,1.710000,3.550000,5.040000,0.549156,0.264523,0.186321,0.064898,Football-Data closing market average (AvgCH/AvgCD/AvgCA)
e253818b759c96b799d6d97814ef9d91867c3dcad333ac958d2944bdfbfa7d52,2023-24,primary_market_average,market_average_closing,3.820000,3.720000,1.890000,0.247033,0.253673,0.499294,0.059698,Football-Data closing market average (AvgCH/AvgCD/AvgCA)
e3c01687474987f95d70ccb726fd56e9560c4b10c3f13a8048149857c5cbee23,2023-24,primary_market_average,market_average_closing,2.480000,3.260000,2.870000,0.380974,0.289821,0.329204,0.058406,Football-Data closing market average (AvgCH/AvgCD/AvgCA)
e4621bcba05ec08d4d51788f16a891605985386aabb682e08508d890cef1dd56,2023-24,primary_market_average,market_average_closing,5.500000,4.420000,1.520000,0.170568,0.212245,0.617187,0.065957,Football-Data closing market average (AvgCH/AvgCD/AvgCA)
e61c20c45e2166eb72ebf85561473cd159532c39b87837971f6656287ed7dd15,2023-24,primary_market_average,market_average_closing,2.880000,3.420000,2.360000,0.326537,0.274978,0.398485,0.063349,Football-Data closing market average (AvgCH/AvgCD/AvgCA)
e760683cbdc3bfedcc060751280890eeefeeb9b61715638d4ad4a7d944e1b890,2023-24,primary_market_average,market_average_closing,2.730000,3.360000,2.480000,0.343253,0.278893,0.377855,0.067145,Football-Data closing market average (AvgCH/AvgCD/AvgCA)
e8c92156617c636335239df986b633797dff5cd114fce41605628050e89632e2,2023-24,primary_market_average,market_average_closing,1.990000,3.800000,3.350000,0.472207,0.247287,0.280505,0.064178,Football-Data closing market average (AvgCH/AvgCD/AvgCA)
e8f0aaf459de0416adb115320c932fa00359ac5540dd18bd55f243916f556d02,2023-24,primary_market_average,market_average_closing,1.340000,5.080000,8.400000,0.702591,0.185329,0.112080,0.062167,Football-Data closing market average (AvgCH/AvgCD/AvgCA)
ea3620f901dec871c32658824cf2ae162559a8b2381ae3fc5d846651bdfaf5f8,2023-24,primary_market_average,market_average_closing,1.410000,4.810000,6.900000,0.667785,0.195754,0.136460,0.062048,Football-Data closing market average (AvgCH/AvgCD/AvgCA)
ea9cf81fb00a6961ae164c52af0ad2731fa6c50ecee2984750665989eeb9fb97,2023-24,primary_market_average,market_average_closing,3.360000,3.320000,2.160000,0.280300,0.283677,0.436023,0.061787,Football-Data closing market average (AvgCH/AvgCD/AvgCA)
ebc1256dad4fb11aef1af3b6686f48324958438564840d6f78bab0568b508cd5,2023-24,primary_market_average,market_average_closing,2.230000,3.750000,2.900000,0.423078,0.251590,0.325332,0.059925,Football-Data closing market average (AvgCH/AvgCD/AvgCA)
ebe16ce493e1cd068aa0b569beb0ddf1cfba95a21cfe426b23674786026b003a,2023-24,primary_market_average,market_average_closing,1.180000,7.450000,12.770000,0.799493,0.126631,0.073876,0.059994,Football-Data closing market average (AvgCH/AvgCD/AvgCA)
ebff92175d7fb6f45cee2c375229f7a58991c6eabc1ba2d87a7a3ea5099a7493,2023-24,primary_market_average,market_average_closing,2.810000,3.400000,2.400000,0.333633,0.275738,0.390629,0.066656,Football-Data closing market average (AvgCH/AvgCD/AvgCA)
eca0e98b8179bd2fd8a0d8fcf56ae40bcc7cd222022bfe16ad34242851524409,2023-24,primary_market_average,market_average_closing,7.170000,4.630000,1.410000,0.130998,0.202863,0.666139,0.064673,Football-Data closing market average (AvgCH/AvgCD/AvgCA)
ecdbf4fa269860d27bcfa875530a0f0a2b25f320055e04b9d042d93b9cb6c085,2023-24,primary_market_average,market_average_closing,2.080000,3.440000,3.400000,0.451179,0.272806,0.276015,0.065585,Football-Data closing market average (AvgCH/AvgCD/AvgCA)
ece6b80f2aef7febb79631061fb8e724c13a602bd802abebe3cf7c486ff9e050,2023-24,primary_market_average,market_average_closing,1.810000,3.950000,3.900000,0.520202,0.238371,0.241427,0.062061,Football-Data closing market average (AvgCH/AvgCD/AvgCA)
ecfdb7feabb07073d55c9ae8b5042380f89c884315a5ba02effc6c61687ba6c8,2023-24,primary_market_average,market_average_closing,4.870000,3.970000,1.650000,0.193117,0.236896,0.569987,0.063289,Football-Data closing market average (AvgCH/AvgCD/AvgCA)
ed4767072f8830745f9608de5719e6ca7fa9a0330466ef1efe034b0c2af83261,2023-24,primary_market_average,market_average_closing,3.060000,3.360000,2.270000,0.306868,0.279469,0.413663,0.064945,Football-Data closing market average (AvgCH/AvgCD/AvgCA)
edb69171afa5d3989970384e3721c7296d58e1ca95bc584c66be82b5892b31be,2023-24,primary_market_average,market_average_closing,1.990000,3.720000,3.410000,0.472027,0.252509,0.275464,0.064585,Football-Data closing market average (AvgCH/AvgCD/AvgCA)
ee4299c45a2c31295edc086ffd5615c6f977e9f4046f23acf2082eeef1e454c6,2023-24,primary_market_average,market_average_closing,1.930000,3.690000,3.390000,0.477930,0.249974,0.272096,0.084123,Football-Data closing market average (AvgCH/AvgCD/AvgCA)
ee7a7159eff1a498b2c51bb8d1260ee95c0bd521d34f3642fa8e998d01a1f703,2023-24,primary_market_average,market_average_closing,2.110000,3.430000,3.360000,0.445804,0.274241,0.279955,0.063098,Football-Data closing market average (AvgCH/AvgCD/AvgCA)
ee92225d9ce314af63f1d6f325e122dec4fdea9d2e942f7c94170ee388418ba9,2023-24,primary_market_average,market_average_closing,1.970000,3.510000,3.710000,0.477954,0.268253,0.253792,0.062056,Football-Data closing market average (AvgCH/AvgCD/AvgCA)
f051a3b95c75092d3d0d6fa38acf8eeb3625cb5abc9793d5e87fec592cfa1cdf,2023-24,primary_market_average,market_average_closing,2.150000,3.420000,3.280000,0.437801,0.275226,0.286973,0.062392,Football-Data closing market average (AvgCH/AvgCD/AvgCA)
f135d11e4666457e05ec062c072f3fed353b9f72863d5f4549c58b86e5c19378,2023-24,primary_market_average,market_average_closing,1.370000,4.810000,7.730000,0.683969,0.194810,0.121221,0.067193,Football-Data closing market average (AvgCH/AvgCD/AvgCA)
f22bac9d85a5b3c83b4ff2668cae8ca39348fa975f77f88eea642190a867acbe,2023-24,primary_market_average,market_average_closing,2.380000,3.170000,3.030000,0.394280,0.296021,0.309699,0.065658,Football-Data closing market average (AvgCH/AvgCD/AvgCA)
f27627f8bb238ccf64913b39a45a242ffd6440ec45ca9c92e975de0317ad107f,2023-24,primary_market_average,market_average_closing,2.070000,3.530000,3.410000,0.455905,0.267344,0.276752,0.059633,Football-Data closing market average (AvgCH/AvgCD/AvgCA)
f2ef3d97314d36bab70d3e53997e3f2670affae8b86975c1dd0601170810e7a6,2023-24,primary_market_average,market_average_closing,1.590000,3.840000,5.660000,0.589977,0.244287,0.165736,0.066026,Football-Data closing market average (AvgCH/AvgCD/AvgCA)
f3499895c157cff921a5602b2f3d4134c032d2bfa02fac9f304d99846007bc1e,2023-24,primary_market_average,market_average_closing,1.340000,5.200000,8.200000,0.703677,0.181332,0.114991,0.060528,Football-Data closing market average (AvgCH/AvgCD/AvgCA)
f36fae49d2b0ff47825a7576c4085b3af43531c9f4fb67d57f6685153b1ca5af,2023-24,primary_market_average,market_average_closing,2.450000,3.330000,2.820000,0.383946,0.282483,0.333570,0.063073,Football-Data closing market average (AvgCH/AvgCD/AvgCA)
f4691a452ab71adcacac5aa9d7b32ed2dc25897b000dc180344a8b26ee491df6,2023-24,primary_market_average,market_average_closing,2.660000,3.460000,2.510000,0.353538,0.271795,0.374666,0.063364,Football-Data closing market average (AvgCH/AvgCD/AvgCA)
f52c0226f06e77b9ecf67fdfe3c2cd1abd31f67701e8680aed960aab9c6901be,2023-24,primary_market_average,market_average_closing,1.400000,4.650000,7.380000,0.670791,0.201959,0.127250,0.064841,Football-Data closing market average (AvgCH/AvgCD/AvgCA)
f5f5d8b674734d2a7755e801cc5fa9b6883e05d70a3c1fd744475d7df0c830fa,2023-24,primary_market_average,market_average_closing,6.280000,4.960000,1.420000,0.149507,0.189295,0.661199,0.065074,Football-Data closing market average (AvgCH/AvgCD/AvgCA)
f63d2313d6bf5ee41f0a7476d0f15c2d8f165d68a0fae63674fd530abc3a5c20,2023-24,primary_market_average,market_average_closing,1.820000,3.660000,4.160000,0.516858,0.257017,0.226125,0.063059,Football-Data closing market average (AvgCH/AvgCD/AvgCA)
f77fcbb4162d359c3fb4a382b09776d03fe60cbdf92b224f28181b43d99c180a,2023-24,primary_market_average,market_average_closing,1.390000,4.810000,7.180000,0.674502,0.194919,0.130579,0.066600,Football-Data closing market average (AvgCH/AvgCD/AvgCA)
f7a33a0edf06cc6fd58f0f71f1d88b3cbb356f2ac0c51c67f10f29ce9391a014,2023-24,primary_market_average,market_average_closing,1.850000,3.940000,3.720000,0.508426,0.238728,0.252846,0.063165,Football-Data closing market average (AvgCH/AvgCD/AvgCA)
f7cfd73984ac10757a604144f101d57d4970b9ef922b22df4e6b861d13ccdf59,2023-24,primary_market_average,market_average_closing,2.130000,3.340000,3.410000,0.442017,0.281885,0.276098,0.062140,Football-Data closing market average (AvgCH/AvgCD/AvgCA)
f7e5b18947575c41078990cd6038565004f4f0acc0f07e43bc5fc064cab418bc,2023-24,primary_market_average,market_average_closing,8.320000,5.150000,1.330000,0.112725,0.182111,0.705165,0.066247,Football-Data closing market average (AvgCH/AvgCD/AvgCA)
fa1c3ab9940c532b70390ac85acd8f35accaa7ea17ef779ed406aeef196c1f45,2023-24,primary_market_average,market_average_closing,2.850000,3.400000,2.400000,0.330498,0.277035,0.392467,0.061662,Football-Data closing market average (AvgCH/AvgCD/AvgCA)
fa606a57de0312d2f96407b3a60ac7f947ac4cd60e65864a8f4674bf83950a54,2023-24,primary_market_average,market_average_closing,1.560000,4.020000,5.730000,0.602297,0.233727,0.163976,0.064302,Football-Data closing market average (AvgCH/AvgCD/AvgCA)
fab2734f194f73312aa55b5b4968abf7927e5d68b2dcd183f24abc53e3848172,2023-24,primary_market_average,market_average_closing,5.480000,4.580000,1.510000,0.171655,0.205386,0.622959,0.063074,Football-Data closing market average (AvgCH/AvgCD/AvgCA)
fb5c8494d4a61002a4df5c8d8d5d23a3c9999f8a109d036983811b8fca71fdcd,2023-24,primary_market_average,market_average_closing,2.310000,3.440000,2.990000,0.409151,0.274749,0.316100,0.058046,Football-Data closing market average (AvgCH/AvgCD/AvgCA)
fc06eced7da9e48ee5ad746b767cb5b9f57443a662b41685c7ec401287bff998,2023-24,primary_market_average,market_average_closing,2.170000,3.510000,3.110000,0.431782,0.266942,0.301276,0.067273,Football-Data closing market average (AvgCH/AvgCD/AvgCA)
fcf63018dc5346fbd3022838a5b21e3a55f0fa6220ef2b34efc1d729197ed1c0,2023-24,primary_market_average,market_average_closing,2.010000,3.400000,3.710000,0.468833,0.277163,0.254004,0.061172,Football-Data closing market average (AvgCH/AvgCD/AvgCA)
fd33ae98228c79a72b121aee2980ccf6ff4b1dfdff28aa7392f15e87766dd57a,2023-24,primary_market_average,market_average_closing,2.230000,3.640000,2.960000,0.422651,0.258932,0.318416,0.060994,Football-Data closing market average (AvgCH/AvgCD/AvgCA)
fd4b1f1e4c7a544c7a08606587a98ea75125861824cf5a3a1552e99861c0b653,2023-24,primary_market_average,market_average_closing,2.010000,3.470000,3.620000,0.468494,0.271375,0.260131,0.061940,Football-Data closing market average (AvgCH/AvgCD/AvgCA)
fde989269db31422a68b409592a70ba38f56fabcfcc2fbdee479f99e258323ff,2023-24,primary_market_average,market_average_closing,1.630000,4.330000,4.510000,0.575420,0.216613,0.207968,0.066173,Football-Data closing market average (AvgCH/AvgCD/AvgCA)
fe4beb29ee43e7167130a4ebce97ea1381bef47274d5a4e606f677699806ef9e,2023-24,primary_market_average,market_average_closing,1.660000,3.900000,4.920000,0.567202,0.241425,0.191373,0.062072,Football-Data closing market average (AvgCH/AvgCD/AvgCA)
ff37c3297f2ca21b39f183719753ca003507b981ea593f829b0c78ceba23dff2,2023-24,primary_market_average,market_average_closing,1.740000,3.950000,4.210000,0.539430,0.237622,0.222947,0.065407,Football-Data closing market average (AvgCH/AvgCD/AvgCA)
0038afba08c82ec86406e8652b2d82359025e58a8520a299e8120bb24100a2ad,2024-25,primary_market_average,market_average_closing,3.330000,3.480000,2.100000,0.282278,0.270111,0.447612,0.063847,Football-Data closing market average (AvgCH/AvgCD/AvgCA)
01bef4cfa8493d91a13d400f72f188a61b28dbac4c5d5f4027195cfa7799701d,2024-25,primary_market_average,market_average_closing,2.110000,3.310000,3.510000,0.446707,0.284759,0.268534,0.060949,Football-Data closing market average (AvgCH/AvgCD/AvgCA)
01faf5419045f543d6da11feb004a2c8e290aaabfc0f64523a8469206141cc8d,2024-25,primary_market_average,market_average_closing,2.810000,3.110000,2.620000,0.336015,0.303602,0.360383,0.059095,Football-Data closing market average (AvgCH/AvgCD/AvgCA)
021170ca61cc5081b58af2240434622a5524d73ca4cf40d8aff557bde438155c,2024-25,primary_market_average,market_average_closing,1.480000,4.220000,6.810000,0.637740,0.223662,0.138598,0.059485,Football-Data closing market average (AvgCH/AvgCD/AvgCA)
04acb93da04df77c1b95b38d8df4f1ab6fc3a129ca010e7840381b4a2025d4ab,2024-25,primary_market_average,market_average_closing,5.940000,4.850000,1.450000,0.158195,0.193749,0.648056,0.064191,Football-Data closing market average (AvgCH/AvgCD/AvgCA)
04e7af5dab91b8d6dad53af3e73fd0b5945a8c707e2d9e2918cd71ab81e5384f,2024-25,primary_market_average,market_average_closing,1.990000,3.110000,4.210000,0.473360,0.302890,0.223750,0.061586,Football-Data closing market average (AvgCH/AvgCD/AvgCA)
0677dd5c0596aaf1b2308771baad16a6e31d1073b10a9e2b926437198de8375a,2024-25,primary_market_average,market_average_closing,3.970000,3.380000,1.950000,0.237504,0.278962,0.483534,0.060568,Football-Data closing market average (AvgCH/AvgCD/AvgCA)
067f8306360628489133a99f2e5dfb2948fd80febe9640f82c2c23743902630c,2024-25,primary_market_average,market_average_closing,5.210000,4.620000,1.530000,0.180736,0.203817,0.615447,0.061984,Football-Data closing market average (AvgCH/AvgCD/AvgCA)
06bfb0d391a316ff9f75b7e3522b6822e4afb55c8a7a1e6ffb1a4c26a64c4c55,2024-25,primary_market_average,market_average_closing,1.260000,6.040000,9.640000,0.746651,0.155758,0.097591,0.062948,Football-Data closing market average (AvgCH/AvgCD/AvgCA)
08ae778603d80e1bc67aaec7dc12a8412460ab17c213f32277bf149278c5493e,2024-25,primary_market_average,market_average_closing,1.720000,3.700000,4.860000,0.549821,0.255592,0.194587,0.057427,Football-Data closing market average (AvgCH/AvgCD/AvgCA)
08d090521d451276dc7cb85a69826113c3668bbf6ce9a8c0dee6d1f5f30f065f,2024-25,primary_market_average,market_average_closing,2.200000,3.440000,3.180000,0.428934,0.274319,0.296747,0.059709,Football-Data closing market average (AvgCH/AvgCD/AvgCA)
0bb11ac7087204ab4a83574d0061ff95de817df8495b4082b0b82c347f5d2736,2024-25,primary_market_average,market_average_closing,2.300000,3.160000,3.240000,0.410219,0.298577,0.291205,0.059880,Football-Data closing market average (AvgCH/AvgCD/AvgCA)
0c375159720bc66f6f91380477758f0741f4af180559220424b154dfc8001fb2,2024-25,primary_market_average,market_average_closing,1.440000,4.820000,6.250000,0.653956,0.195373,0.150671,0.061913,Football-Data closing market average (AvgCH/AvgCD/AvgCA)
0c7be22ef40904a50e40234e3880aaf243cf6ec057dd988b334c5e57724df5bb,2024-25,primary_market_average,market_average_closing,2.140000,3.450000,3.290000,0.440384,0.273166,0.286450,0.061096,Football-Data closing market average (AvgCH/AvgCD/AvgCA)
0cc7de9a7afdc2f0ba298c32844c5e2e1d575b1a4c5a344ef4350d2641cc9f6f,2024-25,primary_market_average,market_average_closing,4.000000,3.460000,1.900000,0.234668,0.271293,0.494039,0.065333,Football-Data closing market average (AvgCH/AvgCD/AvgCA)
0cd9a46c670db8af3a4eb5f6986b76f342f96a7830a4175a878a3398a5d382b0,2024-25,primary_market_average,market_average_closing,4.020000,3.760000,1.830000,0.234419,0.250629,0.514953,0.061162,Football-Data closing market average (AvgCH/AvgCD/AvgCA)
0f825a631790bdca9fa05e9f1eff62216b11def99529c430cd03426e472bea82,2024-25,primary_market_average,market_average_closing,2.230000,3.290000,3.240000,0.422639,0.286470,0.290891,0.061024,Football-Data closing market average (AvgCH/AvgCD/AvgCA)
11a87053b5b4edf1837cf9919817b002f8e403345c94e79f97b41b0f1a8af2c6,2024-25,primary_market_average,market_average_closing,1.260000,5.680000,10.980000,0.748175,0.165968,0.085856,0.060782,Football-Data closing market average (AvgCH/AvgCD/AvgCA)
11fc834f402e01064ab190d9b0b38970db0cce760a1eb171fc400545d1727b36,2024-25,primary_market_average,market_average_closing,1.160000,7.430000,14.400000,0.808617,0.126244,0.065139,0.066103,Football-Data closing market average (AvgCH/AvgCD/AvgCA)
15958149f6f634951107dcd7e91ac9eac1652d7b72c5cf18433556c8e6f84798,2024-25,primary_market_average,market_average_closing,1.830000,3.630000,4.140000,0.513832,0.259039,0.227129,0.063476,Football-Data closing market average (AvgCH/AvgCD/AvgCA)
174b5b7dc2c36bd3399e7b7c97bbaf54ae4029840737248d5c42747da2a41f05,2024-25,primary_market_average,market_average_closing,4.910000,4.280000,1.610000,0.192423,0.220747,0.586830,0.058429,Football-Data closing market average (AvgCH/AvgCD/AvgCA)
196d322cde710dc9c153c6b1d94506797561b5afa389e63920df3239600a1ea2,2024-25,primary_market_average,market_average_closing,2.020000,3.390000,3.670000,0.465923,0.277629,0.256448,0.062514,Football-Data closing market average (AvgCH/AvgCD/AvgCA)
1989e17d6682f26b718572c89330b2f7e5f5977c52b39aeaf36857ef9077cd0f,2024-25,primary_market_average,market_average_closing,2.440000,3.400000,2.800000,0.386238,0.277183,0.336579,0.061097,Football-Data closing market average (AvgCH/AvgCD/AvgCA)
19e50ef8c8242f44da1c220784d3503484d52bcc2558097c18dfb55a9f9b27ed,2024-25,primary_market_average,market_average_closing,1.470000,4.520000,6.410000,0.643273,0.209206,0.147521,0.057517,Football-Data closing market average (AvgCH/AvgCD/AvgCA)
1af9f2602def691d035831c646394b943eb519a013365e2794ac1c4f63f1325a,2024-25,primary_market_average,market_average_closing,2.720000,3.790000,2.310000,0.345403,0.247888,0.406709,0.064400,Football-Data closing market average (AvgCH/AvgCD/AvgCA)
1b5641adb776dc2acd0fe930914c769d2ef423eb63635a2ef7112baac56dc961,2024-25,primary_market_average,market_average_closing,2.070000,3.440000,3.450000,0.454185,0.273303,0.272511,0.063645,Football-Data closing market average (AvgCH/AvgCD/AvgCA)
1bdc9851c6682ee627b387fa2c165f3f54f136e39e708876a09c401cedb314fa,2024-25,primary_market_average,market_average_closing,2.520000,3.270000,2.780000,0.373536,0.287863,0.338601,0.062348,Football-Data closing market average (AvgCH/AvgCD/AvgCA)
1d6aa76fb4728455aea10d292dbb0ab3eb7b8821ea3099fbcdd443ddc3af2018,2024-25,primary_market_average,market_average_closing,1.140000,8.660000,15.330000,0.829185,0.109154,0.061661,0.057898,Football-Data closing market average (AvgCH/AvgCD/AvgCA)
1f94edcd8a8c00b838b71464b2c77f7011f78f566d55f335c23d2b9841748530,2024-25,primary_market_average,market_average_closing,1.910000,3.660000,3.800000,0.493952,0.257773,0.248276,0.059942,Football-Data closing market average (AvgCH/AvgCD/AvgCA)
200b2efecf5a5d62a5cabd887e4d85597c8f26d568693d97250caaee7d99f0f1,2024-25,primary_market_average,market_average_closing,1.680000,3.850000,4.940000,0.562922,0.245639,0.191439,0.057408,Football-Data closing market average (AvgCH/AvgCD/AvgCA)
206efda4e13106a011a0989a899d4e1102458868df5ec0c1391496450bc1f9b7,2024-25,primary_market_average,market_average_closing,2.270000,3.310000,3.170000,0.416339,0.285526,0.298135,0.058101,Football-Data closing market average (AvgCH/AvgCD/AvgCA)
2098b0713811edbbb21bdccd03a82f4cd86438ca603ef061dec090b04db2751b,2024-25,primary_market_average,market_average_closing,2.700000,3.150000,2.680000,0.349088,0.299218,0.351693,0.060965,Football-Data closing market average (AvgCH/AvgCD/AvgCA)
21d40c27f834b2d7f7b4b23482e15aa5af3cd6c9ba7fe9b9ed13e41fc288104d,2024-25,primary_market_average,market_average_closing,2.440000,3.040000,3.130000,0.387269,0.310834,0.301897,0.058272,Football-Data closing market average (AvgCH/AvgCD/AvgCA)
22e5cc41a9ca06474112ce1d08612aefb81fa4b773242917d44425decce401d4,2024-25,primary_market_average,market_average_closing,1.680000,3.710000,5.080000,0.560683,0.253894,0.185423,0.061630,Football-Data closing market average (AvgCH/AvgCD/AvgCA)
233bcd688e557e4f8a22da26a9965adb849fbbc617bca02ec2a0ea9a700e5e31,2024-25,primary_market_average,market_average_closing,1.220000,6.970000,10.030000,0.771206,0.134989,0.093806,0.062845,Football-Data closing market average (AvgCH/AvgCD/AvgCA)
240dd45ab0a8743b2074810457e056b1eddd0bfb957be1fd6a05a52ef5a96ea2,2024-25,primary_market_average,market_average_closing,4.740000,3.750000,1.720000,0.199211,0.251802,0.548987,0.059032,Football-Data closing market average (AvgCH/AvgCD/AvgCA)
24c38153b8104c506772b0a95d78e0edf15ab36067831669af7e9f68659b590a,2024-25,primary_market_average,market_average_closing,2.640000,3.170000,2.710000,0.356255,0.296692,0.347053,0.063249,Football-Data closing market average (AvgCH/AvgCD/AvgCA)
261fb6716eb5b4a0390e862b80790677ca721493bf2db0897dcda89b57c6994b,2024-25,primary_market_average,market_average_closing,3.360000,3.590000,2.060000,0.280348,0.262387,0.457266,0.061607,Football-Data closing market average (AvgCH/AvgCD/AvgCA)
26ba9cddcc2f2369b2a2a3db0bf099696f08131c2904e67adf85deec21e72225,2024-25,primary_market_average,market_average_closing,1.610000,4.400000,4.680000,0.584821,0.213991,0.201188,0.062066,Football-Data closing market average (AvgCH/AvgCD/AvgCA)
28271cafa67301c0fe69895b40d4b74ef2148e75de9f555e0284776b9416d066,2024-25,primary_market_average,market_average_closing,5.200000,4.170000,1.590000,0.181243,0.226011,0.592746,0.061047,Football-Data closing market average (AvgCH/AvgCD/AvgCA)
2877ba5756d5b42f59d8fa74208c2709e7a2e8d8d9d433962454ba4e6100276c,2024-25,primary_market_average,market_average_closing,2.230000,3.050000,3.520000,0.422892,0.309196,0.267912,0.060390,Football-Data closing market average (AvgCH/AvgCD/AvgCA)
28e01048a07b55166b4956c72bef89f3348f7b837a0eee8391884472209553eb,2024-25,primary_market_average,market_average_closing,2.500000,3.280000,2.800000,0.376640,0.287073,0.336286,0.062021,Football-Data closing market average (AvgCH/AvgCD/AvgCA)
29678ffee320cc4a96e48ab5a93a96e6f5556e5c59ca552292eb72cef44037e5,2024-25,primary_market_average,market_average_closing,2.610000,3.230000,2.710000,0.360861,0.291594,0.347545,0.061743,Football-Data closing market average (AvgCH/AvgCD/AvgCA)
29912beeb83506a21effdccd6638ed9d349701f9bd460d8ec5e6a996482811ca,2024-25,primary_market_average,market_average_closing,2.610000,3.180000,2.750000,0.361031,0.296318,0.342651,0.061244,Football-Data closing market average (AvgCH/AvgCD/AvgCA)
299b45e439ce454e84f4b5a9e61dbc9ef3939f2972b90df723ffcd072c1aae60,2024-25,primary_market_average,market_average_closing,4.360000,4.060000,1.700000,0.215582,0.231512,0.552905,0.063899,Football-Data closing market average (AvgCH/AvgCD/AvgCA)
29af19f6312c661b622471cd8e1ee602f268bdeb90ad4f9fe82eece7bdcfceab,2024-25,primary_market_average,market_average_closing,6.080000,4.660000,1.470000,0.155261,0.202572,0.642167,0.059338,Football-Data closing market average (AvgCH/AvgCD/AvgCA)
29c853ea0f55da368e0fa78838154239281ab1c1c68cb1348fbaaa083796b003,2024-25,primary_market_average,market_average_closing,1.320000,5.630000,7.730000,0.711632,0.166848,0.121521,0.064562,Football-Data closing market average (AvgCH/AvgCD/AvgCA)
2ae04254cb7f16442a972e674a46106911621a9d77dc22abbe1b283f4adfca34,2024-25,primary_market_average,market_average_closing,8.480000,6.200000,1.280000,0.111201,0.152094,0.736705,0.060465,Football-Data closing market average (AvgCH/AvgCD/AvgCA)
2be3af5f2cab1a7b9d1f5d72a213754c4d6e157528c0d431a2be9f4a6d9f2aa5,2024-25,primary_market_average,market_average_closing,2.360000,3.050000,3.250000,0.400012,0.309518,0.290470,0.059290,Football-Data closing market average (AvgCH/AvgCD/AvgCA)
2c1a457a94cfc5032e29ed7c9af8186b9c115abea54f9097458567f526e8e917,2024-25,primary_market_average,market_average_closing,4.040000,3.620000,1.850000,0.232569,0.259552,0.507880,0.064308,Football-Data closing market average (AvgCH/AvgCD/AvgCA)
2c79f281fc3630b271205a2399a3a328ff7698b16dd2ce3f7f4de8667ae11d89,2024-25,primary_market_average,market_average_closing,3.140000,3.520000,2.200000,0.301267,0.268744,0.429990,0.057108,Football-Data closing market average (AvgCH/AvgCD/AvgCA)
2d86f8e409044353def1ab13ded8a3252b171adc7e7fd57235bb45a0d219c308,2024-25,primary_market_average,market_average_closing,1.050000,13.710000,26.270000,0.895611,0.068592,0.035797,0.063387,Football-Data closing market average (AvgCH/AvgCD/AvgCA)
2f435e7455aae0cd86a68142651671d6ba7ebacb08e05bd1549878309a775b8e,2024-25,primary_market_average,market_average_closing,1.580000,3.890000,5.810000,0.595907,0.242039,0.162054,0.062098,Football-Data closing market average (AvgCH/AvgCD/AvgCA)
30a9b5b6835d722bfac6cbd7bc4c4da05e19c0cff374ff22235d6267e8cc9f3d,2024-25,primary_market_average,market_average_closing,4.760000,3.910000,1.680000,0.197991,0.241033,0.560976,0.061077,Football-Data closing market average (AvgCH/AvgCD/AvgCA)
312dc67404d9f901b0931e9bf61303cd2233e1cea6a51440614604d3c2650ab3,2024-25,primary_market_average,market_average_closing,2.750000,4.060000,2.200000,0.341607,0.231384,0.427009,0.064487,Football-Data closing market average (AvgCH/AvgCD/AvgCA)
318d95ef02002d9dce8a3d9c8ca0743c1823d8c7dcdaacb23fb765e23d0fafab,2024-25,primary_market_average,market_average_closing,2.410000,3.250000,2.990000,0.392533,0.291078,0.316389,0.057078,Football-Data closing market average (AvgCH/AvgCD/AvgCA)
31fde70f72989875540788445a7e0ffba0c9784cd56b29fe9acd96949c37318e,2024-25,primary_market_average,market_average_closing,4.900000,4.090000,1.640000,0.192832,0.231022,0.576146,0.058337,Football-Data closing market average (AvgCH/AvgCD/AvgCA)
320f07000c3623272d88f0f5982927924755e522f811613d5c7e4c88de843e31,2024-25,primary_market_average,market_average_closing,2.910000,3.430000,2.360000,0.324523,0.275324,0.400153,0.058917,Football-Data closing market average (AvgCH/AvgCD/AvgCA)
3239eaf6a8e7b4d75f9142cfe6f44da3c9ae526147c19a31744ea2251a17dd7f,2024-25,primary_market_average,market_average_closing,2.830000,3.360000,2.440000,0.333100,0.280558,0.386342,0.060812,Football-Data closing market average (AvgCH/AvgCD/AvgCA)
363a18a9d6c4ae71bca4ed0e62086e1955cc6a516fea15e9516391d36dc22edd,2024-25,primary_market_average,market_average_closing,1.540000,4.350000,5.440000,0.610832,0.216249,0.172919,0.063059,Football-Data closing market average (AvgCH/AvgCD/AvgCA)
37b3734801da3fc68806c975f65cc6750f387e94353b734cef96852840ab7b3f,2024-25,primary_market_average,market_average_closing,2.200000,3.180000,3.380000,0.426856,0.295309,0.277835,0.064869,Football-Data closing market average (AvgCH/AvgCD/AvgCA)
38636e65278f684c0fedb2d7869990644fe2ede983dcc4e477a11a7dcd49eaac,2024-25,primary_market_average,market_average_closing,1.850000,3.450000,4.340000,0.509554,0.273239,0.217206,0.060810,Football-Data closing market average (AvgCH/AvgCD/AvgCA)
38ae81c7602c4fcfb4ce2535cc33f7a6b39a63452a687ae5288fe9f905c4e6dc,2024-25,primary_market_average,market_average_closing,2.520000,3.270000,2.790000,0.373990,0.288213,0.337797,0.061059,Football-Data closing market average (AvgCH/AvgCD/AvgCA)
38b72200beee8d8d7b9b4fcdb54cebc87bcbf247940cd1ce11cf892e87dece9e,2024-25,primary_market_average,market_average_closing,3.080000,3.390000,2.280000,0.306802,0.278746,0.414452,0.058257,Football-Data closing market average (AvgCH/AvgCD/AvgCA)
3982c19278516bdb8b05562da059d6308586bf01bfa4383dd10c84e770c98120,2024-25,primary_market_average,market_average_closing,5.880000,5.220000,1.410000,0.158815,0.178895,0.662291,0.070859,Football-Data closing market average (AvgCH/AvgCD/AvgCA)
3a860dbc9201cbe80d95a50576a07c795356495c8461c6521caf3ffd8cc2754d,2024-25,primary_market_average,market_average_closing,1.420000,4.880000,6.630000,0.664380,0.193324,0.142296,0.059973,Football-Data closing market average (AvgCH/AvgCD/AvgCA)
3b9003381a7220dcfa6777c923371d8e1423b2bc677f87026580594fc2c47df2,2024-25,primary_market_average,market_average_closing,7.480000,5.050000,1.370000,0.125928,0.186523,0.687549,0.061637,Football-Data closing market average (AvgCH/AvgCD/AvgCA)
3bcd45253858609b9e2176b7bbd068167f9878f1c68bfab78ff49f9645d240a0,2024-25,primary_market_average,market_average_closing,2.990000,3.330000,2.330000,0.314351,0.282255,0.403394,0.063933,Football-Data closing market average (AvgCH/AvgCD/AvgCA)
3c0e56ab55215476df5f7f4ef833e9b28ebe09b64808e0b053a6aea2ff39b0e6,2024-25,primary_market_average,market_average_closing,1.130000,8.190000,17.050000,0.830393,0.114572,0.055035,0.065707,Football-Data closing market average (AvgCH/AvgCD/AvgCA)
3c82149fe6ee571bb6abf2c3ccef6ddaaf3618b49054f8d49fda2c19dea01665,2024-25,primary_market_average,market_average_closing,10.580000,6.680000,1.220000,0.088842,0.140711,0.770448,0.063891,Football-Data closing market average (AvgCH/AvgCD/AvgCA)
3d5a5363771ccebaede57bf4c7a1daca87600d08cf0e8428e9707b2e39121098,2024-25,primary_market_average,market_average_closing,3.300000,3.020000,2.360000,0.286449,0.313007,0.400543,0.057885,Football-Data closing market average (AvgCH/AvgCD/AvgCA)
3f125fea9933145de4645095b8fef2d617b1e25f881364c9e2f88746ac73f48b,2024-25,primary_market_average,market_average_closing,2.280000,3.390000,3.010000,0.411516,0.276772,0.311713,0.065808,Football-Data closing market average (AvgCH/AvgCD/AvgCA)
3f8b607eb7eca1e08dcb86cda4685fe996024f1c56307fe37dfd33c49fec0d1d,2024-25,primary_market_average,market_average_closing,2.140000,3.250000,3.460000,0.439182,0.289185,0.271633,0.063999,Football-Data closing market average (AvgCH/AvgCD/AvgCA)
3fd2753d4c9f914fe93e21eb9532eaf84906d168b14419da272c4af1947e9c91,2024-25,primary_market_average,market_average_closing,1.810000,3.530000,4.410000,0.519972,0.266615,0.213413,0.062530,Football-Data closing market average (AvgCH/AvgCD/AvgCA)
404e0bc2e56931bd648fb01283f5103ab42bd63ee7e913cc4bd920dae4abb9e3,2024-25,primary_market_average,market_average_closing,2.950000,3.070000,2.550000,0.320742,0.308204,0.371054,0.056873,Football-Data closing market average (AvgCH/AvgCD/AvgCA)
4089784f8775c4eb473937a7bb8054e23a57edc3cf64628184ec51b222decce1,2024-25,primary_market_average,market_average_closing,2.320000,3.390000,2.980000,0.406027,0.277871,0.316102,0.061590,Football-Data closing market average (AvgCH/AvgCD/AvgCA)
40eccf1598ae303d8b61232473445417f480cd579ff581c07bdda1ad6b2743b7,2024-25,primary_market_average,market_average_closing,2.430000,3.240000,2.960000,0.388962,0.291721,0.319317,0.058002,Football-Data closing market average (AvgCH/AvgCD/AvgCA)
40fe4bf3e5a25b1c1ef219ae9a5a12a2b68b84b3544b5a509eb1daa5da3ee8aa,2024-25,primary_market_average,market_average_closing,6.600000,4.580000,1.440000,0.142361,0.205149,0.652489,0.064300,Football-Data closing market average (AvgCH/AvgCD/AvgCA)
412c3343039deb89e95f8356493e7111d156296ade3a4d2d122d0140f633bd9a,2024-25,primary_market_average,market_average_closing,1.250000,5.770000,10.390000,0.747973,0.162039,0.089987,0.069557,Football-Data closing market average (AvgCH/AvgCD/AvgCA)
417c732d3f2264300bb868b1dd72a08a5381ef05aa0d02dcff3f49a332fef36a,2024-25,primary_market_average,market_average_closing,1.160000,7.920000,14.260000,0.814458,0.119289,0.066253,0.058458,Football-Data closing market average (AvgCH/AvgCD/AvgCA)
41d07830e8996f99b96d434740ee4a8ad4a5f980f42051b66cc60a4ec32ec731,2024-25,primary_market_average,market_average_closing,1.460000,4.420000,6.730000,0.646306,0.213486,0.140209,0.059764,Football-Data closing market average (AvgCH/AvgCD/AvgCA)
41d695d4d07debf36c41ec101b1112b971c7574d6c7673db722186ac01df18dd,2024-25,primary_market_average,market_average_closing,1.440000,4.740000,6.300000,0.652584,0.198253,0.149162,0.064145,Football-Data closing market average (AvgCH/AvgCD/AvgCA)
43f69c154724663a6ac95dac8ef9bf9315a88d0cd90f51c0efb906bf1a2d4cac,2024-25,primary_market_average,market_average_closing,1.280000,6.000000,8.650000,0.734586,0.156712,0.108702,0.063524,Football-Data closing market average (AvgCH/AvgCD/AvgCA)
43fd808437702b480b664c2466d6f440479f33aead66936535a88764dec9b94c,2024-25,primary_market_average,market_average_closing,1.740000,3.870000,4.400000,0.541986,0.243684,0.214331,0.060383,Football-Data closing market average (AvgCH/AvgCD/AvgCA)
44128532888ba1f9a297377d8d3a729db1c2c82cd6f949426c1fadcfc7f7d0e4,2024-25,primary_market_average,market_average_closing,2.950000,3.340000,2.370000,0.319697,0.282367,0.397935,0.060325,Football-Data closing market average (AvgCH/AvgCD/AvgCA)
445bc8d261f91ed32c3c83f2f9eea82e18d4669bef0c3823cb381e5364ce2079,2024-25,primary_market_average,market_average_closing,2.390000,3.130000,3.070000,0.393379,0.300375,0.306246,0.063632,Football-Data closing market average (AvgCH/AvgCD/AvgCA)
462ee65ff8fee05b12825a4e757bbc2c9b263042e0c46ca1a49c89c3932e5b77,2024-25,primary_market_average,market_average_closing,1.610000,3.800000,5.800000,0.587796,0.249040,0.163164,0.056690,Football-Data closing market average (AvgCH/AvgCD/AvgCA)
4722e840f1724a43ec210c93f921f6abaa40dc06a29d4f3f5af610091b60fbb8,2024-25,primary_market_average,market_average_closing,1.560000,4.480000,5.090000,0.604340,0.210440,0.185220,0.060704,Football-Data closing market average (AvgCH/AvgCD/AvgCA)
481bab5d92535d5722d92070544a4662a3d2cc7acccd0e08607b717f9ea981f2,2024-25,primary_market_average,market_average_closing,4.860000,4.150000,1.620000,0.193383,0.226468,0.580149,0.064009,Football-Data closing market average (AvgCH/AvgCD/AvgCA)
49aa57112ac69a9e30c9f58a860be0589f57fefc52a5a4f5cf9b39195ef6e6c2,2024-25,primary_market_average,market_average_closing,1.230000,5.930000,12.000000,0.763405,0.158345,0.078249,0.064976,Football-Data closing market average (AvgCH/AvgCD/AvgCA)
4a93ac4b26f3565ba263fa07b314bd47bb904db4cc3c49062c7d71fdd4a34117,2024-25,primary_market_average,market_average_closing,1.790000,3.790000,4.170000,0.525886,0.248374,0.225740,0.062320,Football-Data closing market average (AvgCH/AvgCD/AvgCA)
4bdd7af60b8f6d421926506de3c5964d98f8c7ff429637a47aa959ca55a4432d,2024-25,primary_market_average,market_average_closing,2.400000,3.110000,3.130000,0.393937,0.304003,0.302060,0.057699,Football-Data closing market average (AvgCH/AvgCD/AvgCA)
4be556f1c396c1519b1bb60a291b06d2f2d7b89016d4ca875100a246dea4a15e,2024-25,primary_market_average,market_average_closing,1.790000,3.680000,4.370000,0.527419,0.256544,0.216037,0.059231,Football-Data closing market average (AvgCH/AvgCD/AvgCA)
4c715b12a76d11a05c2551733f00c42f8b9a78e0c458abe555765c5145f5ec58,2024-25,primary_market_average,market_average_closing,2.140000,3.360000,3.410000,0.441604,0.281260,0.277136,0.058164,Football-Data closing market average (AvgCH/AvgCD/AvgCA)
4d198c9cfdbf33c6b6cc077f01908d23fae4cf827dc33f41e4d312b59a0522c5,2024-25,primary_market_average,market_average_closing,3.130000,3.290000,2.280000,0.300827,0.286197,0.412977,0.062037,Football-Data closing market average (AvgCH/AvgCD/AvgCA)
5036c4504461b5cb9bb191c1084fb00b57f3297c9e1af53493a0e2e2ef484ec6,2024-25,primary_market_average,market_average_closing,2.840000,3.470000,2.360000,0.330925,0.270843,0.398232,0.064026,Football-Data closing market average (AvgCH/AvgCD/AvgCA)
50e5c95a78278658f91e6acb64f4dc75f42b074d9b617b95163e2d8c7c9ce3b9,2024-25,primary_market_average,market_average_closing,2.480000,2.940000,3.130000,0.379381,0.320022,0.300596,0.062851,Football-Data closing market average (AvgCH/AvgCD/AvgCA)
51092dcee3a72b287279fafa6f56ea2433d845309f411a3367e409dc6f0af271,2024-25,primary_market_average,market_average_closing,1.700000,3.800000,4.730000,0.553472,0.247606,0.198922,0.062810,Football-Data closing market average (AvgCH/AvgCD/AvgCA)
521e831a0e56e554b3968fd383e24e9792fa6aedc2c39b94e834b6f749e77065,2024-25,primary_market_average,market_average_closing,2.390000,3.570000,2.760000,0.394414,0.264047,0.341539,0.060841,Football-Data closing market average (AvgCH/AvgCD/AvgCA)
52935908f4d490be1a31b54e9e05a2a76ec3005a18eb7da695b9dc5bbc83d82e,2024-25,primary_market_average,market_average_closing,1.780000,3.730000,4.320000,0.529311,0.252593,0.218096,0.061376,Football-Data closing market average (AvgCH/AvgCD/AvgCA)
52ed165a5c5673547acce78eadaff4ef51b1d5ff1f3b9189c50a1e7d93c96bec,2024-25,primary_market_average,market_average_closing,1.820000,3.620000,4.330000,0.519998,0.261435,0.218567,0.056641,Football-Data closing market average (AvgCH/AvgCD/AvgCA)
54b0d504cd0db27f4ee971f6ce0e3310cf392f24f09103e80849f035e935f4c5,2024-25,primary_market_average,market_average_closing,1.630000,4.090000,4.860000,0.576727,0.229845,0.193429,0.063757,Football-Data closing market average (AvgCH/AvgCD/AvgCA)
559616cf98fd9be0d81d9416f91190f10337ca5e0e15a38b645c57cffb6453d7,2024-25,primary_market_average,market_average_closing,1.930000,3.350000,4.100000,0.488555,0.281466,0.229978,0.060545,Football-Data closing market average (AvgCH/AvgCD/AvgCA)
55bca32bbcd2ee77273aa12753c2e6c0f6abb23343c94b35d5abf4759e3514db,2024-25,primary_market_average,market_average_closing,7.390000,5.400000,1.350000,0.127509,0.174498,0.697993,0.061244,Football-Data closing market average (AvgCH/AvgCD/AvgCA)
56a821f152021860e2d4fb986566042c1273ee758a838c222b332622bf08458b,2024-25,primary_market_average,market_average_closing,2.800000,3.410000,2.420000,0.335780,0.275714,0.388506,0.063621,Football-Data closing market average (AvgCH/AvgCD/AvgCA)
56ec3521bfeb4f28a53ecc2ebeb2f6eaa361c5ab5337fc46c38dbb40ea6fd6f4,2024-25,primary_market_average,market_average_closing,2.240000,3.210000,3.280000,0.420036,0.293110,0.286854,0.062833,Football-Data closing market average (AvgCH/AvgCD/AvgCA)
56f700ca3ea7b504c4224ba583dcca1cc6b65d6600830f1bc8b218cb0e8cb878,2024-25,primary_market_average,market_average_closing,2.600000,3.430000,2.580000,0.361563,0.274071,0.364366,0.063757,Football-Data closing market average (AvgCH/AvgCD/AvgCA)
58f64b76c868be6aa4c061eae3d5b573951f9aa1cbe60d0f90e7de3c0e24fc51,2024-25,primary_market_average,market_average_closing,1.250000,6.000000,10.390000,0.752649,0.156802,0.090550,0.062913,Football-Data closing market average (AvgCH/AvgCD/AvgCA)
5aa8984e8bc07a1156cfce19e7058f27327cd17ebb710b643159b0c35841af67,2024-25,primary_market_average,market_average_closing,9.000000,5.630000,1.290000,0.104435,0.166948,0.728617,0.063925,Football-Data closing market average (AvgCH/AvgCD/AvgCA)
5ad9b11df614ad04f972311cb68c90521914dcfacb82af569400732f189c6006,2024-25,primary_market_average,market_average_closing,2.290000,3.480000,3.000000,0.412988,0.271765,0.315247,0.057371,Football-Data closing market average (AvgCH/AvgCD/AvgCA)
5b55b4b80af0e3a159611b50e3a0a0395a87678ee2ee619c76c57e155857af29,2024-25,primary_market_average,market_average_closing,1.790000,3.640000,4.410000,0.526966,0.259140,0.213893,0.060142,Football-Data closing market average (AvgCH/AvgCD/AvgCA)
5b8d88dcd6de33052023ce9a9a0110655fdb8ef2c80734626a8e62070cb5a7e7,2024-25,primary_market_average,market_average_closing,2.020000,3.460000,3.640000,0.467561,0.272969,0.259470,0.058792,Football-Data closing market average (AvgCH/AvgCD/AvgCA)
5bcbcf616aa83442e30c4ac0c1d54a07cf5dfa4d4d7ef8a419ce9f67d1b63c17,2024-25,primary_market_average,market_average_closing,1.660000,3.860000,5.000000,0.567520,0.244063,0.188417,0.061477,Football-Data closing market average (AvgCH/AvgCD/AvgCA)
5c6d2978750d38987d19683b29227312365d338f10091ffc36eb837e45592a9a,2024-25,primary_market_average,market_average_closing,2.740000,3.160000,2.670000,0.345625,0.299688,0.354687,0.055951,Football-Data closing market average (AvgCH/AvgCD/AvgCA)
5c9dd134199d7ac3606a721bf9ad76a60f54d157dcf99bf6d09ca2230e7342de,2024-25,primary_market_average,market_average_closing,2.110000,3.380000,3.380000,0.444737,0.277632,0.277632,0.065650,Football-Data closing market average (AvgCH/AvgCD/AvgCA)
5d2575ee918d2be0f43c5a0f2e11b61b377993893a38639bb5d66ee30a10d7f0,2024-25,primary_market_average,market_average_closing,7.080000,5.090000,1.380000,0.132954,0.184934,0.682112,0.062344,Football-Data closing market average (AvgCH/AvgCD/AvgCA)
5df8a39689d7b94e2f83ba1a64aa758417ab62395fa291a7e1cfd4e0f59025b0,2024-25,primary_market_average,market_average_closing,1.880000,3.370000,4.330000,0.501997,0.280046,0.217957,0.059598,Football-Data closing market average (AvgCH/AvgCD/AvgCA)
5e848aed90f5d7ab11518626776281bf70b68a64f9ab0dabe1a4aa1e01638695,2024-25,primary_market_average,market_average_closing,1.370000,4.800000,7.730000,0.683691,0.195137,0.121172,0.067626,Football-Data closing market average (AvgCH/AvgCD/AvgCA)
5ef3a26a28c7cb2ee2588cafbc25d6f1852f1925ffa52adaaef068c3f4b79e96,2024-25,primary_market_average,market_average_closing,1.810000,3.650000,4.230000,0.519808,0.257768,0.222424,0.062865,Football-Data closing market average (AvgCH/AvgCD/AvgCA)
604c7a5f5ac5264ccbbd72e9b10de4d5c63f746c106309d04ad639e5b2c3292b,2024-25,primary_market_average,market_average_closing,1.830000,4.110000,3.620000,0.512615,0.228245,0.259140,0.066000,Football-Data closing market average (AvgCH/AvgCD/AvgCA)
62595484e5c8501aeb03134fa952d3aa550cf84617f9b095a5daeaaef4d3ee5d,2024-25,primary_market_average,market_average_closing,1.840000,3.570000,4.160000,0.510800,0.263269,0.225931,0.063975,Football-Data closing market average (AvgCH/AvgCD/AvgCA)
62cb23a0d0f01f89338e1b49cd37051120d8aac3dc778b5f21644f4f05696e53,2024-25,primary_market_average,market_average_closing,2.000000,3.430000,3.790000,0.473755,0.276242,0.250003,0.055397,Football-Data closing market average (AvgCH/AvgCD/AvgCA)
6578e141e6ac9cc2336d1cf398df201cf7d63459fc0027327671dc3e35936f49,2024-25,primary_market_average,market_average_closing,2.010000,3.200000,4.000000,0.469346,0.294808,0.235846,0.060012,Football-Data closing market average (AvgCH/AvgCD/AvgCA)
658f5192dcecfe6b6cad5639f78d088d8012e75b4386ed816e751a7915f2929f,2024-25,primary_market_average,market_average_closing,1.390000,4.790000,7.580000,0.678626,0.196929,0.124445,0.060119,Football-Data closing market average (AvgCH/AvgCD/AvgCA)
65d9e2b72f3c5196451b05c226c47f901188716a1ded507535535981abd34983,2024-25,primary_market_average,market_average_closing,2.930000,3.190000,2.450000,0.321088,0.294918,0.383995,0.062940,Football-Data closing market average (AvgCH/AvgCD/AvgCA)
661f685d6b38d8efa7ec734a426d1f0af800c1b364394651c8d4a6bf056c5465,2024-25,primary_market_average,market_average_closing,1.760000,3.620000,4.580000,0.534626,0.259929,0.205446,0.062766,Football-Data closing market average (AvgCH/AvgCD/AvgCA)
663b585207e654fa0db578d52eb428ef5fc258fe7203cbe1b1eb41a76c77c3a2,2024-25,primary_market_average,market_average_closing,3.690000,3.340000,2.060000,0.256670,0.283567,0.459763,0.055841,Football-Data closing market average (AvgCH/AvgCD/AvgCA)
663c015e0266f7b4e7e63448b496336e451355a316316cfb26c538c8ab3f7ac1,2024-25,primary_market_average,market_average_closing,2.310000,3.170000,3.230000,0.409186,0.298176,0.292638,0.057955,Football-Data closing market average (AvgCH/AvgCD/AvgCA)
6657e8353df26d07c005dcab0c833caed277834a9956a0ee69386afb4386be35,2024-25,primary_market_average,market_average_closing,2.210000,3.310000,3.250000,0.425954,0.284398,0.289648,0.062296,Football-Data closing market average (AvgCH/AvgCD/AvgCA)
6696e314789248bf6bd01bd7bae3660c9de04485e0966f32a00a30e8e8dd8dc3,2024-25,primary_market_average,market_average_closing,2.290000,3.150000,3.280000,0.412345,0.299768,0.287887,0.059020,Football-Data closing market average (AvgCH/AvgCD/AvgCA)
67cac8681b38e0e6e9e5ba4b6196023bc3f16df8a638a6aee38b7cb6c4285fe1,2024-25,primary_market_average,market_average_closing,1.990000,3.470000,3.670000,0.472652,0.271060,0.256288,0.063177,Football-Data closing market average (AvgCH/AvgCD/AvgCA)
682cb84269812218f6f0a34fb6533d3690ea78b03a39a9da102f8d870f40bec9,2024-25,primary_market_average,market_average_closing,3.650000,3.600000,1.950000,0.257355,0.260929,0.481716,0.064571,Football-Data closing market average (AvgCH/AvgCD/AvgCA)
6890bc697499bfbeff698456a5f4cdda990bcb795b3aa91a3fdd11d9755afd49,2024-25,primary_market_average,market_average_closing,2.370000,3.400000,2.910000,0.398170,0.277548,0.324283,0.059701,Football-Data closing market average (AvgCH/AvgCD/AvgCA)
68ecbb13e31bd3bfab1793f8fbba757fa6a05de5b5736186cab2f15fcccd747c,2024-25,primary_market_average,market_average_closing,3.100000,3.510000,2.210000,0.304330,0.268782,0.426888,0.059970,Football-Data closing market average (AvgCH/AvgCD/AvgCA)
69815a2e7fa742f64bc23107a3856a9c679b58943d3e39faef108b9e7c570d76,2024-25,primary_market_average,market_average_closing,2.070000,3.340000,3.610000,0.455961,0.282587,0.261452,0.059501,Football-Data closing market average (AvgCH/AvgCD/AvgCA)
699c89b302f585f877b125a8aed3081f8ec538b845f272500f918a8c025b4c7d,2024-25,primary_market_average,market_average_closing,1.640000,3.940000,5.100000,0.575436,0.239522,0.185042,0.059642,Football-Data closing market average (AvgCH/AvgCD/AvgCA)
6b3b99a48a5295c0766f6489e0cd73fa81406aea198bdb145db5721e95c23da7,2024-25,primary_market_average,market_average_closing,1.990000,3.530000,3.630000,0.473496,0.266929,0.259575,0.061281,Football-Data closing market average (AvgCH/AvgCD/AvgCA)
6b3e9dadc64e0a20b2cf919ba2df5f8b946ed9e57a7bf876f081c37877441509,2024-25,primary_market_average,market_average_closing,1.910000,3.580000,3.840000,0.492389,0.262699,0.244912,0.063306,Football-Data closing market average (AvgCH/AvgCD/AvgCA)
6b9fb466e5ea8fdf6a675476b21db5900d59d4a71ae0ecfe5c5cf3ad843f3cd2,2024-25,primary_market_average,market_average_closing,2.130000,3.410000,3.370000,0.443129,0.276793,0.280078,0.059475,Football-Data closing market average (AvgCH/AvgCD/AvgCA)
6c0ebad4f0ac0e40e8b84ed01b2e33a7f1377818575c6a145d528c4c6223456a,2024-25,primary_market_average,market_average_closing,5.580000,4.690000,1.490000,0.168500,0.200475,0.631025,0.063572,Football-Data closing market average (AvgCH/AvgCD/AvgCA)
6c3634a1593efabaf10bacd2ef45ffb2e065af0e1541c130ff43b8ec68bb9216,2024-25,primary_market_average,market_average_closing,1.720000,4.150000,4.220000,0.548835,0.227469,0.223696,0.059326,Football-Data closing market average (AvgCH/AvgCD/AvgCA)
6c66d1078531e22c570c56aeccdc7fdeac9b303f9e4430014dd0c131c90dc82e,2024-25,primary_market_average,market_average_closing,1.210000,6.960000,10.870000,0.778110,0.135275,0.086616,0.062121,Football-Data closing market average (AvgCH/AvgCD/AvgCA)
6c842c80c33ef594b9bd600e7290d47ab58d04fbcb4388c8bd2e4c5be73fe9d6,2024-25,primary_market_average,market_average_closing,2.940000,3.630000,2.230000,0.319662,0.258900,0.421438,0.064049,Football-Data closing market average (AvgCH/AvgCD/AvgCA)
6cb7226f29039d77c2a41cd939e718e9a6b516036ea93e39056736c0362e764c,2024-25,primary_market_average,market_average_closing,2.070000,3.160000,3.820000,0.455177,0.298170,0.246653,0.061328,Football-Data closing market average (AvgCH/AvgCD/AvgCA)
6d2cb37ec1df87334a9ca89c7652075cefe6337e6dd9735aa6854a8f8c32c440,2024-25,primary_market_average,market_average_closing,2.800000,3.160000,2.590000,0.337023,0.298628,0.364349,0.059699,Football-Data closing market average (AvgCH/AvgCD/AvgCA)
6d78d7cae0ed440af277e68af134039f54139fac51bc1cf095df076e42b384e3,2024-25,primary_market_average,market_average_closing,2.200000,3.600000,3.040000,0.428303,0.261741,0.309956,0.061271,Football-Data closing market average (AvgCH/AvgCD/AvgCA)
6d9bfe382182d809b36b29a03aee770a8b8b6e826633e25206e7f7244d7f15af,2024-25,primary_market_average,market_average_closing,1.540000,4.390000,5.440000,0.612038,0.214701,0.173261,0.060965,Football-Data closing market average (AvgCH/AvgCD/AvgCA)
70dd380fef6e31b0cfcbeb01e3f1b3b2848bdb3c34d92cd9988ca54e7030a607,2024-25,primary_market_average,market_average_closing,1.480000,4.730000,5.750000,0.636826,0.199261,0.163913,0.061005,Football-Data closing market average (AvgCH/AvgCD/AvgCA)
718300688d736b37c238672f3de2a2c1902a32a688b985c12c704b8dca73830e,2024-25,primary_market_average,market_average_closing,2.820000,3.300000,2.460000,0.333235,0.284764,0.382001,0.064144,Football-Data closing market average (AvgCH/AvgCD/AvgCA)
71ba165680940fa40ab730c537d0e40f775a6657668ce17303ef89a7b80485d5,2024-25,primary_market_average,market_average_closing,2.430000,3.210000,2.970000,0.388321,0.293962,0.317717,0.059749,Football-Data closing market average (AvgCH/AvgCD/AvgCA)
71bcde2ce03e8947fd7dfe7ea32fc8b82bb8c7d67f609b00c8bf11bc014f1f66,2024-25,primary_market_average,market_average_closing,2.200000,3.400000,3.200000,0.428346,0.277165,0.294488,0.061163,Football-Data closing market average (AvgCH/AvgCD/AvgCA)
723d993a8fa9bab2e24e4908fa1da238afe2dc229028c1bab81f12d8f7adb99d,2024-25,primary_market_average,market_average_closing,2.460000,3.370000,2.830000,0.384730,0.280841,0.334429,0.056597,Football-Data closing market average (AvgCH/AvgCD/AvgCA)
725021c24231af418269a9844f8af034540db345bb12853540cc7ce6bd1176ed,2024-25,primary_market_average,market_average_closing,3.770000,3.850000,1.870000,0.250296,0.245095,0.504608,0.059752,Football-Data closing market average (AvgCH/AvgCD/AvgCA)
72edfa60d03836ddb8d2788dad720927f3ccfa0aeb148828463c9ac28d3a4172,2024-25,primary_market_average,market_average_closing,1.800000,3.460000,4.580000,0.522672,0.271910,0.205417,0.062914,Football-Data closing market average (AvgCH/AvgCD/AvgCA)
735c46afcb12e63df5d1145ed71e77d3662197c644f86babfc1cb6fb6b4e09ca,2024-25,primary_market_average,market_average_closing,5.290000,4.390000,1.550000,0.178002,0.214494,0.607504,0.061988,Football-Data closing market average (AvgCH/AvgCD/AvgCA)
73b5b5b215bde4f65b22b292a3b554a5a200e5873edb2edb207722d44360c452,2024-25,primary_market_average,market_average_closing,1.860000,3.250000,4.660000,0.507241,0.290298,0.202461,0.059919,Football-Data closing market average (AvgCH/AvgCD/AvgCA)
73b94b3a52ff89924cfed93e145d123cf097630fe23694034ac8f1d8c3429b75,2024-25,primary_market_average,market_average_closing,2.160000,3.320000,3.360000,0.436023,0.283677,0.280300,0.061787,Football-Data closing market average (AvgCH/AvgCD/AvgCA)
74674999ca7abcc350b5fc117cad6664486af65f0144901f604157f8eaa3e12e,2024-25,primary_market_average,market_average_closing,3.110000,3.420000,2.240000,0.303237,0.275751,0.421012,0.060370,Football-Data closing market average (AvgCH/AvgCD/AvgCA)
75d35e118eba87d743bb04b6ee46e3d55996dc03baea6d3ab90249edd7c6eb62,2024-25,primary_market_average,market_average_closing,2.720000,3.330000,2.540000,0.346298,0.282862,0.370839,0.061648,Football-Data closing market average (AvgCH/AvgCD/AvgCA)
75d9d645003f4faad27f38d0d52fe7c41567bbab03f5e144339ff1efb5b1cad6,2024-25,primary_market_average,market_average_closing,2.000000,3.640000,3.570000,0.474007,0.260443,0.265550,0.054837,Football-Data closing market average (AvgCH/AvgCD/AvgCA)
75ecf3353842efa275c4273b9883394812cfaac2b00579b54d61ffe3a1750423,2024-25,primary_market_average,market_average_closing,1.240000,6.250000,10.390000,0.758872,0.150560,0.090568,0.062698,Football-Data closing market average (AvgCH/AvgCD/AvgCA)
75ffb34bbc4e79bd191e34b8c17dcec59c70f32aadedda8d68a8cbadfd4f1810,2024-25,primary_market_average,market_average_closing,2.690000,3.470000,2.500000,0.350728,0.271890,0.377383,0.059932,Football-Data closing market average (AvgCH/AvgCD/AvgCA)
7630044dd5e7f8d965f9b4cafb8c8a4b25fb2bc71d08c01e39d0c7eb9745921f,2024-25,primary_market_average,market_average_closing,2.120000,3.300000,3.510000,0.445154,0.285978,0.268868,0.059629,Football-Data closing market average (AvgCH/AvgCD/AvgCA)
76754db1e031cc12020e6bc7768def2c8d97818a3de7c60a9c646a34e56e877f,2024-25,primary_market_average,market_average_closing,4.150000,4.090000,1.720000,0.225863,0.229176,0.544960,0.066858,Football-Data closing market average (AvgCH/AvgCD/AvgCA)
769f97587158a35512867eff6ed24843354f32d3a96951fc7683c93a8d61f52a,2024-25,primary_market_average,market_average_closing,2.520000,3.460000,2.640000,0.372735,0.271472,0.355793,0.064631,Football-Data closing market average (AvgCH/AvgCD/AvgCA)
772a10d8b072b3318ea257f4efd1f54b3b3799254fbdad735fe2da2ea7b0de14,2024-25,primary_market_average,market_average_closing,1.320000,5.310000,8.850000,0.715441,0.177850,0.106710,0.058894,Football-Data closing market average (AvgCH/AvgCD/AvgCA)
787b5a9df423f10e4df5275e68009eccad175ec84d1afd746d4a6deb0d3502b7,2024-25,primary_market_average,market_average_closing,2.440000,3.440000,2.820000,0.388417,0.275505,0.336077,0.055144,Football-Data closing market average (AvgCH/AvgCD/AvgCA)
78cfa6f8fb369658a6b62560a031cf5fc725fa5292743e8b1371a9dbddac3cc2,2024-25,primary_market_average,market_average_closing,1.900000,3.560000,3.940000,0.496046,0.264744,0.239210,0.061022,Football-Data closing market average (AvgCH/AvgCD/AvgCA)
7905996dab50c1588db62901050083b5939244ccdd8c3933ea99a25f9a2fcf28,2024-25,primary_market_average,market_average_closing,2.470000,3.180000,2.940000,0.382137,0.296817,0.321047,0.059460,Football-Data closing market average (AvgCH/AvgCD/AvgCA)
791301f3061039057188d481402668683d97c8323bce3d22106c523846a37513,2024-25,primary_market_average,market_average_closing,2.050000,3.460000,3.550000,0.460840,0.273041,0.266119,0.058512,Football-Data closing market average (AvgCH/AvgCD/AvgCA)
7b1cfa2af7326f47347d5833eef6388a83b65d15cb07599753f5e678ac8ee842,2024-25,primary_market_average,market_average_closing,1.830000,3.440000,4.420000,0.513874,0.273369,0.212758,0.063390,Football-Data closing market average (AvgCH/AvgCD/AvgCA)
7b45fb7e9f27ccb3a3e34cf591d6f1e430aa9e73e1ec56c89767b37014c3ba57,2024-25,primary_market_average,market_average_closing,1.340000,5.250000,8.280000,0.705680,0.180116,0.114204,0.057518,Football-Data closing market average (AvgCH/AvgCD/AvgCA)
7b4e27c0d5763588a92e5831336b82e10258ae5fc32184b2fbf2ea9bd232597f,2024-25,primary_market_average,market_average_closing,2.070000,3.390000,3.540000,0.455505,0.278140,0.266355,0.060563,Football-Data closing market average (AvgCH/AvgCD/AvgCA)
7bec5bbadfdef4ce0ae74574fce7625915fef6a052b903b779e05a111132736d,2024-25,primary_market_average,market_average_closing,1.690000,3.710000,5.010000,0.557771,0.254079,0.188150,0.060859,Football-Data closing market average (AvgCH/AvgCD/AvgCA)
7c97431e5e56bcb8e2b90990e397e2956a3fa241650919857c24f093fea783da,2024-25,primary_market_average,market_average_closing,1.710000,3.890000,4.560000,0.551089,0.242253,0.206658,0.061163,Football-Data closing market average (AvgCH/AvgCD/AvgCA)
7cba9c46b3522396de9b3365182547fc009d1e40b141e4ea392375912376d922,2024-25,primary_market_average,market_average_closing,1.910000,3.680000,3.810000,0.494968,0.256899,0.248133,0.057767,Football-Data closing market average (AvgCH/AvgCD/AvgCA)
7cde52d2b61919fa4f42b357e1d160d960f1463732465928a28fb9f9772bcee8,2024-25,primary_market_average,market_average_closing,1.650000,3.980000,4.840000,0.569644,0.236159,0.194197,0.063928,Football-Data closing market average (AvgCH/AvgCD/AvgCA)
7e7a5856df876315bcd092b6af87c6d60ed6a65e0d34a721e1f62e9441dc07d7,2024-25,primary_market_average,market_average_closing,1.880000,3.360000,4.290000,0.500563,0.280077,0.219361,0.062634,Football-Data closing market average (AvgCH/AvgCD/AvgCA)
81235c0e91f1f30204d476a4be8b084b96d933dc50b4035e29d8815d8eddb53e,2024-25,primary_market_average,market_average_closing,3.340000,3.390000,2.150000,0.282587,0.278419,0.438995,0.059503,Football-Data closing market average (AvgCH/AvgCD/AvgCA)
8235b15312e0525d0d6c8c9c81b6810216d024d048b08010a4106cc6487ae90b,2024-25,primary_market_average,market_average_closing,1.120000,9.180000,16.460000,0.840302,0.102521,0.057177,0.062543,Football-Data closing market average (AvgCH/AvgCD/AvgCA)
82965a6b6210a5f19f4e000676d4247c648339b8244caa59e82408d8f84b1779,2024-25,primary_market_average,market_average_closing,1.690000,3.840000,4.800000,0.557977,0.245568,0.196455,0.060466,Football-Data closing market average (AvgCH/AvgCD/AvgCA)
83894d6f64b874bbf213afd8c6708bfd63d2d1943d5bfeeddb6104e60e817b8a,2024-25,primary_market_average,market_average_closing,1.440000,5.160000,5.700000,0.652869,0.182196,0.164935,0.063681,Football-Data closing market average (AvgCH/AvgCD/AvgCA)
83d867c27e6da1de728bff3099d3acf96daef56d340bf542c02f98d41711cded,2024-25,primary_market_average,market_average_closing,1.410000,4.590000,7.530000,0.669147,0.205555,0.125298,0.059887,Football-Data closing market average (AvgCH/AvgCD/AvgCA)
84409731317c615322ac0bee56288a451cf75093cf10fb10134f4f03853d00aa,2024-25,primary_market_average,market_average_closing,2.280000,3.280000,3.130000,0.412617,0.286819,0.300564,0.062963,Football-Data closing market average (AvgCH/AvgCD/AvgCA)
85d5600fa4bc434ba67f90de054c26415d0e1a34830d3b36904e7c730e4ec985,2024-25,primary_market_average,market_average_closing,1.710000,3.740000,4.790000,0.551203,0.252021,0.196776,0.060943,Football-Data closing market average (AvgCH/AvgCD/AvgCA)
868f88166ad8fb33b285418c074367017a08f4bd174dcf0d6870283696848682,2024-25,primary_market_average,market_average_closing,3.770000,3.580000,1.950000,0.250853,0.264166,0.484982,0.057402,Football-Data closing market average (AvgCH/AvgCD/AvgCA)
875b1ce0e45d2330dd954e9675f9e7d644fcad9db189da09e862a8b022b65fe2,2024-25,primary_market_average,market_average_closing,1.470000,4.550000,6.190000,0.640797,0.207027,0.152176,0.061603,Football-Data closing market average (AvgCH/AvgCD/AvgCA)
878d3760faf886290eac6da107f9b8befe026a78724ae9abbbf7b1fb47133627,2024-25,primary_market_average,market_average_closing,2.160000,3.320000,3.340000,0.435292,0.283202,0.281506,0.063569,Football-Data closing market average (AvgCH/AvgCD/AvgCA)
88abfeea0f8c807ac6897f18f35a2d8e9cfab26da2643a88f9f23695e04957d2,2024-25,primary_market_average,market_average_closing,2.420000,3.060000,3.120000,0.389637,0.308144,0.302219,0.060533,Football-Data closing market average (AvgCH/AvgCD/AvgCA)
89c141ce22bb4dece78d52793e5a96737faf2d89675b9ebd72555442e1952a23,2024-25,primary_market_average,market_average_closing,1.610000,3.920000,5.300000,0.583265,0.239555,0.177180,0.064899,Football-Data closing market average (AvgCH/AvgCD/AvgCA)
8a28b48a5320a4b0b2958d7e14bef638e427c4e18075b466027c92661cdb7e2a,2024-25,primary_market_average,market_average_closing,2.070000,3.370000,3.550000,0.455095,0.279539,0.265365,0.061518,Football-Data closing market average (AvgCH/AvgCD/AvgCA)
8a47534bdbfa91ef7dd3394bb17be8ac87a47d7b2af7ad2f7109cec4f72a671a,2024-25,primary_market_average,market_average_closing,1.150000,8.150000,14.000000,0.817496,0.115352,0.067151,0.063693,Football-Data closing market average (AvgCH/AvgCD/AvgCA)
90642659963cb33324223146c04d0d576e9348a2559f83ef5e51d9c851b8f749,2024-25,primary_market_average,market_average_closing,2.290000,3.340000,3.080000,0.411669,0.282252,0.306079,0.060758,Football-Data closing market average (AvgCH/AvgCD/AvgCA)
9084ad4efe3b0ddf7c38a7afe7abac2252d8c5eb4edc552a74bac9ba1737d09b,2024-25,primary_market_average,market_average_closing,1.990000,3.530000,3.630000,0.473496,0.266929,0.259575,0.061281,Football-Data closing market average (AvgCH/AvgCD/AvgCA)
908ff9a62b4c0e217dd67e591582757ffec6ec90adb9353ed2df0bb21225ef37,2024-25,primary_market_average,market_average_closing,4.200000,3.810000,1.790000,0.224783,0.247793,0.527424,0.059222,Football-Data closing market average (AvgCH/AvgCD/AvgCA)
90a2facfe23e88adc391317a3e77b5c11a84e435dac55ff803bd3f65e0317f64,2024-25,primary_market_average,market_average_closing,1.540000,4.060000,5.920000,0.609962,0.231365,0.158673,0.064575,Football-Data closing market average (AvgCH/AvgCD/AvgCA)
90cc14b0fce171f28ba0d0198a0b5d7942f2bbb8819fe7f11dea419228fa87a0,2024-25,primary_market_average,market_average_closing,2.670000,3.420000,2.520000,0.352085,0.274873,0.373042,0.063755,Football-Data closing market average (AvgCH/AvgCD/AvgCA)
919753059cf922a564716d9b5a91c281f92d9e39be8fa85121d4b255bd761c76,2024-25,primary_market_average,market_average_closing,5.990000,4.460000,1.500000,0.157819,0.211958,0.630223,0.057827,Football-Data closing market average (AvgCH/AvgCD/AvgCA)
91a3cc284627f9bf0d8811067dd1ddc0249bdc269c6474f0bac4271ce23d1c5c,2024-25,primary_market_average,market_average_closing,1.750000,3.930000,4.300000,0.539878,0.240404,0.219718,0.058440,Football-Data closing market average (AvgCH/AvgCD/AvgCA)
91de8ed9f104d0590daf4cdcb7f03c7dee6e93fa855e05c2a2bfbff5f77bdbc5,2024-25,primary_market_average,market_average_closing,3.280000,3.490000,2.120000,0.286780,0.269524,0.443697,0.063109,Football-Data closing market average (AvgCH/AvgCD/AvgCA)
93ea3f19824b2df7a24b4c903e98c27353da140d95373a0e16f2909b55330fe4,2024-25,primary_market_average,market_average_closing,4.500000,3.960000,1.710000,0.209734,0.238334,0.551932,0.059543,Football-Data closing market average (AvgCH/AvgCD/AvgCA)
94d355b71392e7fbcd759fda05fcd381640b6aff4b61adae0788d38069b107a5,2024-25,primary_market_average,market_average_closing,3.410000,3.600000,2.040000,0.276335,0.261751,0.461914,0.061229,Football-Data closing market average (AvgCH/AvgCD/AvgCA)
96059012116b0dbff84cbc9abf7c8d993614f0c4ea37ba088a077ed42222a8b2,2024-25,primary_market_average,market_average_closing,2.180000,3.430000,3.250000,0.433588,0.275575,0.290837,0.057953,Football-Data closing market average (AvgCH/AvgCD/AvgCA)
962f69f4f853235b9c8808d7d8dc8f13ec29c5de91cf91b4ce00fd9fd36bde7e,2024-25,primary_market_average,market_average_closing,1.780000,3.910000,4.120000,0.529863,0.241216,0.228921,0.060271,Football-Data closing market average (AvgCH/AvgCD/AvgCA)
96602af39abf0187d9269cb26d30311f400374ce784165a9569312f8223cff1c,2024-25,primary_market_average,market_average_closing,2.350000,3.300000,3.020000,0.401563,0.285962,0.312475,0.059688,Football-Data closing market average (AvgCH/AvgCD/AvgCA)
96b93843ad064e3a54a1d673be23d193dd9d88aedeb121d09e1cc923ced51040,2024-25,primary_market_average,market_average_closing,2.080000,3.390000,3.520000,0.453622,0.278329,0.268049,0.059845,Football-Data closing market average (AvgCH/AvgCD/AvgCA)
96ea06e6da354cf6149e24c2fd60f1b1d035186c342a5919bb59b3d15e4b5f97,2024-25,primary_market_average,market_average_closing,2.420000,3.000000,3.170000,0.389094,0.313869,0.297037,0.062014,Football-Data closing market average (AvgCH/AvgCD/AvgCA)
97c05bc58343fa8c222d34db498ecfdbda8c89d73a24bdc361ebdcd5e43ad32b,2024-25,primary_market_average,market_average_closing,2.440000,3.150000,2.940000,0.383946,0.297406,0.318649,0.067432,Football-Data closing market average (AvgCH/AvgCD/AvgCA)
97c404e58fc266c503949593e446d8e9b50da2f274fc87f97aeb03be17437290,2024-25,primary_market_average,market_average_closing,2.240000,3.300000,3.190000,0.419995,0.285087,0.294918,0.062938,Football-Data closing market average (AvgCH/AvgCD/AvgCA)
97ea251b86c8db4da122e1ddd9c08934bd32b128b5c653f9a72003595c5f515d,2024-25,primary_market_average,market_average_closing,4.520000,4.160000,1.660000,0.207925,0.225918,0.566157,0.064033,Football-Data closing market average (AvgCH/AvgCD/AvgCA)
97fdf528d3de7c334fb92a0ab880188d52dcc989383614f66d787a14b9f4453b,2024-25,primary_market_average,market_average_closing,2.450000,3.450000,2.760000,0.384937,0.273361,0.341702,0.060337,Football-Data closing market average (AvgCH/AvgCD/AvgCA)
9851d0a83e81d3cb6628e1d31a44bc87b4e509f8654d06872bf797c772f4a641,2024-25,primary_market_average,market_average_closing,3.440000,3.180000,2.190000,0.273782,0.296167,0.430051,0.061784,Football-Data closing market average (AvgCH/AvgCD/AvgCA)
98b99dc907c40e7175b9ae38146b2f71a5e9015f5e19d7b91cd55520447f9bec,2024-25,primary_market_average,market_average_closing,6.700000,4.570000,1.430000,0.139833,0.205007,0.655161,0.067373,Football-Data closing market average (AvgCH/AvgCD/AvgCA)
9963b6e3efbaa46b455cd68864f315af22433e75a2accbe2793c5b8bafa404ca,2024-25,primary_market_average,market_average_closing,1.680000,3.850000,4.820000,0.560252,0.244474,0.195275,0.062447,Football-Data closing market average (AvgCH/AvgCD/AvgCA)
99725747f95812ebf6599cde944da026f41aa1327816f082bba245c089e6dd48,2024-25,primary_market_average,market_average_closing,13.620000,7.880000,1.170000,0.069592,0.120285,0.810123,0.055026,Football-Data closing market average (AvgCH/AvgCD/AvgCA)
9baed7e1e38cda15ae2c335155e99a24ccd850f1be0e980e073a05239921279e,2024-25,primary_market_average,market_average_closing,2.730000,3.230000,2.610000,0.345880,0.292338,0.361782,0.059040,Football-Data closing market average (AvgCH/AvgCD/AvgCA)
9dd4734e87a1821e48598d6f61ea1953c885677149b179aef435207c106a5ad2,2024-25,primary_market_average,market_average_closing,1.820000,3.610000,4.300000,0.518831,0.261571,0.219598,0.059017,Football-Data closing market average (AvgCH/AvgCD/AvgCA)
9e2a8c09c3a83cf18286c3c51eac3bcc212ea6d1ddc838995bed8c68c5b5fc21,2024-25,primary_market_average,market_average_closing,3.150000,3.250000,2.290000,0.298974,0.289774,0.411252,0.061834,Football-Data closing market average (AvgCH/AvgCD/AvgCA)
9ec0a1bcbbfaabe4b37d03e2ae048ceb7913061faa47bba1ef42f8062e0aae78,2024-25,primary_market_average,market_average_closing,3.020000,3.230000,2.390000,0.312638,0.292312,0.395049,0.059133,Football-Data closing market average (AvgCH/AvgCD/AvgCA)
a012e4574509f0e9e5b17adedf1f0e602b0adf9ade61b0b772a0aadbb1f9ca57,2024-25,primary_market_average,market_average_closing,3.730000,3.580000,1.950000,0.252862,0.263457,0.483680,0.060247,Football-Data closing market average (AvgCH/AvgCD/AvgCA)
a02c97efcdd971719d72eefec721b136f7d7af477d04b2520fe132109c12dd1a,2024-25,primary_market_average,market_average_closing,3.270000,3.520000,2.120000,0.288066,0.267607,0.444328,0.061599,Football-Data closing market average (AvgCH/AvgCD/AvgCA)
a0752203b2e739070ea74e11b229fe56633018bdf2a268c0f208ed931860fb0a,2024-25,primary_market_average,market_average_closing,2.230000,3.890000,2.820000,0.423004,0.242493,0.334503,0.060110,Football-Data closing market average (AvgCH/AvgCD/AvgCA)
a0c59379fcc09bfa29ea9812764919592ca1000b41bb8d6985e29a99c061903f,2024-25,primary_market_average,market_average_closing,1.900000,3.400000,4.170000,0.496411,0.277406,0.226183,0.060242,Football-Data closing market average (AvgCH/AvgCD/AvgCA)
a3c1008c9559117921fc4b50630a0609421730043a4327466545eeda4c0946ae,2024-25,primary_market_average,market_average_closing,1.970000,3.330000,3.980000,0.479256,0.283524,0.237220,0.059171,Football-Data closing market average (AvgCH/AvgCD/AvgCA)
a3dd58ca48ff25c14e5e69ec0f5966f0a9e1aa87e8824e7250e5eae6e72e7c63,2024-25,primary_market_average,market_average_closing,2.450000,3.320000,2.840000,0.384523,0.283759,0.331718,0.061481,Football-Data closing market average (AvgCH/AvgCD/AvgCA)
a44a84bf4b678605301cd5d3350ce498c913ed186630efd98af819514af03349,2024-25,primary_market_average,market_average_closing,2.620000,3.700000,2.430000,0.358899,0.254139,0.386961,0.063472,Football-Data closing market average (AvgCH/AvgCD/AvgCA)
a473e37db6241418459fc02e24a60ec42efeee0368212c67adbe2949c7d2f91d,2024-25,primary_market_average,market_average_closing,1.570000,4.130000,5.460000,0.599631,0.227947,0.172421,0.062224,Football-Data closing market average (AvgCH/AvgCD/AvgCA)
a5761acd0254f6d6df60e003f1d342174165d7f4b70daddcf616ed88619994b1,2024-25,primary_market_average,market_average_closing,2.550000,3.060000,2.940000,0.370277,0.308564,0.321159,0.059090,Football-Data closing market average (AvgCH/AvgCD/AvgCA)
a583db97770ef38b240547925d6cf8223ce67c383fb189cc937b378ddfc3cd83,2024-25,primary_market_average,market_average_closing,1.210000,6.770000,11.460000,0.778626,0.139164,0.082211,0.061417,Football-Data closing market average (AvgCH/AvgCD/AvgCA)
a65c07e7e82975abded280fe760278c98072e0770bc03e68bea1f4539011ef90,2024-25,primary_market_average,market_average_closing,1.180000,7.360000,12.200000,0.795515,0.127542,0.076943,0.065294,Football-Data closing market average (AvgCH/AvgCD/AvgCA)
a6fc212637c360187d2aae5d5801c807956a8369d9cffcb0f08327e884ac7de3,2024-25,primary_market_average,market_average_closing,3.020000,3.140000,2.430000,0.312053,0.300128,0.387819,0.061120,Football-Data closing market average (AvgCH/AvgCD/AvgCA)
a80b6b444fb77c93c81d7d7b90ae1582350f18df78b8af996f9f64e33cabec16,2024-25,primary_market_average,market_average_closing,1.160000,8.110000,13.560000,0.813948,0.116422,0.069630,0.059120,Football-Data closing market average (AvgCH/AvgCD/AvgCA)
a9275cd09c7c559841677657d8042d60867f25bb391b2feea16c0020c048cb70,2024-25,primary_market_average,market_average_closing,1.440000,4.760000,6.390000,0.654505,0.198001,0.147494,0.061023,Football-Data closing market average (AvgCH/AvgCD/AvgCA)
a9bce1fbe82cbfb07ed5a77b6a5b5b0c1a034e401020a1c1f33c6afccfccdf03,2024-25,primary_market_average,market_average_closing,5.170000,4.290000,1.580000,0.182572,0.220023,0.597405,0.059435,Football-Data closing market average (AvgCH/AvgCD/AvgCA)
aa2a620fe5c951cabfec0496c90ea98a635b02bd9be9bead8c9511abd4c11197,2024-25,primary_market_average,market_average_closing,2.250000,3.350000,3.160000,0.419522,0.281768,0.298710,0.059408,Football-Data closing market average (AvgCH/AvgCD/AvgCA)
aa34667d83fc6a19e0f19609f3205d197b4bfbe7c82bce83c7fd8b57600695e2,2024-25,primary_market_average,market_average_closing,1.200000,6.850000,11.560000,0.781868,0.136970,0.081163,0.065824,Football-Data closing market average (AvgCH/AvgCD/AvgCA)
aac17ab58198470d4aeebb95f46cafb3fca551dbaa97a4b1afe3c53194435140,2024-25,primary_market_average,market_average_closing,2.920000,3.450000,2.340000,0.323181,0.273533,0.403286,0.059671,Football-Data closing market average (AvgCH/AvgCD/AvgCA)
aad0d7c599b98378fc924bc8bf492b864032e6d74163acb52f22a3ac42dafb4e,2024-25,primary_market_average,market_average_closing,4.420000,4.040000,1.710000,0.213728,0.233831,0.552442,0.058564,Football-Data closing market average (AvgCH/AvgCD/AvgCA)
ac61204910ac9ac706ebf69d470e8a1621b53c29102a9836c169aa57802df14b,2024-25,primary_market_average,market_average_closing,1.980000,3.490000,3.700000,0.475631,0.269842,0.254527,0.061854,Football-Data closing market average (AvgCH/AvgCD/AvgCA)
aff24afc9ce25af462249aaf942c5b6216a7b26e366258554b91f959d3207db3,2024-25,primary_market_average,market_average_closing,1.220000,6.630000,11.310000,0.774065,0.142437,0.083498,0.058919,Football-Data closing market average (AvgCH/AvgCD/AvgCA)
b039c56973a14a1afdd27f45b265780b94fa2e82b47f26347dd3bb19062f00ef,2024-25,primary_market_average,market_average_closing,2.300000,3.210000,3.180000,0.409873,0.293678,0.296449,0.060774,Football-Data closing market average (AvgCH/AvgCD/AvgCA)
b06322195170a71d03108ff15c2ce27b5c5e53cea0a098264bfd3b31f2beda73,2024-25,primary_market_average,market_average_closing,1.370000,5.090000,7.430000,0.687974,0.185172,0.126854,0.060980,Football-Data closing market average (AvgCH/AvgCD/AvgCA)
b0a45f4536cbadde5905e690d772caf148c75d5ebaabf0c193bf81ffc253d50e,2024-25,primary_market_average,market_average_closing,1.290000,5.960000,8.310000,0.729034,0.157794,0.113171,0.063316,Football-Data closing market average (AvgCH/AvgCD/AvgCA)
b0cdb30358df9d4d414cb6708b1f12406f33a2a6398c3d3eb47ce25d26f13434,2024-25,primary_market_average,market_average_closing,2.280000,3.350000,3.060000,0.412253,0.280578,0.307169,0.063901,Football-Data closing market average (AvgCH/AvgCD/AvgCA)
b1159f77638ef1a3a729debbac0047e7086eae3582bb99e49a1cb388353b261b,2024-25,primary_market_average,market_average_closing,1.480000,4.640000,5.720000,0.633831,0.202170,0.163998,0.066018,Football-Data closing market average (AvgCH/AvgCD/AvgCA)
b15fb81d5e036d2110bb365f430999f1bef4be18845946b828e90cd3b502c5d0,2024-25,primary_market_average,market_average_closing,3.490000,3.410000,2.080000,0.270172,0.276510,0.453318,0.060557,Football-Data closing market average (AvgCH/AvgCD/AvgCA)
b1b2dc438859ba715dd5724652f91b6a87264d2d13eb6adb39e59b33b98b0e9b,2024-25,primary_market_average,market_average_closing,6.230000,4.730000,1.450000,0.151202,0.199152,0.649646,0.061585,Football-Data closing market average (AvgCH/AvgCD/AvgCA)
b27d948c4f367c248122e2fb006ecfc0810c5c16f76a9d73885722cf73b7cde0,2024-25,primary_market_average,market_average_closing,1.280000,5.890000,8.780000,0.733620,0.159428,0.106951,0.064925,Football-Data closing market average (AvgCH/AvgCD/AvgCA)
b3e248f855c705a84bf0c057fffe7ffee32232e4a0d77dc7e640f3dbef17fb8e,2024-25,primary_market_average,market_average_closing,7.580000,4.800000,1.390000,0.124496,0.196600,0.678905,0.059684,Football-Data closing market average (AvgCH/AvgCD/AvgCA)
b4d31cfb8b9a8856be3a322d6c33f7e18d71a9477888cff889a7b5de93ec0942,2024-25,primary_market_average,market_average_closing,1.080000,10.260000,21.980000,0.866252,0.091184,0.042564,0.068888,Football-Data closing market average (AvgCH/AvgCD/AvgCA)
b76dfb28a6fe815a0744105261bc681c848c4c7baad83fa383f4af24def3a5d7,2024-25,primary_market_average,market_average_closing,4.490000,4.070000,1.690000,0.210084,0.231764,0.558152,0.060133,Football-Data closing market average (AvgCH/AvgCD/AvgCA)
b77415c80e550f3203a6cb9cceea160b21e9c7fc824dbc8914c5fa88baf17fe4,2024-25,primary_market_average,market_average_closing,1.520000,4.190000,5.880000,0.616800,0.223755,0.159445,0.066626,Football-Data closing market average (AvgCH/AvgCD/AvgCA)
b7da0d906dd22bd3b1fdea4908c763db4485c1f3a3e99bba480465a490e76b13,2024-25,primary_market_average,market_average_closing,2.200000,3.570000,3.070000,0.428659,0.264159,0.307182,0.060390,Football-Data closing market average (AvgCH/AvgCD/AvgCA)
b843fbfcf83c6d884287818807360b63b87a96a264f42324faafe1cf7bb66a5e,2024-25,primary_market_average,market_average_closing,2.250000,3.260000,3.250000,0.419729,0.289690,0.290581,0.058885,Football-Data closing market average (AvgCH/AvgCD/AvgCA)
b8cf3a836e83524e304332e8e9cbfabb04dbb7700d4a48cf93afff3b8398d772,2024-25,primary_market_average,market_average_closing,2.830000,3.360000,2.450000,0.333626,0.281001,0.385373,0.059139,Football-Data closing market average (AvgCH/AvgCD/AvgCA)
b95be3b5aa706655cb509c476177859a13df729f220d8df5667fdacc6a116117,2024-25,primary_market_average,market_average_closing,2.680000,4.160000,2.220000,0.350700,0.225932,0.423368,0.063969,Football-Data closing market average (AvgCH/AvgCD/AvgCA)
bab7744a0d21da08c1acfb21c3b71404d7fd832b2db8813f4e7a343df4070f5a,2024-25,primary_market_average,market_average_closing,11.440000,7.930000,1.180000,0.082389,0.118856,0.798755,0.060974,Football-Data closing market average (AvgCH/AvgCD/AvgCA)
bb7c39c66991024ad06274cc2966bc7c03b7d4f7944294bcbffdd309defea621,2024-25,primary_market_average,market_average_closing,2.510000,3.320000,2.780000,0.376095,0.284337,0.339568,0.059323,Football-Data closing market average (AvgCH/AvgCD/AvgCA)
bd43b6092178c6401222f996328980d7540c76244fe361ac9d7b6f88e9d4f433,2024-25,primary_market_average,market_average_closing,2.490000,3.160000,2.930000,0.379103,0.298724,0.322173,0.059359,Football-Data closing market average (AvgCH/AvgCD/AvgCA)
bd64b05f1aa57c1419687ed1d1e3b33b10a678805012bb1fe09c2c28abf84baa,2024-25,primary_market_average,market_average_closing,2.060000,3.180000,3.830000,0.457528,0.296386,0.246086,0.060999,Football-Data closing market average (AvgCH/AvgCD/AvgCA)
bf4c42c79a435821c7f2499ca70caf955f891629a3cbf0f279422102607d03c2,2024-25,primary_market_average,market_average_closing,2.200000,3.300000,3.310000,0.428942,0.285961,0.285097,0.059691,Football-Data closing market average (AvgCH/AvgCD/AvgCA)
c0a662bfd533e7c61515996fc4a2f3e1fa2b61d2534982c17b972483c67a7781,2024-25,primary_market_average,market_average_closing,1.680000,4.120000,4.470000,0.560662,0.228619,0.210719,0.061670,Football-Data closing market average (AvgCH/AvgCD/AvgCA)
c21c9816ad145c7edc5fcad8a1c1281dd4e1995c46bdf3263b5aa90e7bf15270,2024-25,primary_market_average,market_average_closing,2.050000,3.260000,3.700000,0.458109,0.288074,0.253817,0.064824,Football-Data closing market average (AvgCH/AvgCD/AvgCA)
c2e919e9ecfe84cb78439208517913d30cc5966ec21d48e013cc7736143162a8,2024-25,primary_market_average,market_average_closing,2.010000,3.460000,3.660000,0.469460,0.272721,0.257818,0.059754,Football-Data closing market average (AvgCH/AvgCD/AvgCA)
c2ee12e99602bf38614e3b502132a05ac1aed21926357545a45fca5ec59ccbb8,2024-25,primary_market_average,market_average_closing,1.860000,3.620000,4.080000,0.507693,0.260859,0.231448,0.058976,Football-Data closing market average (AvgCH/AvgCD/AvgCA)
c49b551195b4be2c279c880a8b2bf49014b7b28a93eb15009a18602b350e73d9,2024-25,primary_market_average,market_average_closing,1.840000,3.780000,3.970000,0.512755,0.249595,0.237650,0.059918,Football-Data closing market average (AvgCH/AvgCD/AvgCA)
c60c5ed53be3cfb96559189cc6e5b811b7d4e97c66c89d08bc82efdf3e2c3cd9,2024-25,primary_market_average,market_average_closing,11.020000,7.080000,1.200000,0.085180,0.132583,0.782237,0.065320,Football-Data closing market average (AvgCH/AvgCD/AvgCA)
c6f7521bcf66730581c86afbcb10d88f7c5cd68d99a0efe36c0ff82a896b3f7f,2024-25,primary_market_average,market_average_closing,2.420000,3.290000,2.920000,0.389965,0.286844,0.323191,0.059640,Football-Data closing market average (AvgCH/AvgCD/AvgCA)
c844011a40c67be7875152910e82f6655e6f3f53591714f85278eaf523af1174,2024-25,primary_market_average,market_average_closing,1.900000,3.580000,3.880000,0.494947,0.262682,0.242371,0.063377,Football-Data closing market average (AvgCH/AvgCD/AvgCA)
c89dbdbe835cd540a31396792492ec42b74e0e213372f91b01312d175d01b299,2024-25,primary_market_average,market_average_closing,5.310000,3.970000,1.620000,0.178085,0.238194,0.583722,0.057497,Football-Data closing market average (AvgCH/AvgCD/AvgCA)
c98ff3bd0f9ba0ad24a0ca2734daf6a69609165cea4152369c9ce9769b4d91a1,2024-25,primary_market_average,market_average_closing,5.590000,4.620000,1.500000,0.168446,0.203812,0.627742,0.062008,Football-Data closing market average (AvgCH/AvgCD/AvgCA)
c9b3c71876333d001957b9b24be4294a75c294b4fa9ed04431d2a6d08cabb45f,2024-25,primary_market_average,market_average_closing,1.210000,6.940000,11.120000,0.779323,0.135876,0.084800,0.060467,Football-Data closing market average (AvgCH/AvgCD/AvgCA)
c9e04ef890458ad86182d625708d8d37e7a585d6f97f9140ae82c147a2ba3760,2024-25,primary_market_average,market_average_closing,6.110000,4.520000,1.480000,0.154317,0.208602,0.637081,0.060581,Football-Data closing market average (AvgCH/AvgCD/AvgCA)
ca6758c64515fcec3465c93f7e994794e404cba90d761f603287f57aebe0129a,2024-25,primary_market_average,market_average_closing,1.310000,5.440000,8.870000,0.720203,0.173431,0.106366,0.059922,Football-Data closing market average (AvgCH/AvgCD/AvgCA)
cab8be4736f78560080062e034c3f8c46a7c6632cc96e7bdcb209228b61a5941,2024-25,primary_market_average,market_average_closing,3.550000,3.450000,2.050000,0.265908,0.273616,0.460476,0.059350,Football-Data closing market average (AvgCH/AvgCD/AvgCA)
cb09686eff0a2591ad08995f21e29ff10b0b3b4a2ff5840649bb662ec2ac30fc,2024-25,primary_market_average,market_average_closing,2.200000,3.190000,3.380000,0.427251,0.294656,0.278093,0.063883,Football-Data closing market average (AvgCH/AvgCD/AvgCA)
cc4f06d953edd3cd788a08bd5dd7351e3ae408e5a0b9220184ac672c812dd6f3,2024-25,primary_market_average,market_average_closing,5.320000,4.350000,1.550000,0.176827,0.216257,0.606916,0.063016,Football-Data closing market average (AvgCH/AvgCD/AvgCA)
cc7153b5e81f1b088e09d13a34adc786b6a40dcf5e176a564bda68f878e00d76,2024-25,primary_market_average,market_average_closing,2.670000,3.220000,2.640000,0.352044,0.291912,0.356044,0.063879,Football-Data closing market average (AvgCH/AvgCD/AvgCA)
cd01c700b83cef32d5e2f628da4179748d01a4118c656e0f7d7b6ed0f1095ed4,2024-25,primary_market_average,market_average_closing,2.630000,3.340000,2.630000,0.358754,0.282492,0.358754,0.059857,Football-Data closing market average (AvgCH/AvgCD/AvgCA)
cdbd3c7dff06783ff2c1b2395ff09b59ff0ba110bdff3a5494d9e75fe7888a38,2024-25,primary_market_average,market_average_closing,3.540000,3.660000,1.970000,0.265663,0.256953,0.477384,0.063324,Football-Data closing market average (AvgCH/AvgCD/AvgCA)
cdc8437717940e2fdef278cba69c3bd2241223bf92a88689bb2b274a6724b6e6,2024-25,primary_market_average,market_average_closing,1.960000,3.570000,3.750000,0.482699,0.265011,0.252290,0.056983,Football-Data closing market average (AvgCH/AvgCD/AvgCA)
ce980558a4b247aa6a92c80175d59483537fc032b1ada1ab63eeaa5dce0fe9f3,2024-25,primary_market_average,market_average_closing,7.490000,4.640000,1.410000,0.126163,0.203655,0.670183,0.058248,Football-Data closing market average (AvgCH/AvgCD/AvgCA)
cf4e212f1b52bb57a8c7d02ae5f89311ca00058dac30519a4086b88272682ba0,2024-25,primary_market_average,market_average_closing,1.380000,5.150000,6.990000,0.682414,0.182860,0.134726,0.061874,Football-Data closing market average (AvgCH/AvgCD/AvgCA)
cff96e6fba11368998c63e2bc3e0a6cfe971023e8fea5fcafeef029490281282,2024-25,primary_market_average,market_average_closing,1.890000,3.750000,3.830000,0.500633,0.252319,0.247048,0.056864,Football-Data closing market average (AvgCH/AvgCD/AvgCA)
d1064eb93f64686cabe983dd1229b24f0d07311f3ef7d028b72b8edac7121a3a,2024-25,primary_market_average,market_average_closing,3.020000,3.300000,2.360000,0.313007,0.286449,0.400543,0.057885,Football-Data closing market average (AvgCH/AvgCD/AvgCA)
d10efd784cf98d50c5897b4837f9a5b1f06ab197503fd71b746b471ba4ab9db5,2024-25,primary_market_average,market_average_closing,2.180000,3.110000,3.580000,0.432919,0.303461,0.263621,0.059589,Football-Data closing market average (AvgCH/AvgCD/AvgCA)
d19ccb2d45a42f9ca2307b5d181d037e5912bacc96f9c97322b228caf0d7ad69,2024-25,primary_market_average,market_average_closing,2.160000,3.320000,3.390000,0.437107,0.284383,0.278511,0.059153,Football-Data closing market average (AvgCH/AvgCD/AvgCA)
d1b1d918ff22fe1a805616188ec2e3bde95b7aab953f4daa812c38bdece2cc8b,2024-25,primary_market_average,market_average_closing,2.250000,3.230000,3.260000,0.418975,0.291856,0.289170,0.060790,Football-Data closing market average (AvgCH/AvgCD/AvgCA)
d2ed12d8e308ae2f624606e6178b2498db18e0507e64c9ed5b4fd38618795556,2024-25,primary_market_average,market_average_closing,1.580000,4.160000,5.430000,0.598522,0.227323,0.174155,0.057458,Football-Data closing market average (AvgCH/AvgCD/AvgCA)
d4015080bbdd4e36ba3d0266015c9fd2f4ad37521208141f93d639044ff32d15,2024-25,primary_market_average,market_average_closing,4.990000,4.000000,1.650000,0.189691,0.236639,0.573670,0.056461,Football-Data closing market average (AvgCH/AvgCD/AvgCA)
d4bde93f36ef41470f2ff32f23846815d760c3d0f4cac5058bfc8d9465e5ea5a,2024-25,primary_market_average,market_average_closing,1.610000,4.060000,5.230000,0.586720,0.232665,0.180615,0.058628,Football-Data closing market average (AvgCH/AvgCD/AvgCA)
d82f25968897754e3b68a2b543073228e518184e64374c89b85f500706a3a7c4,2024-25,primary_market_average,market_average_closing,1.520000,4.480000,5.630000,0.621401,0.210832,0.167767,0.058729,Football-Data closing market average (AvgCH/AvgCD/AvgCA)
d8b0537fa5248c73a4fbb798406fe11445920e171eca836d856800e6b33d16c3,2024-25,primary_market_average,market_average_closing,1.340000,5.480000,7.740000,0.705392,0.172486,0.122122,0.057949,Football-Data closing market average (AvgCH/AvgCD/AvgCA)
dc2c9620bd4bc41980feace26180ad6d2678e60a228f84e99ebaaaa59b1da88e,2024-25,primary_market_average,market_average_closing,2.130000,3.270000,3.500000,0.442488,0.288226,0.269286,0.061008,Football-Data closing market average (AvgCH/AvgCD/AvgCA)
dd6870daffa4f0adf27a647a49e7c44696fe1a904442ebf022824ba5a8ae2f97,2024-25,primary_market_average,market_average_closing,1.830000,3.470000,4.400000,0.514592,0.271384,0.214024,0.061905,Football-Data closing market average (AvgCH/AvgCD/AvgCA)
dd763da0c4957bb8ea94863691660a40a1b1ab38391931817cfcbb924555ae80,2024-25,primary_market_average,market_average_closing,1.490000,4.600000,5.790000,0.632410,0.204846,0.162744,0.061244,Football-Data closing market average (AvgCH/AvgCD/AvgCA)
ddcaadb460995a7b11da981e66aebbeff7f2777eba61f96fb6734da05c57f2a6,2024-25,primary_market_average,market_average_closing,2.000000,3.370000,3.780000,0.471126,0.279600,0.249273,0.061286,Football-Data closing market average (AvgCH/AvgCD/AvgCA)
de4f7ed90a454f7cc4040ddeefb8bff080ca1edb57c6d3bf53b709ef09cee0c8,2024-25,primary_market_average,market_average_closing,2.850000,3.200000,2.520000,0.330953,0.294755,0.374292,0.060203,Football-Data closing market average (AvgCH/AvgCD/AvgCA)
df55a203be07fef1238db1fa38c277bc29a9757a426b56023ae40da3d8b5948d,2024-25,primary_market_average,market_average_closing,1.300000,5.600000,9.390000,0.729614,0.169375,0.101012,0.054298,Football-Data closing market average (AvgCH/AvgCD/AvgCA)
df767bd2c01a884db8fb03bea89883ee43a11cff47a9972b85f2920afdc5cf02,2024-25,primary_market_average,market_average_closing,1.520000,4.320000,5.730000,0.618382,0.217579,0.164039,0.063896,Football-Data closing market average (AvgCH/AvgCD/AvgCA)
e004474b205b360d8cd9488fccbcd03c6de8cb34db41dccfbe59ccf63530bc42,2024-25,primary_market_average,market_average_closing,2.410000,3.190000,3.010000,0.391213,0.295556,0.313231,0.060643,Football-Data closing market average (AvgCH/AvgCD/AvgCA)
e0b8a9483d1294e7beb1c17c0b5ea3ac5898fd0ada03015c028cd43df7cd6dfd,2024-25,primary_market_average,market_average_closing,3.160000,3.530000,2.170000,0.298382,0.267107,0.434511,0.060571,Football-Data closing market average (AvgCH/AvgCD/AvgCA)
e217836fb16c1e8050285dd1b22bdb1173b519ca658170da5ebc8972e409fa2d,2024-25,primary_market_average,market_average_closing,2.790000,3.140000,2.610000,0.338123,0.300434,0.361442,0.060036,Football-Data closing market average (AvgCH/AvgCD/AvgCA)
e53524c7f73c62cf0d4d587e054428d70ac13e8aec0d874def4b4edbb2e08e61,2024-25,primary_market_average,market_average_closing,1.820000,3.320000,4.810000,0.519057,0.284543,0.196400,0.058556,Football-Data closing market average (AvgCH/AvgCD/AvgCA)
e56f1e42bcb1f1b3efeccf80dd72423ca603816f321e5e0358d68a2cf8c6fc3d,2024-25,primary_market_average,market_average_closing,1.390000,5.030000,6.700000,0.673943,0.186239,0.139818,0.067485,Football-Data closing market average (AvgCH/AvgCD/AvgCA)
e681864086969df9d2eea25ac367346304fcd83f770a6c30cead93d46c32f4a7,2024-25,primary_market_average,market_average_closing,1.370000,5.350000,6.970000,0.688406,0.176283,0.135311,0.060315,Football-Data closing market average (AvgCH/AvgCD/AvgCA)
e7e448852afa75937bb84629ba94dcd525be3be71155950025c17cfc4dce5de3,2024-25,primary_market_average,market_average_closing,1.210000,6.790000,11.890000,0.781269,0.139225,0.079507,0.057826,Football-Data closing market average (AvgCH/AvgCD/AvgCA)
e9037d4de6728d065b84280ab96d571b923a177f79073f1415825d3343e7d814,2024-25,primary_market_average,market_average_closing,1.710000,3.880000,4.590000,0.551490,0.243053,0.205457,0.060392,Football-Data closing market average (AvgCH/AvgCD/AvgCA)
e9e780fc064598c534c38abc16b726602c0e97bcb742add0fa5d6bb6ea2bc099,2024-25,primary_market_average,market_average_closing,2.450000,3.430000,2.780000,0.385270,0.275193,0.339537,0.059421,Football-Data closing market average (AvgCH/AvgCD/AvgCA)
e9fc55b4403dc2ce7514f4e0223cbd450cc300ef0abbd99410efee6c470efa0d,2024-25,primary_market_average,market_average_closing,1.110000,8.990000,19.470000,0.847112,0.104593,0.048295,0.063497,Football-Data closing market average (AvgCH/AvgCD/AvgCA)
eaf3462862a8cb496d5ce020c50cecb95174e1c0b5ba6eacdd8ccf0541585d44,2024-25,primary_market_average,market_average_closing,1.960000,3.410000,3.920000,0.481979,0.277032,0.240989,0.058561,Football-Data closing market average (AvgCH/AvgCD/AvgCA)
eb36793f4fbf710f31985799d71dc777945aa85cedecb247a08f61372a074b34,2024-25,primary_market_average,market_average_closing,2.100000,3.170000,3.710000,0.448733,0.297268,0.254000,0.061190,Football-Data closing market average (AvgCH/AvgCD/AvgCA)
ebc884d254ec279a68a9703b2d6cb12146910362b417b9bf7a8a1d48f43600b6,2024-25,primary_market_average,market_average_closing,2.470000,3.380000,2.750000,0.380380,0.277970,0.341650,0.064353,Football-Data closing market average (AvgCH/AvgCD/AvgCA)
ec6e7c4397d3d077b78f6105e35b14c1f5711d5d4f03d34c3b126c253a0278b9,2024-25,primary_market_average,market_average_closing,1.280000,6.040000,8.740000,0.736174,0.156010,0.107815,0.061229,Football-Data closing market average (AvgCH/AvgCD/AvgCA)
ed1c22a83a1f30193e25c8a5504154a0e123aa777ce12395635f47c10181d53a,2024-25,primary_market_average,market_average_closing,1.710000,3.710000,4.810000,0.550532,0.253749,0.195719,0.062237,Football-Data closing market average (AvgCH/AvgCD/AvgCA)
edeadb66ee8aae1ac496980cdfb168f0cfcb0dab351cdf59a357f4f382d07f53,2024-25,primary_market_average,market_average_closing,6.500000,4.780000,1.430000,0.144817,0.196926,0.658257,0.062352,Football-Data closing market average (AvgCH/AvgCD/AvgCA)
ee1867e90a9e9881a0b6744c8b04f2897d8d8614af5e28c942e1ab0af9a2e6cd,2024-25,primary_market_average,market_average_closing,1.380000,5.390000,6.720000,0.684282,0.175196,0.140522,0.058976,Football-Data closing market average (AvgCH/AvgCD/AvgCA)
ef738bf51d0c34a55d4a16ededa2edfe3f9e5349d950d01ec0d0438f0a50147d,2024-25,primary_market_average,market_average_closing,4.720000,4.630000,1.580000,0.199729,0.203612,0.596659,0.060759,Football-Data closing market average (AvgCH/AvgCD/AvgCA)
efe22c854d1a9f3cb9ea0cf123d3654e685f4b5d64dcb2d56a7154dcb1f3907b,2024-25,primary_market_average,market_average_closing,2.510000,3.090000,2.950000,0.375496,0.305014,0.319490,0.061014,Football-Data closing market average (AvgCH/AvgCD/AvgCA)
efeb880a02ad1480380f2aa9cae0942bceb3c0421e3c57f66a78992161dd4356,2024-25,primary_market_average,market_average_closing,1.220000,7.300000,9.110000,0.768615,0.128453,0.102932,0.066428,Football-Data closing market average (AvgCH/AvgCD/AvgCA)
f02b0fa17355f9f36c6204a28bae29319795c1bc81829da87fd9aed088d0ff63,2024-25,primary_market_average,market_average_closing,2.270000,3.370000,3.090000,0.415245,0.279705,0.305050,0.060889,Football-Data closing market average (AvgCH/AvgCD/AvgCA)
f1aa9880ee977e2d75fecc6f29ed02941f4feb4a930f5cbd7da3db721b8cc753,2024-25,primary_market_average,market_average_closing,1.960000,3.260000,4.110000,0.481206,0.289314,0.229480,0.060262,Football-Data closing market average (AvgCH/AvgCD/AvgCA)
f1ef3fe46df095dbf83efeffc4fb199b6029d635c63bbb5f82a45d413ad85eb7,2024-25,primary_market_average,market_average_closing,1.190000,7.450000,12.060000,0.794657,0.126932,0.078411,0.057483,Football-Data closing market average (AvgCH/AvgCD/AvgCA)
f1f64dff50e29994990ac00ba29ff1fa99d1902892ef01e4ac894281401f7371,2024-25,primary_market_average,market_average_closing,1.460000,4.670000,6.070000,0.643848,0.201289,0.154863,0.063809,Football-Data closing market average (AvgCH/AvgCD/AvgCA)
f28a5b9b73f34dfc40240e8d875f507f16564ba2c526ef94d45ba1b9bf11d320,2024-25,primary_market_average,market_average_closing,7.540000,5.550000,1.340000,0.125228,0.170130,0.704642,0.059075,Football-Data closing market average (AvgCH/AvgCD/AvgCA)
f2be6f7c411bcb1862826df1cb743d1afa2615a1d2eff0eb0ea9c012fb8a4aef,2024-25,primary_market_average,market_average_closing,1.170000,7.560000,12.630000,0.801668,0.124068,0.074264,0.066153,Football-Data closing market average (AvgCH/AvgCD/AvgCA)
f4104543e2785748a10277f70e394f6c566d9f179c52e2656d24dc9f4d963fbd,2024-25,primary_market_average,market_average_closing,3.990000,4.040000,1.780000,0.236452,0.233525,0.530023,0.059949,Football-Data closing market average (AvgCH/AvgCD/AvgCA)
f45d4cf417fd80156f0b9fa5462f009d5de956e3cd6e435c01e1b8000b75f0af,2024-25,primary_market_average,market_average_closing,1.510000,4.500000,5.660000,0.624087,0.209416,0.166497,0.061152,Football-Data closing market average (AvgCH/AvgCD/AvgCA)
f51bdfbb33a685f471a1d0826fb145b19d4b5ad855f18e2882867bb0773233c6,2024-25,primary_market_average,market_average_closing,2.210000,3.090000,3.580000,0.428719,0.306624,0.264656,0.055443,Football-Data closing market average (AvgCH/AvgCD/AvgCA)
f550bb7782a7199bc0e90340249c52719fe8e76e5528a7a04387111439ec2e95,2024-25,primary_market_average,market_average_closing,1.570000,3.910000,6.020000,0.601565,0.241549,0.156886,0.058810,Football-Data closing market average (AvgCH/AvgCD/AvgCA)
f63a7ecdb9e1a25b82b5ef47dd7101b7801c8d5c83aea997e2e333578cc0702d,2024-25,primary_market_average,market_average_closing,1.880000,3.490000,4.150000,0.502085,0.270464,0.227451,0.059412,Football-Data closing market average (AvgCH/AvgCD/AvgCA)
f6c1196ddb04fdd1bc39d1af57758685d44871ff467fa8c9ad336ae5d8d8ed7a,2024-25,primary_market_average,market_average_closing,2.490000,3.430000,2.720000,0.378589,0.274836,0.346576,0.060799,Football-Data closing market average (AvgCH/AvgCD/AvgCA)
f8811401c06495c1b5fa2422aea9561d1509860109cb0a91a10d2f38717f8337,2024-25,primary_market_average,market_average_closing,3.270000,3.390000,2.180000,0.288633,0.278416,0.432950,0.059511,Football-Data closing market average (AvgCH/AvgCD/AvgCA)
f8f84912a55e7e3525083a89dfa88f09a0f514d46a10cc7ab4fa7312c414064f,2024-25,primary_market_average,market_average_closing,1.720000,3.800000,4.570000,0.546747,0.247475,0.205778,0.063372,Football-Data closing market average (AvgCH/AvgCD/AvgCA)
f9184ffa45dfca5cd6a7326cf6ba299a735d4a2cdc2442a3c0a600c5c693c3fe,2024-25,primary_market_average,market_average_closing,2.870000,3.350000,2.410000,0.328128,0.281113,0.390759,0.061877,Football-Data closing market average (AvgCH/AvgCD/AvgCA)
f954b4ae09c8c46160b1443df57ee1d6c74a0cd38fbbc0a32f01d043f30dba63,2024-25,primary_market_average,market_average_closing,2.560000,3.230000,2.780000,0.368537,0.292091,0.339372,0.059935,Football-Data closing market average (AvgCH/AvgCD/AvgCA)
f988b82bd5cb0050238608d43ef180c82608ba4a5ac47907eb5f1967a225ac60,2024-25,primary_market_average,market_average_closing,2.580000,3.270000,2.710000,0.364828,0.287846,0.347327,0.062411,Football-Data closing market average (AvgCH/AvgCD/AvgCA)
fb8e2a0606813a96fdc5db21ef15d7ad96adeebfef73365713f8e9750e24cd45,2024-25,primary_market_average,market_average_closing,1.920000,3.750000,3.650000,0.490671,0.251223,0.258106,0.061473,Football-Data closing market average (AvgCH/AvgCD/AvgCA)
fe5a1e069a47f368121e8085e22b34ab877ba574aed25d1d72080f8c7743bfe0,2024-25,primary_market_average,market_average_closing,3.350000,3.380000,2.150000,0.281749,0.279248,0.439004,0.059482,Football-Data closing market average (AvgCH/AvgCD/AvgCA)
fef629c2338d7db4d1107f77e925663b61716f2a51fcf23167c66530f3e28e3c,2024-25,primary_market_average,market_average_closing,1.870000,3.820000,3.760000,0.503304,0.246382,0.250314,0.062497,Football-Data closing market average (AvgCH/AvgCD/AvgCA)
ff3196813bb79e05ce2c1b1f280f893f9c77b9f749d82df58f33aaa528b34c43,2024-25,primary_market_average,market_average_closing,3.920000,3.830000,1.840000,0.240736,0.246393,0.512872,0.059677,Football-Data closing market average (AvgCH/AvgCD/AvgCA)
01e27487fbb578a403d88a14733e6431cdd47d1369ffee1adf313de27fe71fe7,2025-26,primary_market_average,market_average_closing,2.910000,3.330000,2.330000,0.320225,0.279837,0.399938,0.073127,Football-Data closing market average (AvgCH/AvgCD/AvgCA)
02b8ba7255801fa3de3c02a1b280a178194b9dfd664eb8b2b80a9c129014c746,2025-26,primary_market_average,market_average_closing,3.390000,3.470000,2.020000,0.273586,0.267278,0.459136,0.078219,Football-Data closing market average (AvgCH/AvgCD/AvgCA)
03cbf3523c82e55a49fbbcf6446d02e9db4fa6662733da17c23d095c3134e7f3,2025-26,primary_market_average,market_average_closing,2.110000,3.530000,3.110000,0.439331,0.262603,0.298067,0.078763,Football-Data closing market average (AvgCH/AvgCD/AvgCA)
047231b8c519ab9e9835c00e110264feccda87752bd0a85b87e6b9be4d47e91f,2025-26,primary_market_average,market_average_closing,2.360000,3.380000,2.780000,0.392596,0.274120,0.333283,0.079299,Football-Data closing market average (AvgCH/AvgCD/AvgCA)
048044d1ffea8fa9aed978793819db69879f7bf479fa755a0a3a7074b90457b0,2025-26,primary_market_average,market_average_closing,2.170000,3.340000,3.130000,0.426805,0.277295,0.295900,0.079720,Football-Data closing market average (AvgCH/AvgCD/AvgCA)
04bc5aacf3b6b2f617ecfc1e1b93892880382ba44e14d11d17aadc685f6bb7c8,2025-26,primary_market_average,market_average_closing,1.210000,6.080000,12.000000,0.769322,0.153105,0.077573,0.074253,Football-Data closing market average (AvgCH/AvgCD/AvgCA)
05b58ee8d363d1a3f24ae80dac2721305126766df5cc0ab43ead6a4b2f9825f2,2025-26,primary_market_average,market_average_closing,1.740000,3.570000,4.530000,0.534330,0.260430,0.205240,0.075575,Football-Data closing market average (AvgCH/AvgCD/AvgCA)
065cbddc8a7030fbf180b3a1859c691094c56c55d2564759cb4f6659e8d1ed59,2025-26,primary_market_average,market_average_closing,2.360000,3.220000,2.900000,0.392663,0.287790,0.319547,0.079115,Football-Data closing market average (AvgCH/AvgCD/AvgCA)
066406e8e492d26d42d0a3503a95e31825a2d385706856c94e0271231bc69aef,2025-26,primary_market_average,market_average_closing,2.140000,3.490000,3.080000,0.433278,0.265678,0.301044,0.078498,Football-Data closing market average (AvgCH/AvgCD/AvgCA)
0707f2f31331d3c7c4519def72c5c53a1466c9586ddebaba6b9f7e5f09f27892,2025-26,primary_market_average,market_average_closing,9.920000,5.860000,1.230000,0.092955,0.157358,0.749687,0.084463,Football-Data closing market average (AvgCH/AvgCD/AvgCA)
073c1ba9e7e1e636810d368031513e7e7b6c9e92a99492869753b34e8b5c32e3,2025-26,primary_market_average,market_average_closing,1.750000,3.670000,4.120000,0.525874,0.250757,0.223369,0.086627,Football-Data closing market average (AvgCH/AvgCD/AvgCA)
0a135ff4183112bb4a6251fd866f12eeb479502ecef434522a34e33bd8943cd8,2025-26,primary_market_average,market_average_closing,1.740000,3.820000,4.040000,0.530169,0.241491,0.228340,0.084018,Football-Data closing market average (AvgCH/AvgCD/AvgCA)
0a3975f6db498487a27747af6c4d16d6ab4c095c22ae4031daa25ac8acd81cca,2025-26,primary_market_average,market_average_closing,1.960000,3.200000,3.820000,0.470458,0.288155,0.241387,0.084484,Football-Data closing market average (AvgCH/AvgCD/AvgCA)
0a45b099d19f833a4233f684ec64fe2008eaf25319a6cdef5df5d75624fc1cdb,2025-26,primary_market_average,market_average_closing,1.780000,3.860000,3.940000,0.522762,0.241066,0.236172,0.074672,Football-Data closing market average (AvgCH/AvgCD/AvgCA)
0abaef3e0baac4b43c80278ddaf1afcda8fd6636758e004fac9e63e56e03b56e,2025-26,primary_market_average,market_average_closing,1.610000,3.980000,4.860000,0.576104,0.233047,0.190849,0.078136,Football-Data closing market average (AvgCH/AvgCD/AvgCA)
0b788ea031cac29bf7b87df0bf84bce9af9e4e2f78303d7af6b060838ef84127,2025-26,primary_market_average,market_average_closing,2.050000,3.330000,3.380000,0.450020,0.277039,0.272941,0.083963,Football-Data closing market average (AvgCH/AvgCD/AvgCA)
0c2378a7b019acb19a31377da3baeb52f8cdca4e72c07bfa6102dc0cf705ac1e,2025-26,primary_market_average,market_average_closing,3.030000,3.350000,2.200000,0.304715,0.275608,0.419676,0.083086,Football-Data closing market average (AvgCH/AvgCD/AvgCA)
0c25fcbd266294d231d6d94ea610ef4bac70acf50bbfa8b44c7528be50f803e8,2025-26,primary_market_average,market_average_closing,1.770000,3.510000,4.410000,0.524760,0.264622,0.210618,0.076629,Football-Data closing market average (AvgCH/AvgCD/AvgCA)
0c84d8a96d3441404a2092c9d094c774369d7f52fa5f9e59b3d23168dc68c7c6,2025-26,primary_market_average,market_average_closing,2.290000,3.200000,3.070000,0.406248,0.290721,0.303032,0.074914,Football-Data closing market average (AvgCH/AvgCD/AvgCA)
0c8b666a1b9b164261081930d2a2e8ceba27e9d40e12f35eff81f51b1bcae0da,2025-26,primary_market_average,market_average_closing,6.160000,4.300000,1.460000,0.150337,0.215366,0.634297,0.079827,Football-Data closing market average (AvgCH/AvgCD/AvgCA)
0cd82c45895dcd5d80f8e3777483677324c39e37a14dafb45abaf429d4e563c0,2025-26,primary_market_average,market_average_closing,2.540000,3.380000,2.490000,0.360808,0.271140,0.368053,0.091165,Football-Data closing market average (AvgCH/AvgCD/AvgCA)
0ead927959f7f3e36fb292ed84f3701d11a2a0607c6b1a7a520dcca7308fbbca,2025-26,primary_market_average,market_average_closing,3.160000,3.520000,2.070000,0.292031,0.262164,0.445805,0.083638,Football-Data closing market average (AvgCH/AvgCD/AvgCA)
0fc7b16cab9134f095a325149b022d78eca894ef14f6d8f25237cd3c85a742b8,2025-26,primary_market_average,market_average_closing,1.980000,3.350000,3.540000,0.465037,0.274858,0.260105,0.086044,Football-Data closing market average (AvgCH/AvgCD/AvgCA)
0fd4ba17e55fef41b5877e9c4392a364fec45a73f62c53cffac9a9ecb8f7f2e6,2025-26,primary_market_average,market_average_closing,1.950000,3.570000,3.550000,0.477210,0.260661,0.262129,0.074623,Football-Data closing market average (AvgCH/AvgCD/AvgCA)
0ff69a29a553425343cb60a65781a9ecf01d85a8b2c91ba54ebb4abff8791441,2025-26,primary_market_average,market_average_closing,2.970000,3.490000,2.210000,0.312999,0.266363,0.420637,0.075722,Football-Data closing market average (AvgCH/AvgCD/AvgCA)
108c594ac081f3fe4d8cb3c824d8544efcb22c7a862d14dc08bc10965efa346c,2025-26,primary_market_average,market_average_closing,3.310000,3.170000,2.160000,0.279597,0.291946,0.428457,0.080535,Football-Data closing market average (AvgCH/AvgCD/AvgCA)
10a0b5e4da40a5dc17e8a85fda5a6ff70fca7b2b0bb32017dbd9a11a542e8262,2025-26,primary_market_average,market_average_closing,3.500000,3.530000,1.960000,0.264745,0.262495,0.472759,0.079204,Football-Data closing market average (AvgCH/AvgCD/AvgCA)
10cf0eeeb6ef77331e4bdb799cf5b825806209c7e7e49bef77c76f4d97990f9e,2025-26,primary_market_average,market_average_closing,1.440000,4.260000,6.370000,0.639350,0.216118,0.144531,0.086172,Football-Data closing market average (AvgCH/AvgCD/AvgCA)
10cf851faacb34cf041f0d338ac31db1b9781cc64da9341cb3fa9c87c9e26c5d,2025-26,primary_market_average,market_average_closing,2.260000,3.150000,3.120000,0.409531,0.293822,0.296647,0.080451,Football-Data closing market average (AvgCH/AvgCD/AvgCA)
11a016379c5f918b85bafd653f5599b97909e2532cb5b2844a9f1b64960f69ac,2025-26,primary_market_average,market_average_closing,4.550000,4.160000,1.620000,0.203982,0.223105,0.572913,0.077449,Football-Data closing market average (AvgCH/AvgCD/AvgCA)
12307dc934da8a75fbf6813421503fff2ae7364c29498389f4662faca86fbbf1,2025-26,primary_market_average,market_average_closing,1.690000,3.720000,4.600000,0.548940,0.249384,0.201676,0.077924,Football-Data closing market average (AvgCH/AvgCD/AvgCA)
128fc42ae244f8cd3e89f418c0d84b64265226854d60705548687a02b2f14bd0,2025-26,primary_market_average,market_average_closing,4.710000,4.040000,1.620000,0.197112,0.229802,0.573086,0.077123,Football-Data closing market average (AvgCH/AvgCD/AvgCA)
13dc7578572e84b8d4cc6e8219bc9e0cb95c77027652e051bcbd8f61f2c7f2a5,2025-26,primary_market_average,market_average_closing,1.700000,3.730000,4.590000,0.547605,0.249579,0.202817,0.074197,Football-Data closing market average (AvgCH/AvgCD/AvgCA)
1582b67dbe63cf72125fc1d3d57cc8736d006ed683fd73b1403b7314ad7f5d50,2025-26,primary_market_average,market_average_closing,1.230000,5.980000,10.280000,0.754526,0.155195,0.090279,0.077508,Football-Data closing market average (AvgCH/AvgCD/AvgCA)
171a81ad23bf269275a92bf2ea83a04dec596cb2a281a4d81a2cf731d4b30f7d,2025-26,primary_market_average,market_average_closing,8.000000,4.990000,1.340000,0.116640,0.186999,0.696361,0.071669,Football-Data closing market average (AvgCH/AvgCD/AvgCA)
178087cce1444abd84e37f26cf0c853c594cbfd9fdad8229075d411d7648458a,2025-26,primary_market_average,market_average_closing,2.930000,3.440000,2.250000,0.317061,0.270055,0.412884,0.076439,Football-Data closing market average (AvgCH/AvgCD/AvgCA)
17a2618141bd15e2d96983e18a3d29ce2faa2e6dae32ed165fec42491df5974d,2025-26,primary_market_average,market_average_closing,2.940000,3.370000,2.270000,0.315701,0.275418,0.408881,0.077401,Football-Data closing market average (AvgCH/AvgCD/AvgCA)
18c3a46e9154555bbdb95b6dc6a46115b48553bc810882ec98b1b63431805eff,2025-26,primary_market_average,market_average_closing,1.230000,5.780000,10.840000,0.753993,0.160452,0.085555,0.078269,Football-Data closing market average (AvgCH/AvgCD/AvgCA)
1918f4e4b390807f0daeacf54ff9b461d28e07c16f83fb37e1dad3e8ccae8f4f,2025-26,primary_market_average,market_average_closing,2.000000,3.480000,3.510000,0.466306,0.267992,0.265702,0.072257,Football-Data closing market average (AvgCH/AvgCD/AvgCA)
191e617a809a242681cf79f27e4b6e1021ceaff7b1ee7e2089da166549030c89,2025-26,primary_market_average,market_average_closing,6.220000,4.650000,1.430000,0.149538,0.200027,0.650436,0.075126,Football-Data closing market average (AvgCH/AvgCD/AvgCA)
19be8e44f5b3c37ad356fc378997b2fe7a3978192e73a023cc3397a88a4ce50c,2025-26,primary_market_average,market_average_closing,1.870000,3.370000,4.070000,0.496437,0.275471,0.228093,0.077196,Football-Data closing market average (AvgCH/AvgCD/AvgCA)
19e9c5c1a6adbcd36daf9a01645b2152621afc97bc3d2eccefc10537e389f821,2025-26,primary_market_average,market_average_closing,1.400000,4.870000,6.320000,0.662693,0.190507,0.146799,0.077852,Football-Data closing market average (AvgCH/AvgCD/AvgCA)
1b9509403cc853055cceebdfd0f5bb2710d2c8402face517dbcfa9254ec249dd,2025-26,primary_market_average,market_average_closing,1.720000,3.660000,4.290000,0.534508,0.251190,0.214302,0.087720,Football-Data closing market average (AvgCH/AvgCD/AvgCA)
1ca2000ae515109376d0368cc96fad0520074c9886332b7530a78cb1a46cb084,2025-26,primary_market_average,market_average_closing,1.370000,5.000000,6.750000,0.677065,0.185516,0.137419,0.078075,Football-Data closing market average (AvgCH/AvgCD/AvgCA)
1ce687aeeb32aecc747abfffedd7fcd589e3ae72599b81555d00ec11ed36f013,2025-26,primary_market_average,market_average_closing,2.130000,3.060000,3.460000,0.432585,0.301113,0.266302,0.085298,Football-Data closing market average (AvgCH/AvgCD/AvgCA)
1d5799870a0266c7f60de94fd86ceefee4f13516f27669d38a8882192a59c096,2025-26,primary_market_average,market_average_closing,1.730000,3.640000,4.440000,0.536218,0.254851,0.208932,0.077985,Football-Data closing market average (AvgCH/AvgCD/AvgCA)
1d96656bf17ad7be43f845c35f162b20acfabd6543cb7ce110f85cf6d3b98855,2025-26,primary_market_average,market_average_closing,1.940000,3.380000,3.640000,0.474624,0.272417,0.252959,0.086047,Football-Data closing market average (AvgCH/AvgCD/AvgCA)
1dd9635a9b109ce5fa45aa3d9ea08d553648eb10f5827eb6d1cc83386df1b3c0,2025-26,primary_market_average,market_average_closing,2.080000,3.160000,3.510000,0.444282,0.292439,0.263278,0.082125,Football-Data closing market average (AvgCH/AvgCD/AvgCA)
1e0d4eea49806d66ab484b9556dfe4388680083a4da10dc2d54f9a9c5b7fd8c5,2025-26,primary_market_average,market_average_closing,1.560000,3.770000,5.430000,0.587860,0.243252,0.168888,0.090440,Football-Data closing market average (AvgCH/AvgCD/AvgCA)
1e1d1a9813ff7bccbd2cf1ce8a8994aaa0fde9d62429e47e2e07e2f230b3e984,2025-26,primary_market_average,market_average_closing,1.110000,8.550000,16.500000,0.835354,0.108449,0.056197,0.078466,Football-Data closing market average (AvgCH/AvgCD/AvgCA)
204229c4f4c42f2bc24b72653acbd7ae3b6a28f0987d807b69ce11267763060b,2025-26,primary_market_average,market_average_closing,2.020000,3.410000,3.480000,0.460228,0.272628,0.267144,0.075661,Football-Data closing market average (AvgCH/AvgCD/AvgCA)
20e2383668b28bfffab0edd16f8f45d366eb67ab0ef1ead1babaa5a9a05c5455,2025-26,primary_market_average,market_average_closing,2.230000,2.890000,3.540000,0.416394,0.321301,0.262305,0.076937,Football-Data closing market average (AvgCH/AvgCD/AvgCA)
215179d09c8bf86cec69dc0a289ba52aa9ff0a11254ef71ed737a6024938bc76,2025-26,primary_market_average,market_average_closing,4.190000,3.460000,1.820000,0.221573,0.268321,0.510105,0.077131,Football-Data closing market average (AvgCH/AvgCD/AvgCA)
21fc9b9b30c3066675073c5f8c504030efdfc299961359aa94343698e9f46f9a,2025-26,primary_market_average,market_average_closing,3.560000,3.200000,2.050000,0.259802,0.289030,0.451168,0.081204,Football-Data closing market average (AvgCH/AvgCD/AvgCA)
22b27456cc0c1189bf255374a3d54602d8b9e81c921acfea5d445aa85cec6448,2025-26,primary_market_average,market_average_closing,5.250000,4.230000,1.540000,0.176984,0.219661,0.603355,0.076233,Football-Data closing market average (AvgCH/AvgCD/AvgCA)
22e4fd4fe92128ff2b818a714064daf85c8d48e51b65f73c047dfb081d1ad01d,2025-26,primary_market_average,market_average_closing,1.740000,3.400000,4.760000,0.532677,0.272605,0.194718,0.078914,Football-Data closing market average (AvgCH/AvgCD/AvgCA)
22f792a6dd60aba31985c87f360958e09b5be169ef21ba4a8c343e1204ec27e1,2025-26,primary_market_average,market_average_closing,2.630000,3.280000,2.580000,0.354458,0.284215,0.361327,0.072703,Football-Data closing market average (AvgCH/AvgCD/AvgCA)
2331ded36372a2da553d7247ac6ac7319b5e6d86c8e3a4b3c78f7ccd969f9647,2025-26,primary_market_average,market_average_closing,3.320000,3.500000,2.050000,0.280262,0.265849,0.453889,0.074724,Football-Data closing market average (AvgCH/AvgCD/AvgCA)
23c9bdbdb430be443f5ee0dd4f7e2c2133aa005de0154761cefa7e3a7edc72ee,2025-26,primary_market_average,market_average_closing,1.380000,4.590000,7.240000,0.670573,0.201610,0.127816,0.080624,Football-Data closing market average (AvgCH/AvgCD/AvgCA)
248a30c584476a08ba561933f7ed56965428a58780bf4114a92b2ed5ed7c7278,2025-26,primary_market_average,market_average_closing,1.770000,3.440000,4.390000,0.521451,0.268305,0.210244,0.083460,Football-Data closing market average (AvgCH/AvgCD/AvgCA)
257bbb313a32d284e0d12b36807bd764a037b203ab7686552d12a5dec09a72b0,2025-26,primary_market_average,market_average_closing,1.650000,3.630000,5.240000,0.565153,0.256888,0.177959,0.072382,Football-Data closing market average (AvgCH/AvgCD/AvgCA)
2633a961df4657ef86986a3c9ca7af8ce67f11fda46095c7884945f44ea3f8eb,2025-26,primary_market_average,market_average_closing,3.110000,3.510000,2.130000,0.298852,0.264795,0.436353,0.075927,Football-Data closing market average (AvgCH/AvgCD/AvgCA)
2719ed94d0281d5d0034aa966a79e1fba37b5acfcb5a6228d80be09ebd9e147d,2025-26,primary_market_average,market_average_closing,2.460000,3.010000,2.880000,0.374330,0.305931,0.319740,0.085952,Football-Data closing market average (AvgCH/AvgCD/AvgCA)
27a4cf5976128fe28b1779cd2b1cf04318fb81a2bb4eb03e4aefeb6bb79921f6,2025-26,primary_market_average,market_average_closing,1.700000,3.550000,4.760000,0.544658,0.260822,0.194521,0.080009,Football-Data closing market average (AvgCH/AvgCD/AvgCA)
27fd7d34dfd77dc86230e4d12d4accb7c2795c044e76c7b7f83398e76890d78a,2025-26,primary_market_average,market_average_closing,1.620000,4.010000,4.830000,0.574913,0.232259,0.192828,0.073700,Football-Data closing market average (AvgCH/AvgCD/AvgCA)
28fcbe972747928fa2431c9286636358b8a73c178861831409bddeaa73fca035,2025-26,primary_market_average,market_average_closing,3.200000,3.260000,2.150000,0.288187,0.282883,0.428930,0.084365,Football-Data closing market average (AvgCH/AvgCD/AvgCA)
2935d6ffa3f431b67df5ed4c96358713154150c35b55b9d91f1fe10d29046fe8,2025-26,primary_market_average,market_average_closing,1.930000,3.550000,3.620000,0.481507,0.261777,0.256715,0.076068,Football-Data closing market average (AvgCH/AvgCD/AvgCA)
2bbd4e3e9eb02af30da83c5c48a3daa4579d44b29daf45fd428d3cca7dfb9c63,2025-26,primary_market_average,market_average_closing,1.770000,3.580000,4.320000,0.525173,0.259652,0.215175,0.075783,Football-Data closing market average (AvgCH/AvgCD/AvgCA)
2bf6aaa8c2e280e6b9a2ba4edc85daebf501d230cc35b15d11fdc3c32a340437,2025-26,primary_market_average,market_average_closing,1.200000,6.370000,10.750000,0.769224,0.144909,0.085867,0.083342,Football-Data closing market average (AvgCH/AvgCD/AvgCA)
2c4ecc8a19f92649d08f1eb30b7c42a1a2b86fa216d09464385dd81045b93d05,2025-26,primary_market_average,market_average_closing,1.400000,4.760000,6.340000,0.660093,0.194145,0.145762,0.082098,Football-Data closing market average (AvgCH/AvgCD/AvgCA)
2ca0ed0889ad1f7e9b1df120fd8d9bf900008ed8eec96569944932e0dc0b6c36,2025-26,primary_market_average,market_average_closing,1.460000,4.370000,6.170000,0.636649,0.212702,0.150649,0.075839,Football-Data closing market average (AvgCH/AvgCD/AvgCA)
2e0ef5693ddfaf25e8aaa3e5f9e9828fa88551f6448bc9d52ec7b8a045c65eaf,2025-26,primary_market_average,market_average_closing,3.230000,3.130000,2.230000,0.287325,0.296505,0.416170,0.077517,Football-Data closing market average (AvgCH/AvgCD/AvgCA)
2fd134ea1a4700f30cbf2a2efaec2a03cee5b6ebbdf786de1b8b850495164ac0,2025-26,primary_market_average,market_average_closing,2.230000,3.420000,2.840000,0.410297,0.267533,0.322170,0.092941,Football-Data closing market average (AvgCH/AvgCD/AvgCA)
30087f40ce89de46186504907489c1b9a260bd4982558da88bdf4c5b633272a4,2025-26,primary_market_average,market_average_closing,1.950000,3.340000,3.740000,0.475009,0.277326,0.247665,0.079601,Football-Data closing market average (AvgCH/AvgCD/AvgCA)
305fc84739a41d85bea25f99c8020e6fd2715adf91e032b1a99e306ca35b0985,2025-26,primary_market_average,market_average_closing,4.060000,3.480000,1.850000,0.229291,0.267507,0.503202,0.074202,Football-Data closing market average (AvgCH/AvgCD/AvgCA)
31cd3faa5a94956244f11c28c2f7fd9d72578c9f10d3d72ac8ba6582a3be0227,2025-26,primary_market_average,market_average_closing,2.020000,3.430000,3.490000,0.461315,0.271678,0.267007,0.073128,Football-Data closing market average (AvgCH/AvgCD/AvgCA)
326abf599c5f77a4cab7293030128a46f44e092c0a78c48768283b0e1c3460e2,2025-26,primary_market_average,market_average_closing,2.310000,3.200000,2.980000,0.400474,0.289092,0.310434,0.080971,Football-Data closing market average (AvgCH/AvgCD/AvgCA)
328ffd9009e2fa695ce379e0d7f6b0c678ec05a63477db8792a2bdb61d513e1a,2025-26,primary_market_average,market_average_closing,3.520000,3.100000,2.120000,0.263445,0.299137,0.437418,0.078370,Football-Data closing market average (AvgCH/AvgCD/AvgCA)
32dc9eaa14f73f217f7af27830c20b414545cd2ba7d99c8bf90eb1fe15f6e01d,2025-26,primary_market_average,market_average_closing,5.290000,4.050000,1.570000,0.176193,0.230138,0.593669,0.072892,Football-Data closing market average (AvgCH/AvgCD/AvgCA)
33155759384da75891e8387b57c9393e54099781596170c0e752766365f2686b,2025-26,primary_market_average,market_average_closing,4.330000,3.540000,1.750000,0.212881,0.260389,0.526730,0.084861,Football-Data closing market average (AvgCH/AvgCD/AvgCA)
337db4b77181a2c4b5299e97d1385957e6a645ff7e033b61b32014bae610ec9b,2025-26,primary_market_average,market_average_closing,2.970000,3.080000,2.390000,0.311821,0.300685,0.387494,0.079786,Football-Data closing market average (AvgCH/AvgCD/AvgCA)
33f5eb1d51ce7f6b4fe81c585d90364c5b8949fe4e001e2b1e25478bcc397843,2025-26,primary_market_average,market_average_closing,4.920000,3.950000,1.610000,0.188627,0.234948,0.576425,0.077535,Football-Data closing market average (AvgCH/AvgCD/AvgCA)
3447eee5baadcf1f7010a416f81b4c124e2009b363c57d7fdaf9d017edc15fff,2025-26,primary_market_average,market_average_closing,2.750000,3.270000,2.410000,0.335339,0.282013,0.382648,0.084385,Football-Data closing market average (AvgCH/AvgCD/AvgCA)
34f77194aff68d187aac44b8d2f1e3886954a6bce83bee9e6fcfc77af3ecb026,2025-26,primary_market_average,market_average_closing,6.630000,4.260000,1.430000,0.139030,0.216377,0.644593,0.084872,Football-Data closing market average (AvgCH/AvgCD/AvgCA)
36aa7048e91e4895c699358bcd7a15bf9afec07209cc798ab57b5d49a2b3e0ab,2025-26,primary_market_average,market_average_closing,2.660000,3.230000,2.510000,0.346826,0.285621,0.367553,0.083944,Football-Data closing market average (AvgCH/AvgCD/AvgCA)
3811d7a72d2a194ecbf1da1ae3a7451b9c0f260de6649fd13668eed1423a515c,2025-26,primary_market_average,market_average_closing,1.400000,4.410000,7.120000,0.660463,0.209671,0.129866,0.081493,Football-Data closing market average (AvgCH/AvgCD/AvgCA)
38f3704ad237b07768470c2b0a74b71ad5f38798b491cd99064bb4d264d23a37,2025-26,primary_market_average,market_average_closing,2.390000,3.340000,2.790000,0.388772,0.278193,0.333034,0.076234,Football-Data closing market average (AvgCH/AvgCD/AvgCA)
3a6ebcb0e0197255dcaa563404b603e04646c85a585bbfe7cbaba92130072b67,2025-26,primary_market_average,market_average_closing,1.880000,3.510000,3.670000,0.488311,0.261546,0.250143,0.089295,Football-Data closing market average (AvgCH/AvgCD/AvgCA)
3b33919e2fa72be8aec3e21da5c28be743fc29340b74a358178a255aa5162e37,2025-26,primary_market_average,market_average_closing,2.360000,3.370000,2.820000,0.394139,0.276014,0.329847,0.075075,Football-Data closing market average (AvgCH/AvgCD/AvgCA)
3bc86eeb446459b382abddedad7959dfb0e38a86543ec99301edff36cd82084f,2025-26,primary_market_average,market_average_closing,1.690000,4.160000,4.190000,0.552611,0.224498,0.222891,0.070764,Football-Data closing market average (AvgCH/AvgCD/AvgCA)
3bd8302697d829758a4cbabdfacf19ae3df2107e3341e90eca026073217dc1a4,2025-26,primary_market_average,market_average_closing,5.880000,4.040000,1.490000,0.156207,0.227351,0.616442,0.088734,Football-Data closing market average (AvgCH/AvgCD/AvgCA)
3da5f6bd0a3cdfcf959114f05896c37cd7cd1e71c6c86fe30460f843d2247ced,2025-26,primary_market_average,market_average_closing,4.000000,3.300000,1.910000,0.232215,0.281472,0.486313,0.076591,Football-Data closing market average (AvgCH/AvgCD/AvgCA)
3dafc235b203e2da6231c276d7808875afbd5a361407ae991687d0bd0faed009,2025-26,primary_market_average,market_average_closing,1.360000,4.930000,7.330000,0.684275,0.188765,0.126960,0.074560,Football-Data closing market average (AvgCH/AvgCD/AvgCA)
3dd244d2c1f5a17274d25670c59dd81e751a178f410e565f357c321a01a53403,2025-26,primary_market_average,market_average_closing,3.080000,3.520000,2.090000,0.298625,0.261297,0.440079,0.087235,Football-Data closing market average (AvgCH/AvgCD/AvgCA)
3e27e230cc8220d5a639b4d56f0905624e70b3885eb6c84b058854c5d027eab0,2025-26,primary_market_average,market_average_closing,1.210000,6.590000,10.470000,0.769716,0.141329,0.088955,0.073702,Football-Data closing market average (AvgCH/AvgCD/AvgCA)
3e31dc7a6cef02b6c7bc48e9706757310676321306873cd6e19cfb9126e436bc,2025-26,primary_market_average,market_average_closing,2.440000,3.510000,2.540000,0.376536,0.261752,0.361712,0.088437,Football-Data closing market average (AvgCH/AvgCD/AvgCA)
408647de5c68b32050327ddc78e05200bca2e90d08ffb0d8cac8a6380640d39c,2025-26,primary_market_average,market_average_closing,2.630000,3.490000,2.400000,0.350949,0.264469,0.384582,0.083428,Football-Data closing market average (AvgCH/AvgCD/AvgCA)
416192da497b506b92b991c0f78263cc4b146f0055223c0cba3ddfb12aa404a9,2025-26,primary_market_average,market_average_closing,3.520000,3.140000,2.080000,0.262238,0.293974,0.443788,0.083331,Football-Data closing market average (AvgCH/AvgCD/AvgCA)
41b8857281c4e316838dc92d18c83c051fd97684850b5b9462975a1d4db5f39c,2025-26,primary_market_average,market_average_closing,1.710000,3.570000,4.550000,0.539137,0.258242,0.202621,0.084688,Football-Data closing market average (AvgCH/AvgCD/AvgCA)
46e08cf92eb3ccb372d3701735b2e439a093c06b1f3c49381a7498eb59283f59,2025-26,primary_market_average,market_average_closing,2.190000,3.230000,3.120000,0.420178,0.284889,0.294933,0.086731,Football-Data closing market average (AvgCH/AvgCD/AvgCA)
47a47b96d4db226e2438156c04448943ed8a8e9df04bc0beb450d43677bf4fd3,2025-26,primary_market_average,market_average_closing,1.830000,3.800000,3.630000,0.503598,0.242522,0.253880,0.085088,Football-Data closing market average (AvgCH/AvgCD/AvgCA)
47c5a7f10fd2dc84cdb76d6b21cbeaf8227b0c9132dfada1cd43a74a7097076b,2025-26,primary_market_average,market_average_closing,2.860000,3.320000,2.290000,0.321507,0.276961,0.401533,0.087536,Football-Data closing market average (AvgCH/AvgCD/AvgCA)
47dfc6aad2d0ea1c0540efc83ff01ce4e18da8676e56300d22954e6f21832225,2025-26,primary_market_average,market_average_closing,1.400000,4.690000,6.860000,0.665518,0.198662,0.135820,0.073278,Football-Data closing market average (AvgCH/AvgCD/AvgCA)
480631ff9883ca753f7defc2aba2e2b3d82ed8bdc43103f730c0c172f15df1c4,2025-26,primary_market_average,market_average_closing,2.090000,3.320000,3.380000,0.444867,0.280052,0.275081,0.075532,Football-Data closing market average (AvgCH/AvgCD/AvgCA)
49cbbaf064b78035cc5b47283261f842b58c6d5c11b2cca2a01cfe283063198f,2025-26,primary_market_average,market_average_closing,2.220000,3.380000,3.030000,0.418501,0.274874,0.306625,0.076341,Football-Data closing market average (AvgCH/AvgCD/AvgCA)
4ad97ac938444fd62d278862752b196eb48838cfe96d7a72638207473ae7beae,2025-26,primary_market_average,market_average_closing,2.780000,3.280000,2.450000,0.335317,0.284201,0.380482,0.072754,Football-Data closing market average (AvgCH/AvgCD/AvgCA)
4b0337cf5d18c3b6385dd470704f5f8fa0dacc688c10c2c9f19ebd580931cf05,2025-26,primary_market_average,market_average_closing,2.260000,2.920000,3.310000,0.407041,0.315039,0.277920,0.087058,Football-Data closing market average (AvgCH/AvgCD/AvgCA)
4c68992408bd86bb14ffcc15978ce3177dc9bfb30a8a224e827c65cf3a36be49,2025-26,primary_market_average,market_average_closing,1.990000,3.420000,3.550000,0.466759,0.271593,0.261648,0.076600,Football-Data closing market average (AvgCH/AvgCD/AvgCA)
4c8ac96f5fe7726825fffa2dce3ebc5140c42f6c9804079c800f7af32914e3d2,2025-26,primary_market_average,market_average_closing,1.800000,3.670000,3.900000,0.512295,0.251262,0.236444,0.084445,Football-Data closing market average (AvgCH/AvgCD/AvgCA)
4c95bd0d5d4b3fcf36c2f74d31c4bfb8a5e4cc7478e3b6afd85e14b18a3e0508,2025-26,primary_market_average,market_average_closing,1.350000,4.930000,7.160000,0.683816,0.187252,0.128932,0.083245,Football-Data closing market average (AvgCH/AvgCD/AvgCA)
4d89953a12547f2bae8d445ee1420ffdaa68feed02c00affba4d4ffb31241b2e,2025-26,primary_market_average,market_average_closing,2.490000,3.090000,2.820000,0.371913,0.299697,0.328391,0.079841,Football-Data closing market average (AvgCH/AvgCD/AvgCA)
4fdf973876594ef61b94f4f4fdad1432782ceecebbdd04d2b9345cccefeab55c,2025-26,primary_market_average,market_average_closing,6.610000,4.710000,1.400000,0.140354,0.196973,0.662673,0.077886,Football-Data closing market average (AvgCH/AvgCD/AvgCA)
531fe2fad19f6adefc3e53b08850805db5d4bdf028e841ce4e4897fdfe1aaf4a,2025-26,primary_market_average,market_average_closing,1.640000,3.820000,4.870000,0.566227,0.243092,0.190680,0.076875,Football-Data closing market average (AvgCH/AvgCD/AvgCA)
53cb7147fc3f0ff8531af20bad6110ea1a4dc772ca34dfc1026e783c053a75b2,2025-26,primary_market_average,market_average_closing,2.930000,2.940000,2.490000,0.315129,0.314057,0.370814,0.083039,Football-Data closing market average (AvgCH/AvgCD/AvgCA)
54d138983e8ed9561e6a6fb7ef65cd98c29e6d6f429b21f1e40bbcad949534c2,2025-26,primary_market_average,market_average_closing,1.550000,4.210000,5.160000,0.599320,0.220652,0.180028,0.076489,Football-Data closing market average (AvgCH/AvgCD/AvgCA)
5798344c7b48dfe3f50fcf804e0159279bc348061e7e0af104c25ad2d6900bec,2025-26,primary_market_average,market_average_closing,1.680000,4.020000,4.170000,0.549213,0.229522,0.221266,0.083802,Football-Data closing market average (AvgCH/AvgCD/AvgCA)
5878108e2cfb9268b0de537c6cf62f1a44865849681208e3e9e58c17cea88826,2025-26,primary_market_average,market_average_closing,1.690000,4.210000,3.930000,0.546015,0.219184,0.234800,0.083699,Football-Data closing market average (AvgCH/AvgCD/AvgCA)
5a242a83d9bb92766e238e822acb7fb9b40b1c90707c4e1801a57ed46cdd8692,2025-26,primary_market_average,market_average_closing,1.420000,4.300000,6.800000,0.649749,0.214568,0.135683,0.083842,Football-Data closing market average (AvgCH/AvgCD/AvgCA)
5a54ef29c7172da8bb79bee626302e7cc36735c5d834626306cd2e7de1d3dcb5,2025-26,primary_market_average,market_average_closing,1.370000,4.950000,7.030000,0.679511,0.188067,0.132422,0.074195,Football-Data closing market average (AvgCH/AvgCD/AvgCA)
5c2d29f971d7ffbb731c494e690e314a5ab1c014eb63d6045a760250f5b0a6cb,2025-26,primary_market_average,market_average_closing,1.810000,3.630000,3.990000,0.512228,0.255408,0.232364,0.078595,Football-Data closing market average (AvgCH/AvgCD/AvgCA)
5c737f37c542f9ee04175934becf39ddc19bd5b0d77a0df25274eb53f8e80780,2025-26,primary_market_average,market_average_closing,1.440000,4.310000,6.170000,0.637961,0.213147,0.148892,0.088538,Football-Data closing market average (AvgCH/AvgCD/AvgCA)
5cd21bcbdf8efd8bbbe700351dc5211cb155ca07b51c115f430dec5937e38a0d,2025-26,primary_market_average,market_average_closing,4.480000,3.990000,1.630000,0.205285,0.230496,0.564219,0.087338,Football-Data closing market average (AvgCH/AvgCD/AvgCA)
5cd41577cfe4b8aa1ef42fc532fc09791cee2aa9adee40706f4e469ff558e160,2025-26,primary_market_average,market_average_closing,2.060000,3.350000,3.290000,0.446216,0.274390,0.279394,0.087896,Football-Data closing market average (AvgCH/AvgCD/AvgCA)
5ceef9016a6994aeceb00f2391642d9eb6210edb0dc20b673e888fb37a3e4df6,2025-26,primary_market_average,market_average_closing,1.990000,3.380000,3.640000,0.468283,0.275705,0.256012,0.073096,Football-Data closing market average (AvgCH/AvgCD/AvgCA)
5d034cdfb815e168a2fd054418d06b83a467251b57cf9ec2eb0e8cfd31f3a021,2025-26,primary_market_average,market_average_closing,1.970000,3.540000,3.480000,0.471123,0.262178,0.266699,0.077456,Football-Data closing market average (AvgCH/AvgCD/AvgCA)
5db9526e9ac813c931d4a5d8155d8bc25971ec6a9367aef6ccad6b5c9d3a1605,2025-26,primary_market_average,market_average_closing,1.690000,3.690000,4.610000,0.548069,0.251012,0.200919,0.079638,Football-Data closing market average (AvgCH/AvgCD/AvgCA)
5e26a4a40bf6a6e3536c8451598027bd88c53c77e970839b35a0e6cc414498bf,2025-26,primary_market_average,market_average_closing,3.930000,3.650000,1.830000,0.236728,0.254888,0.508384,0.074874,Football-Data closing market average (AvgCH/AvgCD/AvgCA)
5e51ffd68713795a71f3bf26de5d54902aa3da2f589916556400defd284ec66f,2025-26,primary_market_average,market_average_closing,2.310000,3.270000,2.870000,0.398200,0.281297,0.320503,0.087143,Football-Data closing market average (AvgCH/AvgCD/AvgCA)
5e58d2ed52d4e09600466317c5509f3e168214d04d2f4d51cdcb5decb0f8beab,2025-26,primary_market_average,market_average_closing,3.070000,3.330000,2.220000,0.302590,0.278964,0.418446,0.076484,Football-Data closing market average (AvgCH/AvgCD/AvgCA)
619286ea0b052779bb9fc7a80f95b7ecb1cc6eae3e2d6c8d97250c027637aced,2025-26,primary_market_average,market_average_closing,2.080000,3.230000,3.460000,0.445411,0.286828,0.267761,0.079384,Football-Data closing market average (AvgCH/AvgCD/AvgCA)
624804fb1e9458b706abb7906789b6c6da0a8ecdce02695197b2bb35e6c2eeba,2025-26,primary_market_average,market_average_closing,6.660000,4.420000,1.420000,0.138948,0.209365,0.651686,0.080620,Football-Data closing market average (AvgCH/AvgCD/AvgCA)
624dfb60431098e8ee3c383999a248fce227b89e2e3d9f236f52d824366352a7,2025-26,primary_market_average,market_average_closing,2.710000,3.090000,2.570000,0.341123,0.299172,0.359705,0.081733,Football-Data closing market average (AvgCH/AvgCD/AvgCA)
62dd4fc5695fbf6f70804b1b5b53935267231099bda4ff175f0802aa8fd06afc,2025-26,primary_market_average,market_average_closing,3.660000,3.440000,1.960000,0.254369,0.270637,0.474995,0.074126,Football-Data closing market average (AvgCH/AvgCD/AvgCA)
634ea962d5b054ae0b98c1a82ef305fb3fe0414e1b0de253e4278a7dbf288bae,2025-26,primary_market_average,market_average_closing,2.400000,3.160000,2.900000,0.386536,0.293572,0.319892,0.077950,Football-Data closing market average (AvgCH/AvgCD/AvgCA)
636668eba5b94f19d91634b9469678ed7e5ca47924da0bead18eef7b6374a39e,2025-26,primary_market_average,market_average_closing,3.520000,4.150000,1.790000,0.262146,0.222350,0.515504,0.083714,Football-Data closing market average (AvgCH/AvgCD/AvgCA)
6706e32b08f875840c890203b523ce3c3f61731a518f7eb72a8fff905f3fe55c,2025-26,primary_market_average,market_average_closing,1.500000,3.930000,6.390000,0.618651,0.236126,0.145223,0.077614,Football-Data closing market average (AvgCH/AvgCD/AvgCA)
67a14fd00f577931ddf940f6e02aeeec2df8c5edea199a2c638b760935506757,2025-26,primary_market_average,market_average_closing,4.450000,3.980000,1.670000,0.209084,0.233775,0.557141,0.074778,Football-Data closing market average (AvgCH/AvgCD/AvgCA)
69d8255ee1bbf633e8a0faf00c5c70b43fa23e05d5e0ead18678d998aa3cf2dc,2025-26,primary_market_average,market_average_closing,1.290000,5.180000,8.450000,0.713421,0.177667,0.108913,0.086587,Football-Data closing market average (AvgCH/AvgCD/AvgCA)
6af4f7a8d14aedcc217a83f98ab5c655b82af862b7bfd52382289da502791f69,2025-26,primary_market_average,market_average_closing,1.950000,3.200000,3.850000,0.472619,0.288002,0.239379,0.085061,Football-Data closing market average (AvgCH/AvgCD/AvgCA)
6b8d451e7057a4f9696e2bc60978d7467552266604f1302cdc94aa6ea30f95d4,2025-26,primary_market_average,market_average_closing,1.680000,3.740000,4.700000,0.553512,0.248637,0.197851,0.075384,Football-Data closing market average (AvgCH/AvgCD/AvgCA)
6c580be57da5ea855e8205784cecba2b86c09b56733c14e10c43d59b4e3c989a,2025-26,primary_market_average,market_average_closing,1.260000,5.590000,9.160000,0.733699,0.165378,0.100924,0.081712,Football-Data closing market average (AvgCH/AvgCD/AvgCA)
6cc8f715e74dd39b525db416d7063ff7691f8144023451ded2f835b3c15f07f5,2025-26,primary_market_average,market_average_closing,1.210000,6.580000,10.690000,0.770962,0.141773,0.087265,0.071967,Football-Data closing market average (AvgCH/AvgCD/AvgCA)
6cee30741d3b568c03cb0763d75f416bbc74e815eb64999783d274434664c77c,2025-26,primary_market_average,market_average_closing,2.310000,3.290000,2.980000,0.403666,0.283425,0.312909,0.072422,Football-Data closing market average (AvgCH/AvgCD/AvgCA)
6d02b84a2df2697abb5089e9be0bdf076da73f882ab070f9ad51316a58b877e8,2025-26,primary_market_average,market_average_closing,1.670000,3.990000,4.510000,0.559023,0.233977,0.207000,0.071158,Football-Data closing market average (AvgCH/AvgCD/AvgCA)
6ef90e3a8659f493b42fcadbe08ba6b95eaa5d03836f2c0656f5fafbdcb7eeba,2025-26,primary_market_average,market_average_closing,2.140000,3.330000,3.270000,0.435336,0.279765,0.284899,0.073400,Football-Data closing market average (AvgCH/AvgCD/AvgCA)
71be541846ce56f7da3124b3a173c5ab2208e7c2a1019978563347e25832f698,2025-26,primary_market_average,market_average_closing,1.270000,5.340000,9.250000,0.727207,0.172950,0.099844,0.082776,Football-Data closing market average (AvgCH/AvgCD/AvgCA)
71d53972e6e330a00b107815e60ed50246718440815975eb3916fceaa97a77d7,2025-26,primary_market_average,market_average_closing,1.660000,3.640000,4.830000,0.555639,0.253396,0.190965,0.084174,Football-Data closing market average (AvgCH/AvgCD/AvgCA)
7383a6eae939b0dfc29314e5249e2682b8615cdc8dac372858968c88476bee17,2025-26,primary_market_average,market_average_closing,5.140000,4.050000,1.550000,0.179043,0.227229,0.593728,0.086627,Football-Data closing market average (AvgCH/AvgCD/AvgCA)
73ef2e159ca5710d8eebf0d818db931db1c92825265a9af8ca17165b677e21e9,2025-26,primary_market_average,market_average_closing,5.070000,3.600000,1.650000,0.182446,0.256945,0.560608,0.081077,Football-Data closing market average (AvgCH/AvgCD/AvgCA)
745cd0016fb10c4fb7872409e4e83ff354e49654c40568612590c11d22c587a4,2025-26,primary_market_average,market_average_closing,2.090000,3.500000,3.210000,0.444794,0.265605,0.289601,0.075710,Football-Data closing market average (AvgCH/AvgCD/AvgCA)
757c1805dad0234528968918e3b78c4a825cd6051f002fca535cccce3eb0170d,2025-26,primary_market_average,market_average_closing,3.100000,3.560000,2.070000,0.296879,0.258519,0.444602,0.086571,Football-Data closing market average (AvgCH/AvgCD/AvgCA)
76e14c13ca7a4092b0803a180137dc06e7d33c0fed896440f63bfc1f5d4a8eef,2025-26,primary_market_average,market_average_closing,1.690000,3.830000,4.500000,0.550416,0.242873,0.206712,0.075035,Football-Data closing market average (AvgCH/AvgCD/AvgCA)
76f5ab4b850ddc61c6fe4f5b5eb42f008326e1b146e5cd3b406e05a42f609551,2025-26,primary_market_average,market_average_closing,1.990000,3.130000,3.990000,0.468487,0.297856,0.233657,0.072628,Football-Data closing market average (AvgCH/AvgCD/AvgCA)
7736c80e6345bec6e61505e0e35188c646b252b8b063d5d0f264ba6f6aae3e3d,2025-26,primary_market_average,market_average_closing,1.860000,3.360000,3.980000,0.494827,0.273922,0.231251,0.086510,Football-Data closing market average (AvgCH/AvgCD/AvgCA)
7838bee45940fd7b0fcaa4cee64f69d5089f2c68a293e944f4ecd916e70e9b79,2025-26,primary_market_average,market_average_closing,1.190000,6.890000,11.520000,0.783691,0.135355,0.080954,0.072280,Football-Data closing market average (AvgCH/AvgCD/AvgCA)
7926c4683f01c35eee598bac6f9658b0ff76e8c5ec0ad04c8970b7e5dce8c0a9,2025-26,primary_market_average,market_average_closing,2.570000,3.370000,2.560000,0.361465,0.275657,0.362877,0.076466,Football-Data closing market average (AvgCH/AvgCD/AvgCA)
79ef7dd6acbb3714afbe56732badd0ad8ffe3d84b364b9fee59d9fa5cbeac413,2025-26,primary_market_average,market_average_closing,2.010000,3.400000,3.510000,0.462144,0.273209,0.264647,0.076530,Football-Data closing market average (AvgCH/AvgCD/AvgCA)
7a4f9935ec5b17dd5054e378f6e6ec002be0a91b29eba54ab07fb01cfdfa2df3,2025-26,primary_market_average,market_average_closing,2.870000,3.740000,2.150000,0.322345,0.247361,0.430293,0.080928,Football-Data closing market average (AvgCH/AvgCD/AvgCA)
7dfae0079c2bbdf50006a8eda2ec6df7db9c3035150b5a31ab79ae404f297ee0,2025-26,primary_market_average,market_average_closing,2.500000,3.370000,2.550000,0.367346,0.272512,0.360143,0.088893,Football-Data closing market average (AvgCH/AvgCD/AvgCA)
7f2ca5da04e1a0a787958fe4f26bd655d4a15d34d692e88cd9683b343f2f6b94,2025-26,primary_market_average,market_average_closing,1.810000,3.620000,4.000000,0.512164,0.256082,0.231754,0.078729,Football-Data closing market average (AvgCH/AvgCD/AvgCA)
7f9b85cc809a7344a04587061ae44885bb032974ed0ba3873bc9c37399945730,2025-26,primary_market_average,market_average_closing,2.000000,3.420000,3.480000,0.463068,0.270800,0.266131,0.079754,Football-Data closing market average (AvgCH/AvgCD/AvgCA)
822b4361714a8e4b8bd7fc184ad93e81a6acff17af6930a8b269a5d5407f0557,2025-26,primary_market_average,market_average_closing,1.770000,3.660000,4.170000,0.524091,0.253454,0.222456,0.078004,Football-Data closing market average (AvgCH/AvgCD/AvgCA)
834d3aa34cc3a20dec09d7fdce15f8f3a871d915e1e50b68d9d50477f2522c59,2025-26,primary_market_average,market_average_closing,1.230000,5.930000,10.500000,0.754966,0.156595,0.088439,0.076880,Football-Data closing market average (AvgCH/AvgCD/AvgCA)
835c92204b9054da68784b842a3e482905c76e6caa51bfd168a0343ad60aabfc,2025-26,primary_market_average,market_average_closing,2.510000,3.260000,2.690000,0.369956,0.284843,0.345201,0.076902,Football-Data closing market average (AvgCH/AvgCD/AvgCA)
83b86d9009462a6a3144c24264f53fabc33ad7b61a72ca862a4eacdea7d4f8a2,2025-26,primary_market_average,market_average_closing,1.810000,3.510000,4.170000,0.512894,0.264484,0.222623,0.077195,Football-Data closing market average (AvgCH/AvgCD/AvgCA)
83d84cdd729b417cf4ec961674ca88dd250e59656b4784441a4c4b75fc5b351f,2025-26,primary_market_average,market_average_closing,2.540000,3.290000,2.620000,0.364764,0.281611,0.353626,0.079332,Football-Data closing market average (AvgCH/AvgCD/AvgCA)
84482879c1cbacefd4d851b010ca67c003c8993a85876838951a78bf95e46552,2025-26,primary_market_average,market_average_closing,2.310000,3.450000,2.850000,0.403211,0.269976,0.326813,0.073633,Football-Data closing market average (AvgCH/AvgCD/AvgCA)
8645020f5b1e79ee3b30e85796a202fccc947eb7f2d1150fca8f0009e208927c,2025-26,primary_market_average,market_average_closing,1.850000,3.500000,4.040000,0.503400,0.266083,0.230517,0.073780,Football-Data closing market average (AvgCH/AvgCD/AvgCA)
87433a06cc93692bb09ccaf0e7a6021117219cdf88b18d4ca72380c3144be115,2025-26,primary_market_average,market_average_closing,1.630000,3.780000,4.930000,0.567587,0.244753,0.187660,0.080887,Football-Data closing market average (AvgCH/AvgCD/AvgCA)
87856eec3614d93436c8c00aec35a95909fbbc7b00c179d75ccd14e0ee251de8,2025-26,primary_market_average,market_average_closing,1.290000,5.270000,8.180000,0.713021,0.174535,0.112445,0.087197,Football-Data closing market average (AvgCH/AvgCD/AvgCA)
878d42d7fafba8c3855b18bedc4534e7e206a8cae516006b59873940bcdaa6c0,2025-26,primary_market_average,market_average_closing,2.320000,3.270000,2.820000,0.394917,0.280186,0.324897,0.091455,Football-Data closing market average (AvgCH/AvgCD/AvgCA)
878ef5da409859a6af9e5be0284145681aad231809d72ec12033f1d6d46b8aa9,2025-26,primary_market_average,market_average_closing,2.030000,3.100000,3.820000,0.457404,0.299526,0.243071,0.076972,Football-Data closing market average (AvgCH/AvgCD/AvgCA)
87e956444d041a299b9badc6fe23e4f8f47a1716c2eab662a51d8e93c11d99ce,2025-26,primary_market_average,market_average_closing,2.360000,3.170000,2.890000,0.390459,0.290689,0.318852,0.085207,Football-Data closing market average (AvgCH/AvgCD/AvgCA)
8af5ed7722597bac07243735d0b07bf1139c38dde174873ad0056368345da07c,2025-26,primary_market_average,market_average_closing,1.850000,3.690000,3.780000,0.502317,0.251839,0.245843,0.076094,Football-Data closing market average (AvgCH/AvgCD/AvgCA)
8b187b6c5a8721bb4081073c4885b204b1ded7c7ec20b8e1db3106c32b752bf0,2025-26,primary_market_average,market_average_closing,2.290000,3.320000,2.980000,0.406799,0.280593,0.312607,0.073457,Football-Data closing market average (AvgCH/AvgCD/AvgCA)
8b46d0e294e7c543b06ce1a6d59a317d0f9e00594f5ec7452fe508cd97ceb77f,2025-26,primary_market_average,market_average_closing,1.700000,3.540000,4.950000,0.548348,0.263331,0.188321,0.072741,Football-Data closing market average (AvgCH/AvgCD/AvgCA)
8b904e7dc854b0833d29b4647756ed5799ba8ccdc358fbc5098765693dff20e8,2025-26,primary_market_average,market_average_closing,1.560000,3.960000,5.530000,0.596646,0.235042,0.168312,0.074383,Football-Data closing market average (AvgCH/AvgCD/AvgCA)
8c8e5ce6f10c5723617d5662589f903f2b69d48e4bd6d965b9a78367e96cd644,2025-26,primary_market_average,market_average_closing,4.540000,3.900000,1.660000,0.204122,0.237618,0.558260,0.079084,Football-Data closing market average (AvgCH/AvgCD/AvgCA)
8d0a47751b21ff14139a0c477d836ade2b4dd2f9aa3db98165f3535c4f3b83e6,2025-26,primary_market_average,market_average_closing,1.980000,3.300000,3.730000,0.469300,0.281580,0.249119,0.076177,Football-Data closing market average (AvgCH/AvgCD/AvgCA)
8d43f04569231d205bca594c2d1952b9f319c626b36d9aba282c888c765e9306,2025-26,primary_market_average,market_average_closing,2.710000,3.180000,2.480000,0.339565,0.289378,0.371057,0.086695,Football-Data closing market average (AvgCH/AvgCD/AvgCA)
8de90cbf8e6a06cbe88f042b173eb34bdf1d36ccc6000e5aa2a2a0345e5f0730,2025-26,primary_market_average,market_average_closing,2.270000,3.120000,3.180000,0.409601,0.298011,0.292388,0.075507,Football-Data closing market average (AvgCH/AvgCD/AvgCA)
8e61fc067486db31ff8b34a7f6de86fa49a5cd35710374d4ed51d2383f76c176,2025-26,primary_market_average,market_average_closing,1.460000,4.380000,6.060000,0.635220,0.211740,0.153040,0.078259,Football-Data closing market average (AvgCH/AvgCD/AvgCA)
8efe9ab3cff431708dbdaa9ce1ec005322aedffb821c79e443db8e0231fce216,2025-26,primary_market_average,market_average_closing,3.150000,3.260000,2.230000,0.295962,0.285975,0.418063,0.072639,Football-Data closing market average (AvgCH/AvgCD/AvgCA)
8f25660b6f8cef4dd658f2cfbbe8904aa0ff1653ea78abc9c900bb58150b0ec3,2025-26,primary_market_average,market_average_closing,1.550000,3.990000,5.560000,0.599791,0.233001,0.167208,0.075644,Football-Data closing market average (AvgCH/AvgCD/AvgCA)
8fdfadaecb1cbaece54cd3721b4b70df8aa92e0b467da9b94018aa21d0b32c5a,2025-26,primary_market_average,market_average_closing,4.370000,3.730000,1.730000,0.212875,0.249400,0.537725,0.074964,Football-Data closing market average (AvgCH/AvgCD/AvgCA)
916ff12415603ecf67ec7e1d273070f23b5e5ab66e0f5276303aedb8782b9b79,2025-26,primary_market_average,market_average_closing,2.290000,3.240000,2.940000,0.402301,0.284342,0.313357,0.085459,Football-Data closing market average (AvgCH/AvgCD/AvgCA)
92abc5ed860f0cd30d27f0e1b4e3a8cee71b7f51f772958e3b45714b3270422c,2025-26,primary_market_average,market_average_closing,2.440000,3.490000,2.660000,0.382200,0.267211,0.350589,0.072309,Football-Data closing market average (AvgCH/AvgCD/AvgCA)
9343ae3e74f390255a114b93a98ccd46fc11a9aee37287b586ba8b9cb5da1b66,2025-26,primary_market_average,market_average_closing,1.490000,4.140000,6.140000,0.623996,0.224578,0.151426,0.075553,Football-Data closing market average (AvgCH/AvgCD/AvgCA)
934b50a577aac2698471e0fae16b4a13e54b6277a00ec7512798c8ba784e57c0,2025-26,primary_market_average,market_average_closing,2.180000,3.300000,3.140000,0.424651,0.280527,0.294822,0.080217,Football-Data closing market average (AvgCH/AvgCD/AvgCA)
962b1aab8c8324823d0d014e952b58a328ff1953f02723a23e9ac5e46bd7ab4e,2025-26,primary_market_average,market_average_closing,1.960000,3.270000,3.720000,0.470307,0.281897,0.247796,0.084832,Football-Data closing market average (AvgCH/AvgCD/AvgCA)
97aa903eae7a5487f0f73d74da333f3e79c7db5f5f97dc8a6c1574f25083fa9c,2025-26,primary_market_average,market_average_closing,1.440000,4.550000,6.210000,0.645841,0.204398,0.149760,0.075255,Football-Data closing market average (AvgCH/AvgCD/AvgCA)
97ed4fd552aca6d484154f475721b06477eab9d7222fa667904a6b1a3ceb3fa6,2025-26,primary_market_average,market_average_closing,1.120000,7.950000,15.310000,0.823699,0.116043,0.060258,0.083960,Football-Data closing market average (AvgCH/AvgCD/AvgCA)
985b9f3f31a8d493358d236bb270179bf97a368876592e09166a4dd440c2c08c,2025-26,primary_market_average,market_average_closing,3.250000,3.060000,2.220000,0.283603,0.301212,0.415185,0.084940,Football-Data closing market average (AvgCH/AvgCD/AvgCA)
988cb4b85042c7836f3809686fba0f3e1e656beffa561ea658fc6b18410a8016,2025-26,primary_market_average,market_average_closing,1.220000,5.670000,10.960000,0.753874,0.162209,0.083917,0.087280,Football-Data closing market average (AvgCH/AvgCD/AvgCA)
98f2616d1e761ba6fed100526624e56200d9ca397914bdc050e580d6d03ad703,2025-26,primary_market_average,market_average_closing,2.030000,3.220000,3.440000,0.450339,0.283909,0.265752,0.093868,Football-Data closing market average (AvgCH/AvgCD/AvgCA)
992468899332ef65ac51bd2773569f5218dc6b705d24d276a371a69ca7adc166,2025-26,primary_market_average,market_average_closing,2.210000,3.400000,3.040000,0.420703,0.273457,0.305840,0.075554,Football-Data closing market average (AvgCH/AvgCD/AvgCA)
99359d3804a57c4acaf630eae451fe4b76a8aa46ce063b66a8bb05f439159423,2025-26,primary_market_average,market_average_closing,2.510000,3.070000,2.750000,0.366258,0.299449,0.334294,0.087776,Football-Data closing market average (AvgCH/AvgCD/AvgCA)
995aa4e7a4d333ec4cfa357fdf826307a5c84bcddab4c8cd10c4a02c2f3b1c6d,2025-26,primary_market_average,market_average_closing,2.540000,3.200000,2.710000,0.366164,0.290642,0.343194,0.075204,Football-Data closing market average (AvgCH/AvgCD/AvgCA)
9b8c0b04207275509ea76ff902deba7877cc3cf7634f23890caaa98897906479,2025-26,primary_market_average,market_average_closing,2.880000,3.330000,2.280000,0.319691,0.276489,0.403820,0.086119,Football-Data closing market average (AvgCH/AvgCD/AvgCA)
9ce3d8e2d6f9f7a80ae4257ad3ae357b1685c7ac47d1806f35db9114a07e46aa,2025-26,primary_market_average,market_average_closing,2.800000,3.570000,2.220000,0.328345,0.257526,0.414129,0.087705,Football-Data closing market average (AvgCH/AvgCD/AvgCA)
9dad29889bf0626e55a34d4cf154c00f39b9ff0436015d38d4e34782a1593d11,2025-26,primary_market_average,market_average_closing,1.540000,4.070000,5.220000,0.597587,0.226114,0.176300,0.086622,Football-Data closing market average (AvgCH/AvgCD/AvgCA)
9ec38445a3a170c03b16eee0118a94fcf46118d789b2398356ac10159fe731f1,2025-26,primary_market_average,market_average_closing,2.800000,3.360000,2.270000,0.326071,0.271726,0.402203,0.095291,Football-Data closing market average (AvgCH/AvgCD/AvgCA)
9ed1b83d976ca04059b3c6d98546fb5c5f3a57d9c740d0b374efd2e09040f728,2025-26,primary_market_average,market_average_closing,2.690000,3.290000,2.470000,0.344033,0.281291,0.374676,0.080557,Football-Data closing market average (AvgCH/AvgCD/AvgCA)
9f0472dace738baffce9f958751f35d9d464a6e682b75974715fb69e8e718e8d,2025-26,primary_market_average,market_average_closing,2.180000,3.370000,3.050000,0.423435,0.273913,0.302652,0.083320,Football-Data closing market average (AvgCH/AvgCD/AvgCA)
a022c4b94239e6ff15bfb782629d06ffd9f2d48d3e193655c958c62bb2bbd08a,2025-26,primary_market_average,market_average_closing,3.020000,3.500000,2.140000,0.305430,0.263542,0.431027,0.084130,Football-Data closing market average (AvgCH/AvgCD/AvgCA)
a1156210083e69e12eb09861a4517ca8f48f8fbb5d3c07e7a4a14e8d1beb47e1,2025-26,primary_market_average,market_average_closing,1.850000,3.200000,4.290000,0.497671,0.287716,0.214613,0.086141,Football-Data closing market average (AvgCH/AvgCD/AvgCA)
a12264c178dd962f7efc664df429703bb375225b9c6262d83b1904a0961e08dc,2025-26,primary_market_average,market_average_closing,1.300000,5.190000,7.870000,0.706381,0.176936,0.116683,0.088974,Football-Data closing market average (AvgCH/AvgCD/AvgCA)
a1c3290d08ae6c74ea0ee95b0d10d842fc7079de9a84f48f39b56a77de611f6b,2025-26,primary_market_average,market_average_closing,1.850000,3.230000,4.240000,0.497741,0.285084,0.217175,0.085987,Football-Data closing market average (AvgCH/AvgCD/AvgCA)
a2e7a0ef95b24b025118c74f57ea206be45983de2b402d4a183f8a7941813957,2025-26,primary_market_average,market_average_closing,3.480000,3.130000,2.090000,0.264768,0.294375,0.440858,0.085314,Football-Data closing market average (AvgCH/AvgCD/AvgCA)
a43485f6bea109789021f3ae8e43116a7bf644eecb699b7ac9eb1515805cb1ab,2025-26,primary_market_average,market_average_closing,3.050000,3.200000,2.290000,0.304414,0.290144,0.405442,0.077050,Football-Data closing market average (AvgCH/AvgCD/AvgCA)
a583331131e05040c47b66de7aafaa45c2e26744d303bfa5b8296dcf5b0a5681,2025-26,primary_market_average,market_average_closing,9.230000,5.710000,1.250000,0.099995,0.161639,0.738366,0.083474,Football-Data closing market average (AvgCH/AvgCD/AvgCA)
a5bc29b5c1d0c79c3d4fd2fc3d9da0b62820daeb7bad18f8062ab1ba4d609708,2025-26,primary_market_average,market_average_closing,2.160000,3.340000,3.220000,0.431497,0.279052,0.289451,0.072923,Football-Data closing market average (AvgCH/AvgCD/AvgCA)
a5cdfc49672228ad130bcca43e202ec6ad602fd553c3fb73cf8e126a2e2f7609,2025-26,primary_market_average,market_average_closing,1.730000,3.490000,4.580000,0.533780,0.264596,0.201624,0.082908,Football-Data closing market average (AvgCH/AvgCD/AvgCA)
a639ce54be3efe232d898dab417ccc6a0b69c6e22ce802497e91c236ca39cc51,2025-26,primary_market_average,market_average_closing,3.380000,3.590000,1.960000,0.272777,0.256821,0.470402,0.084614,Football-Data closing market average (AvgCH/AvgCD/AvgCA)
a64cc3dae91098456d56aae5909a25c17b3b2c726fd33ea9ee18faa7fb679a07,2025-26,primary_market_average,market_average_closing,1.760000,3.570000,4.360000,0.527241,0.259928,0.212831,0.077652,Football-Data closing market average (AvgCH/AvgCD/AvgCA)
a6603c1667948af52c60b2dc2b73c9f00ff51f68948b9b22bbc3be3e443175bc,2025-26,primary_market_average,market_average_closing,2.030000,3.090000,3.760000,0.455197,0.299045,0.245758,0.082193,Football-Data closing market average (AvgCH/AvgCD/AvgCA)
a955dd7daadf7304c5a2f5f8466a9609cf2b313e321e69f924f496de08d5b149,2025-26,primary_market_average,market_average_closing,3.930000,3.380000,1.870000,0.234504,0.272663,0.492834,0.085070,Football-Data closing market average (AvgCH/AvgCD/AvgCA)
a9c37b5d1cbc71138fe77388fdd1eed85e471ffb53c25b31691f0c67cdae25b6,2025-26,primary_market_average,market_average_closing,2.470000,3.190000,2.780000,0.375547,0.290784,0.333669,0.078050,Football-Data closing market average (AvgCH/AvgCD/AvgCA)
aa2c0be326d3a5621ee1609032d4a46d28ec0a793232444212c73c16522a972e,2025-26,primary_market_average,market_average_closing,7.080000,4.730000,1.370000,0.130468,0.195288,0.674244,0.082586,Football-Data closing market average (AvgCH/AvgCD/AvgCA)
aa47f25d94818fcc2bd10d077cadc962ce7bc6414639a79b41330d3e226782a9,2025-26,primary_market_average,market_average_closing,6.480000,5.060000,1.370000,0.142642,0.182672,0.674686,0.081876,Football-Data closing market average (AvgCH/AvgCD/AvgCA)
aabdb44eed9de01eb8fd233415b4a8e940166268252acf1f5f581a3d74e75884,2025-26,primary_market_average,market_average_closing,7.140000,5.010000,1.350000,0.129634,0.184748,0.685619,0.080398,Football-Data closing market average (AvgCH/AvgCD/AvgCA)
ab0a17248dffd6770f9286acdc10305196bc33d10724daf0fcdab31da03d9829,2025-26,primary_market_average,market_average_closing,2.480000,3.280000,2.730000,0.375302,0.283765,0.340933,0.074404,Football-Data closing market average (AvgCH/AvgCD/AvgCA)
abcbb26b0f97d285dd741744f7831bee5d435492a6ec9ecd64774a60d5b82024,2025-26,primary_market_average,market_average_closing,1.880000,3.310000,4.050000,0.492084,0.279492,0.228424,0.080943,Football-Data closing market average (AvgCH/AvgCD/AvgCA)
ae0de7a8e7a8d4ba6e96c28156b19ad89edb24b894bbafc3eb695b76d404a022,2025-26,primary_market_average,market_average_closing,1.870000,3.300000,4.100000,0.494373,0.280145,0.225482,0.081692,Football-Data closing market average (AvgCH/AvgCD/AvgCA)
af880146fe1b24f48cf66bd574440716f3267bb5ce98c8c15f8f8a0fdfbf2ac9,2025-26,primary_market_average,market_average_closing,4.030000,3.480000,1.830000,0.229346,0.265593,0.505062,0.081943,Football-Data closing market average (AvgCH/AvgCD/AvgCA)
b2ef0cd4f35aaeca8f7fbb5f1bb87bbd419f65cc29b820bd3cf31c5f49ce7b91,2025-26,primary_market_average,market_average_closing,2.160000,3.350000,3.190000,0.430683,0.277694,0.291623,0.074950,Football-Data closing market average (AvgCH/AvgCD/AvgCA)
b3a8f6adb6c1f6b6be6c121dd6c821601e0c5915f4d29b5adf3d682449ba97a9,2025-26,primary_market_average,market_average_closing,2.300000,2.900000,3.350000,0.403279,0.319842,0.276878,0.078118,Football-Data closing market average (AvgCH/AvgCD/AvgCA)
b6e13aad09a0735451d66ca5b62825d36c28c85460a7ae2be8528b02b96fb86b,2025-26,primary_market_average,market_average_closing,5.060000,3.950000,1.570000,0.181688,0.232745,0.585568,0.087736,Football-Data closing market average (AvgCH/AvgCD/AvgCA)
b7deed5e0e7f7cd713e0812b5c9ef41072d873c3d4572c394b000de1f2303a94,2025-26,primary_market_average,market_average_closing,3.070000,3.410000,2.190000,0.302836,0.272641,0.424523,0.075609,Football-Data closing market average (AvgCH/AvgCD/AvgCA)
b864d406423740eada0b37dd2a7734648af230fbac635bcfa3bfb3cc3f403b2a,2025-26,primary_market_average,market_average_closing,1.220000,6.160000,11.270000,0.765519,0.151612,0.082869,0.070741,Football-Data closing market average (AvgCH/AvgCD/AvgCA)
bb7fa07fd3fe23b0c2a92e1431f24c8ef02441b782d733a05d78f6604c18ca24,2025-26,primary_market_average,market_average_closing,3.170000,3.340000,2.160000,0.292681,0.277784,0.429536,0.077822,Football-Data closing market average (AvgCH/AvgCD/AvgCA)
bbc2d2a5a0b093c6f093c3f4dd1bc07d00e9ca873be5fe8eae646224ae5f3544,2025-26,primary_market_average,market_average_closing,2.010000,3.510000,3.370000,0.461023,0.264005,0.274972,0.079149,Football-Data closing market average (AvgCH/AvgCD/AvgCA)
bdf6348a0196ba849e38a6624720f069a4ec760531fe52d25503c91d8ca5f242,2025-26,primary_market_average,market_average_closing,1.120000,8.270000,16.780000,0.831825,0.112653,0.055521,0.073371,Football-Data closing market average (AvgCH/AvgCD/AvgCA)
befec60ea6008049f1b2e8bb0b4809d4e28a91d63ad6a6101f7fea0f0e1243a2,2025-26,primary_market_average,market_average_closing,1.360000,4.900000,7.240000,0.682409,0.189403,0.128187,0.077497,Football-Data closing market average (AvgCH/AvgCD/AvgCA)
bf905bbf60846989ab49c433eed29b1a35c70ee3ebe31e84d066b1efb954c8e4,2025-26,primary_market_average,market_average_closing,3.880000,3.450000,1.890000,0.239375,0.269210,0.491415,0.076688,Football-Data closing market average (AvgCH/AvgCD/AvgCA)
c021cc71634b2eaee94f72705be83983f423acce6239a47a7eb136a1ce148ed1,2025-26,primary_market_average,market_average_closing,1.730000,3.530000,4.600000,0.535856,0.262615,0.201529,0.078712,Football-Data closing market average (AvgCH/AvgCD/AvgCA)
c15422c05751af76fae613e605c1225829da2ebfd79458ba9d85c4ef0040fa54,2025-26,primary_market_average,market_average_closing,1.370000,4.890000,6.470000,0.670282,0.187789,0.141930,0.088985,Football-Data closing market average (AvgCH/AvgCD/AvgCA)
c29ef9ec6898215eab1ecd8a8856ad6d33fc95a0f8cb1cd3e6f8d092cccfc1f8,2025-26,primary_market_average,market_average_closing,2.700000,3.340000,2.410000,0.341447,0.276020,0.382534,0.084709,Football-Data closing market average (AvgCH/AvgCD/AvgCA)
c37da28436118de7c67213e2b30b577d949a658c8d2e371bc41228f716096f59,2025-26,primary_market_average,market_average_closing,1.180000,6.930000,12.060000,0.788570,0.134273,0.077157,0.074677,Football-Data closing market average (AvgCH/AvgCD/AvgCA)
c3cd9b821f47c036bbea997eb1cda5662b055b46bffecdd7f459762d3335056f,2025-26,primary_market_average,market_average_closing,2.640000,3.200000,2.600000,0.352065,0.290454,0.357481,0.075903,Football-Data closing market average (AvgCH/AvgCD/AvgCA)
c40d582ac7628c8bedcd71ae391ed15ffff6ea9ac3346db841a45fdb333f58b7,2025-26,primary_market_average,market_average_closing,3.380000,3.250000,2.120000,0.275153,0.286159,0.438688,0.075248,Football-Data closing market average (AvgCH/AvgCD/AvgCA)
c4142484ee7ef742ad8020ea5719adc24b96ee33d6b404ff5fd6371ad72215d5,2025-26,primary_market_average,market_average_closing,2.620000,3.430000,2.450000,0.352953,0.269603,0.377444,0.081388,Football-Data closing market average (AvgCH/AvgCD/AvgCA)
c6131890b6e59ca3904e0b2d262c665eafced5c7a6256340baa30dc1eed43de6,2025-26,primary_market_average,market_average_closing,2.530000,3.240000,2.670000,0.366511,0.286195,0.347293,0.078431,Football-Data closing market average (AvgCH/AvgCD/AvgCA)
c65129e6d0c9b47f89f1c60a8a946c36cf737bf0ea2fffdf32b5e5ce56541823,2025-26,primary_market_average,market_average_closing,8.190000,5.270000,1.310000,0.113559,0.176480,0.709961,0.075212,Football-Data closing market average (AvgCH/AvgCD/AvgCA)
c6777cd02fb496ccca15a045c467c681a0387911ae15b45bc50af8b4582b18d7,2025-26,primary_market_average,market_average_closing,2.150000,3.260000,3.200000,0.428930,0.282883,0.288187,0.084365,Football-Data closing market average (AvgCH/AvgCD/AvgCA)
c723634c05ec6ed9f8be787cfda254eed9dc1291fedc99d92f3e208e105b00d8,2025-26,primary_market_average,market_average_closing,2.700000,3.060000,2.640000,0.344225,0.303728,0.352048,0.075956,Football-Data closing market average (AvgCH/AvgCD/AvgCA)
c75ac1ee537032704411523457de5d3f53d9ba8cd1971873274d124a3a06073e,2025-26,primary_market_average,market_average_closing,1.550000,3.900000,5.550000,0.596404,0.237032,0.166563,0.081752,Football-Data closing market average (AvgCH/AvgCD/AvgCA)
c7684ce754bce1613553ff4aa531c08fd51009d48c2c427255deb72bf6097b91,2025-26,primary_market_average,market_average_closing,1.660000,3.930000,4.340000,0.554053,0.234028,0.211919,0.087277,Football-Data closing market average (AvgCH/AvgCD/AvgCA)
c818952f7c2bbb508cb2cba8bd2fcf7f0fd2d493d768964484a552a84a1f5a87,2025-26,primary_market_average,market_average_closing,1.170000,6.670000,14.030000,0.794404,0.139348,0.066248,0.075902,Football-Data closing market average (AvgCH/AvgCD/AvgCA)
c8471af3fea919c47d3e3f04a23fdd8e67bb2cfa3af93015586fd14b6c7ee53c,2025-26,primary_market_average,market_average_closing,1.500000,4.230000,5.640000,0.617068,0.218818,0.164114,0.080378,Football-Data closing market average (AvgCH/AvgCD/AvgCA)
c9348849c1243fab8d6ccba4123facf82d91c3968eccca8f85d8bdb530afb838,2025-26,primary_market_average,market_average_closing,1.230000,5.750000,11.100000,0.754874,0.161477,0.083648,0.077011,Football-Data closing market average (AvgCH/AvgCD/AvgCA)
c9d6c7d320f321358d947059630432791335c419cb7cd29f294f3929b9b438a5,2025-26,primary_market_average,market_average_closing,1.700000,3.620000,4.670000,0.545364,0.256110,0.198526,0.078611,Football-Data closing market average (AvgCH/AvgCD/AvgCA)
cb82d0dbd821cd0313d5247e01d84bd4ddf6a2f4847a31a268f9d2904002b234,2025-26,primary_market_average,market_average_closing,1.660000,3.610000,5.120000,0.560522,0.257747,0.181732,0.074730,Football-Data closing market average (AvgCH/AvgCD/AvgCA)
cc90b7da7895fd1cea1bd327db8b93f38ca67febc943da01d0c306e0aa2993d8,2025-26,primary_market_average,market_average_closing,1.460000,4.050000,6.630000,0.632629,0.228059,0.139312,0.082675,Football-Data closing market average (AvgCH/AvgCD/AvgCA)
cf543fc85312276c26f6969c1ae39442275b96a60be2566fd091b1ffca1386a9,2025-26,primary_market_average,market_average_closing,2.200000,3.400000,2.970000,0.418796,0.270985,0.310219,0.085363,Football-Data closing market average (AvgCH/AvgCD/AvgCA)
cfae0c69c476ea3da161c5e8bed4da8d77f164825c3283454e87ac1342c680ec,2025-26,primary_market_average,market_average_closing,2.250000,3.080000,3.180000,0.410161,0.299631,0.290208,0.083585,Football-Data closing market average (AvgCH/AvgCD/AvgCA)
d08b59dca0a6d9192f62677191a556a69367a04004ba17020228a2146ef250dd,2025-26,primary_market_average,market_average_closing,3.530000,3.420000,2.010000,0.263965,0.272455,0.463580,0.073196,Football-Data closing market average (AvgCH/AvgCD/AvgCA)
d0b0843ab11bb0a07f62d29e52a07933d96d94f995770a3df6b2a74a5f2eb61d,2025-26,primary_market_average,market_average_closing,5.970000,4.350000,1.450000,0.154091,0.211477,0.634431,0.087044,Football-Data closing market average (AvgCH/AvgCD/AvgCA)
d0f3828963bc89aa00163ddad20be9228f0ebfb815f34a4ac9f9597d3eeb0215,2025-26,primary_market_average,market_average_closing,2.090000,3.370000,3.310000,0.444129,0.275439,0.280432,0.077320,Football-Data closing market average (AvgCH/AvgCD/AvgCA)
d1082a3dcd8930f363feb507390e0d68aa03c6fb8961f2912d7519dd3032fe5f,2025-26,primary_market_average,market_average_closing,1.880000,3.330000,3.960000,0.490361,0.276841,0.232798,0.084740,Football-Data closing market average (AvgCH/AvgCD/AvgCA)
d3e01dac594b806b3cecf8b501e01bdc96bb0a7b98ea974f1f1c4dfa88a40665,2025-26,primary_market_average,market_average_closing,1.480000,4.570000,5.500000,0.627769,0.203304,0.168927,0.076312,Football-Data closing market average (AvgCH/AvgCD/AvgCA)
d67ae98d622d522e4e5514e3f64908006860656e2a507e5c8394d51e24fe32ca,2025-26,primary_market_average,market_average_closing,1.490000,4.020000,6.470000,0.624633,0.231518,0.143849,0.074457,Football-Data closing market average (AvgCH/AvgCD/AvgCA)
d7d2d440fdf4385a930c03e14d445c55a9c970d273b056b78f6e9008529b7f29,2025-26,primary_market_average,market_average_closing,1.870000,3.490000,3.970000,0.498294,0.266994,0.234713,0.073181,Football-Data closing market average (AvgCH/AvgCD/AvgCA)
d85ed37b2e0cea3774abee74925189df2048a98a7d4486d2c471739540e53a24,2025-26,primary_market_average,market_average_closing,1.660000,3.470000,5.420000,0.560331,0.268055,0.171614,0.075096,Football-Data closing market average (AvgCH/AvgCD/AvgCA)
d86313e7e98097380c8c23180abbfa295235f12ca180670fe133e54f1bfe6da6,2025-26,primary_market_average,market_average_closing,1.700000,3.800000,4.470000,0.547141,0.244774,0.208085,0.075107,Football-Data closing market average (AvgCH/AvgCD/AvgCA)
d8ad835d602d26180b657627c225bf1e17f82cbfba52fe0111ef887233ef6fa6,2025-26,primary_market_average,market_average_closing,3.200000,3.330000,2.170000,0.291069,0.279706,0.429226,0.073630,Football-Data closing market average (AvgCH/AvgCD/AvgCA)
dcd4c6549b7d94c85b38e670dab246bf78ad26d0c2ed357c625887480ccf30c7,2025-26,primary_market_average,market_average_closing,2.140000,3.190000,3.290000,0.430793,0.288996,0.280212,0.084721,Football-Data closing market average (AvgCH/AvgCD/AvgCA)
dced352417025926eba40a438bc75e6795297658fbe560f1853ff136b99842d5,2025-26,primary_market_average,market_average_closing,3.670000,3.540000,1.900000,0.251997,0.261251,0.486752,0.081281,Football-Data closing market average (AvgCH/AvgCD/AvgCA)
dd922f9f687b5be583d099e473a80e8b2e523ad7504d63abd4b587443022cbcb,2025-26,primary_market_average,market_average_closing,2.330000,3.270000,2.940000,0.399193,0.284440,0.316367,0.075131,Football-Data closing market average (AvgCH/AvgCD/AvgCA)
ddbf5e8908bfb22bd86de402046f95d4313dfedfd14bbc87c151f533f33e6ef3,2025-26,primary_market_average,market_average_closing,1.860000,3.500000,3.980000,0.500309,0.265878,0.233813,0.074605,Football-Data closing market average (AvgCH/AvgCD/AvgCA)
def7cff21ae3262e16453b31e38cbaa4eb305e2dda806cd7da4e54b9f0f6fe45,2025-26,primary_market_average,market_average_closing,2.860000,3.320000,2.310000,0.322628,0.277927,0.399445,0.083756,Football-Data closing market average (AvgCH/AvgCD/AvgCA)
df17d776be9d424f5018294c1639751d49cbb198b513f212fe55a98577a82bd5,2025-26,primary_market_average,market_average_closing,5.690000,3.960000,1.540000,0.163088,0.234335,0.602577,0.077623,Football-Data closing market average (AvgCH/AvgCD/AvgCA)
e04f989538dacda5d7d29533d21806d170f07d0a1222b890cea9df344558c60b,2025-26,primary_market_average,market_average_closing,1.870000,3.400000,3.890000,0.492436,0.270840,0.236724,0.085946,Football-Data closing market average (AvgCH/AvgCD/AvgCA)
e092506bf846479e5ebeb983730732f7c1f19f8f4e92bc0a1f773cb0013f46fb,2025-26,primary_market_average,market_average_closing,1.710000,3.830000,4.250000,0.540883,0.241491,0.217626,0.081186,Football-Data closing market average (AvgCH/AvgCD/AvgCA)
e0d077ac2b7cf3ea3b988d3acce3bef86fb3d55b6d38af761335bd22d6363e8d,2025-26,primary_market_average,market_average_closing,1.410000,4.570000,6.900000,0.660990,0.203938,0.135072,0.072966,Football-Data closing market average (AvgCH/AvgCD/AvgCA)
e0d864d11dee657e35b1813f9dfdc0cbf8973c6a4b52af6b51bf4993ba9d5ad2,2025-26,primary_market_average,market_average_closing,3.040000,3.490000,2.140000,0.303802,0.264630,0.431569,0.082770,Football-Data closing market average (AvgCH/AvgCD/AvgCA)
e33868561df7db76b594be672588cc9bbada513bdc6eb4d63109c14faf37a6e8,2025-26,primary_market_average,market_average_closing,4.350000,3.960000,1.660000,0.211911,0.232781,0.555308,0.084820,Football-Data closing market average (AvgCH/AvgCD/AvgCA)
e3646478ebb82bd423ed1b2d02af7c54ebad39ad0f199475ca867d9b86c7c1d2,2025-26,primary_market_average,market_average_closing,2.200000,3.260000,3.160000,0.421754,0.284619,0.293626,0.077750,Football-Data closing market average (AvgCH/AvgCD/AvgCA)
e467577267fb610bfbdb19ecb058a007f413f5438109e74c342335fa265a25ca,2025-26,primary_market_average,market_average_closing,1.820000,3.540000,4.150000,0.512117,0.263292,0.224591,0.072900,Football-Data closing market average (AvgCH/AvgCD/AvgCA)
e4d9018a108c5fbbd951040648e42387d455486652e2ec5b0c694183490e9e20,2025-26,primary_market_average,market_average_closing,1.550000,3.890000,5.490000,0.594959,0.237066,0.167976,0.084380,Football-Data closing market average (AvgCH/AvgCD/AvgCA)
e543b455f744ea83adf293136e247109d5b1b9775f6e27cdb91984b1da75c72e,2025-26,primary_market_average,market_average_closing,3.020000,3.350000,2.230000,0.307149,0.276892,0.415959,0.078064,Football-Data closing market average (AvgCH/AvgCD/AvgCA)
e6c446e32f6905d5b1221199a98add15489122cf9caa370c7e6170582b697a76,2025-26,primary_market_average,market_average_closing,1.160000,7.340000,12.250000,0.798255,0.126155,0.075590,0.079941,Football-Data closing market average (AvgCH/AvgCD/AvgCA)
e7e4590270d014ebf1b9c6e863a6f90e6e2d697ac3e75aaa5b885ed9c9ad6c8b,2025-26,primary_market_average,market_average_closing,1.330000,4.890000,7.940000,0.694691,0.188944,0.116365,0.082323,Football-Data closing market average (AvgCH/AvgCD/AvgCA)
e8360e401b0bde2b69135a25b19a163aa0646158a3003eefa868717b3e6f9fd5,2025-26,primary_market_average,market_average_closing,1.680000,3.730000,4.540000,0.549316,0.247413,0.203271,0.083599,Football-Data closing market average (AvgCH/AvgCD/AvgCA)
e8d6e6d1f39bde70ee9c3788dd0c6875aa483984dd5a7c02cb20e080dd02199b,2025-26,primary_market_average,market_average_closing,1.690000,3.430000,5.030000,0.546838,0.269433,0.183729,0.082068,Football-Data closing market average (AvgCH/AvgCD/AvgCA)
e915539b3ea76a2af2ae430cbd6a4e3d2f8601faee11fa43934370aba63bbf58,2025-26,primary_market_average,market_average_closing,3.210000,3.380000,2.110000,0.288099,0.273609,0.438293,0.081318,Football-Data closing market average (AvgCH/AvgCD/AvgCA)
ea267df7053daa5cf8081b906f7a73f444ae3cdebe658f90864fdc8cd1723b3b,2025-26,primary_market_average,market_average_closing,7.030000,4.670000,1.390000,0.132224,0.199044,0.668731,0.075805,Football-Data closing market average (AvgCH/AvgCD/AvgCA)
eaa06a47b4b9c59cbea7dda50d14ece0720b9fd2804bc18024acbb3d2b5da640,2025-26,primary_market_average,market_average_closing,3.030000,3.200000,2.320000,0.307417,0.291086,0.401497,0.073567,Football-Data closing market average (AvgCH/AvgCD/AvgCA)
eed1da2129cbbde4ed8e204208b3d88990f3998eaa57bbbeda7b976ead183c73,2025-26,primary_market_average,market_average_closing,4.660000,3.850000,1.640000,0.197947,0.239593,0.562460,0.084089,Football-Data closing market average (AvgCH/AvgCD/AvgCA)
ef2ad200fba183b7425e9b1f8f7a2d7ad4545412d6b8ca1947dbd92333ee579a,2025-26,primary_market_average,market_average_closing,2.120000,3.240000,3.370000,0.437943,0.286555,0.275501,0.077076,Football-Data closing market average (AvgCH/AvgCD/AvgCA)
f0aadf293a28d8e71c9dfaaacf6c054429c6281db5cfa334a5a8aed4c9f12c92,2025-26,primary_market_average,market_average_closing,1.520000,4.250000,5.420000,0.610467,0.218332,0.171201,0.077691,Football-Data closing market average (AvgCH/AvgCD/AvgCA)
f1c3d48baa39e579c52220de9b68943b9c49426fe3b1bf1ebdc130064bbc5943,2025-26,primary_market_average,market_average_closing,1.270000,5.470000,8.660000,0.725254,0.168386,0.106359,0.085690,Football-Data closing market average (AvgCH/AvgCD/AvgCA)
f20653af7a528bd4d076d6bb9c47e7a529bf5d6e9ef0132a335b05c371da930c,2025-26,primary_market_average,market_average_closing,2.610000,3.440000,2.480000,0.355728,0.269898,0.374375,0.077065,Football-Data closing market average (AvgCH/AvgCD/AvgCA)
f290a233ea709d480d81875279ac028c5ad7458b2be03e39f973c6cc3ecacc1f,2025-26,primary_market_average,market_average_closing,2.300000,3.080000,3.100000,0.401818,0.300059,0.298123,0.082039,Football-Data closing market average (AvgCH/AvgCD/AvgCA)
f29eb1f951e1aee9874e4b1278d8b713060b86ac8691d016f9dd0179e8a3bb64,2025-26,primary_market_average,market_average_closing,5.000000,4.210000,1.560000,0.185433,0.220229,0.594337,0.078555,Football-Data closing market average (AvgCH/AvgCD/AvgCA)
f41792b4b0d5a209f3ad0f09e207ea734e86fb206ea6b6eb8d2403fb110f7318,2025-26,primary_market_average,market_average_closing,2.450000,3.180000,2.810000,0.378454,0.291576,0.329969,0.078501,Football-Data closing market average (AvgCH/AvgCD/AvgCA)
f483b2bc7362d67b32052e70dc1def9c1739f189bb8289549d02d575a4eb506e,2025-26,primary_market_average,market_average_closing,1.700000,3.500000,4.840000,0.544379,0.264413,0.191208,0.080561,Football-Data closing market average (AvgCH/AvgCD/AvgCA)
f54cfc2bb27e32876b314c5bff028e801af7b942d22b7fc28e46fc621a3756be,2025-26,primary_market_average,market_average_closing,2.960000,3.320000,2.260000,0.312373,0.278501,0.409126,0.081521,Football-Data closing market average (AvgCH/AvgCD/AvgCA)
f74a1b7e53b6561e0596158d5c2623f1878baa288b8be8615516bb31e3b83f2c,2025-26,primary_market_average,market_average_closing,1.980000,3.510000,3.440000,0.467359,0.263638,0.269003,0.080648,Football-Data closing market average (AvgCH/AvgCD/AvgCA)
f76c4789fe8f2da6ad7fe1baf70f23f785918f6a22c67738aae33ddb35b33ae6,2025-26,primary_market_average,market_average_closing,1.560000,4.040000,5.110000,0.591218,0.228292,0.180489,0.084245,Football-Data closing market average (AvgCH/AvgCD/AvgCA)
fb2cce388dd28b3476246c0c33336584c6184287f8e89b19013e5054b9fbdddd,2025-26,primary_market_average,market_average_closing,3.250000,3.250000,2.170000,0.285903,0.285903,0.428195,0.076214,Football-Data closing market average (AvgCH/AvgCD/AvgCA)
fb5e780181069aafa490736ed3860300124cd51e5f01532757be3ab27e30c555,2025-26,primary_market_average,market_average_closing,1.770000,3.800000,3.880000,0.520298,0.242349,0.237352,0.085862,Football-Data closing market average (AvgCH/AvgCD/AvgCA)
fba84a399737a8f9fba444d1380d662bc28719c30128e1648000a99447301f55,2025-26,primary_market_average,market_average_closing,4.770000,3.810000,1.630000,0.193112,0.241770,0.565118,0.085608,Football-Data closing market average (AvgCH/AvgCD/AvgCA)
fc67499187c957e6c07fcc04be5d601c411f57fe211e5ebc4d35062cdfbaef7b,2025-26,primary_market_average,market_average_closing,2.720000,3.370000,2.440000,0.342246,0.276234,0.381520,0.074219,Football-Data closing market average (AvgCH/AvgCD/AvgCA)
fc6b61a8e54ce42b70d064fc750d403f22af4f9067245d48965f6de021ef33cc,2025-26,primary_market_average,market_average_closing,2.500000,3.130000,2.780000,0.370645,0.296042,0.333313,0.079201,Football-Data closing market average (AvgCH/AvgCD/AvgCA)
fe01315f41b179814fd3cb943170322858a9ae5b80349f501254247c5c044327,2025-26,primary_market_average,market_average_closing,1.830000,3.580000,3.960000,0.506767,0.259046,0.234188,0.078303,Football-Data closing market average (AvgCH/AvgCD/AvgCA)
