match_id,season,prediction_time,model,available_history_rows,training_rows_used,latest_result_available_at,p_home,p_draw,p_away,actual_result
c2f04bc747ff1d023e407373513729ba7a412b4632ccf00ac511c7fe336418e5,2021-22,2021-08-13T20:30:00+03:00,uniform_hda,1338,0,2021-05-15T20:30:00+00:00,0.333333333333,0.333333333333,0.333333333333,H
c2f04bc747ff1d023e407373513729ba7a412b4632ccf00ac511c7fe336418e5,2021-22,2021-08-13T20:30:00+03:00,expanding_league_hda,1338,1338,2021-05-15T20:30:00+00:00,0.446188340807,0.267563527653,0.286248131540,H
9142f04f7a59f531b335541ce73a679d11e8f6a46eaa48d358a380053fb1adba,2021-22,2021-08-14T19:15:00+03:00,uniform_hda,1339,0,2021-08-13T20:30:00+00:00,0.333333333333,0.333333333333,0.333333333333,H
9142f04f7a59f531b335541ce73a679d11e8f6a46eaa48d358a380053fb1adba,2021-22,2021-08-14T19:15:00+03:00,expanding_league_hda,1339,1339,2021-08-13T20:30:00+00:00,0.446601941748,0.267363704257,0.286034353996,H
b58de098ee74b08f6f22dd5f6697c9a340707797b177d6f35a11ab9116f50b56,2021-22,2021-08-14T21:45:00+03:00,uniform_hda,1339,0,2021-08-13T20:30:00+00:00,0.333333333333,0.333333333333,0.333333333333,H
b58de098ee74b08f6f22dd5f6697c9a340707797b177d6f35a11ab9116f50b56,2021-22,2021-08-14T21:45:00+03:00,expanding_league_hda,1339,1339,2021-08-13T20:30:00+00:00,0.446601941748,0.267363704257,0.286034353996,H
baeef85507b1fda090d10cafc662b957c18b566de3b31e07e0658ed8640bb971,2021-22,2021-08-14T21:45:00+03:00,uniform_hda,1339,0,2021-08-13T20:30:00+00:00,0.333333333333,0.333333333333,0.333333333333,D
baeef85507b1fda090d10cafc662b957c18b566de3b31e07e0658ed8640bb971,2021-22,2021-08-14T21:45:00+03:00,expanding_league_hda,1339,1339,2021-08-13T20:30:00+00:00,0.446601941748,0.267363704257,0.286034353996,D
9782c293b3a1902f93a3457b45dd56f80ea92fcd8a8c56086c1c91f5c008d126,2021-22,2021-08-15T19:15:00+03:00,uniform_hda,1342,0,2021-08-14T21:45:00+00:00,0.333333333333,0.333333333333,0.333333333333,A
9782c293b3a1902f93a3457b45dd56f80ea92fcd8a8c56086c1c91f5c008d126,2021-22,2021-08-15T19:15:00+03:00,expanding_league_hda,1342,1342,2021-08-14T21:45:00+00:00,0.447093889717,0.267511177347,0.285394932936,A
774a0ec5fa39dacae0f1747c06a41c25a92adc61bb47adec022f19c276bc44dc,2021-22,2021-08-15T21:45:00+03:00,uniform_hda,1342,0,2021-08-14T21:45:00+00:00,0.333333333333,0.333333333333,0.333333333333,A
774a0ec5fa39dacae0f1747c06a41c25a92adc61bb47adec022f19c276bc44dc,2021-22,2021-08-15T21:45:00+03:00,expanding_league_hda,1342,1342,2021-08-14T21:45:00+00:00,0.447093889717,0.267511177347,0.285394932936,A
8effd716914f63bdf61f160014c21c292a7712f8b1ca6d805d0fd52d99ad6686,2021-22,2021-08-15T21:45:00+03:00,uniform_hda,1342,0,2021-08-14T21:45:00+00:00,0.333333333333,0.333333333333,0.333333333333,D
8effd716914f63bdf61f160014c21c292a7712f8b1ca6d805d0fd52d99ad6686,2021-22,2021-08-15T21:45:00+03:00,expanding_league_hda,1342,1342,2021-08-14T21:45:00+00:00,0.447093889717,0.267511177347,0.285394932936,D
212ddd83c0e2cc62aebd7a3b6de7dc40f271d43c2c43bd2f5a9e122ae3e447a5,2021-22,2021-08-16T19:15:00+03:00,uniform_hda,1345,0,2021-08-15T21:45:00+00:00,0.333333333333,0.333333333333,0.333333333333,A
212ddd83c0e2cc62aebd7a3b6de7dc40f271d43c2c43bd2f5a9e122ae3e447a5,2021-22,2021-08-16T19:15:00+03:00,expanding_league_hda,1345,1345,2021-08-15T21:45:00+00:00,0.446096654275,0.267657992565,0.286245353160,A
c5a640c7d7ee186fc273438ee13038ceaf12737849c1cf8e0f34c0df7f7f4a4f,2021-22,2021-08-16T19:15:00+03:00,uniform_hda,1345,0,2021-08-15T21:45:00+00:00,0.333333333333,0.333333333333,0.333333333333,A
c5a640c7d7ee186fc273438ee13038ceaf12737849c1cf8e0f34c0df7f7f4a4f,2021-22,2021-08-16T19:15:00+03:00,expanding_league_hda,1345,1345,2021-08-15T21:45:00+00:00,0.446096654275,0.267657992565,0.286245353160,A
8190027b0c092b7fa65187abc06490bbeac57edaae8b85bf1c0e5e53131fc56f,2021-22,2021-08-16T21:45:00+03:00,uniform_hda,1345,0,2021-08-15T21:45:00+00:00,0.333333333333,0.333333333333,0.333333333333,A
8190027b0c092b7fa65187abc06490bbeac57edaae8b85bf1c0e5e53131fc56f,2021-22,2021-08-16T21:45:00+03:00,expanding_league_hda,1345,1345,2021-08-15T21:45:00+00:00,0.446096654275,0.267657992565,0.286245353160,A
d14669974a12784bbd837e96ef1fdc8c36e729b8774d0450aaddbd510d99d557,2021-22,2021-08-20T20:30:00+03:00,uniform_hda,1348,0,2021-08-16T21:45:00+00:00,0.333333333333,0.333333333333,0.333333333333,D
d14669974a12784bbd837e96ef1fdc8c36e729b8774d0450aaddbd510d99d557,2021-22,2021-08-20T20:30:00+03:00,expanding_league_hda,1348,1348,2021-08-16T21:45:00+00:00,0.445103857567,0.267062314540,0.287833827893,D
3290162cd290f46699a5078f6bc5d2cb99016062521c12645c6acca76d2aa700,2021-22,2021-08-21T19:15:00+03:00,uniform_hda,1349,0,2021-08-20T20:30:00+00:00,0.333333333333,0.333333333333,0.333333333333,D
3290162cd290f46699a5078f6bc5d2cb99016062521c12645c6acca76d2aa700,2021-22,2021-08-21T19:15:00+03:00,expanding_league_hda,1349,1349,2021-08-20T20:30:00+00:00,0.444773906597,0.267605633803,0.287620459600,D
96d3438d2d6c643f83c9628fd52c1ba299e37ff14509ec9dd282f6c116c34e59,2021-22,2021-08-21T19:15:00+03:00,uniform_hda,1349,0,2021-08-20T20:30:00+00:00,0.333333333333,0.333333333333,0.333333333333,H
96d3438d2d6c643f83c9628fd52c1ba299e37ff14509ec9dd282f6c116c34e59,2021-22,2021-08-21T19:15:00+03:00,expanding_league_hda,1349,1349,2021-08-20T20:30:00+00:00,0.444773906597,0.267605633803,0.287620459600,H
4413d5ceb9479688e7dc293c5cd4a322f09ab1ff5c224c8d3870efd08b10568a,2021-22,2021-08-21T21:45:00+03:00,uniform_hda,1349,0,2021-08-20T20:30:00+00:00,0.333333333333,0.333333333333,0.333333333333,D
4413d5ceb9479688e7dc293c5cd4a322f09ab1ff5c224c8d3870efd08b10568a,2021-22,2021-08-21T21:45:00+03:00,expanding_league_hda,1349,1349,2021-08-20T20:30:00+00:00,0.444773906597,0.267605633803,0.287620459600,D
6ce964c3f81689cf4a0b28a452756681a9ffa3e8d84316520472068fe7a7fb3d,2021-22,2021-08-21T21:45:00+03:00,uniform_hda,1349,0,2021-08-20T20:30:00+00:00,0.333333333333,0.333333333333,0.333333333333,A
6ce964c3f81689cf4a0b28a452756681a9ffa3e8d84316520472068fe7a7fb3d,2021-22,2021-08-21T21:45:00+03:00,expanding_league_hda,1349,1349,2021-08-20T20:30:00+00:00,0.444773906597,0.267605633803,0.287620459600,A
c5360703dc49a19b6c48f3489192854c489d895e79caaf3e80d9e383e2142e6c,2021-22,2021-08-22T19:15:00+03:00,uniform_hda,1353,0,2021-08-21T21:45:00+00:00,0.333333333333,0.333333333333,0.333333333333,H
c5360703dc49a19b6c48f3489192854c489d895e79caaf3e80d9e383e2142e6c,2021-22,2021-08-22T19:15:00+03:00,expanding_league_hda,1353,1353,2021-08-21T21:45:00+00:00,0.444198078344,0.268292682927,0.287509238729,H
7031812d75cf0a2189ceb8560dfefdfcfe4c0e77880ab3c147d257e3eff92f79,2021-22,2021-08-22T21:45:00+03:00,uniform_hda,1353,0,2021-08-21T21:45:00+00:00,0.333333333333,0.333333333333,0.333333333333,A
7031812d75cf0a2189ceb8560dfefdfcfe4c0e77880ab3c147d257e3eff92f79,2021-22,2021-08-22T21:45:00+03:00,expanding_league_hda,1353,1353,2021-08-21T21:45:00+00:00,0.444198078344,0.268292682927,0.287509238729,A
70daba066f83713bbe9e917a8718a8020e1156673b537744b698ebc290317ac5,2021-22,2021-08-22T21:45:00+03:00,uniform_hda,1353,0,2021-08-21T21:45:00+00:00,0.333333333333,0.333333333333,0.333333333333,H
70daba066f83713bbe9e917a8718a8020e1156673b537744b698ebc290317ac5,2021-22,2021-08-22T21:45:00+03:00,expanding_league_hda,1353,1353,2021-08-21T21:45:00+00:00,0.444198078344,0.268292682927,0.287509238729,H
c6d77aaeff86754ef298efa86096ded153a88372e961a3fa75e3e3280c88105d,2021-22,2021-08-23T19:15:00+03:00,uniform_hda,1356,0,2021-08-22T21:45:00+00:00,0.333333333333,0.333333333333,0.333333333333,H
c6d77aaeff86754ef298efa86096ded153a88372e961a3fa75e3e3280c88105d,2021-22,2021-08-23T19:15:00+03:00,expanding_league_hda,1356,1356,2021-08-22T21:45:00+00:00,0.444690265487,0.267699115044,0.287610619469,H
c09c78f9df6abd008bc0ea426556c611a638646c70c8915dde91b8b57d6e2e90,2021-22,2021-08-23T21:45:00+03:00,uniform_hda,1356,0,2021-08-22T21:45:00+00:00,0.333333333333,0.333333333333,0.333333333333,H
c09c78f9df6abd008bc0ea426556c611a638646c70c8915dde91b8b57d6e2e90,2021-22,2021-08-23T21:45:00+03:00,expanding_league_hda,1356,1356,2021-08-22T21:45:00+00:00,0.444690265487,0.267699115044,0.287610619469,H
6e77d4044d5a1cf97f743f4fbca3925b812725cbeacf6296172df7f3218e60b2,2021-22,2021-08-27T20:30:00+03:00,uniform_hda,1358,0,2021-08-23T21:45:00+00:00,0.333333333333,0.333333333333,0.333333333333,H
6e77d4044d5a1cf97f743f4fbca3925b812725cbeacf6296172df7f3218e60b2,2021-22,2021-08-27T20:30:00+03:00,expanding_league_hda,1358,1358,2021-08-23T21:45:00+00:00,0.445508100147,0.267304860088,0.287187039764,H
0488b8c9d1e786ff4f0d272e60f361e149d1c3a5ebfb66702d0806632dfecc31,2021-22,2021-08-27T21:45:00+03:00,uniform_hda,1358,0,2021-08-23T21:45:00+00:00,0.333333333333,0.333333333333,0.333333333333,D
0488b8c9d1e786ff4f0d272e60f361e149d1c3a5ebfb66702d0806632dfecc31,2021-22,2021-08-27T21:45:00+03:00,expanding_league_hda,1358,1358,2021-08-23T21:45:00+00:00,0.445508100147,0.267304860088,0.287187039764,D
c0efcc1e88376cc234a49bf6e7007bef46e07ec778c18ce1c1f180610cf8e491,2021-22,2021-08-28T19:15:00+03:00,uniform_hda,1360,0,2021-08-27T21:45:00+00:00,0.333333333333,0.333333333333,0.333333333333,A
c0efcc1e88376cc234a49bf6e7007bef46e07ec778c18ce1c1f180610cf8e491,2021-22,2021-08-28T19:15:00+03:00,expanding_league_hda,1360,1360,2021-08-27T21:45:00+00:00,0.445588235294,0.267647058824,0.286764705882,A
eb3659d3715b5e621955c85a2a70ca818a5d92f532d2b2ace4ba793d5b32879b,2021-22,2021-08-28T19:15:00+03:00,uniform_hda,1360,0,2021-08-27T21:45:00+00:00,0.333333333333,0.333333333333,0.333333333333,H
eb3659d3715b5e621955c85a2a70ca818a5d92f532d2b2ace4ba793d5b32879b,2021-22,2021-08-28T19:15:00+03:00,expanding_league_hda,1360,1360,2021-08-27T21:45:00+00:00,0.445588235294,0.267647058824,0.286764705882,H
95cfd5a2d44644667c6144da336b490d127fd9b31873c97d5fa2b85d440b2cc1,2021-22,2021-08-28T21:45:00+03:00,uniform_hda,1360,0,2021-08-27T21:45:00+00:00,0.333333333333,0.333333333333,0.333333333333,H
95cfd5a2d44644667c6144da336b490d127fd9b31873c97d5fa2b85d440b2cc1,2021-22,2021-08-28T21:45:00+03:00,expanding_league_hda,1360,1360,2021-08-27T21:45:00+00:00,0.445588235294,0.267647058824,0.286764705882,H
b52e4ff3fe7e08fdd712d25876d05d478979ada2aea96be8a588c2ffdf160510,2021-22,2021-08-28T21:45:00+03:00,uniform_hda,1360,0,2021-08-27T21:45:00+00:00,0.333333333333,0.333333333333,0.333333333333,H
b52e4ff3fe7e08fdd712d25876d05d478979ada2aea96be8a588c2ffdf160510,2021-22,2021-08-28T21:45:00+03:00,expanding_league_hda,1360,1360,2021-08-27T21:45:00+00:00,0.445588235294,0.267647058824,0.286764705882,H
ac64827bf629f12fcb3d3811ac0e0b57e31d56be218e9302eb14bbe4ad6699b4,2021-22,2021-08-29T19:15:00+03:00,uniform_hda,1364,0,2021-08-28T21:45:00+00:00,0.333333333333,0.333333333333,0.333333333333,D
ac64827bf629f12fcb3d3811ac0e0b57e31d56be218e9302eb14bbe4ad6699b4,2021-22,2021-08-29T19:15:00+03:00,expanding_league_hda,1364,1364,2021-08-28T21:45:00+00:00,0.446480938416,0.266862170088,0.286656891496,D
d65723b7c22196e081bbd0c540784946ce28632a9a6b85994e2845ebc708ac2a,2021-22,2021-08-29T19:15:00+03:00,uniform_hda,1364,0,2021-08-28T21:45:00+00:00,0.333333333333,0.333333333333,0.333333333333,D
d65723b7c22196e081bbd0c540784946ce28632a9a6b85994e2845ebc708ac2a,2021-22,2021-08-29T19:15:00+03:00,expanding_league_hda,1364,1364,2021-08-28T21:45:00+00:00,0.446480938416,0.266862170088,0.286656891496,D
8140826af66908ef758e791abc9bd22b027a2ca7b6378b3cfbe2bd4d4b897fd2,2021-22,2021-08-29T21:45:00+03:00,uniform_hda,1364,0,2021-08-28T21:45:00+00:00,0.333333333333,0.333333333333,0.333333333333,A
8140826af66908ef758e791abc9bd22b027a2ca7b6378b3cfbe2bd4d4b897fd2,2021-22,2021-08-29T21:45:00+03:00,expanding_league_hda,1364,1364,2021-08-28T21:45:00+00:00,0.446480938416,0.266862170088,0.286656891496,A
9e738ccaf4a03090f9128f860811b485f0de17fb77baadaabf747cec3495dbb4,2021-22,2021-08-29T21:45:00+03:00,uniform_hda,1364,0,2021-08-28T21:45:00+00:00,0.333333333333,0.333333333333,0.333333333333,A
9e738ccaf4a03090f9128f860811b485f0de17fb77baadaabf747cec3495dbb4,2021-22,2021-08-29T21:45:00+03:00,expanding_league_hda,1364,1364,2021-08-28T21:45:00+00:00,0.446480938416,0.266862170088,0.286656891496,A
03c496c94753d593432c07d77adfc53d8ab18b89bb63d9f254379113db658792,2021-22,2021-09-11T17:00:00+03:00,uniform_hda,1368,0,2021-08-29T21:45:00+00:00,0.333333333333,0.333333333333,0.333333333333,H
03c496c94753d593432c07d77adfc53d8ab18b89bb63d9f254379113db658792,2021-22,2021-09-11T17:00:00+03:00,expanding_league_hda,1368,1368,2021-08-29T21:45:00+00:00,0.445175438596,0.267543859649,0.287280701754,H
70593ad07be8138c1f733470e6c0e9713a8ef072ccc9912f403d86bf7de984ca,2021-22,2021-09-11T17:00:00+03:00,uniform_hda,1368,0,2021-08-29T21:45:00+00:00,0.333333333333,0.333333333333,0.333333333333,H
70593ad07be8138c1f733470e6c0e9713a8ef072ccc9912f403d86bf7de984ca,2021-22,2021-09-11T17:00:00+03:00,expanding_league_hda,1368,1368,2021-08-29T21:45:00+00:00,0.445175438596,0.267543859649,0.287280701754,H
91db016a8bd4af0c4cdba572fb101d8bb79dba1af6bf329aa8bb0a5e9eb829fb,2021-22,2021-09-11T20:00:00+03:00,uniform_hda,1368,0,2021-08-29T21:45:00+00:00,0.333333333333,0.333333333333,0.333333333333,H
91db016a8bd4af0c4cdba572fb101d8bb79dba1af6bf329aa8bb0a5e9eb829fb,2021-22,2021-09-11T20:00:00+03:00,expanding_league_hda,1368,1368,2021-08-29T21:45:00+00:00,0.445175438596,0.267543859649,0.287280701754,H
98eb3a177e4be48c47c1972ce22118632de70cc600a1c3ee74b5ac56e5daf063,2021-22,2021-09-11T20:00:00+03:00,uniform_hda,1368,0,2021-08-29T21:45:00+00:00,0.333333333333,0.333333333333,0.333333333333,H
98eb3a177e4be48c47c1972ce22118632de70cc600a1c3ee74b5ac56e5daf063,2021-22,2021-09-11T20:00:00+03:00,expanding_league_hda,1368,1368,2021-08-29T21:45:00+00:00,0.445175438596,0.267543859649,0.287280701754,H
c20da57dc912b5c38d715b6d47fa91d8e042b3d6ad545e1b505210d8743f5966,2021-22,2021-09-12T17:00:00+03:00,uniform_hda,1372,0,2021-09-11T20:00:00+00:00,0.333333333333,0.333333333333,0.333333333333,D
c20da57dc912b5c38d715b6d47fa91d8e042b3d6ad545e1b505210d8743f5966,2021-22,2021-09-12T17:00:00+03:00,expanding_league_hda,1372,1372,2021-09-11T20:00:00+00:00,0.446793002915,0.266763848397,0.286443148688,D
e58dcd3fc3d420c66ba26c3fd56b32afcffe1222cb8eec5b711680b5629aaf22,2021-22,2021-09-12T17:00:00+03:00,uniform_hda,1372,0,2021-09-11T20:00:00+00:00,0.333333333333,0.333333333333,0.333333333333,A
e58dcd3fc3d420c66ba26c3fd56b32afcffe1222cb8eec5b711680b5629aaf22,2021-22,2021-09-12T17:00:00+03:00,expanding_league_hda,1372,1372,2021-09-11T20:00:00+00:00,0.446793002915,0.266763848397,0.286443148688,A
41ce5ae215ecbe6a7c40c821ee12cdf02433116f9f2a5ac14ace2ac1773e5da7,2021-22,2021-09-12T20:00:00+03:00,uniform_hda,1372,0,2021-09-11T20:00:00+00:00,0.333333333333,0.333333333333,0.333333333333,H
41ce5ae215ecbe6a7c40c821ee12cdf02433116f9f2a5ac14ace2ac1773e5da7,2021-22,2021-09-12T20:00:00+03:00,expanding_league_hda,1372,1372,2021-09-11T20:00:00+00:00,0.446793002915,0.266763848397,0.286443148688,H
5a968eef3cdc73e3a50d52fe638a7e670245ad7ade0f09931ca763f6fbab1bea,2021-22,2021-09-12T20:00:00+03:00,uniform_hda,1372,0,2021-09-11T20:00:00+00:00,0.333333333333,0.333333333333,0.333333333333,D
5a968eef3cdc73e3a50d52fe638a7e670245ad7ade0f09931ca763f6fbab1bea,2021-22,2021-09-12T20:00:00+03:00,expanding_league_hda,1372,1372,2021-09-11T20:00:00+00:00,0.446793002915,0.266763848397,0.286443148688,D
18aafc83f24ab7359b2e7b3a77413781e8229e52b1b7ed1aa902fcaedd3c152f,2021-22,2021-09-13T20:00:00+03:00,uniform_hda,1376,0,2021-09-12T20:00:00+00:00,0.333333333333,0.333333333333,0.333333333333,H
18aafc83f24ab7359b2e7b3a77413781e8229e52b1b7ed1aa902fcaedd3c152f,2021-22,2021-09-13T20:00:00+03:00,expanding_league_hda,1376,1376,2021-09-12T20:00:00+00:00,0.446220930233,0.267441860465,0.286337209302,H
b39ffd361c88b6caf1b9b19efa54f420d2f9c2b1c94977b0c02e410d5e6396c6,2021-22,2021-09-13T20:00:00+03:00,uniform_hda,1376,0,2021-09-12T20:00:00+00:00,0.333333333333,0.333333333333,0.333333333333,H
b39ffd361c88b6caf1b9b19efa54f420d2f9c2b1c94977b0c02e410d5e6396c6,2021-22,2021-09-13T20:00:00+03:00,expanding_league_hda,1376,1376,2021-09-12T20:00:00+00:00,0.446220930233,0.267441860465,0.286337209302,H
d5acecc791efb5488e7f4a944a8341487c28ddb820f0ed814192cbf614ab78ba,2021-22,2021-09-17T20:00:00+03:00,uniform_hda,1378,0,2021-09-13T20:00:00+00:00,0.333333333333,0.333333333333,0.333333333333,A
d5acecc791efb5488e7f4a944a8341487c28ddb820f0ed814192cbf614ab78ba,2021-22,2021-09-17T20:00:00+03:00,expanding_league_hda,1378,1378,2021-09-13T20:00:00+00:00,0.447024673440,0.267053701016,0.285921625544,A
d9ac54f7db4202de0632d259f2c247e80ec80afcd746b9a5cfecc04f32ca70fe,2021-22,2021-09-17T20:00:00+03:00,uniform_hda,1378,0,2021-09-13T20:00:00+00:00,0.333333333333,0.333333333333,0.333333333333,H
d9ac54f7db4202de0632d259f2c247e80ec80afcd746b9a5cfecc04f32ca70fe,2021-22,2021-09-17T20:00:00+03:00,expanding_league_hda,1378,1378,2021-09-13T20:00:00+00:00,0.447024673440,0.267053701016,0.285921625544,H
ff5d134ff5c133cb97df3ec9cc35729c8fe575cfd9babc75997025209d2cdf4e,2021-22,2021-09-18T13:30:00+03:00,uniform_hda,1380,0,2021-09-17T20:00:00+00:00,0.333333333333,0.333333333333,0.333333333333,D
ff5d134ff5c133cb97df3ec9cc35729c8fe575cfd9babc75997025209d2cdf4e,2021-22,2021-09-18T13:30:00+03:00,expanding_league_hda,1380,1380,2021-09-17T20:00:00+00:00,0.447101449275,0.266666666667,0.286231884058,D
977c0baa81008e24d067e169f3694baa71281a9bef03b1b49a63fda625fda86d,2021-22,2021-09-18T16:00:00+03:00,uniform_hda,1380,0,2021-09-17T20:00:00+00:00,0.333333333333,0.333333333333,0.333333333333,A
977c0baa81008e24d067e169f3694baa71281a9bef03b1b49a63fda625fda86d,2021-22,2021-09-18T16:00:00+03:00,expanding_league_hda,1380,1380,2021-09-17T20:00:00+00:00,0.447101449275,0.266666666667,0.286231884058,A
966054b7015cf2d3d0682b92a357e48b833be283d13e70a82b26192a2e216ad1,2021-22,2021-09-18T19:00:00+03:00,uniform_hda,1381,0,2021-09-18T13:30:00+00:00,0.333333333333,0.333333333333,0.333333333333,H
966054b7015cf2d3d0682b92a357e48b833be283d13e70a82b26192a2e216ad1,2021-22,2021-09-18T19:00:00+03:00,expanding_league_hda,1381,1381,2021-09-18T13:30:00+00:00,0.446777697321,0.267197682839,0.286024619841,H
a89e4f9bb8ff01f0b20a81ec839d075e91eb18a7100374dad0815064baf5d487,2021-22,2021-09-18T19:00:00+03:00,uniform_hda,1381,0,2021-09-18T13:30:00+00:00,0.333333333333,0.333333333333,0.333333333333,A
a89e4f9bb8ff01f0b20a81ec839d075e91eb18a7100374dad0815064baf5d487,2021-22,2021-09-18T19:00:00+03:00,expanding_league_hda,1381,1381,2021-09-18T13:30:00+00:00,0.446777697321,0.267197682839,0.286024619841,A
6eb41b819d1f8306a14dabee49beb4bcd2fbb2d910e3c74d666f8014095d4db1,2021-22,2021-09-19T13:30:00+03:00,uniform_hda,1384,0,2021-09-18T19:00:00+00:00,0.333333333333,0.333333333333,0.333333333333,D
6eb41b819d1f8306a14dabee49beb4bcd2fbb2d910e3c74d666f8014095d4db1,2021-22,2021-09-19T13:30:00+03:00,expanding_league_hda,1384,1384,2021-09-18T19:00:00+00:00,0.446531791908,0.266618497110,0.286849710983,D
786fc608b08579875e9d12313413c159d6edbf136a626d32b7db52c355abb0a8,2021-22,2021-09-19T16:00:00+03:00,uniform_hda,1384,0,2021-09-18T19:00:00+00:00,0.333333333333,0.333333333333,0.333333333333,A
786fc608b08579875e9d12313413c159d6edbf136a626d32b7db52c355abb0a8,2021-22,2021-09-19T16:00:00+03:00,expanding_league_hda,1384,1384,2021-09-18T19:00:00+00:00,0.446531791908,0.266618497110,0.286849710983,A
2b4cdbaca8e071d385b89e008c584ef3f7c834266e66c0d548a339bbad2d2fb4,2021-22,2021-09-19T19:00:00+03:00,uniform_hda,1385,0,2021-09-19T13:30:00+00:00,0.333333333333,0.333333333333,0.333333333333,H
2b4cdbaca8e071d385b89e008c584ef3f7c834266e66c0d548a339bbad2d2fb4,2021-22,2021-09-19T19:00:00+03:00,expanding_league_hda,1385,1385,2021-09-19T13:30:00+00:00,0.446209386282,0.267148014440,0.286642599278,H
6690c81223f72a82ef5c2f29d6f41ee844258c053c5d4a412c347b849d3b0d10,2021-22,2021-09-19T19:00:00+03:00,uniform_hda,1385,0,2021-09-19T13:30:00+00:00,0.333333333333,0.333333333333,0.333333333333,H
6690c81223f72a82ef5c2f29d6f41ee844258c053c5d4a412c347b849d3b0d10,2021-22,2021-09-19T19:00:00+03:00,expanding_league_hda,1385,1385,2021-09-19T13:30:00+00:00,0.446209386282,0.267148014440,0.286642599278,H
b9fc9566f12d8c344a2042be36931b0b800e4a9e0cb6785faf3aaaf11d1b7603,2021-22,2021-09-21T17:00:00+03:00,uniform_hda,1388,0,2021-09-19T19:00:00+00:00,0.333333333333,0.333333333333,0.333333333333,D
b9fc9566f12d8c344a2042be36931b0b800e4a9e0cb6785faf3aaaf11d1b7603,2021-22,2021-09-21T17:00:00+03:00,expanding_league_hda,1388,1388,2021-09-19T19:00:00+00:00,0.446685878963,0.266570605187,0.286743515850,D
d96d97078e2eecb221912e9353cbbdd183509c9bb3e281074474929f577392ff,2021-22,2021-09-21T17:00:00+03:00,uniform_hda,1388,0,2021-09-19T19:00:00+00:00,0.333333333333,0.333333333333,0.333333333333,A
d96d97078e2eecb221912e9353cbbdd183509c9bb3e281074474929f577392ff,2021-22,2021-09-21T17:00:00+03:00,expanding_league_hda,1388,1388,2021-09-19T19:00:00+00:00,0.446685878963,0.266570605187,0.286743515850,A
484bef3773affb9888e7f4dca57c9cff2f20a167f762ad767a1c2a9afc7e7c9a,2021-22,2021-09-21T20:00:00+03:00,uniform_hda,1388,0,2021-09-19T19:00:00+00:00,0.333333333333,0.333333333333,0.333333333333,D
484bef3773affb9888e7f4dca57c9cff2f20a167f762ad767a1c2a9afc7e7c9a,2021-22,2021-09-21T20:00:00+03:00,expanding_league_hda,1388,1388,2021-09-19T19:00:00+00:00,0.446685878963,0.266570605187,0.286743515850,D
df8050fffb132493a99b67f61e33cefc87f688aeab5359b112a3a54a1e9469cd,2021-22,2021-09-21T20:00:00+03:00,uniform_hda,1388,0,2021-09-19T19:00:00+00:00,0.333333333333,0.333333333333,0.333333333333,A
df8050fffb132493a99b67f61e33cefc87f688aeab5359b112a3a54a1e9469cd,2021-22,2021-09-21T20:00:00+03:00,expanding_league_hda,1388,1388,2021-09-19T19:00:00+00:00,0.446685878963,0.266570605187,0.286743515850,A
07a2afbbcad4d9c7e920b4499f996e5f184e69e0741b84e0135348ac97f9a6f7,2021-22,2021-09-22T17:00:00+03:00,uniform_hda,1392,0,2021-09-21T20:00:00+00:00,0.333333333333,0.333333333333,0.333333333333,H
07a2afbbcad4d9c7e920b4499f996e5f184e69e0741b84e0135348ac97f9a6f7,2021-22,2021-09-22T17:00:00+03:00,expanding_league_hda,1392,1392,2021-09-21T20:00:00+00:00,0.445402298851,0.267241379310,0.287356321839,H
2b7e44b0730f474f34576dc4343edf4a98647724bc465770ecb1e5ea883c6ace,2021-22,2021-09-22T20:00:00+03:00,uniform_hda,1392,0,2021-09-21T20:00:00+00:00,0.333333333333,0.333333333333,0.333333333333,A
2b7e44b0730f474f34576dc4343edf4a98647724bc465770ecb1e5ea883c6ace,2021-22,2021-09-22T20:00:00+03:00,expanding_league_hda,1392,1392,2021-09-21T20:00:00+00:00,0.445402298851,0.267241379310,0.287356321839,A
e3be172b573b1bf3489fcade01219eddc0fa3fd8c0c6ea70f5433ca4c3727067,2021-22,2021-09-22T20:00:00+03:00,uniform_hda,1392,0,2021-09-21T20:00:00+00:00,0.333333333333,0.333333333333,0.333333333333,H
e3be172b573b1bf3489fcade01219eddc0fa3fd8c0c6ea70f5433ca4c3727067,2021-22,2021-09-22T20:00:00+03:00,expanding_league_hda,1392,1392,2021-09-21T20:00:00+00:00,0.445402298851,0.267241379310,0.287356321839,H
eb422cd7bfb821c5b55d64425052e525df37f10721964946cdf75e9448ca5a92,2021-22,2021-09-23T17:00:00+03:00,uniform_hda,1395,0,2021-09-22T20:00:00+00:00,0.333333333333,0.333333333333,0.333333333333,D
eb422cd7bfb821c5b55d64425052e525df37f10721964946cdf75e9448ca5a92,2021-22,2021-09-23T17:00:00+03:00,expanding_league_hda,1395,1395,2021-09-22T20:00:00+00:00,0.445878136201,0.266666666667,0.287455197133,D
14e68c8153a0e4923008785a076e29152533adb2f01cd43e37669f983ee1f331,2021-22,2021-09-23T20:00:00+03:00,uniform_hda,1395,0,2021-09-22T20:00:00+00:00,0.333333333333,0.333333333333,0.333333333333,H
14e68c8153a0e4923008785a076e29152533adb2f01cd43e37669f983ee1f331,2021-22,2021-09-23T20:00:00+03:00,expanding_league_hda,1395,1395,2021-09-22T20:00:00+00:00,0.445878136201,0.266666666667,0.287455197133,H
adcb9e522d97621fc9e7e17c5b214e40a389b989915e758d1566bd60877eea1d,2021-22,2021-09-23T20:00:00+03:00,uniform_hda,1395,0,2021-09-22T20:00:00+00:00,0.333333333333,0.333333333333,0.333333333333,H
adcb9e522d97621fc9e7e17c5b214e40a389b989915e758d1566bd60877eea1d,2021-22,2021-09-23T20:00:00+03:00,expanding_league_hda,1395,1395,2021-09-22T20:00:00+00:00,0.445878136201,0.266666666667,0.287455197133,H
44e5529e8c663ef2d73e1d16e2a6364323a05a163b8ec6eeca6887254d6944c8,2021-22,2021-09-24T20:00:00+03:00,uniform_hda,1398,0,2021-09-23T20:00:00+00:00,0.333333333333,0.333333333333,0.333333333333,H
44e5529e8c663ef2d73e1d16e2a6364323a05a163b8ec6eeca6887254d6944c8,2021-22,2021-09-24T20:00:00+03:00,expanding_league_hda,1398,1398,2021-09-23T20:00:00+00:00,0.446351931330,0.266809728183,0.286838340486,H
7a1283d273a01334acf6bdf9acb5b6d15ca9be1bf5d58dea4fc8760dea911bc2,2021-22,2021-09-25T13:30:00+03:00,uniform_hda,1399,0,2021-09-24T20:00:00+00:00,0.333333333333,0.333333333333,0.333333333333,H
7a1283d273a01334acf6bdf9acb5b6d15ca9be1bf5d58dea4fc8760dea911bc2,2021-22,2021-09-25T13:30:00+03:00,expanding_league_hda,1399,1399,2021-09-24T20:00:00+00:00,0.446747676912,0.266619013581,0.286633309507,H
7a3d30ee0fa41e9b7285de8129feea8d688145d9125c8e1648063b3cca19e4a7,2021-22,2021-09-25T16:00:00+03:00,uniform_hda,1399,0,2021-09-24T20:00:00+00:00,0.333333333333,0.333333333333,0.333333333333,H
7a3d30ee0fa41e9b7285de8129feea8d688145d9125c8e1648063b3cca19e4a7,2021-22,2021-09-25T16:00:00+03:00,expanding_league_hda,1399,1399,2021-09-24T20:00:00+00:00,0.446747676912,0.266619013581,0.286633309507,H
cc90630a37b4774a303315564228f7474342abc17f49b26ed6db4b5381df3db9,2021-22,2021-09-25T19:00:00+03:00,uniform_hda,1400,0,2021-09-25T13:30:00+00:00,0.333333333333,0.333333333333,0.333333333333,H
cc90630a37b4774a303315564228f7474342abc17f49b26ed6db4b5381df3db9,2021-22,2021-09-25T19:00:00+03:00,expanding_league_hda,1400,1400,2021-09-25T13:30:00+00:00,0.447142857143,0.266428571429,0.286428571429,H
295cbdd8694a00d54900f3eae933e7cc0558d6e9d7c6057f422bc30df77fcdfe,2021-22,2021-09-26T13:30:00+03:00,uniform_hda,1402,0,2021-09-25T19:00:00+00:00,0.333333333333,0.333333333333,0.333333333333,D
295cbdd8694a00d54900f3eae933e7cc0558d6e9d7c6057f422bc30df77fcdfe,2021-22,2021-09-26T13:30:00+03:00,expanding_league_hda,1402,1402,2021-09-25T19:00:00+00:00,0.447931526391,0.266048502140,0.286019971469,D
3834efb016d8703c73d75d1f5e5ab5644f088449bea2f256a7d9cbbaae2e3d3f,2021-22,2021-09-26T16:00:00+03:00,uniform_hda,1402,0,2021-09-25T19:00:00+00:00,0.333333333333,0.333333333333,0.333333333333,A
3834efb016d8703c73d75d1f5e5ab5644f088449bea2f256a7d9cbbaae2e3d3f,2021-22,2021-09-26T16:00:00+03:00,expanding_league_hda,1402,1402,2021-09-25T19:00:00+00:00,0.447931526391,0.266048502140,0.286019971469,A
e5f104b1663eeee62afd712dadad29571e6ba8417d8e611d55235a0c366e8a70,2021-22,2021-09-26T16:00:00+03:00,uniform_hda,1402,0,2021-09-25T19:00:00+00:00,0.333333333333,0.333333333333,0.333333333333,H
e5f104b1663eeee62afd712dadad29571e6ba8417d8e611d55235a0c366e8a70,2021-22,2021-09-26T16:00:00+03:00,expanding_league_hda,1402,1402,2021-09-25T19:00:00+00:00,0.447931526391,0.266048502140,0.286019971469,H
ac7666a4ddad6f9763c5aed5f70c96dd582335293c87b43276f1029eddd6a9f5,2021-22,2021-09-26T19:00:00+03:00,uniform_hda,1403,0,2021-09-26T13:30:00+00:00,0.333333333333,0.333333333333,0.333333333333,H
ac7666a4ddad6f9763c5aed5f70c96dd582335293c87b43276f1029eddd6a9f5,2021-22,2021-09-26T19:00:00+03:00,expanding_league_hda,1403,1403,2021-09-26T13:30:00+00:00,0.447612259444,0.266571632217,0.285816108339,H
470144b3b09a8adb82c6b9531297995b1d0dd3949300ebf8bfaf155f1a1f0c5f,2021-22,2021-09-27T20:00:00+03:00,uniform_hda,1406,0,2021-09-26T19:00:00+00:00,0.333333333333,0.333333333333,0.333333333333,D
470144b3b09a8adb82c6b9531297995b1d0dd3949300ebf8bfaf155f1a1f0c5f,2021-22,2021-09-27T20:00:00+03:00,expanding_league_hda,1406,1406,2021-09-26T19:00:00+00:00,0.448079658606,0.266002844950,0.285917496444,D
65fa67925a3da9aebabaa3ce5b64120b30cddb2e87f75ee9547a484a6b1dc0ed,2021-22,2021-09-27T20:00:00+03:00,uniform_hda,1406,0,2021-09-26T19:00:00+00:00,0.333333333333,0.333333333333,0.333333333333,D
65fa67925a3da9aebabaa3ce5b64120b30cddb2e87f75ee9547a484a6b1dc0ed,2021-22,2021-09-27T20:00:00+03:00,expanding_league_hda,1406,1406,2021-09-26T19:00:00+00:00,0.448079658606,0.266002844950,0.285917496444,D
1f7892dc22c117d1e44fc18eed9d54ae239da7240fad4addaa811dcaf1fa0936,2021-22,2021-10-01T20:00:00+03:00,uniform_hda,1408,0,2021-09-27T20:00:00+00:00,0.333333333333,0.333333333333,0.333333333333,A
1f7892dc22c117d1e44fc18eed9d54ae239da7240fad4addaa811dcaf1fa0936,2021-22,2021-10-01T20:00:00+03:00,expanding_league_hda,1408,1408,2021-09-27T20:00:00+00:00,0.447443181818,0.267045454545,0.285511363636,A
9f1f33dca4fca656d01f7582b14c6f0cf68185585742a6d8ef517b80dcf02523,2021-22,2021-10-01T20:00:00+03:00,uniform_hda,1408,0,2021-09-27T20:00:00+00:00,0.333333333333,0.333333333333,0.333333333333,H
9f1f33dca4fca656d01f7582b14c6f0cf68185585742a6d8ef517b80dcf02523,2021-22,2021-10-01T20:00:00+03:00,expanding_league_hda,1408,1408,2021-09-27T20:00:00+00:00,0.447443181818,0.267045454545,0.285511363636,H
098efe87e8c6c7030fa6e3c07dd853c197cdde258d885d8d1032a157ad07bbb5,2021-22,2021-10-02T13:30:00+03:00,uniform_hda,1410,0,2021-10-01T20:00:00+00:00,0.333333333333,0.333333333333,0.333333333333,D
098efe87e8c6c7030fa6e3c07dd853c197cdde258d885d8d1032a157ad07bbb5,2021-22,2021-10-02T13:30:00+03:00,expanding_league_hda,1410,1410,2021-10-01T20:00:00+00:00,0.447517730496,0.266666666667,0.285815602837,D
bf94a2de069ba0f19c5abd4284a3c07bb7da0d51bac3b541351f8883121cf2ff,2021-22,2021-10-02T16:00:00+03:00,uniform_hda,1410,0,2021-10-01T20:00:00+00:00,0.333333333333,0.333333333333,0.333333333333,A
bf94a2de069ba0f19c5abd4284a3c07bb7da0d51bac3b541351f8883121cf2ff,2021-22,2021-10-02T16:00:00+03:00,expanding_league_hda,1410,1410,2021-10-01T20:00:00+00:00,0.447517730496,0.266666666667,0.285815602837,A
f75b1c4eab82000746084dd886f6bde490d379f21b23987cbf4f83ae12148768,2021-22,2021-10-02T16:00:00+03:00,uniform_hda,1410,0,2021-10-01T20:00:00+00:00,0.333333333333,0.333333333333,0.333333333333,A
f75b1c4eab82000746084dd886f6bde490d379f21b23987cbf4f83ae12148768,2021-22,2021-10-02T16:00:00+03:00,expanding_league_hda,1410,1410,2021-10-01T20:00:00+00:00,0.447517730496,0.266666666667,0.285815602837,A
646f63adfd36534d62d9964b37ab270b69ddfd3e24d7df384c98634b68c8cd7a,2021-22,2021-10-02T19:00:00+03:00,uniform_hda,1411,0,2021-10-02T13:30:00+00:00,0.333333333333,0.333333333333,0.333333333333,H
646f63adfd36534d62d9964b37ab270b69ddfd3e24d7df384c98634b68c8cd7a,2021-22,2021-10-02T19:00:00+03:00,expanding_league_hda,1411,1411,2021-10-02T13:30:00+00:00,0.447200566974,0.267186392629,0.285613040397,H
89e5e47fde7654f36812bb8e8e55a7c674cd8a93d4b3d6963fc5260f3c2e514a,2021-22,2021-10-03T13:30:00+03:00,uniform_hda,1414,0,2021-10-02T19:00:00+00:00,0.333333333333,0.333333333333,0.333333333333,A
89e5e47fde7654f36812bb8e8e55a7c674cd8a93d4b3d6963fc5260f3c2e514a,2021-22,2021-10-03T13:30:00+03:00,expanding_league_hda,1414,1414,2021-10-02T19:00:00+00:00,0.446958981612,0.266619519095,0.286421499293,A
4803ac9b5bba70ab1fded6d6c2f57bb7166e68510c457a27258153e7c4bbb432,2021-22,2021-10-03T16:00:00+03:00,uniform_hda,1414,0,2021-10-02T19:00:00+00:00,0.333333333333,0.333333333333,0.333333333333,H
4803ac9b5bba70ab1fded6d6c2f57bb7166e68510c457a27258153e7c4bbb432,2021-22,2021-10-03T16:00:00+03:00,expanding_league_hda,1414,1414,2021-10-02T19:00:00+00:00,0.446958981612,0.266619519095,0.286421499293,H
ccba4a98eadd08a8c1c21a07547f235dcbf0d7d287460744f5262a5b29550c8c,2021-22,2021-10-03T16:00:00+03:00,uniform_hda,1414,0,2021-10-02T19:00:00+00:00,0.333333333333,0.333333333333,0.333333333333,H
ccba4a98eadd08a8c1c21a07547f235dcbf0d7d287460744f5262a5b29550c8c,2021-22,2021-10-03T16:00:00+03:00,expanding_league_hda,1414,1414,2021-10-02T19:00:00+00:00,0.446958981612,0.266619519095,0.286421499293,H
52bbb629fd60a31a5ed7b10d19bab7b4aa09320f56dd9b39207acf50957e1ac8,2021-22,2021-10-03T19:00:00+03:00,uniform_hda,1415,0,2021-10-03T13:30:00+00:00,0.333333333333,0.333333333333,0.333333333333,A
52bbb629fd60a31a5ed7b10d19bab7b4aa09320f56dd9b39207acf50957e1ac8,2021-22,2021-10-03T19:00:00+03:00,expanding_league_hda,1415,1415,2021-10-03T13:30:00+00:00,0.446643109541,0.266431095406,0.286925795053,A
7b752ad252bb6e18af935e330296a7fbf6689e441fc73f8e3d67e7e50faa6b7f,2021-22,2021-10-15T20:00:00+03:00,uniform_hda,1418,0,2021-10-03T19:00:00+00:00,0.333333333333,0.333333333333,0.333333333333,H
7b752ad252bb6e18af935e330296a7fbf6689e441fc73f8e3d67e7e50faa6b7f,2021-22,2021-10-15T20:00:00+03:00,expanding_league_hda,1418,1418,2021-10-03T19:00:00+00:00,0.447108603667,0.265867418900,0.287023977433,H
2c46242594d2cb0e8d3a97f7eda302724e711dfa890060774f10daa55d784a00,2021-22,2021-10-16T13:30:00+03:00,uniform_hda,1419,0,2021-10-15T20:00:00+00:00,0.333333333333,0.333333333333,0.333333333333,H
2c46242594d2cb0e8d3a97f7eda302724e711dfa890060774f10daa55d784a00,2021-22,2021-10-16T13:30:00+03:00,expanding_league_hda,1419,1419,2021-10-15T20:00:00+00:00,0.447498238196,0.265680056378,0.286821705426,H
75545c75468916c013ab61c0cf34119fcdf2048ce3a5a348be1033868ae61952,2021-22,2021-10-16T16:00:00+03:00,uniform_hda,1419,0,2021-10-15T20:00:00+00:00,0.333333333333,0.333333333333,0.333333333333,D
75545c75468916c013ab61c0cf34119fcdf2048ce3a5a348be1033868ae61952,2021-22,2021-10-16T16:00:00+03:00,expanding_league_hda,1419,1419,2021-10-15T20:00:00+00:00,0.447498238196,0.265680056378,0.286821705426,D
9be4c410ec326e4acc78974f9486f2b1bb64aa76a7acdc5828a7e6882f842403,2021-22,2021-10-16T19:00:00+03:00,uniform_hda,1420,0,2021-10-16T13:30:00+00:00,0.333333333333,0.333333333333,0.333333333333,A
9be4c410ec326e4acc78974f9486f2b1bb64aa76a7acdc5828a7e6882f842403,2021-22,2021-10-16T19:00:00+03:00,expanding_league_hda,1420,1420,2021-10-16T13:30:00+00:00,0.447887323944,0.265492957746,0.286619718310,A
9aea92e3f4c1326bd999d4fe171baf238046a4b8eceaae0f38320066a51c2b8b,2021-22,2021-10-17T13:30:00+03:00,uniform_hda,1422,0,2021-10-16T19:00:00+00:00,0.333333333333,0.333333333333,0.333333333333,A
9aea92e3f4c1326bd999d4fe171baf238046a4b8eceaae0f38320066a51c2b8b,2021-22,2021-10-17T13:30:00+03:00,expanding_league_hda,1422,1422,2021-10-16T19:00:00+00:00,0.447257383966,0.265822784810,0.286919831224,A
0bf7f2918d656e7813cdbaf68b197164cf068a79aa44e5ea9c8adf25d2546690,2021-22,2021-10-17T16:00:00+03:00,uniform_hda,1422,0,2021-10-16T19:00:00+00:00,0.333333333333,0.333333333333,0.333333333333,A
0bf7f2918d656e7813cdbaf68b197164cf068a79aa44e5ea9c8adf25d2546690,2021-22,2021-10-17T16:00:00+03:00,expanding_league_hda,1422,1422,2021-10-16T19:00:00+00:00,0.447257383966,0.265822784810,0.286919831224,A
6a16de4a90c78f88c0f72943782f0be7b69a2b200c09a81916c0fead2aa4ee0d,2021-22,2021-10-17T16:00:00+03:00,uniform_hda,1422,0,2021-10-16T19:00:00+00:00,0.333333333333,0.333333333333,0.333333333333,H
6a16de4a90c78f88c0f72943782f0be7b69a2b200c09a81916c0fead2aa4ee0d,2021-22,2021-10-17T16:00:00+03:00,expanding_league_hda,1422,1422,2021-10-16T19:00:00+00:00,0.447257383966,0.265822784810,0.286919831224,H
01c7b64faf02221ebe06efc68671d62a96d8798c37fd988a8ffe51cb253406a7,2021-22,2021-10-17T19:00:00+03:00,uniform_hda,1423,0,2021-10-17T13:30:00+00:00,0.333333333333,0.333333333333,0.333333333333,H
01c7b64faf02221ebe06efc68671d62a96d8798c37fd988a8ffe51cb253406a7,2021-22,2021-10-17T19:00:00+03:00,expanding_league_hda,1423,1423,2021-10-17T13:30:00+00:00,0.446943078004,0.265635980323,0.287420941673,H
0a86b71e718cb47de5a2e4f312bc15a789fb6caa08d2c8e1124db9b02d86c785,2021-22,2021-10-18T20:00:00+03:00,uniform_hda,1426,0,2021-10-17T19:00:00+00:00,0.333333333333,0.333333333333,0.333333333333,H
0a86b71e718cb47de5a2e4f312bc15a789fb6caa08d2c8e1124db9b02d86c785,2021-22,2021-10-18T20:00:00+03:00,expanding_league_hda,1426,1426,2021-10-17T19:00:00+00:00,0.447405329593,0.265077138850,0.287517531557,H
100570bd94179e0b497cb22668f0cae89874670e752a9e0c97ad36b601a4a639,2021-22,2021-10-18T20:00:00+03:00,uniform_hda,1426,0,2021-10-17T19:00:00+00:00,0.333333333333,0.333333333333,0.333333333333,H
100570bd94179e0b497cb22668f0cae89874670e752a9e0c97ad36b601a4a639,2021-22,2021-10-18T20:00:00+03:00,expanding_league_hda,1426,1426,2021-10-17T19:00:00+00:00,0.447405329593,0.265077138850,0.287517531557,H
6d42e224431a67b7a24d8b5a7e3d14ab505dfd6dbfd332979253175b3095f3e2,2021-22,2021-10-22T20:00:00+03:00,uniform_hda,1428,0,2021-10-18T20:00:00+00:00,0.333333333333,0.333333333333,0.333333333333,H
6d42e224431a67b7a24d8b5a7e3d14ab505dfd6dbfd332979253175b3095f3e2,2021-22,2021-10-22T20:00:00+03:00,expanding_league_hda,1428,1428,2021-10-18T20:00:00+00:00,0.448179271709,0.264705882353,0.287114845938,H
fe4ae60bf1cab4a8caff10fd74893efdcbb8443ae9036da1cdf90aa9b3a7c527,2021-22,2021-10-23T13:30:00+03:00,uniform_hda,1429,0,2021-10-22T20:00:00+00:00,0.333333333333,0.333333333333,0.333333333333,H
fe4ae60bf1cab4a8caff10fd74893efdcbb8443ae9036da1cdf90aa9b3a7c527,2021-22,2021-10-23T13:30:00+03:00,expanding_league_hda,1429,1429,2021-10-22T20:00:00+00:00,0.448565430371,0.264520643807,0.286913925822,H
4624d5ae4b30fb9a1539cc16ab215eea68af0e999cfbb32998aa2154628134a9,2021-22,2021-10-23T16:00:00+03:00,uniform_hda,1429,0,2021-10-22T20:00:00+00:00,0.333333333333,0.333333333333,0.333333333333,D
4624d5ae4b30fb9a1539cc16ab215eea68af0e999cfbb32998aa2154628134a9,2021-22,2021-10-23T16:00:00+03:00,expanding_league_hda,1429,1429,2021-10-22T20:00:00+00:00,0.448565430371,0.264520643807,0.286913925822,D
4e3b6cde503daacff583c7252bcae2eb95a891074c2ce7254c77c58b7d2c0617,2021-22,2021-10-23T16:00:00+03:00,uniform_hda,1429,0,2021-10-22T20:00:00+00:00,0.333333333333,0.333333333333,0.333333333333,H
4e3b6cde503daacff583c7252bcae2eb95a891074c2ce7254c77c58b7d2c0617,2021-22,2021-10-23T16:00:00+03:00,expanding_league_hda,1429,1429,2021-10-22T20:00:00+00:00,0.448565430371,0.264520643807,0.286913925822,H
0fd95b44e1f8e1a4afce64851d4f5404571976f46ef35ab33dfe86660eece8dc,2021-22,2021-10-23T19:00:00+03:00,uniform_hda,1430,0,2021-10-23T13:30:00+00:00,0.333333333333,0.333333333333,0.333333333333,A
0fd95b44e1f8e1a4afce64851d4f5404571976f46ef35ab33dfe86660eece8dc,2021-22,2021-10-23T19:00:00+03:00,expanding_league_hda,1430,1430,2021-10-23T13:30:00+00:00,0.448951048951,0.264335664336,0.286713286713,A
980df54c991b52bf3c7b9c975061efb4dc1f06f92b5b375c8360647058e8dcdf,2021-22,2021-10-24T13:30:00+03:00,uniform_hda,1433,0,2021-10-23T19:00:00+00:00,0.333333333333,0.333333333333,0.333333333333,D
980df54c991b52bf3c7b9c975061efb4dc1f06f92b5b375c8360647058e8dcdf,2021-22,2021-10-24T13:30:00+03:00,expanding_league_hda,1433,1433,2021-10-23T19:00:00+00:00,0.448709002094,0.264480111654,0.286810886253,D
4329dcf6df9307f560a2b45384e7b2eed2c481cb54c2cc11187a08d41ed446b1,2021-22,2021-10-24T16:00:00+03:00,uniform_hda,1433,0,2021-10-23T19:00:00+00:00,0.333333333333,0.333333333333,0.333333333333,D
4329dcf6df9307f560a2b45384e7b2eed2c481cb54c2cc11187a08d41ed446b1,2021-22,2021-10-24T16:00:00+03:00,expanding_league_hda,1433,1433,2021-10-23T19:00:00+00:00,0.448709002094,0.264480111654,0.286810886253,D
a7f0c9ca17bdecba10287a13f55662f6af6b63dd1a487fcfc3c65eea60ffd447,2021-22,2021-10-24T16:00:00+03:00,uniform_hda,1433,0,2021-10-23T19:00:00+00:00,0.333333333333,0.333333333333,0.333333333333,A
a7f0c9ca17bdecba10287a13f55662f6af6b63dd1a487fcfc3c65eea60ffd447,2021-22,2021-10-24T16:00:00+03:00,expanding_league_hda,1433,1433,2021-10-23T19:00:00+00:00,0.448709002094,0.264480111654,0.286810886253,A
b3b608be68c43f6d721bde67b41881fde7d01c4589d8e5ee57a7ef01ca6b92e0,2021-22,2021-10-24T19:00:00+03:00,uniform_hda,1434,0,2021-10-24T13:30:00+00:00,0.333333333333,0.333333333333,0.333333333333,A
b3b608be68c43f6d721bde67b41881fde7d01c4589d8e5ee57a7ef01ca6b92e0,2021-22,2021-10-24T19:00:00+03:00,expanding_league_hda,1434,1434,2021-10-24T13:30:00+00:00,0.448396094840,0.264993026499,0.286610878661,A
2c877c1edf38fb393a45ed623e496507ae30fdd651331ea7d4a847f6ffeadc7e,2021-22,2021-10-25T20:00:00+03:00,uniform_hda,1437,0,2021-10-24T19:00:00+00:00,0.333333333333,0.333333333333,0.333333333333,H
2c877c1edf38fb393a45ed623e496507ae30fdd651331ea7d4a847f6ffeadc7e,2021-22,2021-10-25T20:00:00+03:00,expanding_league_hda,1437,1437,2021-10-24T19:00:00+00:00,0.447459986082,0.265135699374,0.287404314544,H
6d1ce22f9ba4e3bdcf913292c5cc9d1575d96486f34a6fade528eac379f2fa4d,2021-22,2021-10-29T20:00:00+03:00,uniform_hda,1438,0,2021-10-25T20:00:00+00:00,0.333333333333,0.333333333333,0.333333333333,H
6d1ce22f9ba4e3bdcf913292c5cc9d1575d96486f34a6fade528eac379f2fa4d,2021-22,2021-10-29T20:00:00+03:00,expanding_league_hda,1438,1438,2021-10-25T20:00:00+00:00,0.447844228095,0.264951321280,0.287204450626,H
0880eabd932c688df68f3e95cfe6d3ece1811c1765b42bf2c377f11b479da5d1,2021-22,2021-10-30T13:30:00+03:00,uniform_hda,1439,0,2021-10-29T20:00:00+00:00,0.333333333333,0.333333333333,0.333333333333,H
0880eabd932c688df68f3e95cfe6d3ece1811c1765b42bf2c377f11b479da5d1,2021-22,2021-10-30T13:30:00+03:00,expanding_league_hda,1439,1439,2021-10-29T20:00:00+00:00,0.448227936067,0.264767199444,0.287004864489,H
0074a70991d201ec2e254a0afb0e901c86a39c74a7a626fe85fda2dea9b27eac,2021-22,2021-10-30T16:00:00+03:00,uniform_hda,1439,0,2021-10-29T20:00:00+00:00,0.333333333333,0.333333333333,0.333333333333,D
0074a70991d201ec2e254a0afb0e901c86a39c74a7a626fe85fda2dea9b27eac,2021-22,2021-10-30T16:00:00+03:00,expanding_league_hda,1439,1439,2021-10-29T20:00:00+00:00,0.448227936067,0.264767199444,0.287004864489,D
1a2ec9e0942eb3e1a8c8cf5db8fab78d27d7ad250d24fd211a1621b5db7f7ffb,2021-22,2021-10-30T16:00:00+03:00,uniform_hda,1439,0,2021-10-29T20:00:00+00:00,0.333333333333,0.333333333333,0.333333333333,H
1a2ec9e0942eb3e1a8c8cf5db8fab78d27d7ad250d24fd211a1621b5db7f7ffb,2021-22,2021-10-30T16:00:00+03:00,expanding_league_hda,1439,1439,2021-10-29T20:00:00+00:00,0.448227936067,0.264767199444,0.287004864489,H
64955a74cfd83512090ddc38a9e1833a3aa8ec761271088cb176a5614a703bf8,2021-22,2021-10-30T19:00:00+03:00,uniform_hda,1440,0,2021-10-30T13:30:00+00:00,0.333333333333,0.333333333333,0.333333333333,H
64955a74cfd83512090ddc38a9e1833a3aa8ec761271088cb176a5614a703bf8,2021-22,2021-10-30T19:00:00+03:00,expanding_league_hda,1440,1440,2021-10-30T13:30:00+00:00,0.448611111111,0.264583333333,0.286805555556,H
3b5989a079261b5f681b6b0c51d036395bea7e5ff9b10ad81aeaf0dce2748ee1,2021-22,2021-10-31T13:30:00+03:00,uniform_hda,1443,0,2021-10-30T19:00:00+00:00,0.333333333333,0.333333333333,0.333333333333,H
3b5989a079261b5f681b6b0c51d036395bea7e5ff9b10ad81aeaf0dce2748ee1,2021-22,2021-10-31T13:30:00+03:00,expanding_league_hda,1443,1443,2021-10-30T19:00:00+00:00,0.449064449064,0.264726264726,0.286209286209,H
b35c55fd235aeed9df70b98dde3442daa90fd25cef42b3fee7948c016fd14289,2021-22,2021-10-31T16:00:00+03:00,uniform_hda,1443,0,2021-10-30T19:00:00+00:00,0.333333333333,0.333333333333,0.333333333333,D
b35c55fd235aeed9df70b98dde3442daa90fd25cef42b3fee7948c016fd14289,2021-22,2021-10-31T16:00:00+03:00,expanding_league_hda,1443,1443,2021-10-30T19:00:00+00:00,0.449064449064,0.264726264726,0.286209286209,D
5db6e6734cf8cf0eb38cdaf9579ae7f844380362fb9dbc10de204d70dcc29d0c,2021-22,2021-10-31T19:00:00+03:00,uniform_hda,1444,0,2021-10-31T13:30:00+00:00,0.333333333333,0.333333333333,0.333333333333,H
5db6e6734cf8cf0eb38cdaf9579ae7f844380362fb9dbc10de204d70dcc29d0c,2021-22,2021-10-31T19:00:00+03:00,expanding_league_hda,1444,1444,2021-10-31T13:30:00+00:00,0.449445983380,0.264542936288,0.286011080332,H
2f7a4ca1240f89f2f6ca8fccf7dc82375f078d18d84ecf7772b71ab9c52df111,2021-22,2021-11-01T20:00:00+03:00,uniform_hda,1446,0,2021-10-31T19:00:00+00:00,0.333333333333,0.333333333333,0.333333333333,H
2f7a4ca1240f89f2f6ca8fccf7dc82375f078d18d84ecf7772b71ab9c52df111,2021-22,2021-11-01T20:00:00+03:00,expanding_league_hda,1446,1446,2021-10-31T19:00:00+00:00,0.449515905947,0.264868603043,0.285615491010,H
9065ec7af3f0e59decfaef12c82e95e779fff2cb0b02a1d5c52396e5398fb2c2,2021-22,2021-11-01T20:00:00+03:00,uniform_hda,1446,0,2021-10-31T19:00:00+00:00,0.333333333333,0.333333333333,0.333333333333,A
9065ec7af3f0e59decfaef12c82e95e779fff2cb0b02a1d5c52396e5398fb2c2,2021-22,2021-11-01T20:00:00+03:00,expanding_league_hda,1446,1446,2021-10-31T19:00:00+00:00,0.449515905947,0.264868603043,0.285615491010,A
149aa4ab8f6539081b0b2b3a13c09d0d6e45305b671a7d204bb398c41598cdcf,2021-22,2021-11-05T20:00:00+03:00,uniform_hda,1448,0,2021-11-01T20:00:00+00:00,0.333333333333,0.333333333333,0.333333333333,H
149aa4ab8f6539081b0b2b3a13c09d0d6e45305b671a7d204bb398c41598cdcf,2021-22,2021-11-05T20:00:00+03:00,expanding_league_hda,1448,1448,2021-11-01T20:00:00+00:00,0.449585635359,0.264502762431,0.285911602210,H
b4189846f932552f030afb479e7ebf58ae9991c16fdc629cfd307c2028ab91da,2021-22,2021-11-05T20:00:00+03:00,uniform_hda,1448,0,2021-11-01T20:00:00+00:00,0.333333333333,0.333333333333,0.333333333333,H
b4189846f932552f030afb479e7ebf58ae9991c16fdc629cfd307c2028ab91da,2021-22,2021-11-05T20:00:00+03:00,expanding_league_hda,1448,1448,2021-11-01T20:00:00+00:00,0.449585635359,0.264502762431,0.285911602210,H
f65b947a20d07780b95cc1b1f0691817226c2ac06689531d649c95411d3e817b,2021-22,2021-11-06T13:30:00+03:00,uniform_hda,1450,0,2021-11-05T20:00:00+00:00,0.333333333333,0.333333333333,0.333333333333,D
f65b947a20d07780b95cc1b1f0691817226c2ac06689531d649c95411d3e817b,2021-22,2021-11-06T13:30:00+03:00,expanding_league_hda,1450,1450,2021-11-05T20:00:00+00:00,0.450344827586,0.264137931034,0.285517241379,D
5027ea1fb94a33259f01a5c78d0a87bd37d4ed7a965268321ca97fcd0c2ba651,2021-22,2021-11-06T16:00:00+03:00,uniform_hda,1450,0,2021-11-05T20:00:00+00:00,0.333333333333,0.333333333333,0.333333333333,A
5027ea1fb94a33259f01a5c78d0a87bd37d4ed7a965268321ca97fcd0c2ba651,2021-22,2021-11-06T16:00:00+03:00,expanding_league_hda,1450,1450,2021-11-05T20:00:00+00:00,0.450344827586,0.264137931034,0.285517241379,A
b6ce6081da9f8488b21c05a78713846117aaa36d4c448762acd4cd0c8b41dc1f,2021-22,2021-11-06T16:00:00+03:00,uniform_hda,1450,0,2021-11-05T20:00:00+00:00,0.333333333333,0.333333333333,0.333333333333,H
b6ce6081da9f8488b21c05a78713846117aaa36d4c448762acd4cd0c8b41dc1f,2021-22,2021-11-06T16:00:00+03:00,expanding_league_hda,1450,1450,2021-11-05T20:00:00+00:00,0.450344827586,0.264137931034,0.285517241379,H
0a92f74d8b885c1fe6d3f27360e4306df0f6211a515909b16a07dab0e4f881a3,2021-22,2021-11-06T19:00:00+03:00,uniform_hda,1451,0,2021-11-06T13:30:00+00:00,0.333333333333,0.333333333333,0.333333333333,A
0a92f74d8b885c1fe6d3f27360e4306df0f6211a515909b16a07dab0e4f881a3,2021-22,2021-11-06T19:00:00+03:00,expanding_league_hda,1451,1451,2021-11-06T13:30:00+00:00,0.450034458994,0.264645072364,0.285320468642,A
539547c5909900d5368583c8a04ac8b0a285e138493f2dc01616bb2559503a30,2021-22,2021-11-07T13:30:00+03:00,uniform_hda,1454,0,2021-11-06T19:00:00+00:00,0.333333333333,0.333333333333,0.333333333333,A
539547c5909900d5368583c8a04ac8b0a285e138493f2dc01616bb2559503a30,2021-22,2021-11-07T13:30:00+03:00,expanding_league_hda,1454,1454,2021-11-06T19:00:00+00:00,0.449793672627,0.264099037139,0.286107290234,A
4e089992ad01679d3fb92339eb1eb842bce0d3a479e439e8f8163a1830c57650,2021-22,2021-11-07T16:00:00+03:00,uniform_hda,1454,0,2021-11-06T19:00:00+00:00,0.333333333333,0.333333333333,0.333333333333,H
4e089992ad01679d3fb92339eb1eb842bce0d3a479e439e8f8163a1830c57650,2021-22,2021-11-07T16:00:00+03:00,expanding_league_hda,1454,1454,2021-11-06T19:00:00+00:00,0.449793672627,0.264099037139,0.286107290234,H
88f4274e20ef74bcae194685d1c90abf9beeedd1a148a85fe387b9870ca12013,2021-22,2021-11-07T16:00:00+03:00,uniform_hda,1454,0,2021-11-06T19:00:00+00:00,0.333333333333,0.333333333333,0.333333333333,D
88f4274e20ef74bcae194685d1c90abf9beeedd1a148a85fe387b9870ca12013,2021-22,2021-11-07T16:00:00+03:00,expanding_league_hda,1454,1454,2021-11-06T19:00:00+00:00,0.449793672627,0.264099037139,0.286107290234,D
50c8f3b9df60718d999b92f14a9cddd357a108cadb158595e3dc1efa19a23005,2021-22,2021-11-07T19:00:00+03:00,uniform_hda,1455,0,2021-11-07T13:30:00+00:00,0.333333333333,0.333333333333,0.333333333333,D
50c8f3b9df60718d999b92f14a9cddd357a108cadb158595e3dc1efa19a23005,2021-22,2021-11-07T19:00:00+03:00,expanding_league_hda,1455,1455,2021-11-07T13:30:00+00:00,0.449484536082,0.263917525773,0.286597938144,D
e205a91c6e0b60884ae6e82f05c98e3759d800244aed3c6b266de738233f2a36,2021-22,2021-11-20T13:30:00+03:00,uniform_hda,1458,0,2021-11-07T19:00:00+00:00,0.333333333333,0.333333333333,0.333333333333,H
e205a91c6e0b60884ae6e82f05c98e3759d800244aed3c6b266de738233f2a36,2021-22,2021-11-20T13:30:00+03:00,expanding_league_hda,1458,1458,2021-11-07T19:00:00+00:00,0.449245541838,0.264746227709,0.286008230453,H
79236d905d78f4662c9f18b79b1b8a74b0b377c5b35409441bd20d15ec09859a,2021-22,2021-11-20T16:00:00+03:00,uniform_hda,1458,0,2021-11-07T19:00:00+00:00,0.333333333333,0.333333333333,0.333333333333,H
79236d905d78f4662c9f18b79b1b8a74b0b377c5b35409441bd20d15ec09859a,2021-22,2021-11-20T16:00:00+03:00,expanding_league_hda,1458,1458,2021-11-07T19:00:00+00:00,0.449245541838,0.264746227709,0.286008230453,H
a5245fa65b42170423f732e0ed76636bd8168616a0e3eb49113d15506424f51a,2021-22,2021-11-20T16:00:00+03:00,uniform_hda,1458,0,2021-11-07T19:00:00+00:00,0.333333333333,0.333333333333,0.333333333333,H
a5245fa65b42170423f732e0ed76636bd8168616a0e3eb49113d15506424f51a,2021-22,2021-11-20T16:00:00+03:00,expanding_league_hda,1458,1458,2021-11-07T19:00:00+00:00,0.449245541838,0.264746227709,0.286008230453,H
991963f50e7d00dcdd304a0e774c75f1d41b70e9d944583ff7414f4fd943d025,2021-22,2021-11-20T19:00:00+03:00,uniform_hda,1459,0,2021-11-20T13:30:00+00:00,0.333333333333,0.333333333333,0.333333333333,H
991963f50e7d00dcdd304a0e774c75f1d41b70e9d944583ff7414f4fd943d025,2021-22,2021-11-20T19:00:00+03:00,expanding_league_hda,1459,1459,2021-11-20T13:30:00+00:00,0.449623029472,0.264564770391,0.285812200137,H
bfdbc3ab59fcd6cebf1f1edd3eccd2ccff43502ed089123e3d7ccb2141324f5f,2021-22,2021-11-21T13:30:00+03:00,uniform_hda,1462,0,2021-11-20T19:00:00+00:00,0.333333333333,0.333333333333,0.333333333333,A
bfdbc3ab59fcd6cebf1f1edd3eccd2ccff43502ed089123e3d7ccb2141324f5f,2021-22,2021-11-21T13:30:00+03:00,expanding_league_hda,1462,1462,2021-11-20T19:00:00+00:00,0.450752393981,0.264021887825,0.285225718194,A
5f4cdf409621550e06bbb28a8e62047293f80f1da84d7f2f4d9f930721be1557,2021-22,2021-11-21T16:00:00+03:00,uniform_hda,1462,0,2021-11-20T19:00:00+00:00,0.333333333333,0.333333333333,0.333333333333,A
5f4cdf409621550e06bbb28a8e62047293f80f1da84d7f2f4d9f930721be1557,2021-22,2021-11-21T16:00:00+03:00,expanding_league_hda,1462,1462,2021-11-20T19:00:00+00:00,0.450752393981,0.264021887825,0.285225718194,A
de41bcbff90b0aabf5c2a15ad77a16f0fd8e1993c9c0f4b7aae0498b7d51dc0b,2021-22,2021-11-21T16:00:00+03:00,uniform_hda,1462,0,2021-11-20T19:00:00+00:00,0.333333333333,0.333333333333,0.333333333333,H
de41bcbff90b0aabf5c2a15ad77a16f0fd8e1993c9c0f4b7aae0498b7d51dc0b,2021-22,2021-11-21T16:00:00+03:00,expanding_league_hda,1462,1462,2021-11-20T19:00:00+00:00,0.450752393981,0.264021887825,0.285225718194,H
60ab5df71cba999816ea4682768319a29cb245e842b8deefba37022232be5257,2021-22,2021-11-21T19:00:00+03:00,uniform_hda,1463,0,2021-11-21T13:30:00+00:00,0.333333333333,0.333333333333,0.333333333333,A
60ab5df71cba999816ea4682768319a29cb245e842b8deefba37022232be5257,2021-22,2021-11-21T19:00:00+03:00,expanding_league_hda,1463,1463,2021-11-21T13:30:00+00:00,0.450444292550,0.263841421736,0.285714285714,A
2a31ee940aa17ef66075c94bc9f1399959421399c67ac9acdf2aad6f07ca39de,2021-22,2021-11-22T20:00:00+03:00,uniform_hda,1466,0,2021-11-21T19:00:00+00:00,0.333333333333,0.333333333333,0.333333333333,D
2a31ee940aa17ef66075c94bc9f1399959421399c67ac9acdf2aad6f07ca39de,2021-22,2021-11-22T20:00:00+03:00,expanding_league_hda,1466,1466,2021-11-21T19:00:00+00:00,0.450204638472,0.263301500682,0.286493860846,D
4a27d613912c928e0fd03a723988066944b219936ea06f14c5b103616b95a6ca,2021-22,2021-11-22T20:00:00+03:00,uniform_hda,1466,0,2021-11-21T19:00:00+00:00,0.333333333333,0.333333333333,0.333333333333,H
4a27d613912c928e0fd03a723988066944b219936ea06f14c5b103616b95a6ca,2021-22,2021-11-22T20:00:00+03:00,expanding_league_hda,1466,1466,2021-11-21T19:00:00+00:00,0.450204638472,0.263301500682,0.286493860846,H
6b6e84e818fdf3672839acccd3e1138edba9fa146077e16693433942a5186991,2021-22,2021-11-26T20:00:00+03:00,uniform_hda,1468,0,2021-11-22T20:00:00+00:00,0.333333333333,0.333333333333,0.333333333333,D
6b6e84e818fdf3672839acccd3e1138edba9fa146077e16693433942a5186991,2021-22,2021-11-26T20:00:00+03:00,expanding_league_hda,1468,1468,2021-11-22T20:00:00+00:00,0.450272479564,0.263623978202,0.286103542234,D
b7b7ca56c3f3c4bf73ff3200b380e8a318804490a4354efe02de5be9505cd437,2021-22,2021-11-26T20:00:00+03:00,uniform_hda,1468,0,2021-11-22T20:00:00+00:00,0.333333333333,0.333333333333,0.333333333333,D
b7b7ca56c3f3c4bf73ff3200b380e8a318804490a4354efe02de5be9505cd437,2021-22,2021-11-26T20:00:00+03:00,expanding_league_hda,1468,1468,2021-11-22T20:00:00+00:00,0.450272479564,0.263623978202,0.286103542234,D
3c890caccb2f6c1c76f677cb01fbfd7065f681e702b3b4337e299255d1d75334,2021-22,2021-11-27T13:30:00+03:00,uniform_hda,1470,0,2021-11-26T20:00:00+00:00,0.333333333333,0.333333333333,0.333333333333,H
3c890caccb2f6c1c76f677cb01fbfd7065f681e702b3b4337e299255d1d75334,2021-22,2021-11-27T13:30:00+03:00,expanding_league_hda,1470,1470,2021-11-26T20:00:00+00:00,0.449659863946,0.264625850340,0.285714285714,H
8c9feee9043baa150632a41f2e914e1b3bc0ee47a804f985e357cd7835da7b6a,2021-22,2021-11-27T16:00:00+03:00,uniform_hda,1470,0,2021-11-26T20:00:00+00:00,0.333333333333,0.333333333333,0.333333333333,H
8c9feee9043baa150632a41f2e914e1b3bc0ee47a804f985e357cd7835da7b6a,2021-22,2021-11-27T16:00:00+03:00,expanding_league_hda,1470,1470,2021-11-26T20:00:00+00:00,0.449659863946,0.264625850340,0.285714285714,H
efeae5476b8a9142b69a6472f8004d39e3c10d096b755a7fad34a580d13ac27f,2021-22,2021-11-27T19:00:00+03:00,uniform_hda,1471,0,2021-11-27T13:30:00+00:00,0.333333333333,0.333333333333,0.333333333333,A
efeae5476b8a9142b69a6472f8004d39e3c10d096b755a7fad34a580d13ac27f,2021-22,2021-11-27T19:00:00+03:00,expanding_league_hda,1471,1471,2021-11-27T13:30:00+00:00,0.450033990483,0.264445955133,0.285520054385,A
17fb753142f88f411d0188ab6690d824a1d38ba32e5414bb164199428593dbd5,2021-22,2021-11-28T13:30:00+03:00,uniform_hda,1473,0,2021-11-27T19:00:00+00:00,0.333333333333,0.333333333333,0.333333333333,H
17fb753142f88f411d0188ab6690d824a1d38ba32e5414bb164199428593dbd5,2021-22,2021-11-28T13:30:00+03:00,expanding_league_hda,1473,1473,2021-11-27T19:00:00+00:00,0.450101832994,0.264086897488,0.285811269518,H
519b08ef23a1377de1ef922d76cddb9c30f9a36a8a8ead03a437252bbc49e433,2021-22,2021-11-28T16:00:00+03:00,uniform_hda,1473,0,2021-11-27T19:00:00+00:00,0.333333333333,0.333333333333,0.333333333333,H
519b08ef23a1377de1ef922d76cddb9c30f9a36a8a8ead03a437252bbc49e433,2021-22,2021-11-28T16:00:00+03:00,expanding_league_hda,1473,1473,2021-11-27T19:00:00+00:00,0.450101832994,0.264086897488,0.285811269518,H
c68def705b0ac481d6e99824042f2ef86b94a8077ed54288db4b9c64fc475cde,2021-22,2021-11-28T16:00:00+03:00,uniform_hda,1473,0,2021-11-27T19:00:00+00:00,0.333333333333,0.333333333333,0.333333333333,A
c68def705b0ac481d6e99824042f2ef86b94a8077ed54288db4b9c64fc475cde,2021-22,2021-11-28T16:00:00+03:00,expanding_league_hda,1473,1473,2021-11-27T19:00:00+00:00,0.450101832994,0.264086897488,0.285811269518,A
c2d627e9d7ed9fef5de878bc4f2d060401d72196e7c292b3b775fe83f8138a40,2021-22,2021-11-28T19:00:00+03:00,uniform_hda,1474,0,2021-11-28T13:30:00+00:00,0.333333333333,0.333333333333,0.333333333333,D
c2d627e9d7ed9fef5de878bc4f2d060401d72196e7c292b3b775fe83f8138a40,2021-22,2021-11-28T19:00:00+03:00,expanding_league_hda,1474,1474,2021-11-28T13:30:00+00:00,0.450474898236,0.263907734057,0.285617367707,D
53da2159ca8f80038f3243eedfbe310448022ffee54ef6d84a1e8a7913d47bff,2021-22,2021-11-29T20:00:00+03:00,uniform_hda,1477,0,2021-11-28T19:00:00+00:00,0.333333333333,0.333333333333,0.333333333333,D
53da2159ca8f80038f3243eedfbe310448022ffee54ef6d84a1e8a7913d47bff,2021-22,2021-11-29T20:00:00+03:00,expanding_league_hda,1477,1477,2021-11-28T19:00:00+00:00,0.450236966825,0.264048747461,0.285714285714,D
1220180b080cb957c681220abcb4aadcec9f1b841037866f950f849867501e05,2021-22,2021-12-03T20:00:00+03:00,uniform_hda,1478,0,2021-11-29T20:00:00+00:00,0.333333333333,0.333333333333,0.333333333333,D
1220180b080cb957c681220abcb4aadcec9f1b841037866f950f849867501e05,2021-22,2021-12-03T20:00:00+03:00,expanding_league_hda,1478,1478,2021-11-29T20:00:00+00:00,0.449932341001,0.264546684709,0.285520974290,D
a1d879878afcdaefebea96a9c932519e3be74443f03671a011ae294e7246d7d5,2021-22,2021-12-04T13:30:00+03:00,uniform_hda,1479,0,2021-12-03T20:00:00+00:00,0.333333333333,0.333333333333,0.333333333333,A
a1d879878afcdaefebea96a9c932519e3be74443f03671a011ae294e7246d7d5,2021-22,2021-12-04T13:30:00+03:00,expanding_league_hda,1479,1479,2021-12-03T20:00:00+00:00,0.449628127113,0.265043948614,0.285327924273,A
90638d3039315864d9e71db4d0769d852ac57a3d8cfdf9335942b737bac925cb,2021-22,2021-12-04T16:00:00+03:00,uniform_hda,1479,0,2021-12-03T20:00:00+00:00,0.333333333333,0.333333333333,0.333333333333,H
90638d3039315864d9e71db4d0769d852ac57a3d8cfdf9335942b737bac925cb,2021-22,2021-12-04T16:00:00+03:00,expanding_league_hda,1479,1479,2021-12-03T20:00:00+00:00,0.449628127113,0.265043948614,0.285327924273,H
53c084bb99b7fb1340ccc0e05e09372cdfbd061835969b297b99d3b8ff120ae5,2021-22,2021-12-04T19:00:00+03:00,uniform_hda,1480,0,2021-12-04T13:30:00+00:00,0.333333333333,0.333333333333,0.333333333333,D
53c084bb99b7fb1340ccc0e05e09372cdfbd061835969b297b99d3b8ff120ae5,2021-22,2021-12-04T19:00:00+03:00,expanding_league_hda,1480,1480,2021-12-04T13:30:00+00:00,0.449324324324,0.264864864865,0.285810810811,D
e204cdaa3319c446b315cb37effc3775bb4b41983cb0925bce3acd5cc5cb91cd,2021-22,2021-12-05T13:30:00+03:00,uniform_hda,1482,0,2021-12-04T19:00:00+00:00,0.333333333333,0.333333333333,0.333333333333,H
e204cdaa3319c446b315cb37effc3775bb4b41983cb0925bce3acd5cc5cb91cd,2021-22,2021-12-05T13:30:00+03:00,expanding_league_hda,1482,1482,2021-12-04T19:00:00+00:00,0.449392712551,0.265182186235,0.285425101215,H
1c7eb2184f8fc4af527c27f5f544904d0de033cdb1875583ff7a628191a328bf,2021-22,2021-12-05T16:00:00+03:00,uniform_hda,1482,0,2021-12-04T19:00:00+00:00,0.333333333333,0.333333333333,0.333333333333,H
1c7eb2184f8fc4af527c27f5f544904d0de033cdb1875583ff7a628191a328bf,2021-22,2021-12-05T16:00:00+03:00,expanding_league_hda,1482,1482,2021-12-04T19:00:00+00:00,0.449392712551,0.265182186235,0.285425101215,H
e4a1f1eca8df6d8aba5c0f36eed6c8f4cddee93b93ed152618dc8e390b37f142,2021-22,2021-12-05T16:00:00+03:00,uniform_hda,1482,0,2021-12-04T19:00:00+00:00,0.333333333333,0.333333333333,0.333333333333,A
e4a1f1eca8df6d8aba5c0f36eed6c8f4cddee93b93ed152618dc8e390b37f142,2021-22,2021-12-05T16:00:00+03:00,expanding_league_hda,1482,1482,2021-12-04T19:00:00+00:00,0.449392712551,0.265182186235,0.285425101215,A
45a6f6e65985506ab256e1640c9e733281383a1667c55cfcb2a60af69e3dc6c5,2021-22,2021-12-05T19:00:00+03:00,uniform_hda,1483,0,2021-12-05T13:30:00+00:00,0.333333333333,0.333333333333,0.333333333333,H
45a6f6e65985506ab256e1640c9e733281383a1667c55cfcb2a60af69e3dc6c5,2021-22,2021-12-05T19:00:00+03:00,expanding_league_hda,1483,1483,2021-12-05T13:30:00+00:00,0.449763991908,0.265003371544,0.285232636548,H
156edd386fcd83e052b1c23dce3a8f0978201146ff7e72bea938e8d893f6dce8,2021-22,2021-12-06T20:00:00+03:00,uniform_hda,1486,0,2021-12-05T19:00:00+00:00,0.333333333333,0.333333333333,0.333333333333,D
156edd386fcd83e052b1c23dce3a8f0978201146ff7e72bea938e8d893f6dce8,2021-22,2021-12-06T20:00:00+03:00,expanding_league_hda,1486,1486,2021-12-05T19:00:00+00:00,0.450201884253,0.264468371467,0.285329744280,D
9fd60b60fed7be26d2a0b10266ce54f9ad233c518bd0f58c47b86c3f1da5fbda,2021-22,2021-12-06T20:00:00+03:00,uniform_hda,1486,0,2021-12-05T19:00:00+00:00,0.333333333333,0.333333333333,0.333333333333,H
9fd60b60fed7be26d2a0b10266ce54f9ad233c518bd0f58c47b86c3f1da5fbda,2021-22,2021-12-06T20:00:00+03:00,expanding_league_hda,1486,1486,2021-12-05T19:00:00+00:00,0.450201884253,0.264468371467,0.285329744280,H
b0b18d3a5271b3d605cc904aa4c73b0ddc78ed37644a9dff5311e1a487e13b02,2021-22,2021-12-10T20:00:00+03:00,uniform_hda,1488,0,2021-12-06T20:00:00+00:00,0.333333333333,0.333333333333,0.333333333333,A
b0b18d3a5271b3d605cc904aa4c73b0ddc78ed37644a9dff5311e1a487e13b02,2021-22,2021-12-10T20:00:00+03:00,expanding_league_hda,1488,1488,2021-12-06T20:00:00+00:00,0.450268817204,0.264784946237,0.284946236559,A
947abda0f4873145ba11ab34d92ed23fe303883aebb9823b0f53acc8dccd32e8,2021-22,2021-12-11T13:30:00+03:00,uniform_hda,1489,0,2021-12-10T20:00:00+00:00,0.333333333333,0.333333333333,0.333333333333,A
947abda0f4873145ba11ab34d92ed23fe303883aebb9823b0f53acc8dccd32e8,2021-22,2021-12-11T13:30:00+03:00,expanding_league_hda,1489,1489,2021-12-10T20:00:00+00:00,0.449966420416,0.264607118872,0.285426460712,A
1742dc7e1427a4b5866dc794260e72d80b44d56a5f4ca3d0c255d8b261b1b8f4,2021-22,2021-12-11T16:00:00+03:00,uniform_hda,1489,0,2021-12-10T20:00:00+00:00,0.333333333333,0.333333333333,0.333333333333,H
1742dc7e1427a4b5866dc794260e72d80b44d56a5f4ca3d0c255d8b261b1b8f4,2021-22,2021-12-11T16:00:00+03:00,expanding_league_hda,1489,1489,2021-12-10T20:00:00+00:00,0.449966420416,0.264607118872,0.285426460712,H
cf0d0796b962092e7a0986a498acb90dff124c7bcb7092d6251ac81189830a3b,2021-22,2021-12-11T16:00:00+03:00,uniform_hda,1489,0,2021-12-10T20:00:00+00:00,0.333333333333,0.333333333333,0.333333333333,H
cf0d0796b962092e7a0986a498acb90dff124c7bcb7092d6251ac81189830a3b,2021-22,2021-12-11T16:00:00+03:00,expanding_league_hda,1489,1489,2021-12-10T20:00:00+00:00,0.449966420416,0.264607118872,0.285426460712,H
583d785727515dc97f55d60cb89e506ecd42f2e11ea02aa48ec9d3c9b6daea39,2021-22,2021-12-11T19:00:00+03:00,uniform_hda,1490,0,2021-12-11T13:30:00+00:00,0.333333333333,0.333333333333,0.333333333333,H
583d785727515dc97f55d60cb89e506ecd42f2e11ea02aa48ec9d3c9b6daea39,2021-22,2021-12-11T19:00:00+03:00,expanding_league_hda,1490,1490,2021-12-11T13:30:00+00:00,0.449664429530,0.264429530201,0.285906040268,H
7250fac521d58bbb590f6f8f0c627e0494ae5d6e5638c3681b8e5f4bff6a2cc8,2021-22,2021-12-12T13:30:00+03:00,uniform_hda,1493,0,2021-12-11T19:00:00+00:00,0.333333333333,0.333333333333,0.333333333333,H
7250fac521d58bbb590f6f8f0c627e0494ae5d6e5638c3681b8e5f4bff6a2cc8,2021-22,2021-12-12T13:30:00+03:00,expanding_league_hda,1493,1493,2021-12-11T19:00:00+00:00,0.450770261219,0.263898191561,0.285331547220,H
47e7ec2648d401584be94f1776a28110685de57c318be5a74c6674ccc5b1dfa8,2021-22,2021-12-12T16:00:00+03:00,uniform_hda,1493,0,2021-12-11T19:00:00+00:00,0.333333333333,0.333333333333,0.333333333333,A
47e7ec2648d401584be94f1776a28110685de57c318be5a74c6674ccc5b1dfa8,2021-22,2021-12-12T16:00:00+03:00,expanding_league_hda,1493,1493,2021-12-11T19:00:00+00:00,0.450770261219,0.263898191561,0.285331547220,A
901ac390eba7fa34febdd09db1cd70f32de1e9099694cde2ff17b1ae609e2aa7,2021-22,2021-12-12T19:00:00+03:00,uniform_hda,1494,0,2021-12-12T13:30:00+00:00,0.333333333333,0.333333333333,0.333333333333,H
901ac390eba7fa34febdd09db1cd70f32de1e9099694cde2ff17b1ae609e2aa7,2021-22,2021-12-12T19:00:00+03:00,expanding_league_hda,1494,1494,2021-12-12T13:30:00+00:00,0.451137884873,0.263721552878,0.285140562249,H
f39e05536e78f920706a9eb9136744f536b8f394a348e45b732b9fc36376f49f,2021-22,2021-12-13T18:00:00+03:00,uniform_hda,1496,0,2021-12-12T19:00:00+00:00,0.333333333333,0.333333333333,0.333333333333,H
f39e05536e78f920706a9eb9136744f536b8f394a348e45b732b9fc36376f49f,2021-22,2021-12-13T18:00:00+03:00,expanding_league_hda,1496,1496,2021-12-12T19:00:00+00:00,0.451203208556,0.263368983957,0.285427807487,H
50845828217e187517023e04176b728b54f2e6034dcfb98170972fe9b6e12955,2021-22,2021-12-13T20:30:00+03:00,uniform_hda,1496,0,2021-12-12T19:00:00+00:00,0.333333333333,0.333333333333,0.333333333333,H
50845828217e187517023e04176b728b54f2e6034dcfb98170972fe9b6e12955,2021-22,2021-12-13T20:30:00+03:00,expanding_league_hda,1496,1496,2021-12-12T19:00:00+00:00,0.451203208556,0.263368983957,0.285427807487,H
213d745455df6e9bad0447d10010c808d91b7b39ac98e0f22d9cbc00762737e8,2021-22,2021-12-17T20:00:00+03:00,uniform_hda,1498,0,2021-12-13T20:30:00+00:00,0.333333333333,0.333333333333,0.333333333333,H
213d745455df6e9bad0447d10010c808d91b7b39ac98e0f22d9cbc00762737e8,2021-22,2021-12-17T20:00:00+03:00,expanding_league_hda,1498,1498,2021-12-13T20:30:00+00:00,0.451935914553,0.263017356475,0.285046728972,H
85e5d65c804d286b5ef9aa7335cc0d1175289c7c61374e571389dcc9ced9fcf4,2021-22,2021-12-18T13:30:00+03:00,uniform_hda,1499,0,2021-12-17T20:00:00+00:00,0.333333333333,0.333333333333,0.333333333333,A
85e5d65c804d286b5ef9aa7335cc0d1175289c7c61374e571389dcc9ced9fcf4,2021-22,2021-12-18T13:30:00+03:00,expanding_league_hda,1499,1499,2021-12-17T20:00:00+00:00,0.452301534356,0.262841894596,0.284856571047,A
75ca8fb160b51a1bf5dee4164ba8c6f0fdda713e643843a1838ab3a008810d85,2021-22,2021-12-18T16:00:00+03:00,uniform_hda,1499,0,2021-12-17T20:00:00+00:00,0.333333333333,0.333333333333,0.333333333333,H
75ca8fb160b51a1bf5dee4164ba8c6f0fdda713e643843a1838ab3a008810d85,2021-22,2021-12-18T16:00:00+03:00,expanding_league_hda,1499,1499,2021-12-17T20:00:00+00:00,0.452301534356,0.262841894596,0.284856571047,H
f73df3cde856a69ac237fac19b08600b738520f01e798f2dbed18b238eb027ef,2021-22,2021-12-18T16:00:00+03:00,uniform_hda,1499,0,2021-12-17T20:00:00+00:00,0.333333333333,0.333333333333,0.333333333333,H
f73df3cde856a69ac237fac19b08600b738520f01e798f2dbed18b238eb027ef,2021-22,2021-12-18T16:00:00+03:00,expanding_league_hda,1499,1499,2021-12-17T20:00:00+00:00,0.452301534356,0.262841894596,0.284856571047,H
5c6289d14b26519663d1581dfa02470d21411e13d7369a2777df8b9938108ceb,2021-22,2021-12-18T19:00:00+03:00,uniform_hda,1500,0,2021-12-18T13:30:00+00:00,0.333333333333,0.333333333333,0.333333333333,A
5c6289d14b26519663d1581dfa02470d21411e13d7369a2777df8b9938108ceb,2021-22,2021-12-18T19:00:00+03:00,expanding_league_hda,1500,1500,2021-12-18T13:30:00+00:00,0.452000000000,0.262666666667,0.285333333333,A
ff0f6c8bcaac596d7f5c17868cc0c1573857c63c82d72a54412c962b5a678788,2021-22,2021-12-18T19:00:00+03:00,uniform_hda,1500,0,2021-12-18T13:30:00+00:00,0.333333333333,0.333333333333,0.333333333333,D
ff0f6c8bcaac596d7f5c17868cc0c1573857c63c82d72a54412c962b5a678788,2021-22,2021-12-18T19:00:00+03:00,expanding_league_hda,1500,1500,2021-12-18T13:30:00+00:00,0.452000000000,0.262666666667,0.285333333333,D
6231951db1ba7a65b5db46a5e8c2d6168d817f9a7354780f84a34781e1ac38ca,2021-22,2021-12-19T13:30:00+03:00,uniform_hda,1504,0,2021-12-18T19:00:00+00:00,0.333333333333,0.333333333333,0.333333333333,H
6231951db1ba7a65b5db46a5e8c2d6168d817f9a7354780f84a34781e1ac38ca,2021-22,2021-12-19T13:30:00+03:00,expanding_league_hda,1504,1504,2021-12-18T19:00:00+00:00,0.452127659574,0.262632978723,0.285239361702,H
6856c8bd1108fda05f37290195197cf8767d49b92bbd15ceb7c8ff529b9f3b07,2021-22,2021-12-19T16:00:00+03:00,uniform_hda,1504,0,2021-12-18T19:00:00+00:00,0.333333333333,0.333333333333,0.333333333333,A
6856c8bd1108fda05f37290195197cf8767d49b92bbd15ceb7c8ff529b9f3b07,2021-22,2021-12-19T16:00:00+03:00,expanding_league_hda,1504,1504,2021-12-18T19:00:00+00:00,0.452127659574,0.262632978723,0.285239361702,A
d27eaa57671d79cbf4e5a2231a01bf329c581b14d403d23d4289fb960f86062a,2021-22,2021-12-19T16:00:00+03:00,uniform_hda,1504,0,2021-12-18T19:00:00+00:00,0.333333333333,0.333333333333,0.333333333333,D
d27eaa57671d79cbf4e5a2231a01bf329c581b14d403d23d4289fb960f86062a,2021-22,2021-12-19T16:00:00+03:00,expanding_league_hda,1504,1504,2021-12-18T19:00:00+00:00,0.452127659574,0.262632978723,0.285239361702,D
cbb4d2d777787ff5637c7d53c84de1b71bf1da17e95e73a27e0bb06814786cd6,2021-22,2021-12-19T19:00:00+03:00,uniform_hda,1505,0,2021-12-19T13:30:00+00:00,0.333333333333,0.333333333333,0.333333333333,D
cbb4d2d777787ff5637c7d53c84de1b71bf1da17e95e73a27e0bb06814786cd6,2021-22,2021-12-19T19:00:00+03:00,expanding_league_hda,1505,1505,2021-12-19T13:30:00+00:00,0.452491694352,0.262458471761,0.285049833887,D
e60ffa354d8656b45f98e84461824483406fdf2cac4713e65c4a0893ed46bdf9,2021-22,2021-12-21T17:00:00+03:00,uniform_hda,1508,0,2021-12-19T19:00:00+00:00,0.333333333333,0.333333333333,0.333333333333,D
e60ffa354d8656b45f98e84461824483406fdf2cac4713e65c4a0893ed46bdf9,2021-22,2021-12-21T17:00:00+03:00,expanding_league_hda,1508,1508,2021-12-19T19:00:00+00:00,0.451591511936,0.263262599469,0.285145888594,D
f168cfbfe173f237fafc23d27302d14a4976be358b11505df57c58906b53b624,2021-22,2021-12-21T17:00:00+03:00,uniform_hda,1508,0,2021-12-19T19:00:00+00:00,0.333333333333,0.333333333333,0.333333333333,H
f168cfbfe173f237fafc23d27302d14a4976be358b11505df57c58906b53b624,2021-22,2021-12-21T17:00:00+03:00,expanding_league_hda,1508,1508,2021-12-19T19:00:00+00:00,0.451591511936,0.263262599469,0.285145888594,H
61f6eb0bebdda05a3d5309a2def2d063bd42f3d1f277c51ef443bdca71409b3a,2021-22,2021-12-21T20:00:00+03:00,uniform_hda,1508,0,2021-12-19T19:00:00+00:00,0.333333333333,0.333333333333,0.333333333333,A
61f6eb0bebdda05a3d5309a2def2d063bd42f3d1f277c51ef443bdca71409b3a,2021-22,2021-12-21T20:00:00+03:00,expanding_league_hda,1508,1508,2021-12-19T19:00:00+00:00,0.451591511936,0.263262599469,0.285145888594,A
f0705fd16b737cb5eea4bb51a74f27bd8e0f1fdb6eb44c279c5f95e9a37a11c9,2021-22,2021-12-21T20:00:00+03:00,uniform_hda,1508,0,2021-12-19T19:00:00+00:00,0.333333333333,0.333333333333,0.333333333333,H
f0705fd16b737cb5eea4bb51a74f27bd8e0f1fdb6eb44c279c5f95e9a37a11c9,2021-22,2021-12-21T20:00:00+03:00,expanding_league_hda,1508,1508,2021-12-19T19:00:00+00:00,0.451591511936,0.263262599469,0.285145888594,H
1efd86022baf5a4564ac6343577c3dcf9fa523f98c0db87e6d8db1b49012039f,2021-22,2021-12-22T17:00:00+03:00,uniform_hda,1512,0,2021-12-21T20:00:00+00:00,0.333333333333,0.333333333333,0.333333333333,A
1efd86022baf5a4564ac6343577c3dcf9fa523f98c0db87e6d8db1b49012039f,2021-22,2021-12-22T17:00:00+03:00,expanding_league_hda,1512,1512,2021-12-21T20:00:00+00:00,0.451719576720,0.263227513228,0.285052910053,A
3b2219ae6d317b9445e6cbcca886b669e36b9d839b197815f0b7781a4dd220e2,2021-22,2021-12-22T17:00:00+03:00,uniform_hda,1512,0,2021-12-21T20:00:00+00:00,0.333333333333,0.333333333333,0.333333333333,D
3b2219ae6d317b9445e6cbcca886b669e36b9d839b197815f0b7781a4dd220e2,2021-22,2021-12-22T17:00:00+03:00,expanding_league_hda,1512,1512,2021-12-21T20:00:00+00:00,0.451719576720,0.263227513228,0.285052910053,D
7cb02756422f3448e5d6c45a807d4bf20beca0c5140ffc83adba26725a147b0b,2021-22,2021-12-22T20:00:00+03:00,uniform_hda,1512,0,2021-12-21T20:00:00+00:00,0.333333333333,0.333333333333,0.333333333333,D
7cb02756422f3448e5d6c45a807d4bf20beca0c5140ffc83adba26725a147b0b,2021-22,2021-12-22T20:00:00+03:00,expanding_league_hda,1512,1512,2021-12-21T20:00:00+00:00,0.451719576720,0.263227513228,0.285052910053,D
7cc3d5cc6301fde02f3839e99877feb6e6dd12f20680ee75a439310ba70b06e3,2021-22,2021-12-22T20:00:00+03:00,uniform_hda,1512,0,2021-12-21T20:00:00+00:00,0.333333333333,0.333333333333,0.333333333333,H
7cc3d5cc6301fde02f3839e99877feb6e6dd12f20680ee75a439310ba70b06e3,2021-22,2021-12-22T20:00:00+03:00,expanding_league_hda,1512,1512,2021-12-21T20:00:00+00:00,0.451719576720,0.263227513228,0.285052910053,H
14c98e50c4d1c0ac854b80f872f62adaba1561c2c0616b0c0cbeeb2d8be7effe,2021-22,2021-12-23T17:00:00+03:00,uniform_hda,1516,0,2021-12-22T20:00:00+00:00,0.333333333333,0.333333333333,0.333333333333,D
14c98e50c4d1c0ac854b80f872f62adaba1561c2c0616b0c0cbeeb2d8be7effe,2021-22,2021-12-23T17:00:00+03:00,expanding_league_hda,1516,1516,2021-12-22T20:00:00+00:00,0.451187335092,0.263852242744,0.284960422164,D
d58b166aed8aebef758cfe79a42672397a1aa5dbe8f7fdaf3eb756ad7eefa5aa,2021-22,2021-12-23T20:00:00+03:00,uniform_hda,1516,0,2021-12-22T20:00:00+00:00,0.333333333333,0.333333333333,0.333333333333,H
d58b166aed8aebef758cfe79a42672397a1aa5dbe8f7fdaf3eb756ad7eefa5aa,2021-22,2021-12-23T20:00:00+03:00,expanding_league_hda,1516,1516,2021-12-22T20:00:00+00:00,0.451187335092,0.263852242744,0.284960422164,H
693ed8db43f8957b0ba01e353081373453599f8268fe3a8db37394c622f097c9,2021-22,2021-12-25T13:30:00+03:00,uniform_hda,1518,0,2021-12-23T20:00:00+00:00,0.333333333333,0.333333333333,0.333333333333,H
693ed8db43f8957b0ba01e353081373453599f8268fe3a8db37394c622f097c9,2021-22,2021-12-25T13:30:00+03:00,expanding_league_hda,1518,1518,2021-12-23T20:00:00+00:00,0.451251646904,0.264163372859,0.284584980237,H
4a34bc61dadbedac8edfe00b7cbc92cb5237263d21dd4362265f9ee654395074,2021-22,2021-12-25T16:00:00+03:00,uniform_hda,1518,0,2021-12-23T20:00:00+00:00,0.333333333333,0.333333333333,0.333333333333,A
4a34bc61dadbedac8edfe00b7cbc92cb5237263d21dd4362265f9ee654395074,2021-22,2021-12-25T16:00:00+03:00,expanding_league_hda,1518,1518,2021-12-23T20:00:00+00:00,0.451251646904,0.264163372859,0.284584980237,A
8a121adcaae90d18878b6403104006ed2ebb6e8c33027515948d5c0a06829e04,2021-22,2021-12-25T16:00:00+03:00,uniform_hda,1518,0,2021-12-23T20:00:00+00:00,0.333333333333,0.333333333333,0.333333333333,H
8a121adcaae90d18878b6403104006ed2ebb6e8c33027515948d5c0a06829e04,2021-22,2021-12-25T16:00:00+03:00,expanding_league_hda,1518,1518,2021-12-23T20:00:00+00:00,0.451251646904,0.264163372859,0.284584980237,H
e0abf0670c6dfa87c57fdf7f0a5288b15165260e75a7349c4d0cef58fac718d1,2021-22,2021-12-25T19:00:00+03:00,uniform_hda,1519,0,2021-12-25T13:30:00+00:00,0.333333333333,0.333333333333,0.333333333333,D
e0abf0670c6dfa87c57fdf7f0a5288b15165260e75a7349c4d0cef58fac718d1,2021-22,2021-12-25T19:00:00+03:00,expanding_league_hda,1519,1519,2021-12-25T13:30:00+00:00,0.451612903226,0.263989466754,0.284397630020,D
676eb6e13ef0d555306a8472922bd57221582a6d62bc578c5db7634b0582c6d4,2021-22,2021-12-26T13:30:00+03:00,uniform_hda,1522,0,2021-12-25T19:00:00+00:00,0.333333333333,0.333333333333,0.333333333333,A
676eb6e13ef0d555306a8472922bd57221582a6d62bc578c5db7634b0582c6d4,2021-22,2021-12-26T13:30:00+03:00,expanding_league_hda,1522,1522,2021-12-25T19:00:00+00:00,0.451379763469,0.264126149803,0.284494086728,A
3fca3eda582dbce17ed0e9db9644c2d2d879160870499fbc764d93cffc75ab52,2021-22,2021-12-26T16:00:00+03:00,uniform_hda,1522,0,2021-12-25T19:00:00+00:00,0.333333333333,0.333333333333,0.333333333333,D
3fca3eda582dbce17ed0e9db9644c2d2d879160870499fbc764d93cffc75ab52,2021-22,2021-12-26T16:00:00+03:00,expanding_league_hda,1522,1522,2021-12-25T19:00:00+00:00,0.451379763469,0.264126149803,0.284494086728,D
e55e72ec019e25147be82ee7cae34f197d273282c392a6fd257c27f545137100,2021-22,2021-12-26T16:00:00+03:00,uniform_hda,1522,0,2021-12-25T19:00:00+00:00,0.333333333333,0.333333333333,0.333333333333,D
e55e72ec019e25147be82ee7cae34f197d273282c392a6fd257c27f545137100,2021-22,2021-12-26T16:00:00+03:00,expanding_league_hda,1522,1522,2021-12-25T19:00:00+00:00,0.451379763469,0.264126149803,0.284494086728,D
ac9364d5046c5545a45432b637bd4ee2374473747a2edccd3baf6fe50c2c3ee3,2021-22,2021-12-26T19:00:00+03:00,uniform_hda,1523,0,2021-12-26T13:30:00+00:00,0.333333333333,0.333333333333,0.333333333333,H
ac9364d5046c5545a45432b637bd4ee2374473747a2edccd3baf6fe50c2c3ee3,2021-22,2021-12-26T19:00:00+03:00,expanding_league_hda,1523,1523,2021-12-26T13:30:00+00:00,0.451083388050,0.263952724885,0.284963887065,H
86cff7325ce21cef4da2157084cf518b5221e82a1c693a1b27ab631097ec6a87,2021-22,2021-12-27T20:00:00+03:00,uniform_hda,1526,0,2021-12-26T19:00:00+00:00,0.333333333333,0.333333333333,0.333333333333,H
86cff7325ce21cef4da2157084cf518b5221e82a1c693a1b27ab631097ec6a87,2021-22,2021-12-27T20:00:00+03:00,expanding_league_hda,1526,1526,2021-12-26T19:00:00+00:00,0.450851900393,0.264744429882,0.284403669725,H
d0d0d34a8ffe67dc6e1b514c6ec1b66e2afdea942cbe0bd48feca2e930d2bacc,2021-22,2021-12-27T20:00:00+03:00,uniform_hda,1526,0,2021-12-26T19:00:00+00:00,0.333333333333,0.333333333333,0.333333333333,H
d0d0d34a8ffe67dc6e1b514c6ec1b66e2afdea942cbe0bd48feca2e930d2bacc,2021-22,2021-12-27T20:00:00+03:00,expanding_league_hda,1526,1526,2021-12-26T19:00:00+00:00,0.450851900393,0.264744429882,0.284403669725,H
9f2730f2bd3426408d6b3d5135fa9f62e1212dbfc1a813cc5292bf29fad59eab,2021-22,2022-01-07T20:00:00+03:00,uniform_hda,1528,0,2021-12-27T20:00:00+00:00,0.333333333333,0.333333333333,0.333333333333,H
9f2730f2bd3426408d6b3d5135fa9f62e1212dbfc1a813cc5292bf29fad59eab,2021-22,2022-01-07T20:00:00+03:00,expanding_league_hda,1528,1528,2021-12-27T20:00:00+00:00,0.451570680628,0.264397905759,0.284031413613,H
372a2667facd691f6f9fe669d7d41043cf2e40e10d487072f2b3fbb2964f0abd,2021-22,2022-01-08T13:30:00+03:00,uniform_hda,1529,0,2022-01-07T20:00:00+00:00,0.333333333333,0.333333333333,0.333333333333,H
372a2667facd691f6f9fe669d7d41043cf2e40e10d487072f2b3fbb2964f0abd,2021-22,2022-01-08T13:30:00+03:00,expanding_league_hda,1529,1529,2022-01-07T20:00:00+00:00,0.451929365598,0.264224983649,0.283845650752,H
72c35ec9951b8d366dee1a31598e016a75eb79e2a21b57aa2df8cb8e35c9d9b8,2021-22,2022-01-08T16:00:00+03:00,uniform_hda,1529,0,2022-01-07T20:00:00+00:00,0.333333333333,0.333333333333,0.333333333333,D
72c35ec9951b8d366dee1a31598e016a75eb79e2a21b57aa2df8cb8e35c9d9b8,2021-22,2022-01-08T16:00:00+03:00,expanding_league_hda,1529,1529,2022-01-07T20:00:00+00:00,0.451929365598,0.264224983649,0.283845650752,D
8ee93b05003eb3cbb8d6b291447f71f3d46432de2fe3cefca6d02c737cc24590,2021-22,2022-01-08T16:00:00+03:00,uniform_hda,1529,0,2022-01-07T20:00:00+00:00,0.333333333333,0.333333333333,0.333333333333,H
8ee93b05003eb3cbb8d6b291447f71f3d46432de2fe3cefca6d02c737cc24590,2021-22,2022-01-08T16:00:00+03:00,expanding_league_hda,1529,1529,2022-01-07T20:00:00+00:00,0.451929365598,0.264224983649,0.283845650752,H
37386dd578f8ac06599029974e543ffe5a3eabd3e9c886c29f5a4da98b653f01,2021-22,2022-01-08T19:00:00+03:00,uniform_hda,1530,0,2022-01-08T13:30:00+00:00,0.333333333333,0.333333333333,0.333333333333,A
37386dd578f8ac06599029974e543ffe5a3eabd3e9c886c29f5a4da98b653f01,2021-22,2022-01-08T19:00:00+03:00,expanding_league_hda,1530,1530,2022-01-08T13:30:00+00:00,0.452287581699,0.264052287582,0.283660130719,A
d382be0080a450c6ddfd2987900028f35109ec15cafd9bdc8bddd4ef13a03171,2021-22,2022-01-09T13:30:00+03:00,uniform_hda,1533,0,2022-01-08T19:00:00+00:00,0.333333333333,0.333333333333,0.333333333333,A
d382be0080a450c6ddfd2987900028f35109ec15cafd9bdc8bddd4ef13a03171,2021-22,2022-01-09T13:30:00+03:00,expanding_league_hda,1533,1533,2022-01-08T19:00:00+00:00,0.452054794521,0.264187866928,0.283757338552,A
77aa80ced50ddb96e292fc9d7c3ac4125370e78da458eaccb58072c39fad1272,2021-22,2022-01-09T16:00:00+03:00,uniform_hda,1533,0,2022-01-08T19:00:00+00:00,0.333333333333,0.333333333333,0.333333333333,H
77aa80ced50ddb96e292fc9d7c3ac4125370e78da458eaccb58072c39fad1272,2021-22,2022-01-09T16:00:00+03:00,expanding_league_hda,1533,1533,2022-01-08T19:00:00+00:00,0.452054794521,0.264187866928,0.283757338552,H
aadd192bfcbd6d0fd37caeba8b96581d45bd44aa45fd4b0583e328cc5c7442e5,2021-22,2022-01-09T16:00:00+03:00,uniform_hda,1533,0,2022-01-08T19:00:00+00:00,0.333333333333,0.333333333333,0.333333333333,H
aadd192bfcbd6d0fd37caeba8b96581d45bd44aa45fd4b0583e328cc5c7442e5,2021-22,2022-01-09T16:00:00+03:00,expanding_league_hda,1533,1533,2022-01-08T19:00:00+00:00,0.452054794521,0.264187866928,0.283757338552,H
fa8737f04802618c0bb3787f653dbf2c22cc480ad315ef29fd6f03696d5521dd,2021-22,2022-01-09T19:00:00+03:00,uniform_hda,1534,0,2022-01-09T13:30:00+00:00,0.333333333333,0.333333333333,0.333333333333,D
fa8737f04802618c0bb3787f653dbf2c22cc480ad315ef29fd6f03696d5521dd,2021-22,2022-01-09T19:00:00+03:00,expanding_league_hda,1534,1534,2022-01-09T13:30:00+00:00,0.451760104302,0.264015645372,0.284224250326,D
d238eb8a35ca4546a1097d623837f63b4c4e73ece1ec9ac83f48707adff715bf,2021-22,2022-01-10T20:00:00+03:00,uniform_hda,1537,0,2022-01-09T19:00:00+00:00,0.333333333333,0.333333333333,0.333333333333,A
d238eb8a35ca4546a1097d623837f63b4c4e73ece1ec9ac83f48707adff715bf,2021-22,2022-01-10T20:00:00+03:00,expanding_league_hda,1537,1537,2022-01-09T19:00:00+00:00,0.452179570592,0.264150943396,0.283669486012,A
5b8c1516c667db2a63720ab6c782da71feff4b0531e6b333beac96bcc356e7c0,2021-22,2022-01-14T20:00:00+03:00,uniform_hda,1538,0,2022-01-10T20:00:00+00:00,0.333333333333,0.333333333333,0.333333333333,A
5b8c1516c667db2a63720ab6c782da71feff4b0531e6b333beac96bcc356e7c0,2021-22,2022-01-14T20:00:00+03:00,expanding_league_hda,1538,1538,2022-01-10T20:00:00+00:00,0.451885565670,0.263979193758,0.284135240572,A
7ba3b5f84743845a992e0b8a4610db32b245b402da0602c878fa5523f965c1fa,2021-22,2022-01-14T20:00:00+03:00,uniform_hda,1538,0,2022-01-10T20:00:00+00:00,0.333333333333,0.333333333333,0.333333333333,H
7ba3b5f84743845a992e0b8a4610db32b245b402da0602c878fa5523f965c1fa,2021-22,2022-01-14T20:00:00+03:00,expanding_league_hda,1538,1538,2022-01-10T20:00:00+00:00,0.451885565670,0.263979193758,0.284135240572,H
9a242736a343fd7bfa9dc5233811ad450c647af60af5f74c4005b2fa182b688b,2021-22,2022-01-15T13:30:00+03:00,uniform_hda,1540,0,2022-01-14T20:00:00+00:00,0.333333333333,0.333333333333,0.333333333333,D
9a242736a343fd7bfa9dc5233811ad450c647af60af5f74c4005b2fa182b688b,2021-22,2022-01-15T13:30:00+03:00,expanding_league_hda,1540,1540,2022-01-14T20:00:00+00:00,0.451948051948,0.263636363636,0.284415584416,D
14484bab34e8f85102f5e8e2fa0ce457905addfd58c4c6b74610376bd950830e,2021-22,2022-01-15T16:00:00+03:00,uniform_hda,1540,0,2022-01-14T20:00:00+00:00,0.333333333333,0.333333333333,0.333333333333,H
14484bab34e8f85102f5e8e2fa0ce457905addfd58c4c6b74610376bd950830e,2021-22,2022-01-15T16:00:00+03:00,expanding_league_hda,1540,1540,2022-01-14T20:00:00+00:00,0.451948051948,0.263636363636,0.284415584416,H
88134e720fe7f887c92ce1c7fe48258c7060cd50855be88f1d03b029cc4c9386,2021-22,2022-01-15T16:00:00+03:00,uniform_hda,1540,0,2022-01-14T20:00:00+00:00,0.333333333333,0.333333333333,0.333333333333,D
88134e720fe7f887c92ce1c7fe48258c7060cd50855be88f1d03b029cc4c9386,2021-22,2022-01-15T16:00:00+03:00,expanding_league_hda,1540,1540,2022-01-14T20:00:00+00:00,0.451948051948,0.263636363636,0.284415584416,D
2bf346a438f7856a471b33904695c3e2470082b0f4b41d9cb198a09f338faf7a,2021-22,2022-01-15T19:00:00+03:00,uniform_hda,1541,0,2022-01-15T13:30:00+00:00,0.333333333333,0.333333333333,0.333333333333,D
2bf346a438f7856a471b33904695c3e2470082b0f4b41d9cb198a09f338faf7a,2021-22,2022-01-15T19:00:00+03:00,expanding_league_hda,1541,1541,2022-01-15T13:30:00+00:00,0.451654769630,0.264114211551,0.284231018819,D
d138cb7cac58d6e8a011e95bf04652ea1a6fb9deb7b5b54df52bffa246eff345,2021-22,2022-01-16T13:30:00+03:00,uniform_hda,1544,0,2022-01-15T19:00:00+00:00,0.333333333333,0.333333333333,0.333333333333,A
d138cb7cac58d6e8a011e95bf04652ea1a6fb9deb7b5b54df52bffa246eff345,2021-22,2022-01-16T13:30:00+03:00,expanding_league_hda,1544,1544,2022-01-15T19:00:00+00:00,0.451424870466,0.264896373057,0.283678756477,A
a38a97e1ed71f299cf582575ea9b6781ae827a85e13c5e36cda5349a89a912c1,2021-22,2022-01-16T16:00:00+03:00,uniform_hda,1544,0,2022-01-15T19:00:00+00:00,0.333333333333,0.333333333333,0.333333333333,A
a38a97e1ed71f299cf582575ea9b6781ae827a85e13c5e36cda5349a89a912c1,2021-22,2022-01-16T16:00:00+03:00,expanding_league_hda,1544,1544,2022-01-15T19:00:00+00:00,0.451424870466,0.264896373057,0.283678756477,A
1acaa9bcddc6099e36da7366ff8020d0466fd580ae1bb4f284348df80f36d2db,2021-22,2022-01-16T19:00:00+03:00,uniform_hda,1545,0,2022-01-16T13:30:00+00:00,0.333333333333,0.333333333333,0.333333333333,H
1acaa9bcddc6099e36da7366ff8020d0466fd580ae1bb4f284348df80f36d2db,2021-22,2022-01-16T19:00:00+03:00,expanding_league_hda,1545,1545,2022-01-16T13:30:00+00:00,0.451132686084,0.264724919094,0.284142394822,H
41de053c48fd39a102eb3aa040fae408b35633bec1dfea806c53c77e732e437a,2021-22,2022-01-18T20:00:00+03:00,uniform_hda,1547,0,2022-01-16T19:00:00+00:00,0.333333333333,0.333333333333,0.333333333333,A
41de053c48fd39a102eb3aa040fae408b35633bec1dfea806c53c77e732e437a,2021-22,2022-01-18T20:00:00+03:00,expanding_league_hda,1547,1547,2022-01-16T19:00:00+00:00,0.451195862961,0.264382676147,0.284421460892,A
ec80ffa3a9320f7fb3d71ef6ba827867cd8c671c1dc139bc72017f37362a7e38,2021-22,2022-01-18T20:00:00+03:00,uniform_hda,1547,0,2022-01-16T19:00:00+00:00,0.333333333333,0.333333333333,0.333333333333,H
ec80ffa3a9320f7fb3d71ef6ba827867cd8c671c1dc139bc72017f37362a7e38,2021-22,2022-01-18T20:00:00+03:00,expanding_league_hda,1547,1547,2022-01-16T19:00:00+00:00,0.451195862961,0.264382676147,0.284421460892,H
8325f3b3d439e7b8476958ddfda766f4c20645bf6f36f63652d7737395b19d9c,2021-22,2022-01-19T17:00:00+03:00,uniform_hda,1549,0,2022-01-18T20:00:00+00:00,0.333333333333,0.333333333333,0.333333333333,H
8325f3b3d439e7b8476958ddfda766f4c20645bf6f36f63652d7737395b19d9c,2021-22,2022-01-19T17:00:00+03:00,expanding_league_hda,1549,1549,2022-01-18T20:00:00+00:00,0.451258876695,0.264041316979,0.284699806327,H
a0a88bfb7bbb5bc0cdc8ed1e5e21b54cc54b3bc1db805d477bd1a462a3539acc,2021-22,2022-01-19T17:00:00+03:00,uniform_hda,1549,0,2022-01-18T20:00:00+00:00,0.333333333333,0.333333333333,0.333333333333,H
a0a88bfb7bbb5bc0cdc8ed1e5e21b54cc54b3bc1db805d477bd1a462a3539acc,2021-22,2022-01-19T17:00:00+03:00,expanding_league_hda,1549,1549,2022-01-18T20:00:00+00:00,0.451258876695,0.264041316979,0.284699806327,H
1e2cf91a43bbcc702b89ef87ce089b8606f8dedc0bdcc2e1b661a35037bc6571,2021-22,2022-01-19T20:00:00+03:00,uniform_hda,1549,0,2022-01-18T20:00:00+00:00,0.333333333333,0.333333333333,0.333333333333,D
1e2cf91a43bbcc702b89ef87ce089b8606f8dedc0bdcc2e1b661a35037bc6571,2021-22,2022-01-19T20:00:00+03:00,expanding_league_hda,1549,1549,2022-01-18T20:00:00+00:00,0.451258876695,0.264041316979,0.284699806327,D
ddb5b2e18e90f6c85a67a219165fe574c597da63942aef73be5fef7f01a93782,2021-22,2022-01-19T20:00:00+03:00,uniform_hda,1549,0,2022-01-18T20:00:00+00:00,0.333333333333,0.333333333333,0.333333333333,H
ddb5b2e18e90f6c85a67a219165fe574c597da63942aef73be5fef7f01a93782,2021-22,2022-01-19T20:00:00+03:00,expanding_league_hda,1549,1549,2022-01-18T20:00:00+00:00,0.451258876695,0.264041316979,0.284699806327,H
660d04e160d5ee8af5b868cccfda88af8eedc83ad8643edc9bbc19d36ac4c4bd,2021-22,2022-01-20T17:00:00+03:00,uniform_hda,1553,0,2022-01-19T20:00:00+00:00,0.333333333333,0.333333333333,0.333333333333,H
660d04e160d5ee8af5b868cccfda88af8eedc83ad8643edc9bbc19d36ac4c4bd,2021-22,2022-01-20T17:00:00+03:00,expanding_league_hda,1553,1553,2022-01-19T20:00:00+00:00,0.452028332260,0.264005151320,0.283966516420,H
e9405a8cb52d150f786c0f3897213502b868bfe861bdd3ad83d839633cebf561,2021-22,2022-01-20T17:00:00+03:00,uniform_hda,1553,0,2022-01-19T20:00:00+00:00,0.333333333333,0.333333333333,0.333333333333,H
e9405a8cb52d150f786c0f3897213502b868bfe861bdd3ad83d839633cebf561,2021-22,2022-01-20T17:00:00+03:00,expanding_league_hda,1553,1553,2022-01-19T20:00:00+00:00,0.452028332260,0.264005151320,0.283966516420,H
a06aea697ade5590f16385a5de95b489f961c1eb4e51fb8db1295557b3812d69,2021-22,2022-01-20T20:00:00+03:00,uniform_hda,1553,0,2022-01-19T20:00:00+00:00,0.333333333333,0.333333333333,0.333333333333,A
a06aea697ade5590f16385a5de95b489f961c1eb4e51fb8db1295557b3812d69,2021-22,2022-01-20T20:00:00+03:00,expanding_league_hda,1553,1553,2022-01-19T20:00:00+00:00,0.452028332260,0.264005151320,0.283966516420,A
0647ea1a74d4d599cf5608d472db33e8e65d5351455855f3f7dcfb162e9f51f9,2021-22,2022-01-22T13:30:00+03:00,uniform_hda,1556,0,2022-01-20T20:00:00+00:00,0.333333333333,0.333333333333,0.333333333333,D
0647ea1a74d4d599cf5608d472db33e8e65d5351455855f3f7dcfb162e9f51f9,2021-22,2022-01-22T13:30:00+03:00,expanding_league_hda,1556,1556,2022-01-20T20:00:00+00:00,0.452442159383,0.263496143959,0.284061696658,D
11604361de1fb70ce320bd97ea4f7d6e534cbb07073719c3f452dc1eeeaed4f4,2021-22,2022-01-22T16:00:00+03:00,uniform_hda,1556,0,2022-01-20T20:00:00+00:00,0.333333333333,0.333333333333,0.333333333333,H
11604361de1fb70ce320bd97ea4f7d6e534cbb07073719c3f452dc1eeeaed4f4,2021-22,2022-01-22T16:00:00+03:00,expanding_league_hda,1556,1556,2022-01-20T20:00:00+00:00,0.452442159383,0.263496143959,0.284061696658,H
3f82af278c7f118d577bb32eb16e58c97ca7441240fcae9ce2aeff04568f27b2,2021-22,2022-01-22T16:00:00+03:00,uniform_hda,1556,0,2022-01-20T20:00:00+00:00,0.333333333333,0.333333333333,0.333333333333,D
3f82af278c7f118d577bb32eb16e58c97ca7441240fcae9ce2aeff04568f27b2,2021-22,2022-01-22T16:00:00+03:00,expanding_league_hda,1556,1556,2022-01-20T20:00:00+00:00,0.452442159383,0.263496143959,0.284061696658,D
c27d968f64b29e085786c2f82ed9c789f4e1fcc1e492d5424d6a6816c402a719,2021-22,2022-01-22T19:00:00+03:00,uniform_hda,1557,0,2022-01-22T13:30:00+00:00,0.333333333333,0.333333333333,0.333333333333,A
c27d968f64b29e085786c2f82ed9c789f4e1fcc1e492d5424d6a6816c402a719,2021-22,2022-01-22T19:00:00+03:00,expanding_league_hda,1557,1557,2022-01-22T13:30:00+00:00,0.452151573539,0.263969171484,0.283879254978,A
0ab77c1c1eac7ec284abfe9c714090354cc88dc0c027127846f16e3e5b105df1,2021-22,2022-01-23T13:30:00+03:00,uniform_hda,1560,0,2022-01-22T19:00:00+00:00,0.333333333333,0.333333333333,0.333333333333,H
0ab77c1c1eac7ec284abfe9c714090354cc88dc0c027127846f16e3e5b105df1,2021-22,2022-01-23T13:30:00+03:00,expanding_league_hda,1560,1560,2022-01-22T19:00:00+00:00,0.451923076923,0.264102564103,0.283974358974,H
abbc81bbda7b27693f3190e924c7f3d0f545a6b0a62aa0bf459106fd34f8b72b,2021-22,2022-01-23T13:30:00+03:00,uniform_hda,1560,0,2022-01-22T19:00:00+00:00,0.333333333333,0.333333333333,0.333333333333,D
abbc81bbda7b27693f3190e924c7f3d0f545a6b0a62aa0bf459106fd34f8b72b,2021-22,2022-01-23T13:30:00+03:00,expanding_league_hda,1560,1560,2022-01-22T19:00:00+00:00,0.451923076923,0.264102564103,0.283974358974,D
6a060d574176cbaf01061ee47fc137400721cd175842bfdeea693d1b479c957e,2021-22,2022-01-23T16:00:00+03:00,uniform_hda,1560,0,2022-01-22T19:00:00+00:00,0.333333333333,0.333333333333,0.333333333333,D
6a060d574176cbaf01061ee47fc137400721cd175842bfdeea693d1b479c957e,2021-22,2022-01-23T16:00:00+03:00,expanding_league_hda,1560,1560,2022-01-22T19:00:00+00:00,0.451923076923,0.264102564103,0.283974358974,D
70fdbaf63ba03e857f5f574dd87cbb65891952cdcea0f15187d7336836f98daf,2021-22,2022-01-23T16:00:00+03:00,uniform_hda,1560,0,2022-01-22T19:00:00+00:00,0.333333333333,0.333333333333,0.333333333333,A
70fdbaf63ba03e857f5f574dd87cbb65891952cdcea0f15187d7336836f98daf,2021-22,2022-01-23T16:00:00+03:00,expanding_league_hda,1560,1560,2022-01-22T19:00:00+00:00,0.451923076923,0.264102564103,0.283974358974,A
fb99057057d918bf7e3f4bdfa5d80e28c5fc5f92be8757a9ea67a467deb4e77d,2021-22,2022-01-23T16:00:00+03:00,uniform_hda,1560,0,2022-01-22T19:00:00+00:00,0.333333333333,0.333333333333,0.333333333333,A
fb99057057d918bf7e3f4bdfa5d80e28c5fc5f92be8757a9ea67a467deb4e77d,2021-22,2022-01-23T16:00:00+03:00,expanding_league_hda,1560,1560,2022-01-22T19:00:00+00:00,0.451923076923,0.264102564103,0.283974358974,A
b2b16b1f5f28a369697eac1cfa8a7603bbe7931aaf2dfacedb755f644050f800,2021-22,2022-01-23T19:00:00+03:00,uniform_hda,1562,0,2022-01-23T13:30:00+00:00,0.333333333333,0.333333333333,0.333333333333,A
b2b16b1f5f28a369697eac1cfa8a7603bbe7931aaf2dfacedb755f644050f800,2021-22,2022-01-23T19:00:00+03:00,expanding_league_hda,1562,1562,2022-01-23T13:30:00+00:00,0.451984635083,0.264404609475,0.283610755442,A
d281b23ca02ca0b08596346bf594c945b2c1061258024aa7c9f64fd3bb412fa2,2021-22,2022-02-04T20:00:00+03:00,uniform_hda,1566,0,2022-01-23T19:00:00+00:00,0.333333333333,0.333333333333,0.333333333333,H
d281b23ca02ca0b08596346bf594c945b2c1061258024aa7c9f64fd3bb412fa2,2021-22,2022-02-04T20:00:00+03:00,expanding_league_hda,1566,1566,2022-01-23T19:00:00+00:00,0.450830140485,0.264367816092,0.284802043423,H
ff4c08a803125d445e17e73212a18d58d5fd5485d779bccb7b842d3493b04839,2021-22,2022-02-04T20:00:00+03:00,uniform_hda,1566,0,2022-01-23T19:00:00+00:00,0.333333333333,0.333333333333,0.333333333333,H
ff4c08a803125d445e17e73212a18d58d5fd5485d779bccb7b842d3493b04839,2021-22,2022-02-04T20:00:00+03:00,expanding_league_hda,1566,1566,2022-01-23T19:00:00+00:00,0.450830140485,0.264367816092,0.284802043423,H
d5cd55f302b642a9956021b6c78832c1e6290b27106c740898d210f5ae44969d,2021-22,2022-02-05T13:30:00+03:00,uniform_hda,1568,0,2022-02-04T20:00:00+00:00,0.333333333333,0.333333333333,0.333333333333,H
d5cd55f302b642a9956021b6c78832c1e6290b27106c740898d210f5ae44969d,2021-22,2022-02-05T13:30:00+03:00,expanding_league_hda,1568,1568,2022-02-04T20:00:00+00:00,0.451530612245,0.264030612245,0.284438775510,H
bdb75518a9f80d73a687312e1f774a7c5cdf6595105cb624cd75fc847d760418,2021-22,2022-02-05T16:00:00+03:00,uniform_hda,1568,0,2022-02-04T20:00:00+00:00,0.333333333333,0.333333333333,0.333333333333,H
bdb75518a9f80d73a687312e1f774a7c5cdf6595105cb624cd75fc847d760418,2021-22,2022-02-05T16:00:00+03:00,expanding_league_hda,1568,1568,2022-02-04T20:00:00+00:00,0.451530612245,0.264030612245,0.284438775510,H
cdbf066e3ece71ff4400401ce066256a47917b47daa4f731de055a701839a668,2021-22,2022-02-05T16:00:00+03:00,uniform_hda,1568,0,2022-02-04T20:00:00+00:00,0.333333333333,0.333333333333,0.333333333333,H
cdbf066e3ece71ff4400401ce066256a47917b47daa4f731de055a701839a668,2021-22,2022-02-05T16:00:00+03:00,expanding_league_hda,1568,1568,2022-02-04T20:00:00+00:00,0.451530612245,0.264030612245,0.284438775510,H
65a00560877200b9190455fb95b952d7d9968ed031ee26823170974765afad13,2021-22,2022-02-05T19:00:00+03:00,uniform_hda,1569,0,2022-02-05T13:30:00+00:00,0.333333333333,0.333333333333,0.333333333333,A
65a00560877200b9190455fb95b952d7d9968ed031ee26823170974765afad13,2021-22,2022-02-05T19:00:00+03:00,expanding_league_hda,1569,1569,2022-02-05T13:30:00+00:00,0.451880178458,0.263862332696,0.284257488846,A
88f1fead905f91ec50b9d9c111ef759f7a184261b2962f24c69907ca4329d564,2021-22,2022-02-06T16:00:00+03:00,uniform_hda,1572,0,2022-02-05T19:00:00+00:00,0.333333333333,0.333333333333,0.333333333333,D
88f1fead905f91ec50b9d9c111ef759f7a184261b2962f24c69907ca4329d564,2021-22,2022-02-06T16:00:00+03:00,expanding_league_hda,1572,1572,2022-02-05T19:00:00+00:00,0.452290076336,0.263358778626,0.284351145038,D
921995074fc11dc4867221f762ea29c209d561e7a73b7abe22112a30e4a40d16,2021-22,2022-02-06T16:00:00+03:00,uniform_hda,1572,0,2022-02-05T19:00:00+00:00,0.333333333333,0.333333333333,0.333333333333,A
921995074fc11dc4867221f762ea29c209d561e7a73b7abe22112a30e4a40d16,2021-22,2022-02-06T16:00:00+03:00,expanding_league_hda,1572,1572,2022-02-05T19:00:00+00:00,0.452290076336,0.263358778626,0.284351145038,A
2dcfc89e0519d98b9300dd4d150ae1272d837681eab8f5ec40faa4c1f2861a6b,2021-22,2022-02-06T19:00:00+03:00,uniform_hda,1572,0,2022-02-05T19:00:00+00:00,0.333333333333,0.333333333333,0.333333333333,D
2dcfc89e0519d98b9300dd4d150ae1272d837681eab8f5ec40faa4c1f2861a6b,2021-22,2022-02-06T19:00:00+03:00,expanding_league_hda,1572,1572,2022-02-05T19:00:00+00:00,0.452290076336,0.263358778626,0.284351145038,D
6f514a610dd562c37755f4a45b8a52c8d1c53378ee9be482296156e5b65cba21,2021-22,2022-02-06T19:00:00+03:00,uniform_hda,1572,0,2022-02-05T19:00:00+00:00,0.333333333333,0.333333333333,0.333333333333,A
6f514a610dd562c37755f4a45b8a52c8d1c53378ee9be482296156e5b65cba21,2021-22,2022-02-06T19:00:00+03:00,expanding_league_hda,1572,1572,2022-02-05T19:00:00+00:00,0.452290076336,0.263358778626,0.284351145038,A
3e18e997adef70bd25510253104762900814921b91623e947e23d49e3f23a14f,2021-22,2022-02-11T20:00:00+03:00,uniform_hda,1576,0,2022-02-06T19:00:00+00:00,0.333333333333,0.333333333333,0.333333333333,D
3e18e997adef70bd25510253104762900814921b91623e947e23d49e3f23a14f,2021-22,2022-02-11T20:00:00+03:00,expanding_league_hda,1576,1576,2022-02-06T19:00:00+00:00,0.451142131980,0.263959390863,0.284898477157,D
3c74e15366f290011f0954acaaa536567c11c56b70136c6f9a7118471d35a5f7,2021-22,2022-02-12T16:00:00+03:00,uniform_hda,1577,0,2022-02-11T20:00:00+00:00,0.333333333333,0.333333333333,0.333333333333,A
3c74e15366f290011f0954acaaa536567c11c56b70136c6f9a7118471d35a5f7,2021-22,2022-02-12T16:00:00+03:00,expanding_league_hda,1577,1577,2022-02-11T20:00:00+00:00,0.450856055802,0.264426125555,0.284717818643,A
f02c5f0820bf975fde3a2c6eeb650a876e1d1933598fc329fcfe7f40f8f90594,2021-22,2022-02-12T16:00:00+03:00,uniform_hda,1577,0,2022-02-11T20:00:00+00:00,0.333333333333,0.333333333333,0.333333333333,H
f02c5f0820bf975fde3a2c6eeb650a876e1d1933598fc329fcfe7f40f8f90594,2021-22,2022-02-12T16:00:00+03:00,expanding_league_hda,1577,1577,2022-02-11T20:00:00+00:00,0.450856055802,0.264426125555,0.284717818643,H
bb4d77fcd83a5d7a02eae0dccf59e8b53ca8fd0d530ea59be541cb8bac2de89f,2021-22,2022-02-12T19:00:00+03:00,uniform_hda,1577,0,2022-02-11T20:00:00+00:00,0.333333333333,0.333333333333,0.333333333333,D
bb4d77fcd83a5d7a02eae0dccf59e8b53ca8fd0d530ea59be541cb8bac2de89f,2021-22,2022-02-12T19:00:00+03:00,expanding_league_hda,1577,1577,2022-02-11T20:00:00+00:00,0.450856055802,0.264426125555,0.284717818643,D
5ccefdd5dee1e4fc74f0dd7cb46cfff139284b5429304103c36d25601ccb7f81,2021-22,2022-02-13T13:30:00+03:00,uniform_hda,1580,0,2022-02-12T19:00:00+00:00,0.333333333333,0.333333333333,0.333333333333,H
5ccefdd5dee1e4fc74f0dd7cb46cfff139284b5429304103c36d25601ccb7f81,2021-22,2022-02-13T13:30:00+03:00,expanding_league_hda,1580,1580,2022-02-12T19:00:00+00:00,0.450632911392,0.264556962025,0.284810126582,H
17b48d56a171f75bab04f929fec1ba7ec0fee5416a54dc1f66eaebb5d6ad40f2,2021-22,2022-02-13T16:00:00+03:00,uniform_hda,1580,0,2022-02-12T19:00:00+00:00,0.333333333333,0.333333333333,0.333333333333,H
17b48d56a171f75bab04f929fec1ba7ec0fee5416a54dc1f66eaebb5d6ad40f2,2021-22,2022-02-13T16:00:00+03:00,expanding_league_hda,1580,1580,2022-02-12T19:00:00+00:00,0.450632911392,0.264556962025,0.284810126582,H
cc542c86a6a0d6a481239d9f46c28a9349f9f27c6068426700545e0e79a762c2,2021-22,2022-02-13T19:00:00+03:00,uniform_hda,1581,0,2022-02-13T13:30:00+00:00,0.333333333333,0.333333333333,0.333333333333,H
cc542c86a6a0d6a481239d9f46c28a9349f9f27c6068426700545e0e79a762c2,2021-22,2022-02-13T19:00:00+03:00,expanding_league_hda,1581,1581,2022-02-13T13:30:00+00:00,0.450980392157,0.264389626818,0.284629981025,H
e551e980721ae4818e8bfa80e908c6227067cec55a52661e28d60973a097409e,2021-22,2022-02-13T19:00:00+03:00,uniform_hda,1581,0,2022-02-13T13:30:00+00:00,0.333333333333,0.333333333333,0.333333333333,D
e551e980721ae4818e8bfa80e908c6227067cec55a52661e28d60973a097409e,2021-22,2022-02-13T19:00:00+03:00,expanding_league_hda,1581,1581,2022-02-13T13:30:00+00:00,0.450980392157,0.264389626818,0.284629981025,D
18ca1430b94c4848d1e830ad4ccf989406fec7360e7b11b491d59da1fdd908b8,2021-22,2022-02-14T20:00:00+03:00,uniform_hda,1584,0,2022-02-13T19:00:00+00:00,0.333333333333,0.333333333333,0.333333333333,H
18ca1430b94c4848d1e830ad4ccf989406fec7360e7b11b491d59da1fdd908b8,2021-22,2022-02-14T20:00:00+03:00,expanding_league_hda,1584,1584,2022-02-13T19:00:00+00:00,0.451388888889,0.264520202020,0.284090909091,H
9c0ffe6ce62be5915ebf0e873965511e8acb664620090481c30a3fbd523ddf69,2021-22,2022-02-14T20:00:00+03:00,uniform_hda,1584,0,2022-02-13T19:00:00+00:00,0.333333333333,0.333333333333,0.333333333333,D
9c0ffe6ce62be5915ebf0e873965511e8acb664620090481c30a3fbd523ddf69,2021-22,2022-02-14T20:00:00+03:00,expanding_league_hda,1584,1584,2022-02-13T19:00:00+00:00,0.451388888889,0.264520202020,0.284090909091,D
74a949ebaafc01065c22b36fd768a97a8670957d810af99afecea21b99eb4b21,2021-22,2022-02-18T20:00:00+03:00,uniform_hda,1586,0,2022-02-14T20:00:00+00:00,0.333333333333,0.333333333333,0.333333333333,D
74a949ebaafc01065c22b36fd768a97a8670957d810af99afecea21b99eb4b21,2021-22,2022-02-18T20:00:00+03:00,expanding_league_hda,1586,1586,2022-02-14T20:00:00+00:00,0.451450189155,0.264817150063,0.283732660782,D
a6dbd5d9ed08a61885d7359ff721b9ab09c300dc50afc54e42721c658dd8ef9b,2021-22,2022-02-18T20:00:00+03:00,uniform_hda,1586,0,2022-02-14T20:00:00+00:00,0.333333333333,0.333333333333,0.333333333333,A
a6dbd5d9ed08a61885d7359ff721b9ab09c300dc50afc54e42721c658dd8ef9b,2021-22,2022-02-18T20:00:00+03:00,expanding_league_hda,1586,1586,2022-02-14T20:00:00+00:00,0.451450189155,0.264817150063,0.283732660782,A
3bd2ae4f87f623635be4d37c38c79d0f7e696b750e5be27bf144658c32606665,2021-22,2022-02-19T13:30:00+03:00,uniform_hda,1588,0,2022-02-18T20:00:00+00:00,0.333333333333,0.333333333333,0.333333333333,A
3bd2ae4f87f623635be4d37c38c79d0f7e696b750e5be27bf144658c32606665,2021-22,2022-02-19T13:30:00+03:00,expanding_league_hda,1588,1588,2022-02-18T20:00:00+00:00,0.450881612091,0.265113350126,0.284005037783,A
b0fd8b54f74073e77d0c4b1db1f186665dfdeada5f36f8b5835fb03a0bfb8719,2021-22,2022-02-19T16:00:00+03:00,uniform_hda,1588,0,2022-02-18T20:00:00+00:00,0.333333333333,0.333333333333,0.333333333333,H
b0fd8b54f74073e77d0c4b1db1f186665dfdeada5f36f8b5835fb03a0bfb8719,2021-22,2022-02-19T16:00:00+03:00,expanding_league_hda,1588,1588,2022-02-18T20:00:00+00:00,0.450881612091,0.265113350126,0.284005037783,H
ec9f7251ed67c25dcbbc68e79ae4cc3f7858b36db9bdc830dd9c86812702d9be,2021-22,2022-02-19T19:00:00+03:00,uniform_hda,1589,0,2022-02-19T13:30:00+00:00,0.333333333333,0.333333333333,0.333333333333,H
ec9f7251ed67c25dcbbc68e79ae4cc3f7858b36db9bdc830dd9c86812702d9be,2021-22,2022-02-19T19:00:00+03:00,expanding_league_hda,1589,1589,2022-02-19T13:30:00+00:00,0.450597860289,0.264946507237,0.284455632473,H
018629ccad7dafe9a8657325975f526a7476f92291b9dba33d5fd94f9cea2540,2021-22,2022-02-20T13:30:00+03:00,uniform_hda,1591,0,2022-02-19T19:00:00+00:00,0.333333333333,0.333333333333,0.333333333333,A
018629ccad7dafe9a8657325975f526a7476f92291b9dba33d5fd94f9cea2540,2021-22,2022-02-20T13:30:00+03:00,expanding_league_hda,1591,1591,2022-02-19T19:00:00+00:00,0.451288497800,0.264613450660,0.284098051540,A
94e248fa4b52d1a4b24faa76e4e43a75153f5d2761a5dee18dba8e8a7bf59a94,2021-22,2022-02-20T16:00:00+03:00,uniform_hda,1591,0,2022-02-19T19:00:00+00:00,0.333333333333,0.333333333333,0.333333333333,A
94e248fa4b52d1a4b24faa76e4e43a75153f5d2761a5dee18dba8e8a7bf59a94,2021-22,2022-02-20T16:00:00+03:00,expanding_league_hda,1591,1591,2022-02-19T19:00:00+00:00,0.451288497800,0.264613450660,0.284098051540,A
fd80062d10aa9ba15b5ea4ef8f7260e9a1ed217143f5851c3a39bf210a5b075e,2021-22,2022-02-20T16:00:00+03:00,uniform_hda,1591,0,2022-02-19T19:00:00+00:00,0.333333333333,0.333333333333,0.333333333333,H
fd80062d10aa9ba15b5ea4ef8f7260e9a1ed217143f5851c3a39bf210a5b075e,2021-22,2022-02-20T16:00:00+03:00,expanding_league_hda,1591,1591,2022-02-19T19:00:00+00:00,0.451288497800,0.264613450660,0.284098051540,H
5f305b07852e908ff7f47cc399f078e77f71ed2f42531031f7f200db31b25d31,2021-22,2022-02-20T19:00:00+03:00,uniform_hda,1592,0,2022-02-20T13:30:00+00:00,0.333333333333,0.333333333333,0.333333333333,H
5f305b07852e908ff7f47cc399f078e77f71ed2f42531031f7f200db31b25d31,2021-22,2022-02-20T19:00:00+03:00,expanding_league_hda,1592,1592,2022-02-20T13:30:00+00:00,0.451005025126,0.264447236181,0.284547738693,H
6cc4c6fb3999d90bd879e250a68cf8c1e078bdc1533e6502db23441595e54720,2021-22,2022-02-21T20:00:00+03:00,uniform_hda,1595,0,2022-02-20T19:00:00+00:00,0.333333333333,0.333333333333,0.333333333333,A
6cc4c6fb3999d90bd879e250a68cf8c1e078bdc1533e6502db23441595e54720,2021-22,2022-02-21T20:00:00+03:00,expanding_league_hda,1595,1595,2022-02-20T19:00:00+00:00,0.451410658307,0.263949843260,0.284639498433,A
331a5451472fbd969c1bea90a5d43edc372290a8690b2f288cf45049b977545d,2021-22,2022-02-22T20:00:00+03:00,uniform_hda,1596,0,2022-02-21T20:00:00+00:00,0.333333333333,0.333333333333,0.333333333333,H
331a5451472fbd969c1bea90a5d43edc372290a8690b2f288cf45049b977545d,2021-22,2022-02-22T20:00:00+03:00,expanding_league_hda,1596,1596,2022-02-21T20:00:00+00:00,0.451127819549,0.263784461153,0.285087719298,H
2faab3846d0472f0eda9f2a3e52bd9833e74add9b230791a3f04142d59f73452,2021-22,2022-02-23T17:00:00+03:00,uniform_hda,1597,0,2022-02-22T20:00:00+00:00,0.333333333333,0.333333333333,0.333333333333,D
2faab3846d0472f0eda9f2a3e52bd9833e74add9b230791a3f04142d59f73452,2021-22,2022-02-23T17:00:00+03:00,expanding_league_hda,1597,1597,2022-02-22T20:00:00+00:00,0.451471509080,0.263619286162,0.284909204759,D
7de6f905cd77f0bef173fa7c47223095347203eae2502005931fff76236aaec7,2021-22,2022-02-25T20:00:00+03:00,uniform_hda,1598,0,2022-02-23T17:00:00+00:00,0.333333333333,0.333333333333,0.333333333333,D
7de6f905cd77f0bef173fa7c47223095347203eae2502005931fff76236aaec7,2021-22,2022-02-25T20:00:00+03:00,expanding_league_hda,1598,1598,2022-02-23T17:00:00+00:00,0.451188986233,0.264080100125,0.284730913642,D
c16f9d16ab2f83a56636baa540d5afac76d022cee8f87d6b5b5cc26799f87e2c,2021-22,2022-02-25T20:00:00+03:00,uniform_hda,1598,0,2022-02-23T17:00:00+00:00,0.333333333333,0.333333333333,0.333333333333,H
c16f9d16ab2f83a56636baa540d5afac76d022cee8f87d6b5b5cc26799f87e2c,2021-22,2022-02-25T20:00:00+03:00,expanding_league_hda,1598,1598,2022-02-23T17:00:00+00:00,0.451188986233,0.264080100125,0.284730913642,H
7eee208b6371903953a3267e185bbc8c71d42054b027a6a4b96300ac02b49cd2,2021-22,2022-02-26T16:00:00+03:00,uniform_hda,1600,0,2022-02-25T20:00:00+00:00,0.333333333333,0.333333333333,0.333333333333,A
7eee208b6371903953a3267e185bbc8c71d42054b027a6a4b96300ac02b49cd2,2021-22,2022-02-26T16:00:00+03:00,expanding_league_hda,1600,1600,2022-02-25T20:00:00+00:00,0.451250000000,0.264375000000,0.284375000000,A
62283ee6f24b77b9954e3ef41bec82823c83dcf9ed8fae09a1f65b95f7052b98,2021-22,2022-02-26T19:00:00+03:00,uniform_hda,1600,0,2022-02-25T20:00:00+00:00,0.333333333333,0.333333333333,0.333333333333,A
62283ee6f24b77b9954e3ef41bec82823c83dcf9ed8fae09a1f65b95f7052b98,2021-22,2022-02-26T19:00:00+03:00,expanding_league_hda,1600,1600,2022-02-25T20:00:00+00:00,0.451250000000,0.264375000000,0.284375000000,A
12d4ade8885080eae6757ec1252bc30e59ec6834750e4bf7e793ae3a418dde53,2021-22,2022-02-27T13:30:00+03:00,uniform_hda,1602,0,2022-02-26T19:00:00+00:00,0.333333333333,0.333333333333,0.333333333333,H
12d4ade8885080eae6757ec1252bc30e59ec6834750e4bf7e793ae3a418dde53,2021-22,2022-02-27T13:30:00+03:00,expanding_league_hda,1602,1602,2022-02-26T19:00:00+00:00,0.450686641698,0.264044943820,0.285268414482,H
a40b869b672ae7a73272b64f682728e467a8f1024f2a678c1f7f902b411d0356,2021-22,2022-02-27T13:30:00+03:00,uniform_hda,1602,0,2022-02-26T19:00:00+00:00,0.333333333333,0.333333333333,0.333333333333,H
a40b869b672ae7a73272b64f682728e467a8f1024f2a678c1f7f902b411d0356,2021-22,2022-02-27T13:30:00+03:00,expanding_league_hda,1602,1602,2022-02-26T19:00:00+00:00,0.450686641698,0.264044943820,0.285268414482,H
79ddfb6eeae26fc265f70be448ee69a8fe111c32e8a0c583286afb5004cf5ff2,2021-22,2022-02-27T16:00:00+03:00,uniform_hda,1602,0,2022-02-26T19:00:00+00:00,0.333333333333,0.333333333333,0.333333333333,H
79ddfb6eeae26fc265f70be448ee69a8fe111c32e8a0c583286afb5004cf5ff2,2021-22,2022-02-27T16:00:00+03:00,expanding_league_hda,1602,1602,2022-02-26T19:00:00+00:00,0.450686641698,0.264044943820,0.285268414482,H
f3cf3c555048540f836e1ed5313469bcafa61774bd4532dda2524eef06e1f06e,2021-22,2022-02-27T16:00:00+03:00,uniform_hda,1602,0,2022-02-26T19:00:00+00:00,0.333333333333,0.333333333333,0.333333333333,H
f3cf3c555048540f836e1ed5313469bcafa61774bd4532dda2524eef06e1f06e,2021-22,2022-02-27T16:00:00+03:00,expanding_league_hda,1602,1602,2022-02-26T19:00:00+00:00,0.450686641698,0.264044943820,0.285268414482,H
747294314efe9977ec7ec0dce3254ab9f7342043cf3522019935e2c7d84aae31,2021-22,2022-02-27T19:00:00+03:00,uniform_hda,1604,0,2022-02-27T13:30:00+00:00,0.333333333333,0.333333333333,0.333333333333,H
747294314efe9977ec7ec0dce3254ab9f7342043cf3522019935e2c7d84aae31,2021-22,2022-02-27T19:00:00+03:00,expanding_league_hda,1604,1604,2022-02-27T13:30:00+00:00,0.451371571072,0.263715710723,0.284912718204,H
b2d27e17b8d788c573a204c7a967bea9baca9c0e2f4df7e70171f61cc27210f0,2021-22,2022-02-28T20:00:00+03:00,uniform_hda,1607,0,2022-02-27T19:00:00+00:00,0.333333333333,0.333333333333,0.333333333333,A
b2d27e17b8d788c573a204c7a967bea9baca9c0e2f4df7e70171f61cc27210f0,2021-22,2022-02-28T20:00:00+03:00,expanding_league_hda,1607,1607,2022-02-27T19:00:00+00:00,0.452395768513,0.263223397635,0.284380833852,A
bb591b1bc54b908e0536ef572a7bd5f01013ed85b3728fdfea90a9edb6807176,2021-22,2022-03-04T20:00:00+03:00,uniform_hda,1608,0,2022-02-28T20:00:00+00:00,0.333333333333,0.333333333333,0.333333333333,H
bb591b1bc54b908e0536ef572a7bd5f01013ed85b3728fdfea90a9edb6807176,2021-22,2022-03-04T20:00:00+03:00,expanding_league_hda,1608,1608,2022-02-28T20:00:00+00:00,0.452114427861,0.263059701493,0.284825870647,H
3915853467a04b23c8d7ebc60b6fd092d3a984ee9036bb5316d6fbb6bcf7a5f7,2021-22,2022-03-05T16:00:00+03:00,uniform_hda,1609,0,2022-03-04T20:00:00+00:00,0.333333333333,0.333333333333,0.333333333333,A
3915853467a04b23c8d7ebc60b6fd092d3a984ee9036bb5316d6fbb6bcf7a5f7,2021-22,2022-03-05T16:00:00+03:00,expanding_league_hda,1609,1609,2022-03-04T20:00:00+00:00,0.452454940957,0.262896208825,0.284648850218,A
d5e732816e983a2950d6869ac74920b0b77dc7a22d276e7ab03a74b3477aacd4,2021-22,2022-03-05T16:00:00+03:00,uniform_hda,1609,0,2022-03-04T20:00:00+00:00,0.333333333333,0.333333333333,0.333333333333,A
d5e732816e983a2950d6869ac74920b0b77dc7a22d276e7ab03a74b3477aacd4,2021-22,2022-03-05T16:00:00+03:00,expanding_league_hda,1609,1609,2022-03-04T20:00:00+00:00,0.452454940957,0.262896208825,0.284648850218,A
ef6b5c407f857e769c336d8ce556667117892d18c1a3beb59db4b36f583fc02f,2021-22,2022-03-05T19:00:00+03:00,uniform_hda,1609,0,2022-03-04T20:00:00+00:00,0.333333333333,0.333333333333,0.333333333333,H
ef6b5c407f857e769c336d8ce556667117892d18c1a3beb59db4b36f583fc02f,2021-22,2022-03-05T19:00:00+03:00,expanding_league_hda,1609,1609,2022-03-04T20:00:00+00:00,0.452454940957,0.262896208825,0.284648850218,H
75504bb5ce575bc3c738a927816f2f9623a6959b2e08973ce4680f40832d5f69,2021-22,2022-03-06T16:00:00+03:00,uniform_hda,1612,0,2022-03-05T19:00:00+00:00,0.333333333333,0.333333333333,0.333333333333,D
75504bb5ce575bc3c738a927816f2f9623a6959b2e08973ce4680f40832d5f69,2021-22,2022-03-06T16:00:00+03:00,expanding_league_hda,1612,1612,2022-03-05T19:00:00+00:00,0.452233250620,0.262406947891,0.285359801489,D
89ac43fec34215a24eb761636ff84edfc0537221461d5045bdad2ca633cebce4,2021-22,2022-03-06T19:00:00+03:00,uniform_hda,1612,0,2022-03-05T19:00:00+00:00,0.333333333333,0.333333333333,0.333333333333,D
89ac43fec34215a24eb761636ff84edfc0537221461d5045bdad2ca633cebce4,2021-22,2022-03-06T19:00:00+03:00,expanding_league_hda,1612,1612,2022-03-05T19:00:00+00:00,0.452233250620,0.262406947891,0.285359801489,D
ab40fafcc314b219971b805157fc7ab1b614d0ad2fa447e0a28f48f00841e9a7,2021-22,2022-03-06T19:00:00+03:00,uniform_hda,1612,0,2022-03-05T19:00:00+00:00,0.333333333333,0.333333333333,0.333333333333,H
ab40fafcc314b219971b805157fc7ab1b614d0ad2fa447e0a28f48f00841e9a7,2021-22,2022-03-06T19:00:00+03:00,expanding_league_hda,1612,1612,2022-03-05T19:00:00+00:00,0.452233250620,0.262406947891,0.285359801489,H
87570e35ed13974947ed3dd3b4cd2e71559b19d3a8a1d09f1b7000dbd8a7dec7,2021-22,2022-03-07T20:00:00+03:00,uniform_hda,1615,0,2022-03-06T19:00:00+00:00,0.333333333333,0.333333333333,0.333333333333,D
87570e35ed13974947ed3dd3b4cd2e71559b19d3a8a1d09f1b7000dbd8a7dec7,2021-22,2022-03-07T20:00:00+03:00,expanding_league_hda,1615,1615,2022-03-06T19:00:00+00:00,0.452012383901,0.263157894737,0.284829721362,D
a931cc2ca9d772662b5f159fee3276cc01e1b87fc89f10f1ebf84cf5a0764208,2021-22,2022-03-07T20:00:00+03:00,uniform_hda,1615,0,2022-03-06T19:00:00+00:00,0.333333333333,0.333333333333,0.333333333333,D
a931cc2ca9d772662b5f159fee3276cc01e1b87fc89f10f1ebf84cf5a0764208,2021-22,2022-03-07T20:00:00+03:00,expanding_league_hda,1615,1615,2022-03-06T19:00:00+00:00,0.452012383901,0.263157894737,0.284829721362,D
e4d26b7ef84fe00d099c6642b2902351c4b594225bb4301b039c7fae1633cfb0,2021-22,2022-03-07T20:00:00+03:00,uniform_hda,1615,0,2022-03-06T19:00:00+00:00,0.333333333333,0.333333333333,0.333333333333,A
e4d26b7ef84fe00d099c6642b2902351c4b594225bb4301b039c7fae1633cfb0,2021-22,2022-03-07T20:00:00+03:00,expanding_league_hda,1615,1615,2022-03-06T19:00:00+00:00,0.452012383901,0.263157894737,0.284829721362,A
87f340be7af8de32ee2d402f2afa63cb765a7fd5edf638571216ba5db5b254d5,2021-22,2022-03-12T13:30:00+03:00,uniform_hda,1618,0,2022-03-07T20:00:00+00:00,0.333333333333,0.333333333333,0.333333333333,H
87f340be7af8de32ee2d402f2afa63cb765a7fd5edf638571216ba5db5b254d5,2021-22,2022-03-12T13:30:00+03:00,expanding_league_hda,1618,1618,2022-03-07T20:00:00+00:00,0.451174289246,0.263906056860,0.284919653894,H
d82a7af611e5d4195f4d725f514e0b968144a9bf1ec9a9bf03203372d8d0abb0,2021-22,2022-03-12T16:00:00+03:00,uniform_hda,1618,0,2022-03-07T20:00:00+00:00,0.333333333333,0.333333333333,0.333333333333,H
d82a7af611e5d4195f4d725f514e0b968144a9bf1ec9a9bf03203372d8d0abb0,2021-22,2022-03-12T16:00:00+03:00,expanding_league_hda,1618,1618,2022-03-07T20:00:00+00:00,0.451174289246,0.263906056860,0.284919653894,H
ed8d5eb80b7711d539679d901fcb2abac8d71d487f5c752c0f5fc3e0ac68d85c,2021-22,2022-03-12T16:00:00+03:00,uniform_hda,1618,0,2022-03-07T20:00:00+00:00,0.333333333333,0.333333333333,0.333333333333,H
ed8d5eb80b7711d539679d901fcb2abac8d71d487f5c752c0f5fc3e0ac68d85c,2021-22,2022-03-12T16:00:00+03:00,expanding_league_hda,1618,1618,2022-03-07T20:00:00+00:00,0.451174289246,0.263906056860,0.284919653894,H
de6598baf6be259dba665b50be6f2ce6e6cf796dc45caceb58394bac37c65923,2021-22,2022-03-12T19:00:00+03:00,uniform_hda,1619,0,2022-03-12T13:30:00+00:00,0.333333333333,0.333333333333,0.333333333333,H
de6598baf6be259dba665b50be6f2ce6e6cf796dc45caceb58394bac37c65923,2021-22,2022-03-12T19:00:00+03:00,expanding_league_hda,1619,1619,2022-03-12T13:30:00+00:00,0.451513279802,0.263743051266,0.284743668931,H
c0622c9ea1db078f7436c206c4b289b8608cc8986e341c4892fe86d35e27e49e,2021-22,2022-03-13T13:30:00+03:00,uniform_hda,1622,0,2022-03-12T19:00:00+00:00,0.333333333333,0.333333333333,0.333333333333,A
c0622c9ea1db078f7436c206c4b289b8608cc8986e341c4892fe86d35e27e49e,2021-22,2022-03-13T13:30:00+03:00,expanding_league_hda,1622,1622,2022-03-12T19:00:00+00:00,0.452527743527,0.263255240444,0.284217016030,A
d9ea8dd009baa9a9a8816f266fdcf0f55387bdf1c12209699e2c9c80f2673f71,2021-22,2022-03-13T16:00:00+03:00,uniform_hda,1622,0,2022-03-12T19:00:00+00:00,0.333333333333,0.333333333333,0.333333333333,A
d9ea8dd009baa9a9a8816f266fdcf0f55387bdf1c12209699e2c9c80f2673f71,2021-22,2022-03-13T16:00:00+03:00,expanding_league_hda,1622,1622,2022-03-12T19:00:00+00:00,0.452527743527,0.263255240444,0.284217016030,A
52feea37fd8db2e8712726d9d4b3fcbe99442eb6aadad9ccc209bab39d7a8062,2021-22,2022-03-13T19:00:00+03:00,uniform_hda,1623,0,2022-03-13T13:30:00+00:00,0.333333333333,0.333333333333,0.333333333333,A
52feea37fd8db2e8712726d9d4b3fcbe99442eb6aadad9ccc209bab39d7a8062,2021-22,2022-03-13T19:00:00+03:00,expanding_league_hda,1623,1623,2022-03-13T13:30:00+00:00,0.452248921750,0.263093037585,0.284658040665,A
316c06f1200bb6a44e7857b19a71e5ad6b92fec4f289eaad40ed86d134173519,2021-22,2022-03-14T16:00:00+03:00,uniform_hda,1625,0,2022-03-13T19:00:00+00:00,0.333333333333,0.333333333333,0.333333333333,A
316c06f1200bb6a44e7857b19a71e5ad6b92fec4f289eaad40ed86d134173519,2021-22,2022-03-14T16:00:00+03:00,expanding_league_hda,1625,1625,2022-03-13T19:00:00+00:00,0.451692307692,0.262769230769,0.285538461538,A
bc01beac1ea8d27a0a0579bb443264dcd6c37bd652a066a0df305a20d416ee04,2021-22,2022-03-14T20:00:00+03:00,uniform_hda,1626,0,2022-03-14T16:00:00+00:00,0.333333333333,0.333333333333,0.333333333333,H
bc01beac1ea8d27a0a0579bb443264dcd6c37bd652a066a0df305a20d416ee04,2021-22,2022-03-14T20:00:00+03:00,expanding_league_hda,1626,1626,2022-03-14T16:00:00+00:00,0.451414514145,0.262607626076,0.285977859779,H
c0d4b7d3f148c6ee22b1fed5812cc7dce304d32da77739a23a50c6472f8716b3,2021-22,2022-03-14T20:00:00+03:00,uniform_hda,1626,0,2022-03-14T16:00:00+00:00,0.333333333333,0.333333333333,0.333333333333,H
c0d4b7d3f148c6ee22b1fed5812cc7dce304d32da77739a23a50c6472f8716b3,2021-22,2022-03-14T20:00:00+03:00,expanding_league_hda,1626,1626,2022-03-14T16:00:00+00:00,0.451414514145,0.262607626076,0.285977859779,H
29f480e8f89247619c5edc7b31cf64a1c443e5f0443e59b5f5bbbc2b7c9e5d94,2021-22,2022-03-18T20:00:00+03:00,uniform_hda,1628,0,2022-03-14T20:00:00+00:00,0.333333333333,0.333333333333,0.333333333333,H
29f480e8f89247619c5edc7b31cf64a1c443e5f0443e59b5f5bbbc2b7c9e5d94,2021-22,2022-03-18T20:00:00+03:00,expanding_league_hda,1628,1628,2022-03-14T20:00:00+00:00,0.452088452088,0.262285012285,0.285626535627,H
3657307d387b21a51c7f594044b0d641a45d6be701f47f8c77e7d7954794d042,2021-22,2022-03-18T20:00:00+03:00,uniform_hda,1628,0,2022-03-14T20:00:00+00:00,0.333333333333,0.333333333333,0.333333333333,H
3657307d387b21a51c7f594044b0d641a45d6be701f47f8c77e7d7954794d042,2021-22,2022-03-18T20:00:00+03:00,expanding_league_hda,1628,1628,2022-03-14T20:00:00+00:00,0.452088452088,0.262285012285,0.285626535627,H
aa2beb7af1296745e8db1665e4ae1f03945417c655ed14c93e5bff629cdfb233,2021-22,2022-03-19T13:30:00+03:00,uniform_hda,1630,0,2022-03-18T20:00:00+00:00,0.333333333333,0.333333333333,0.333333333333,A
aa2beb7af1296745e8db1665e4ae1f03945417c655ed14c93e5bff629cdfb233,2021-22,2022-03-19T13:30:00+03:00,expanding_league_hda,1630,1630,2022-03-18T20:00:00+00:00,0.452760736196,0.261963190184,0.285276073620,A
257a73d380bb09bda65fc12179b1362c106b57e5febf332006bd47994661fd6c,2021-22,2022-03-19T16:00:00+03:00,uniform_hda,1630,0,2022-03-18T20:00:00+00:00,0.333333333333,0.333333333333,0.333333333333,H
257a73d380bb09bda65fc12179b1362c106b57e5febf332006bd47994661fd6c,2021-22,2022-03-19T16:00:00+03:00,expanding_league_hda,1630,1630,2022-03-18T20:00:00+00:00,0.452760736196,0.261963190184,0.285276073620,H
b74dac0c3277c98055eaeec32a568c0d5a05969fc485500da751c36b93e36572,2021-22,2022-03-19T16:00:00+03:00,uniform_hda,1630,0,2022-03-18T20:00:00+00:00,0.333333333333,0.333333333333,0.333333333333,A
b74dac0c3277c98055eaeec32a568c0d5a05969fc485500da751c36b93e36572,2021-22,2022-03-19T16:00:00+03:00,expanding_league_hda,1630,1630,2022-03-18T20:00:00+00:00,0.452760736196,0.261963190184,0.285276073620,A
b136652d0b9c822d704a5b63caedd2317c848c62d9f91cbb4bb94c33a8cb8bd1,2021-22,2022-03-19T19:00:00+03:00,uniform_hda,1631,0,2022-03-19T13:30:00+00:00,0.333333333333,0.333333333333,0.333333333333,D
b136652d0b9c822d704a5b63caedd2317c848c62d9f91cbb4bb94c33a8cb8bd1,2021-22,2022-03-19T19:00:00+03:00,expanding_league_hda,1631,1631,2022-03-19T13:30:00+00:00,0.452483139178,0.261802575107,0.285714285714,D
24dc9fa7cba585881170e304524186ac4ec6af126a6d34e679d5ab52d7d839ac,2021-22,2022-03-20T13:30:00+03:00,uniform_hda,1634,0,2022-03-19T19:00:00+00:00,0.333333333333,0.333333333333,0.333333333333,H
24dc9fa7cba585881170e304524186ac4ec6af126a6d34e679d5ab52d7d839ac,2021-22,2022-03-20T13:30:00+03:00,expanding_league_hda,1634,1634,2022-03-19T19:00:00+00:00,0.452264381885,0.261933904529,0.285801713586,H
67eb0c80dc4c61d029393beff52ed338165ec22195bc1abb6dea3ad85716ba03,2021-22,2022-03-20T13:30:00+03:00,uniform_hda,1634,0,2022-03-19T19:00:00+00:00,0.333333333333,0.333333333333,0.333333333333,H
67eb0c80dc4c61d029393beff52ed338165ec22195bc1abb6dea3ad85716ba03,2021-22,2022-03-20T13:30:00+03:00,expanding_league_hda,1634,1634,2022-03-19T19:00:00+00:00,0.452264381885,0.261933904529,0.285801713586,H
469d54e32e2eb1d4cd3314566d61cb92e708c69badd7d862a8466d5e88f58955,2021-22,2022-03-20T16:00:00+03:00,uniform_hda,1634,0,2022-03-19T19:00:00+00:00,0.333333333333,0.333333333333,0.333333333333,H
469d54e32e2eb1d4cd3314566d61cb92e708c69badd7d862a8466d5e88f58955,2021-22,2022-03-20T16:00:00+03:00,expanding_league_hda,1634,1634,2022-03-19T19:00:00+00:00,0.452264381885,0.261933904529,0.285801713586,H
c7d6bc46f0b354128086ff0a1d2a43a5d3579782e262b81885e3fea6a48a932e,2021-22,2022-03-20T19:00:00+03:00,uniform_hda,1636,0,2022-03-20T13:30:00+00:00,0.333333333333,0.333333333333,0.333333333333,H
c7d6bc46f0b354128086ff0a1d2a43a5d3579782e262b81885e3fea6a48a932e,2021-22,2022-03-20T19:00:00+03:00,expanding_league_hda,1636,1636,2022-03-20T13:30:00+00:00,0.452933985330,0.261613691932,0.285452322738,H
187173e4d813b8f7547ea4d63aaa5a7c0fa0abdfb48d4662879512821e1ff1c4,2021-22,2022-04-02T13:30:00+03:00,uniform_hda,1638,0,2022-03-20T19:00:00+00:00,0.333333333333,0.333333333333,0.333333333333,D
187173e4d813b8f7547ea4d63aaa5a7c0fa0abdfb48d4662879512821e1ff1c4,2021-22,2022-04-02T13:30:00+03:00,expanding_league_hda,1638,1638,2022-03-20T19:00:00+00:00,0.453601953602,0.261294261294,0.285103785104,D
57f71c9907bf41751cf259539909953e2d319bddc8dddd2df998516876a04711,2021-22,2022-04-02T16:00:00+03:00,uniform_hda,1638,0,2022-03-20T19:00:00+00:00,0.333333333333,0.333333333333,0.333333333333,A
57f71c9907bf41751cf259539909953e2d319bddc8dddd2df998516876a04711,2021-22,2022-04-02T16:00:00+03:00,expanding_league_hda,1638,1638,2022-03-20T19:00:00+00:00,0.453601953602,0.261294261294,0.285103785104,A
b45c55812602d80d9866dbee2dab3bba66c88db9c106764d5581196ac08c4476,2021-22,2022-04-02T16:00:00+03:00,uniform_hda,1638,0,2022-03-20T19:00:00+00:00,0.333333333333,0.333333333333,0.333333333333,A
b45c55812602d80d9866dbee2dab3bba66c88db9c106764d5581196ac08c4476,2021-22,2022-04-02T16:00:00+03:00,expanding_league_hda,1638,1638,2022-03-20T19:00:00+00:00,0.453601953602,0.261294261294,0.285103785104,A
7868f05a5ea9b1f3cf2e9fd1bcb3f1a023a18d4dc191d12b4a1efba0b94d084b,2021-22,2022-04-02T20:30:00+03:00,uniform_hda,1641,0,2022-04-02T16:00:00+00:00,0.333333333333,0.333333333333,0.333333333333,H
7868f05a5ea9b1f3cf2e9fd1bcb3f1a023a18d4dc191d12b4a1efba0b94d084b,2021-22,2022-04-02T20:30:00+03:00,expanding_league_hda,1641,1641,2022-04-02T16:00:00+00:00,0.452772699573,0.261425959781,0.285801340646,H
18df39d5648edd05c9e2b2713bb9a9de35b02330d8540732aad2e2952f5bd9da,2021-22,2022-04-03T13:30:00+03:00,uniform_hda,1642,0,2022-04-02T20:30:00+00:00,0.333333333333,0.333333333333,0.333333333333,H
18df39d5648edd05c9e2b2713bb9a9de35b02330d8540732aad2e2952f5bd9da,2021-22,2022-04-03T13:30:00+03:00,expanding_league_hda,1642,1642,2022-04-02T20:30:00+00:00,0.453105968331,0.261266747868,0.285627283800,H
c92287e1a633e5692f91e0547e2ca90c3912456229b896c6a1f032671e227fe6,2021-22,2022-04-03T16:00:00+03:00,uniform_hda,1642,0,2022-04-02T20:30:00+00:00,0.333333333333,0.333333333333,0.333333333333,H
c92287e1a633e5692f91e0547e2ca90c3912456229b896c6a1f032671e227fe6,2021-22,2022-04-03T16:00:00+03:00,expanding_league_hda,1642,1642,2022-04-02T20:30:00+00:00,0.453105968331,0.261266747868,0.285627283800,H
f8c5da3c0c80238a1f6ae4497671eda80bc42d49ce127dca2db637f7c722488c,2021-22,2022-04-03T16:00:00+03:00,uniform_hda,1642,0,2022-04-02T20:30:00+00:00,0.333333333333,0.333333333333,0.333333333333,H
f8c5da3c0c80238a1f6ae4497671eda80bc42d49ce127dca2db637f7c722488c,2021-22,2022-04-03T16:00:00+03:00,expanding_league_hda,1642,1642,2022-04-02T20:30:00+00:00,0.453105968331,0.261266747868,0.285627283800,H
7a1f400dc7d21668df53859a5475030717836ad9e081351bfb7dcb5a752df94b,2021-22,2022-04-03T20:30:00+03:00,uniform_hda,1645,0,2022-04-03T16:00:00+00:00,0.333333333333,0.333333333333,0.333333333333,D
7a1f400dc7d21668df53859a5475030717836ad9e081351bfb7dcb5a752df94b,2021-22,2022-04-03T20:30:00+03:00,expanding_league_hda,1645,1645,2022-04-03T16:00:00+00:00,0.454103343465,0.260790273556,0.285106382979,D
5b03f521d2d199f6ab8e15793637575c853096905c82ada363bd936a975c9e08,2021-22,2022-04-04T20:30:00+03:00,uniform_hda,1646,0,2022-04-03T20:30:00+00:00,0.333333333333,0.333333333333,0.333333333333,H
5b03f521d2d199f6ab8e15793637575c853096905c82ada363bd936a975c9e08,2021-22,2022-04-04T20:30:00+03:00,expanding_league_hda,1646,1646,2022-04-03T20:30:00+00:00,0.453827460510,0.261239368165,0.284933171324,H
c105c922de74124d4a6773c8579caec0d739e429e4902d3ad54a9faa3bab9106,2021-22,2022-04-04T20:30:00+03:00,uniform_hda,1646,0,2022-04-03T20:30:00+00:00,0.333333333333,0.333333333333,0.333333333333,D
c105c922de74124d4a6773c8579caec0d739e429e4902d3ad54a9faa3bab9106,2021-22,2022-04-04T20:30:00+03:00,expanding_league_hda,1646,1646,2022-04-03T20:30:00+00:00,0.453827460510,0.261239368165,0.284933171324,D
ac3c8938a1284312941f14a940331d086fefdb8376fb364c621fe02bbd317415,2021-22,2022-04-09T13:30:00+03:00,uniform_hda,1648,0,2022-04-04T20:30:00+00:00,0.333333333333,0.333333333333,0.333333333333,H
ac3c8938a1284312941f14a940331d086fefdb8376fb364c621fe02bbd317415,2021-22,2022-04-09T13:30:00+03:00,expanding_league_hda,1648,1648,2022-04-04T20:30:00+00:00,0.453883495146,0.261529126214,0.284587378641,H
04eefecd8c137d42a5d3da732a0824580839828408ac07a88276fb717f8221dd,2021-22,2022-04-09T16:00:00+03:00,uniform_hda,1648,0,2022-04-04T20:30:00+00:00,0.333333333333,0.333333333333,0.333333333333,H
04eefecd8c137d42a5d3da732a0824580839828408ac07a88276fb717f8221dd,2021-22,2022-04-09T16:00:00+03:00,expanding_league_hda,1648,1648,2022-04-04T20:30:00+00:00,0.453883495146,0.261529126214,0.284587378641,H
7c21daa51e0f87050ef1597779c90d9d3062e0d74bf4bad8b7cb989238544478,2021-22,2022-04-09T16:00:00+03:00,uniform_hda,1648,0,2022-04-04T20:30:00+00:00,0.333333333333,0.333333333333,0.333333333333,A
7c21daa51e0f87050ef1597779c90d9d3062e0d74bf4bad8b7cb989238544478,2021-22,2022-04-09T16:00:00+03:00,expanding_league_hda,1648,1648,2022-04-04T20:30:00+00:00,0.453883495146,0.261529126214,0.284587378641,A
08831d3a0f87b5a24aa2a42809ed472f79eca558d0cc100afe66a7914621c367,2021-22,2022-04-09T20:30:00+03:00,uniform_hda,1651,0,2022-04-09T16:00:00+00:00,0.333333333333,0.333333333333,0.333333333333,D
08831d3a0f87b5a24aa2a42809ed472f79eca558d0cc100afe66a7914621c367,2021-22,2022-04-09T20:30:00+03:00,expanding_league_hda,1651,1651,2022-04-09T16:00:00+00:00,0.454270139310,0.261053906723,0.284675953967,D
435bbbc4d0cb734a9ebd95d34331fb7cd175cb9e6339334b39c0d8670a7d1611,2021-22,2022-04-09T20:30:00+03:00,uniform_hda,1651,0,2022-04-09T16:00:00+00:00,0.333333333333,0.333333333333,0.333333333333,H
435bbbc4d0cb734a9ebd95d34331fb7cd175cb9e6339334b39c0d8670a7d1611,2021-22,2022-04-09T20:30:00+03:00,expanding_league_hda,1651,1651,2022-04-09T16:00:00+00:00,0.454270139310,0.261053906723,0.284675953967,H
98ff29ec6766525a4b08c233e69bd4f0944c465189a726b1105f5aa10f3b0eb8,2021-22,2022-04-10T13:30:00+03:00,uniform_hda,1653,0,2022-04-09T20:30:00+00:00,0.333333333333,0.333333333333,0.333333333333,A
98ff29ec6766525a4b08c233e69bd4f0944c465189a726b1105f5aa10f3b0eb8,2021-22,2022-04-10T13:30:00+03:00,expanding_league_hda,1653,1653,2022-04-09T20:30:00+00:00,0.454325468845,0.261343012704,0.284331518451,A
1d91cd9747dbf16150aaab1af860658e4fa277889295f7a96b187ba9575826ec,2021-22,2022-04-10T16:00:00+03:00,uniform_hda,1653,0,2022-04-09T20:30:00+00:00,0.333333333333,0.333333333333,0.333333333333,A
1d91cd9747dbf16150aaab1af860658e4fa277889295f7a96b187ba9575826ec,2021-22,2022-04-10T16:00:00+03:00,expanding_league_hda,1653,1653,2022-04-09T20:30:00+00:00,0.454325468845,0.261343012704,0.284331518451,A
a13a14d347786758c53b37fceb9524f5028c0055334f8f319d11dd8cea519870,2021-22,2022-04-10T16:00:00+03:00,uniform_hda,1653,0,2022-04-09T20:30:00+00:00,0.333333333333,0.333333333333,0.333333333333,H
a13a14d347786758c53b37fceb9524f5028c0055334f8f319d11dd8cea519870,2021-22,2022-04-10T16:00:00+03:00,expanding_league_hda,1653,1653,2022-04-09T20:30:00+00:00,0.454325468845,0.261343012704,0.284331518451,H
fce39ec59d84c754dd676c017495ee78e89272a9bac96f321455373956213605,2021-22,2022-04-10T20:30:00+03:00,uniform_hda,1656,0,2022-04-10T16:00:00+00:00,0.333333333333,0.333333333333,0.333333333333,H
fce39ec59d84c754dd676c017495ee78e89272a9bac96f321455373956213605,2021-22,2022-04-10T20:30:00+03:00,expanding_league_hda,1656,1656,2022-04-10T16:00:00+00:00,0.454106280193,0.260869565217,0.285024154589,H
e161edc09ce7d16561c365c59b663695b65c0239fe8e644f80c433c96258e504,2021-22,2022-04-11T20:30:00+03:00,uniform_hda,1657,0,2022-04-10T20:30:00+00:00,0.333333333333,0.333333333333,0.333333333333,H
e161edc09ce7d16561c365c59b663695b65c0239fe8e644f80c433c96258e504,2021-22,2022-04-11T20:30:00+03:00,expanding_league_hda,1657,1657,2022-04-10T20:30:00+00:00,0.454435727218,0.260712130356,0.284852142426,H
a7b559a5560db807855203cbcd7c79a3f33a2084d2c989edcea53bbd479af406,2021-22,2022-04-15T20:30:00+03:00,uniform_hda,1658,0,2022-04-11T20:30:00+00:00,0.333333333333,0.333333333333,0.333333333333,D
a7b559a5560db807855203cbcd7c79a3f33a2084d2c989edcea53bbd479af406,2021-22,2022-04-15T20:30:00+03:00,expanding_league_hda,1658,1658,2022-04-11T20:30:00+00:00,0.454764776840,0.260554885404,0.284680337756,D
ec4a995bac256d42428733215e84dc60073279858183ddaddaf067547d1214dc,2021-22,2022-04-15T20:30:00+03:00,uniform_hda,1658,0,2022-04-11T20:30:00+00:00,0.333333333333,0.333333333333,0.333333333333,D
ec4a995bac256d42428733215e84dc60073279858183ddaddaf067547d1214dc,2021-22,2022-04-15T20:30:00+03:00,expanding_league_hda,1658,1658,2022-04-11T20:30:00+00:00,0.454764776840,0.260554885404,0.284680337756,D
79ad77b9dc67bc035472e9693a9b14595acdabb71fbe2ea349daeadd6a3bcfba,2021-22,2022-04-16T13:30:00+03:00,uniform_hda,1660,0,2022-04-15T20:30:00+00:00,0.333333333333,0.333333333333,0.333333333333,D
79ad77b9dc67bc035472e9693a9b14595acdabb71fbe2ea349daeadd6a3bcfba,2021-22,2022-04-16T13:30:00+03:00,expanding_league_hda,1660,1660,2022-04-15T20:30:00+00:00,0.454216867470,0.261445783133,0.284337349398,D
1bac69bc1aec79379079609dc1d06f8d2572e4ac244fea2ad0e471bb3e97422c,2021-22,2022-04-16T16:00:00+03:00,uniform_hda,1660,0,2022-04-15T20:30:00+00:00,0.333333333333,0.333333333333,0.333333333333,A
1bac69bc1aec79379079609dc1d06f8d2572e4ac244fea2ad0e471bb3e97422c,2021-22,2022-04-16T16:00:00+03:00,expanding_league_hda,1660,1660,2022-04-15T20:30:00+00:00,0.454216867470,0.261445783133,0.284337349398,A
6187e40f2dbc0b6ea3664f77a5cdc5595c932e79630dd589654640bfad496c68,2021-22,2022-04-16T16:00:00+03:00,uniform_hda,1660,0,2022-04-15T20:30:00+00:00,0.333333333333,0.333333333333,0.333333333333,D
6187e40f2dbc0b6ea3664f77a5cdc5595c932e79630dd589654640bfad496c68,2021-22,2022-04-16T16:00:00+03:00,expanding_league_hda,1660,1660,2022-04-15T20:30:00+00:00,0.454216867470,0.261445783133,0.284337349398,D
b6eba1186645d6b6c1250d8f29342c13e5101b0bb69b35b94c9395045f7969bc,2021-22,2022-04-16T20:30:00+03:00,uniform_hda,1663,0,2022-04-16T16:00:00+00:00,0.333333333333,0.333333333333,0.333333333333,H
b6eba1186645d6b6c1250d8f29342c13e5101b0bb69b35b94c9395045f7969bc,2021-22,2022-04-16T20:30:00+03:00,expanding_league_hda,1663,1663,2022-04-16T16:00:00+00:00,0.453397474444,0.262176788936,0.284425736621,H
be513ae76f4490d0ff2ec952cbe416e1a7ed5901094068801b70597c621b2c87,2021-22,2022-04-17T13:30:00+03:00,uniform_hda,1664,0,2022-04-16T20:30:00+00:00,0.333333333333,0.333333333333,0.333333333333,H
be513ae76f4490d0ff2ec952cbe416e1a7ed5901094068801b70597c621b2c87,2021-22,2022-04-17T13:30:00+03:00,expanding_league_hda,1664,1664,2022-04-16T20:30:00+00:00,0.453725961538,0.262019230769,0.284254807692,H
711cc03febb6aa7c2f1e71225ac33b490d7f2043bf5c76d131135042ed93a947,2021-22,2022-04-17T16:00:00+03:00,uniform_hda,1664,0,2022-04-16T20:30:00+00:00,0.333333333333,0.333333333333,0.333333333333,H
711cc03febb6aa7c2f1e71225ac33b490d7f2043bf5c76d131135042ed93a947,2021-22,2022-04-17T16:00:00+03:00,expanding_league_hda,1664,1664,2022-04-16T20:30:00+00:00,0.453725961538,0.262019230769,0.284254807692,H
7f387a5ce9d9d758fcafb73738e7fcf138200d863060582af39a8505a8aeb180,2021-22,2022-04-17T20:30:00+03:00,uniform_hda,1666,0,2022-04-17T16:00:00+00:00,0.333333333333,0.333333333333,0.333333333333,D
7f387a5ce9d9d758fcafb73738e7fcf138200d863060582af39a8505a8aeb180,2021-22,2022-04-17T20:30:00+03:00,expanding_league_hda,1666,1666,2022-04-17T16:00:00+00:00,0.454381752701,0.261704681873,0.283913565426,D
eb177d2ebfa0d17553c132d01ff2c02c70bb43b2581180256739cfb229f98f4a,2021-22,2022-04-18T20:30:00+03:00,uniform_hda,1667,0,2022-04-17T20:30:00+00:00,0.333333333333,0.333333333333,0.333333333333,H
eb177d2ebfa0d17553c132d01ff2c02c70bb43b2581180256739cfb229f98f4a,2021-22,2022-04-18T20:30:00+03:00,expanding_league_hda,1667,1667,2022-04-17T20:30:00+00:00,0.454109178164,0.262147570486,0.283743251350,H
5432c94a5043efe03d69af49e50230d8c21bef10af1d06a50a38ba092be49080,2021-22,2022-04-22T20:30:00+03:00,uniform_hda,1668,0,2022-04-18T20:30:00+00:00,0.333333333333,0.333333333333,0.333333333333,A
5432c94a5043efe03d69af49e50230d8c21bef10af1d06a50a38ba092be49080,2021-22,2022-04-22T20:30:00+03:00,expanding_league_hda,1668,1668,2022-04-18T20:30:00+00:00,0.454436450839,0.261990407674,0.283573141487,A
5477d31031168f9fdc38874ae4882afb7828fd701f303901faea412d04577fbf,2021-22,2022-04-23T16:00:00+03:00,uniform_hda,1669,0,2022-04-22T20:30:00+00:00,0.333333333333,0.333333333333,0.333333333333,H
5477d31031168f9fdc38874ae4882afb7828fd701f303901faea412d04577fbf,2021-22,2022-04-23T16:00:00+03:00,expanding_league_hda,1669,1669,2022-04-22T20:30:00+00:00,0.454164170162,0.261833433194,0.284002396645,H
dd6f24475c51980f012a46054b16c0785177fd5286aca8743544d327235afbf2,2021-22,2022-04-23T16:00:00+03:00,uniform_hda,1669,0,2022-04-22T20:30:00+00:00,0.333333333333,0.333333333333,0.333333333333,D
dd6f24475c51980f012a46054b16c0785177fd5286aca8743544d327235afbf2,2021-22,2022-04-23T16:00:00+03:00,expanding_league_hda,1669,1669,2022-04-22T20:30:00+00:00,0.454164170162,0.261833433194,0.284002396645,D
9eb7429dde45bac87458390a8c3ea18321a0590de06ddb64e4a2ef37eec40ad9,2021-22,2022-04-23T20:30:00+03:00,uniform_hda,1671,0,2022-04-23T16:00:00+00:00,0.333333333333,0.333333333333,0.333333333333,A
9eb7429dde45bac87458390a8c3ea18321a0590de06ddb64e4a2ef37eec40ad9,2021-22,2022-04-23T20:30:00+03:00,expanding_league_hda,1671,1671,2022-04-23T16:00:00+00:00,0.454219030521,0.262118491921,0.283662477558,A
07889f446d30cd4319d9836e82e566d27de4467cf7425093145351d0967be2f5,2021-22,2022-04-24T16:00:00+03:00,uniform_hda,1672,0,2022-04-23T20:30:00+00:00,0.333333333333,0.333333333333,0.333333333333,H
07889f446d30cd4319d9836e82e566d27de4467cf7425093145351d0967be2f5,2021-22,2022-04-24T16:00:00+03:00,expanding_league_hda,1672,1672,2022-04-23T20:30:00+00:00,0.453947368421,0.261961722488,0.284090909091,H
ea8d497755e3db9ec2743a9390088f2044057a6d66fe4cf21bd61fa10cb87b81,2021-22,2022-04-24T16:00:00+03:00,uniform_hda,1672,0,2022-04-23T20:30:00+00:00,0.333333333333,0.333333333333,0.333333333333,A
ea8d497755e3db9ec2743a9390088f2044057a6d66fe4cf21bd61fa10cb87b81,2021-22,2022-04-24T16:00:00+03:00,expanding_league_hda,1672,1672,2022-04-23T20:30:00+00:00,0.453947368421,0.261961722488,0.284090909091,A
1dc8d3da72dcf0ffd20636984616d7b5d1abab9c950eaedddaf501cef94f3231,2021-22,2022-04-24T20:30:00+03:00,uniform_hda,1674,0,2022-04-24T16:00:00+00:00,0.333333333333,0.333333333333,0.333333333333,D
1dc8d3da72dcf0ffd20636984616d7b5d1abab9c950eaedddaf501cef94f3231,2021-22,2022-04-24T20:30:00+03:00,expanding_league_hda,1674,1674,2022-04-24T16:00:00+00:00,0.454002389486,0.261648745520,0.284348864994,D
bcd117d0fbac5eb1f09b54c348905dd654f8120e4d0bcd379bc6a69d24edb079,2021-22,2022-04-24T20:30:00+03:00,uniform_hda,1674,0,2022-04-24T16:00:00+00:00,0.333333333333,0.333333333333,0.333333333333,A
bcd117d0fbac5eb1f09b54c348905dd654f8120e4d0bcd379bc6a69d24edb079,2021-22,2022-04-24T20:30:00+03:00,expanding_league_hda,1674,1674,2022-04-24T16:00:00+00:00,0.454002389486,0.261648745520,0.284348864994,A
40c85250a38b58954b3c2d03c2a538e003d887dd1f1b88a389baae69f7802bcf,2021-22,2022-04-25T20:30:00+03:00,uniform_hda,1676,0,2022-04-24T20:30:00+00:00,0.333333333333,0.333333333333,0.333333333333,A
40c85250a38b58954b3c2d03c2a538e003d887dd1f1b88a389baae69f7802bcf,2021-22,2022-04-25T20:30:00+03:00,expanding_league_hda,1676,1676,2022-04-24T20:30:00+00:00,0.453460620525,0.261933174224,0.284606205251,A
cea43d34f91c2688a2bedcf4ceb6b03409d61bb5112ff901c1d44a4653a3f441,2021-22,2022-04-25T20:30:00+03:00,uniform_hda,1676,0,2022-04-24T20:30:00+00:00,0.333333333333,0.333333333333,0.333333333333,H
cea43d34f91c2688a2bedcf4ceb6b03409d61bb5112ff901c1d44a4653a3f441,2021-22,2022-04-25T20:30:00+03:00,expanding_league_hda,1676,1676,2022-04-24T20:30:00+00:00,0.453460620525,0.261933174224,0.284606205251,H
5a3979129cf3e9b3c87b4ff15c2eb6b910f7fafee41fe6d82a3d2b6b0cf17ac6,2021-22,2022-04-29T20:30:00+03:00,uniform_hda,1678,0,2022-04-25T20:30:00+00:00,0.333333333333,0.333333333333,0.333333333333,H
5a3979129cf3e9b3c87b4ff15c2eb6b910f7fafee41fe6d82a3d2b6b0cf17ac6,2021-22,2022-04-29T20:30:00+03:00,expanding_league_hda,1678,1678,2022-04-25T20:30:00+00:00,0.453516090584,0.261620977354,0.284862932062,H
f183a389489b42b1b3e380323fa7796e0d3a6bd92de45184ba44894c914db8ce,2021-22,2022-04-29T20:30:00+03:00,uniform_hda,1678,0,2022-04-25T20:30:00+00:00,0.333333333333,0.333333333333,0.333333333333,H
f183a389489b42b1b3e380323fa7796e0d3a6bd92de45184ba44894c914db8ce,2021-22,2022-04-29T20:30:00+03:00,expanding_league_hda,1678,1678,2022-04-25T20:30:00+00:00,0.453516090584,0.261620977354,0.284862932062,H
4502fa375e4e40d9e1ccd967ba6a653a2d7003e65c2537dc2ce653d86e3430d9,2021-22,2022-04-30T16:00:00+03:00,uniform_hda,1680,0,2022-04-29T20:30:00+00:00,0.333333333333,0.333333333333,0.333333333333,A
4502fa375e4e40d9e1ccd967ba6a653a2d7003e65c2537dc2ce653d86e3430d9,2021-22,2022-04-30T16:00:00+03:00,expanding_league_hda,1680,1680,2022-04-29T20:30:00+00:00,0.454166666667,0.261309523810,0.284523809524,A
ee75ffd517e38606dae8fdc797624bc6737f73f265cd8acf25408d72d5c7fc03,2021-22,2022-04-30T16:00:00+03:00,uniform_hda,1680,0,2022-04-29T20:30:00+00:00,0.333333333333,0.333333333333,0.333333333333,A
ee75ffd517e38606dae8fdc797624bc6737f73f265cd8acf25408d72d5c7fc03,2021-22,2022-04-30T16:00:00+03:00,expanding_league_hda,1680,1680,2022-04-29T20:30:00+00:00,0.454166666667,0.261309523810,0.284523809524,A
3bf1e62491589f1fbd64cd8def21b893fb14819e5077359848147a23a8e3affb,2021-22,2022-04-30T20:30:00+03:00,uniform_hda,1682,0,2022-04-30T16:00:00+00:00,0.333333333333,0.333333333333,0.333333333333,D
3bf1e62491589f1fbd64cd8def21b893fb14819e5077359848147a23a8e3affb,2021-22,2022-04-30T20:30:00+03:00,expanding_league_hda,1682,1682,2022-04-30T16:00:00+00:00,0.453626634958,0.260998810939,0.285374554102,D
69136cfab7db4c299829bd1afe5f225a395ba2def788d2b049f68383d68d9045,2021-22,2022-04-30T20:30:00+03:00,uniform_hda,1682,0,2022-04-30T16:00:00+00:00,0.333333333333,0.333333333333,0.333333333333,A
69136cfab7db4c299829bd1afe5f225a395ba2def788d2b049f68383d68d9045,2021-22,2022-04-30T20:30:00+03:00,expanding_league_hda,1682,1682,2022-04-30T16:00:00+00:00,0.453626634958,0.260998810939,0.285374554102,A
0093018eee8778c627f1715985bdd6f8ac49343381767e360fcc708b775f369b,2021-22,2022-05-01T16:00:00+03:00,uniform_hda,1684,0,2022-04-30T20:30:00+00:00,0.333333333333,0.333333333333,0.333333333333,A
0093018eee8778c627f1715985bdd6f8ac49343381767e360fcc708b775f369b,2021-22,2022-05-01T16:00:00+03:00,expanding_league_hda,1684,1684,2022-04-30T20:30:00+00:00,0.453087885986,0.261282660333,0.285629453682,A
58d8079a9a72a23f5796e5b43b5d399e8b5b287c06f3fca0c013f0b5dac502d9,2021-22,2022-05-01T16:00:00+03:00,uniform_hda,1684,0,2022-04-30T20:30:00+00:00,0.333333333333,0.333333333333,0.333333333333,H
58d8079a9a72a23f5796e5b43b5d399e8b5b287c06f3fca0c013f0b5dac502d9,2021-22,2022-05-01T16:00:00+03:00,expanding_league_hda,1684,1684,2022-04-30T20:30:00+00:00,0.453087885986,0.261282660333,0.285629453682,H
0c87a46b68bce4dff045fff343b81dafa57dcbcb97a86e88bf3918c1c801f72a,2021-22,2022-05-01T20:30:00+03:00,uniform_hda,1686,0,2022-05-01T16:00:00+00:00,0.333333333333,0.333333333333,0.333333333333,A
0c87a46b68bce4dff045fff343b81dafa57dcbcb97a86e88bf3918c1c801f72a,2021-22,2022-05-01T20:30:00+03:00,expanding_league_hda,1686,1686,2022-05-01T16:00:00+00:00,0.453143534994,0.260972716489,0.285883748517,A
519ff92841dc02f3c07275dd7320d3d76881d1524aa5389822f52fb19e8eed0f,2021-22,2022-05-01T20:30:00+03:00,uniform_hda,1686,0,2022-05-01T16:00:00+00:00,0.333333333333,0.333333333333,0.333333333333,A
519ff92841dc02f3c07275dd7320d3d76881d1524aa5389822f52fb19e8eed0f,2021-22,2022-05-01T20:30:00+03:00,expanding_league_hda,1686,1686,2022-05-01T16:00:00+00:00,0.453143534994,0.260972716489,0.285883748517,A
1b9849eed479ae9ab187a49b394a97d0b0ecd3f439d1e8478a3e4d536d3fe9ed,2021-22,2022-05-06T20:00:00+03:00,uniform_hda,1688,0,2022-05-01T20:30:00+00:00,0.333333333333,0.333333333333,0.333333333333,D
1b9849eed479ae9ab187a49b394a97d0b0ecd3f439d1e8478a3e4d536d3fe9ed,2021-22,2022-05-06T20:00:00+03:00,expanding_league_hda,1688,1688,2022-05-01T20:30:00+00:00,0.452606635071,0.260663507109,0.286729857820,D
424f035ad7ed6fb9682c2dfe6c978d8f3713d1c3cb96fb52ee27323408a58224,2021-22,2022-05-06T20:00:00+03:00,uniform_hda,1688,0,2022-05-01T20:30:00+00:00,0.333333333333,0.333333333333,0.333333333333,D
424f035ad7ed6fb9682c2dfe6c978d8f3713d1c3cb96fb52ee27323408a58224,2021-22,2022-05-06T20:00:00+03:00,expanding_league_hda,1688,1688,2022-05-01T20:30:00+00:00,0.452606635071,0.260663507109,0.286729857820,D
06779d85602546e84db525c24be2cb157b6df79835d77b3ca5eaca51edb7c3a1,2021-22,2022-05-07T16:00:00+03:00,uniform_hda,1690,0,2022-05-06T20:00:00+00:00,0.333333333333,0.333333333333,0.333333333333,A
06779d85602546e84db525c24be2cb157b6df79835d77b3ca5eaca51edb7c3a1,2021-22,2022-05-07T16:00:00+03:00,expanding_league_hda,1690,1690,2022-05-06T20:00:00+00:00,0.452071005917,0.261538461538,0.286390532544,A
87c441f5d5ac87afb3faa854a30c7dd485254c32596d0d214b859f8543864831,2021-22,2022-05-07T16:00:00+03:00,uniform_hda,1690,0,2022-05-06T20:00:00+00:00,0.333333333333,0.333333333333,0.333333333333,H
87c441f5d5ac87afb3faa854a30c7dd485254c32596d0d214b859f8543864831,2021-22,2022-05-07T16:00:00+03:00,expanding_league_hda,1690,1690,2022-05-06T20:00:00+00:00,0.452071005917,0.261538461538,0.286390532544,H
2a6039dd5adf1e2dd6b4a2b70d4b1bfc9bfe0cdae13a6106bd743424b628427f,2021-22,2022-05-07T19:00:00+03:00,uniform_hda,1690,0,2022-05-06T20:00:00+00:00,0.333333333333,0.333333333333,0.333333333333,D
2a6039dd5adf1e2dd6b4a2b70d4b1bfc9bfe0cdae13a6106bd743424b628427f,2021-22,2022-05-07T19:00:00+03:00,expanding_league_hda,1690,1690,2022-05-06T20:00:00+00:00,0.452071005917,0.261538461538,0.286390532544,D
7afd061f4c266498b0d27108a283c00801ee8b646da2f1af0116ff5a03f51c37,2021-22,2022-05-07T19:00:00+03:00,uniform_hda,1690,0,2022-05-06T20:00:00+00:00,0.333333333333,0.333333333333,0.333333333333,A
7afd061f4c266498b0d27108a283c00801ee8b646da2f1af0116ff5a03f51c37,2021-22,2022-05-07T19:00:00+03:00,expanding_league_hda,1690,1690,2022-05-06T20:00:00+00:00,0.452071005917,0.261538461538,0.286390532544,A
2129000d3d603b5a5e19d79aef6536336d060a03867113538734cddb8640d0f4,2021-22,2022-05-08T16:00:00+03:00,uniform_hda,1694,0,2022-05-07T19:00:00+00:00,0.333333333333,0.333333333333,0.333333333333,D
2129000d3d603b5a5e19d79aef6536336d060a03867113538734cddb8640d0f4,2021-22,2022-05-08T16:00:00+03:00,expanding_league_hda,1694,1694,2022-05-07T19:00:00+00:00,0.451593860685,0.261511216057,0.286894923259,D
851bab2d2876c8b6269738124538437a9c81b93e5db0afc25b92a6d3f9dc573c,2021-22,2022-05-08T16:00:00+03:00,uniform_hda,1694,0,2022-05-07T19:00:00+00:00,0.333333333333,0.333333333333,0.333333333333,A
851bab2d2876c8b6269738124538437a9c81b93e5db0afc25b92a6d3f9dc573c,2021-22,2022-05-08T16:00:00+03:00,expanding_league_hda,1694,1694,2022-05-07T19:00:00+00:00,0.451593860685,0.261511216057,0.286894923259,A
75577b061aa3d58a6b4f49b4289a19d4d11872b500cc14c6050eaf337d229159,2021-22,2022-05-08T19:00:00+03:00,uniform_hda,1694,0,2022-05-07T19:00:00+00:00,0.333333333333,0.333333333333,0.333333333333,D
75577b061aa3d58a6b4f49b4289a19d4d11872b500cc14c6050eaf337d229159,2021-22,2022-05-08T19:00:00+03:00,expanding_league_hda,1694,1694,2022-05-07T19:00:00+00:00,0.451593860685,0.261511216057,0.286894923259,D
c8a2d914e2028c9f1e9400dad2088223829a3947a121d38cacf926996a5c1d3c,2021-22,2022-05-09T20:00:00+03:00,uniform_hda,1697,0,2022-05-08T19:00:00+00:00,0.333333333333,0.333333333333,0.333333333333,H
c8a2d914e2028c9f1e9400dad2088223829a3947a121d38cacf926996a5c1d3c,2021-22,2022-05-09T20:00:00+03:00,expanding_league_hda,1697,1697,2022-05-08T19:00:00+00:00,0.450795521509,0.262227460224,0.286977018268,H
6cf2d57d2e78bf921db3cf1197f6e87f74d57de36375442fa33b95c11fd46d00,2021-22,2022-05-14T19:00:00+03:00,uniform_hda,1698,0,2022-05-09T20:00:00+00:00,0.333333333333,0.333333333333,0.333333333333,H
6cf2d57d2e78bf921db3cf1197f6e87f74d57de36375442fa33b95c11fd46d00,2021-22,2022-05-14T19:00:00+03:00,expanding_league_hda,1698,1698,2022-05-09T20:00:00+00:00,0.451118963486,0.262073027091,0.286808009423,H
8be3145dd184a4ee0acc1bca6ecce352992259966df936065c0a8fd9f5e2a942,2021-22,2022-05-15T16:00:00+03:00,uniform_hda,1699,0,2022-05-14T19:00:00+00:00,0.333333333333,0.333333333333,0.333333333333,A
8be3145dd184a4ee0acc1bca6ecce352992259966df936065c0a8fd9f5e2a942,2021-22,2022-05-15T16:00:00+03:00,expanding_league_hda,1699,1699,2022-05-14T19:00:00+00:00,0.451442024720,0.261918775750,0.286639199529,A
9faacc3f1f76f648ad8c9c0fe2b440586cd72fae386c208fe794b908709c58be,2021-22,2022-05-15T16:00:00+03:00,uniform_hda,1699,0,2022-05-14T19:00:00+00:00,0.333333333333,0.333333333333,0.333333333333,H
9faacc3f1f76f648ad8c9c0fe2b440586cd72fae386c208fe794b908709c58be,2021-22,2022-05-15T16:00:00+03:00,expanding_league_hda,1699,1699,2022-05-14T19:00:00+00:00,0.451442024720,0.261918775750,0.286639199529,H
0ea906418a3dbf570e2816d320fa0c05249314878bff75c1a8c392578afef395,2021-22,2022-05-15T19:00:00+03:00,uniform_hda,1699,0,2022-05-14T19:00:00+00:00,0.333333333333,0.333333333333,0.333333333333,D
0ea906418a3dbf570e2816d320fa0c05249314878bff75c1a8c392578afef395,2021-22,2022-05-15T19:00:00+03:00,expanding_league_hda,1699,1699,2022-05-14T19:00:00+00:00,0.451442024720,0.261918775750,0.286639199529,D
21dd93fe3666b78fec24e43d1a63753fe4122357ec3afdf4303704214ed0c8df,2021-22,2022-05-15T19:00:00+03:00,uniform_hda,1699,0,2022-05-14T19:00:00+00:00,0.333333333333,0.333333333333,0.333333333333,H
21dd93fe3666b78fec24e43d1a63753fe4122357ec3afdf4303704214ed0c8df,2021-22,2022-05-15T19:00:00+03:00,expanding_league_hda,1699,1699,2022-05-14T19:00:00+00:00,0.451442024720,0.261918775750,0.286639199529,H
6b9c753dcbe30703e7be97f714f959477bc8626601e9144ab22dbecba0e18042,2021-22,2022-05-15T19:00:00+03:00,uniform_hda,1699,0,2022-05-14T19:00:00+00:00,0.333333333333,0.333333333333,0.333333333333,A
6b9c753dcbe30703e7be97f714f959477bc8626601e9144ab22dbecba0e18042,2021-22,2022-05-15T19:00:00+03:00,expanding_league_hda,1699,1699,2022-05-14T19:00:00+00:00,0.451442024720,0.261918775750,0.286639199529,A
6c78f91b2a7c4abdcf114ea49b27f9edfa2b48b08cc096c5bab2840f0d525c4f,2021-22,2022-05-15T19:00:00+03:00,uniform_hda,1699,0,2022-05-14T19:00:00+00:00,0.333333333333,0.333333333333,0.333333333333,D
6c78f91b2a7c4abdcf114ea49b27f9edfa2b48b08cc096c5bab2840f0d525c4f,2021-22,2022-05-15T19:00:00+03:00,expanding_league_hda,1699,1699,2022-05-14T19:00:00+00:00,0.451442024720,0.261918775750,0.286639199529,D
75cd25185268441c7a7ad0711fa59262ec30c6db8e4920b8d17f462a62a9100e,2021-22,2022-05-15T19:00:00+03:00,uniform_hda,1699,0,2022-05-14T19:00:00+00:00,0.333333333333,0.333333333333,0.333333333333,H
75cd25185268441c7a7ad0711fa59262ec30c6db8e4920b8d17f462a62a9100e,2021-22,2022-05-15T19:00:00+03:00,expanding_league_hda,1699,1699,2022-05-14T19:00:00+00:00,0.451442024720,0.261918775750,0.286639199529,H
502fb5e9f387d650494a139ebdd05c5f550f52b73e782562180ce8068b6bde68,2021-22,2022-05-16T20:00:00+03:00,uniform_hda,1706,0,2022-05-15T19:00:00+00:00,0.333333333333,0.333333333333,0.333333333333,A
502fb5e9f387d650494a139ebdd05c5f550f52b73e782562180ce8068b6bde68,2021-22,2022-05-16T20:00:00+03:00,expanding_league_hda,1706,1706,2022-05-15T19:00:00+00:00,0.451348182884,0.262016412661,0.286635404455,A
c5dc707c531d7ce997020687cf9abba692687d96322eaad439875fc4df7739c9,2021-22,2022-05-16T20:00:00+03:00,uniform_hda,1706,0,2022-05-15T19:00:00+00:00,0.333333333333,0.333333333333,0.333333333333,H
c5dc707c531d7ce997020687cf9abba692687d96322eaad439875fc4df7739c9,2021-22,2022-05-16T20:00:00+03:00,expanding_league_hda,1706,1706,2022-05-15T19:00:00+00:00,0.451348182884,0.262016412661,0.286635404455,H
17161e9b591fc73846434624ca265219455c1a2de921bf06bdc7f5afb4de1d3c,2021-22,2022-05-20T20:00:00+03:00,uniform_hda,1708,0,2022-05-16T20:00:00+00:00,0.333333333333,0.333333333333,0.333333333333,D
17161e9b591fc73846434624ca265219455c1a2de921bf06bdc7f5afb4de1d3c,2021-22,2022-05-20T20:00:00+03:00,expanding_league_hda,1708,1708,2022-05-16T20:00:00+00:00,0.451405152225,0.261709601874,0.286885245902,D
61f08f86677ff2ff985249b0c764cd657dce9168e845cbbc88a5db12df8ad865,2021-22,2022-05-20T20:00:00+03:00,uniform_hda,1708,0,2022-05-16T20:00:00+00:00,0.333333333333,0.333333333333,0.333333333333,H
61f08f86677ff2ff985249b0c764cd657dce9168e845cbbc88a5db12df8ad865,2021-22,2022-05-20T20:00:00+03:00,expanding_league_hda,1708,1708,2022-05-16T20:00:00+00:00,0.451405152225,0.261709601874,0.286885245902,H
a21804e6a869b7a22bb56651fc9312c8e49941f695cb86a1476ca0e88a53f2e6,2021-22,2022-05-21T16:00:00+03:00,uniform_hda,1710,0,2022-05-20T20:00:00+00:00,0.333333333333,0.333333333333,0.333333333333,A
a21804e6a869b7a22bb56651fc9312c8e49941f695cb86a1476ca0e88a53f2e6,2021-22,2022-05-21T16:00:00+03:00,expanding_league_hda,1710,1710,2022-05-20T20:00:00+00:00,0.451461988304,0.261988304094,0.286549707602,A
c787da33377597422cd7df11cef9db09d664b3188a44e8dfe0a2b27618a150be,2021-22,2022-05-21T16:00:00+03:00,uniform_hda,1710,0,2022-05-20T20:00:00+00:00,0.333333333333,0.333333333333,0.333333333333,H
c787da33377597422cd7df11cef9db09d664b3188a44e8dfe0a2b27618a150be,2021-22,2022-05-21T16:00:00+03:00,expanding_league_hda,1710,1710,2022-05-20T20:00:00+00:00,0.451461988304,0.261988304094,0.286549707602,H
e196377c5495298d82bd8352ed973e543b168258bb1d3ccbffcf2f779f1a70cc,2021-22,2022-05-21T19:00:00+03:00,uniform_hda,1710,0,2022-05-20T20:00:00+00:00,0.333333333333,0.333333333333,0.333333333333,D
e196377c5495298d82bd8352ed973e543b168258bb1d3ccbffcf2f779f1a70cc,2021-22,2022-05-21T19:00:00+03:00,expanding_league_hda,1710,1710,2022-05-20T20:00:00+00:00,0.451461988304,0.261988304094,0.286549707602,D
eaa113cf2d0dda7e9a004a0f7c52cb775404265511364886cbb1d5474058320e,2021-22,2022-05-21T19:00:00+03:00,uniform_hda,1710,0,2022-05-20T20:00:00+00:00,0.333333333333,0.333333333333,0.333333333333,A
eaa113cf2d0dda7e9a004a0f7c52cb775404265511364886cbb1d5474058320e,2021-22,2022-05-21T19:00:00+03:00,expanding_league_hda,1710,1710,2022-05-20T20:00:00+00:00,0.451461988304,0.261988304094,0.286549707602,A
5d79c37c605b9580792ba9d9c95f381af4e2e8472f20685d17ad66778bf21ea8,2021-22,2022-05-22T16:00:00+03:00,uniform_hda,1714,0,2022-05-21T19:00:00+00:00,0.333333333333,0.333333333333,0.333333333333,A
5d79c37c605b9580792ba9d9c95f381af4e2e8472f20685d17ad66778bf21ea8,2021-22,2022-05-22T16:00:00+03:00,expanding_league_hda,1714,1714,2022-05-21T19:00:00+00:00,0.450991831972,0.261960326721,0.287047841307,A
b362f66c100ec22c04b58531cc2df244da2f5d6d701e10b523e24962c6afe3bd,2021-22,2022-05-22T16:00:00+03:00,uniform_hda,1714,0,2022-05-21T19:00:00+00:00,0.333333333333,0.333333333333,0.333333333333,H
b362f66c100ec22c04b58531cc2df244da2f5d6d701e10b523e24962c6afe3bd,2021-22,2022-05-22T16:00:00+03:00,expanding_league_hda,1714,1714,2022-05-21T19:00:00+00:00,0.450991831972,0.261960326721,0.287047841307,H
50e5f1e7412ba080e3995d55cdbe8dd8388eac8b80bf35062395f53d9bc3c039,2021-22,2022-05-22T19:00:00+03:00,uniform_hda,1714,0,2022-05-21T19:00:00+00:00,0.333333333333,0.333333333333,0.333333333333,H
50e5f1e7412ba080e3995d55cdbe8dd8388eac8b80bf35062395f53d9bc3c039,2021-22,2022-05-22T19:00:00+03:00,expanding_league_hda,1714,1714,2022-05-21T19:00:00+00:00,0.450991831972,0.261960326721,0.287047841307,H
ee46dc4e61062e0e565c58b33d806cea6ac1822eb3b2d0fe17836c8477a3b8a6,2021-22,2022-05-22T19:00:00+03:00,uniform_hda,1714,0,2022-05-21T19:00:00+00:00,0.333333333333,0.333333333333,0.333333333333,H
ee46dc4e61062e0e565c58b33d806cea6ac1822eb3b2d0fe17836c8477a3b8a6,2021-22,2022-05-22T19:00:00+03:00,expanding_league_hda,1714,1714,2022-05-21T19:00:00+00:00,0.450991831972,0.261960326721,0.287047841307,H
51e1eab522d2772122c4dad42d4dff1fb8b9d40466970f67bf40db25793fd713,2022-23,2022-08-05T21:00:00+03:00,uniform_hda,1718,0,2022-05-22T19:00:00+00:00,0.333333333333,0.333333333333,0.333333333333,A
51e1eab522d2772122c4dad42d4dff1fb8b9d40466970f67bf40db25793fd713,2022-23,2022-08-05T21:00:00+03:00,expanding_league_hda,1718,1718,2022-05-22T19:00:00+00:00,0.451688009313,0.261350407451,0.286961583236,A
45e27b075533447860ccafaebd518382c86a808e1491a72ce1fe55ced433370f,2022-23,2022-08-06T19:15:00+03:00,uniform_hda,1719,0,2022-08-05T21:00:00+00:00,0.333333333333,0.333333333333,0.333333333333,D
45e27b075533447860ccafaebd518382c86a808e1491a72ce1fe55ced433370f,2022-23,2022-08-06T19:15:00+03:00,expanding_league_hda,1719,1719,2022-08-05T21:00:00+00:00,0.451425247237,0.261198371146,0.287376381617,D
73878914872b964fe026da3d68d8cd217d231465b93da12c2084790d1be55801,2022-23,2022-08-06T21:45:00+03:00,uniform_hda,1719,0,2022-08-05T21:00:00+00:00,0.333333333333,0.333333333333,0.333333333333,H
73878914872b964fe026da3d68d8cd217d231465b93da12c2084790d1be55801,2022-23,2022-08-06T21:45:00+03:00,expanding_league_hda,1719,1719,2022-08-05T21:00:00+00:00,0.451425247237,0.261198371146,0.287376381617,H
677b2c311dad7055a04df23738259e8c829b878ad2d28699ddcdef61b9356bbb,2022-23,2022-08-07T19:15:00+03:00,uniform_hda,1721,0,2022-08-06T21:45:00+00:00,0.333333333333,0.333333333333,0.333333333333,A
677b2c311dad7055a04df23738259e8c829b878ad2d28699ddcdef61b9356bbb,2022-23,2022-08-07T19:15:00+03:00,expanding_league_hda,1721,1721,2022-08-06T21:45:00+00:00,0.451481696688,0.261475886113,0.287042417199,A
c16c5bb79ec56fea3a3385c2e88e20f451c97466d0bffe16c7d9802b70ecf2fb,2022-23,2022-08-07T19:15:00+03:00,uniform_hda,1721,0,2022-08-06T21:45:00+00:00,0.333333333333,0.333333333333,0.333333333333,A
c16c5bb79ec56fea3a3385c2e88e20f451c97466d0bffe16c7d9802b70ecf2fb,2022-23,2022-08-07T19:15:00+03:00,expanding_league_hda,1721,1721,2022-08-06T21:45:00+00:00,0.451481696688,0.261475886113,0.287042417199,A
8fc1b07201f4126026542614bdd8c0dc201e3a0fb58525a161a8c5282e0178dc,2022-23,2022-08-07T21:45:00+03:00,uniform_hda,1721,0,2022-08-06T21:45:00+00:00,0.333333333333,0.333333333333,0.333333333333,A
8fc1b07201f4126026542614bdd8c0dc201e3a0fb58525a161a8c5282e0178dc,2022-23,2022-08-07T21:45:00+03:00,expanding_league_hda,1721,1721,2022-08-06T21:45:00+00:00,0.451481696688,0.261475886113,0.287042417199,A
1c60360a90a2b674d06a424d2877b9082cb946fdfd965ec9f04cc32b44999854,2022-23,2022-08-08T19:15:00+03:00,uniform_hda,1724,0,2022-08-07T21:45:00+00:00,0.333333333333,0.333333333333,0.333333333333,H
1c60360a90a2b674d06a424d2877b9082cb946fdfd965ec9f04cc32b44999854,2022-23,2022-08-08T19:15:00+03:00,expanding_league_hda,1724,1724,2022-08-07T21:45:00+00:00,0.450696055684,0.261020881671,0.288283062645,H
5d88574c13ad141d9499db4b772cc65462c5994ea333a5f14d883fe96c843c98,2022-23,2022-08-08T21:45:00+03:00,uniform_hda,1724,0,2022-08-07T21:45:00+00:00,0.333333333333,0.333333333333,0.333333333333,D
5d88574c13ad141d9499db4b772cc65462c5994ea333a5f14d883fe96c843c98,2022-23,2022-08-08T21:45:00+03:00,expanding_league_hda,1724,1724,2022-08-07T21:45:00+00:00,0.450696055684,0.261020881671,0.288283062645,D
c7dfc29ca41b8f3b60517392b23d47d55a1da1e884d826aeec8308256e58972d,2022-23,2022-08-08T21:45:00+03:00,uniform_hda,1724,0,2022-08-07T21:45:00+00:00,0.333333333333,0.333333333333,0.333333333333,D
c7dfc29ca41b8f3b60517392b23d47d55a1da1e884d826aeec8308256e58972d,2022-23,2022-08-08T21:45:00+03:00,expanding_league_hda,1724,1724,2022-08-07T21:45:00+00:00,0.450696055684,0.261020881671,0.288283062645,D
fe4143f1271116929fa51fce949829022bca7a2acdf962e36e1aa405bcf8f2bc,2022-23,2022-08-12T21:00:00+03:00,uniform_hda,1727,0,2022-08-08T21:45:00+00:00,0.333333333333,0.333333333333,0.333333333333,H
fe4143f1271116929fa51fce949829022bca7a2acdf962e36e1aa405bcf8f2bc,2022-23,2022-08-12T21:00:00+03:00,expanding_league_hda,1727,1727,2022-08-08T21:45:00+00:00,0.450492182976,0.261725535611,0.287782281413,H
83843ffc093dd9a26007ee3590176e20bbc22769a89f98817450d89beeee70e4,2022-23,2022-08-13T19:15:00+03:00,uniform_hda,1728,0,2022-08-12T21:00:00+00:00,0.333333333333,0.333333333333,0.333333333333,H
83843ffc093dd9a26007ee3590176e20bbc22769a89f98817450d89beeee70e4,2022-23,2022-08-13T19:15:00+03:00,expanding_league_hda,1728,1728,2022-08-12T21:00:00+00:00,0.450810185185,0.261574074074,0.287615740741,H
9a90ec7b4d40add08d998ea95414b5dc576e8593efbdaad5c1e7fbcac1e35fbc,2022-23,2022-08-13T21:45:00+03:00,uniform_hda,1728,0,2022-08-12T21:00:00+00:00,0.333333333333,0.333333333333,0.333333333333,H
9a90ec7b4d40add08d998ea95414b5dc576e8593efbdaad5c1e7fbcac1e35fbc,2022-23,2022-08-13T21:45:00+03:00,expanding_league_hda,1728,1728,2022-08-12T21:00:00+00:00,0.450810185185,0.261574074074,0.287615740741,H
fff1f0bb04f61bf1ab74082e3c0173f84ed91d9a6fc83d909c97dc1edddbbb25,2022-23,2022-08-13T21:45:00+03:00,uniform_hda,1728,0,2022-08-12T21:00:00+00:00,0.333333333333,0.333333333333,0.333333333333,A
fff1f0bb04f61bf1ab74082e3c0173f84ed91d9a6fc83d909c97dc1edddbbb25,2022-23,2022-08-13T21:45:00+03:00,expanding_league_hda,1728,1728,2022-08-12T21:00:00+00:00,0.450810185185,0.261574074074,0.287615740741,A
04f0ebf99de807a220b3f76323ee0f23e39464e4b5bcae94e3b71a63982f07d0,2022-23,2022-08-14T19:15:00+03:00,uniform_hda,1731,0,2022-08-13T21:45:00+00:00,0.333333333333,0.333333333333,0.333333333333,A
04f0ebf99de807a220b3f76323ee0f23e39464e4b5bcae94e3b71a63982f07d0,2022-23,2022-08-14T19:15:00+03:00,expanding_league_hda,1731,1731,2022-08-13T21:45:00+00:00,0.451184286540,0.261120739457,0.287694974003,A
c5b09089fbffe25e7869b6def1544ba02c8ac769ee50099f92cc0c2a7d103755,2022-23,2022-08-14T19:15:00+03:00,uniform_hda,1731,0,2022-08-13T21:45:00+00:00,0.333333333333,0.333333333333,0.333333333333,H
c5b09089fbffe25e7869b6def1544ba02c8ac769ee50099f92cc0c2a7d103755,2022-23,2022-08-14T19:15:00+03:00,expanding_league_hda,1731,1731,2022-08-13T21:45:00+00:00,0.451184286540,0.261120739457,0.287694974003,H
1ae39f9e857f93ca7b11f321cfa8ae2036a1fc5505ac14c91b809d349c2d1a70,2022-23,2022-08-14T21:45:00+03:00,uniform_hda,1731,0,2022-08-13T21:45:00+00:00,0.333333333333,0.333333333333,0.333333333333,D
1ae39f9e857f93ca7b11f321cfa8ae2036a1fc5505ac14c91b809d349c2d1a70,2022-23,2022-08-14T21:45:00+03:00,expanding_league_hda,1731,1731,2022-08-13T21:45:00+00:00,0.451184286540,0.261120739457,0.287694974003,D
eff59955a5087b6b9c74ca1fb07c1a4efcda935c25a948192013cadb432a1360,2022-23,2022-08-15T19:15:00+03:00,uniform_hda,1734,0,2022-08-14T21:45:00+00:00,0.333333333333,0.333333333333,0.333333333333,D
eff59955a5087b6b9c74ca1fb07c1a4efcda935c25a948192013cadb432a1360,2022-23,2022-08-15T19:15:00+03:00,expanding_league_hda,1734,1734,2022-08-14T21:45:00+00:00,0.450980392157,0.261245674740,0.287773933103,D
b00c7d28756f5e89cded108491125e25714afcea2879e43a283cf58b070bea53,2022-23,2022-08-15T21:45:00+03:00,uniform_hda,1734,0,2022-08-14T21:45:00+00:00,0.333333333333,0.333333333333,0.333333333333,A
b00c7d28756f5e89cded108491125e25714afcea2879e43a283cf58b070bea53,2022-23,2022-08-15T21:45:00+03:00,expanding_league_hda,1734,1734,2022-08-14T21:45:00+00:00,0.450980392157,0.261245674740,0.287773933103,A
53bde3494d7355b50a4e757a2c1dfe1ca0cb650bf9d946b29c2fbfb9de104fbf,2022-23,2022-08-19T21:00:00+03:00,uniform_hda,1736,0,2022-08-15T21:45:00+00:00,0.333333333333,0.333333333333,0.333333333333,A
53bde3494d7355b50a4e757a2c1dfe1ca0cb650bf9d946b29c2fbfb9de104fbf,2022-23,2022-08-19T21:00:00+03:00,expanding_league_hda,1736,1736,2022-08-15T21:45:00+00:00,0.450460829493,0.261520737327,0.288018433180,A
ab5a2001ad628ddf37e2b0b6554396aa4cd427269c9bb987a99abed768e47f70,2022-23,2022-08-20T19:15:00+03:00,uniform_hda,1737,0,2022-08-19T21:00:00+00:00,0.333333333333,0.333333333333,0.333333333333,A
ab5a2001ad628ddf37e2b0b6554396aa4cd427269c9bb987a99abed768e47f70,2022-23,2022-08-20T19:15:00+03:00,expanding_league_hda,1737,1737,2022-08-19T21:00:00+00:00,0.450201496834,0.261370178469,0.288428324698,A
c6318094438faff11f8c9e93c0053882e445cada8da1d0bd36c5fb5664ee56df,2022-23,2022-08-20T19:15:00+03:00,uniform_hda,1737,0,2022-08-19T21:00:00+00:00,0.333333333333,0.333333333333,0.333333333333,H
c6318094438faff11f8c9e93c0053882e445cada8da1d0bd36c5fb5664ee56df,2022-23,2022-08-20T19:15:00+03:00,expanding_league_hda,1737,1737,2022-08-19T21:00:00+00:00,0.450201496834,0.261370178469,0.288428324698,H
14b0f08ce76eb22d6737ffeacda6d33369ac4f63edf8dbca753cca73f8012657,2022-23,2022-08-20T21:45:00+03:00,uniform_hda,1737,0,2022-08-19T21:00:00+00:00,0.333333333333,0.333333333333,0.333333333333,H
14b0f08ce76eb22d6737ffeacda6d33369ac4f63edf8dbca753cca73f8012657,2022-23,2022-08-20T21:45:00+03:00,expanding_league_hda,1737,1737,2022-08-19T21:00:00+00:00,0.450201496834,0.261370178469,0.288428324698,H
4a308b9322858a1488a0ccf424f6e0caf1ea3ee3f653771cc317de905d7c3826,2022-23,2022-08-21T19:15:00+03:00,uniform_hda,1740,0,2022-08-20T21:45:00+00:00,0.333333333333,0.333333333333,0.333333333333,H
4a308b9322858a1488a0ccf424f6e0caf1ea3ee3f653771cc317de905d7c3826,2022-23,2022-08-21T19:15:00+03:00,expanding_league_hda,1740,1740,2022-08-20T21:45:00+00:00,0.450574712644,0.260919540230,0.288505747126,H
10dcafb21cfb3e7989ccd074010c67bf3929224b7526fb58da64b23f96b883f2,2022-23,2022-08-21T21:45:00+03:00,uniform_hda,1740,0,2022-08-20T21:45:00+00:00,0.333333333333,0.333333333333,0.333333333333,H
10dcafb21cfb3e7989ccd074010c67bf3929224b7526fb58da64b23f96b883f2,2022-23,2022-08-21T21:45:00+03:00,expanding_league_hda,1740,1740,2022-08-20T21:45:00+00:00,0.450574712644,0.260919540230,0.288505747126,H
6bf2e19b95c625356a42d69e3d00cfa3517169bdcc282ab817f7ee3f18942338,2022-23,2022-08-22T19:15:00+03:00,uniform_hda,1742,0,2022-08-21T21:45:00+00:00,0.333333333333,0.333333333333,0.333333333333,D
6bf2e19b95c625356a42d69e3d00cfa3517169bdcc282ab817f7ee3f18942338,2022-23,2022-08-22T19:15:00+03:00,expanding_league_hda,1742,1742,2022-08-21T21:45:00+00:00,0.451205510907,0.260619977038,0.288174512055,D
9fd57d5b6ac3b56224c055845ebea320340ccaed4840e3a92a3eed90a0413e10,2022-23,2022-08-22T19:15:00+03:00,uniform_hda,1742,0,2022-08-21T21:45:00+00:00,0.333333333333,0.333333333333,0.333333333333,A
9fd57d5b6ac3b56224c055845ebea320340ccaed4840e3a92a3eed90a0413e10,2022-23,2022-08-22T19:15:00+03:00,expanding_league_hda,1742,1742,2022-08-21T21:45:00+00:00,0.451205510907,0.260619977038,0.288174512055,A
829cc2fab38542219ba8b54f1a59dd3a53606b4ed649ffecf46fe6cc12a293a7,2022-23,2022-08-22T21:45:00+03:00,uniform_hda,1742,0,2022-08-21T21:45:00+00:00,0.333333333333,0.333333333333,0.333333333333,H
829cc2fab38542219ba8b54f1a59dd3a53606b4ed649ffecf46fe6cc12a293a7,2022-23,2022-08-22T21:45:00+03:00,expanding_league_hda,1742,1742,2022-08-21T21:45:00+00:00,0.451205510907,0.260619977038,0.288174512055,H
342abb8aacdae9b1e0d74f8faf0badb44ffc95b114f9bc0f0cf1532c15195281,2022-23,2022-08-26T21:00:00+03:00,uniform_hda,1745,0,2022-08-22T21:45:00+00:00,0.333333333333,0.333333333333,0.333333333333,H
342abb8aacdae9b1e0d74f8faf0badb44ffc95b114f9bc0f0cf1532c15195281,2022-23,2022-08-26T21:00:00+03:00,expanding_league_hda,1745,1745,2022-08-22T21:45:00+00:00,0.451002865330,0.260744985673,0.288252148997,H
8e13f538dd63ed1d807110268934a1db1079529f5d8e6ab47dc1b4735f5cff4a,2022-23,2022-08-27T19:15:00+03:00,uniform_hda,1746,0,2022-08-26T21:00:00+00:00,0.333333333333,0.333333333333,0.333333333333,H
8e13f538dd63ed1d807110268934a1db1079529f5d8e6ab47dc1b4735f5cff4a,2022-23,2022-08-27T19:15:00+03:00,expanding_league_hda,1746,1746,2022-08-26T21:00:00+00:00,0.451317296678,0.260595647194,0.288087056128,H
1fe5aa400ff77e5da633586afb05e9016352136e308e7342c2c3949c983028a6,2022-23,2022-08-27T21:45:00+03:00,uniform_hda,1746,0,2022-08-26T21:00:00+00:00,0.333333333333,0.333333333333,0.333333333333,H
1fe5aa400ff77e5da633586afb05e9016352136e308e7342c2c3949c983028a6,2022-23,2022-08-27T21:45:00+03:00,expanding_league_hda,1746,1746,2022-08-26T21:00:00+00:00,0.451317296678,0.260595647194,0.288087056128,H
3251b67b7f7f890f451bfaa8f9c229cd488fd4c4e774449602d1d2d01808f852,2022-23,2022-08-27T21:45:00+03:00,uniform_hda,1746,0,2022-08-26T21:00:00+00:00,0.333333333333,0.333333333333,0.333333333333,A
3251b67b7f7f890f451bfaa8f9c229cd488fd4c4e774449602d1d2d01808f852,2022-23,2022-08-27T21:45:00+03:00,expanding_league_hda,1746,1746,2022-08-26T21:00:00+00:00,0.451317296678,0.260595647194,0.288087056128,A
3e699e99518bb782aaf72c860bf099b41723b6f3f791daa5ae6bed5c822f0e67,2022-23,2022-08-28T19:15:00+03:00,uniform_hda,1749,0,2022-08-27T21:45:00+00:00,0.333333333333,0.333333333333,0.333333333333,H
3e699e99518bb782aaf72c860bf099b41723b6f3f791daa5ae6bed5c822f0e67,2022-23,2022-08-28T19:15:00+03:00,expanding_league_hda,1749,1749,2022-08-27T21:45:00+00:00,0.451686678102,0.260148656375,0.288164665523,H
74a9597ffc4e9e386bf7a2ca568f2c01f1736f37bf2099f4534f8d01f4d5fc1d,2022-23,2022-08-28T19:15:00+03:00,uniform_hda,1749,0,2022-08-27T21:45:00+00:00,0.333333333333,0.333333333333,0.333333333333,H
74a9597ffc4e9e386bf7a2ca568f2c01f1736f37bf2099f4534f8d01f4d5fc1d,2022-23,2022-08-28T19:15:00+03:00,expanding_league_hda,1749,1749,2022-08-27T21:45:00+00:00,0.451686678102,0.260148656375,0.288164665523,H
e171e50a01e13b8e620c955c10c879114cbf256e51e0222c57f1887c15f9f546,2022-23,2022-08-28T21:45:00+03:00,uniform_hda,1749,0,2022-08-27T21:45:00+00:00,0.333333333333,0.333333333333,0.333333333333,D
e171e50a01e13b8e620c955c10c879114cbf256e51e0222c57f1887c15f9f546,2022-23,2022-08-28T21:45:00+03:00,expanding_league_hda,1749,1749,2022-08-27T21:45:00+00:00,0.451686678102,0.260148656375,0.288164665523,D
05304fe3aba87dd2a3bfc0efc448c0eee4f96c7ee363c59b4e6e6addce605626,2022-23,2022-08-29T19:15:00+03:00,uniform_hda,1752,0,2022-08-28T21:45:00+00:00,0.333333333333,0.333333333333,0.333333333333,H
05304fe3aba87dd2a3bfc0efc448c0eee4f96c7ee363c59b4e6e6addce605626,2022-23,2022-08-29T19:15:00+03:00,expanding_league_hda,1752,1752,2022-08-28T21:45:00+00:00,0.452054794521,0.260273972603,0.287671232877,H
961b705df5a6a385b97f76e59f1365b81114c0144498178aecc32f8db02f5807,2022-23,2022-08-29T21:45:00+03:00,uniform_hda,1752,0,2022-08-28T21:45:00+00:00,0.333333333333,0.333333333333,0.333333333333,H
961b705df5a6a385b97f76e59f1365b81114c0144498178aecc32f8db02f5807,2022-23,2022-08-29T21:45:00+03:00,expanding_league_hda,1752,1752,2022-08-28T21:45:00+00:00,0.452054794521,0.260273972603,0.287671232877,H
59720f55d9f0ac8eb233259fdd6b071f83c9c1bdd7fe456d49db6d60e1cf43c3,2022-23,2022-09-02T21:00:00+03:00,uniform_hda,1754,0,2022-08-29T21:45:00+00:00,0.333333333333,0.333333333333,0.333333333333,A
59720f55d9f0ac8eb233259fdd6b071f83c9c1bdd7fe456d49db6d60e1cf43c3,2022-23,2022-09-02T21:00:00+03:00,expanding_league_hda,1754,1754,2022-08-29T21:45:00+00:00,0.452679589510,0.259977194983,0.287343215507,A
5207ecd94668c29b79d5d01e73867942a1bdc84c6af037b6e64c1bb635de2736,2022-23,2022-09-03T19:15:00+03:00,uniform_hda,1755,0,2022-09-02T21:00:00+00:00,0.333333333333,0.333333333333,0.333333333333,H
5207ecd94668c29b79d5d01e73867942a1bdc84c6af037b6e64c1bb635de2736,2022-23,2022-09-03T19:15:00+03:00,expanding_league_hda,1755,1755,2022-09-02T21:00:00+00:00,0.452421652422,0.259829059829,0.287749287749,H
b7f38b86d8106ac5f5cbbe98a5e72613a3cf7e635f1872007bdf90991a4f1462,2022-23,2022-09-03T19:15:00+03:00,uniform_hda,1755,0,2022-09-02T21:00:00+00:00,0.333333333333,0.333333333333,0.333333333333,D
b7f38b86d8106ac5f5cbbe98a5e72613a3cf7e635f1872007bdf90991a4f1462,2022-23,2022-09-03T19:15:00+03:00,expanding_league_hda,1755,1755,2022-09-02T21:00:00+00:00,0.452421652422,0.259829059829,0.287749287749,D
417a0811d8e67569a5ab07f62aaa99e1e740965472ca74ebff5dba079e3fa227,2022-23,2022-09-03T21:45:00+03:00,uniform_hda,1755,0,2022-09-02T21:00:00+00:00,0.333333333333,0.333333333333,0.333333333333,H
417a0811d8e67569a5ab07f62aaa99e1e740965472ca74ebff5dba079e3fa227,2022-23,2022-09-03T21:45:00+03:00,expanding_league_hda,1755,1755,2022-09-02T21:00:00+00:00,0.452421652422,0.259829059829,0.287749287749,H
420a53ff5844bb52960e412d6a8df08d1e92654c16efebb7f9ac182c5ade2022,2022-23,2022-09-03T21:45:00+03:00,uniform_hda,1755,0,2022-09-02T21:00:00+00:00,0.333333333333,0.333333333333,0.333333333333,A
420a53ff5844bb52960e412d6a8df08d1e92654c16efebb7f9ac182c5ade2022,2022-23,2022-09-03T21:45:00+03:00,expanding_league_hda,1755,1755,2022-09-02T21:00:00+00:00,0.452421652422,0.259829059829,0.287749287749,A
b5352d6424242b41582c3ef4033f9b9c8d6b05d529965d0a59175b05d4025eb6,2022-23,2022-09-04T19:15:00+03:00,uniform_hda,1759,0,2022-09-03T21:45:00+00:00,0.333333333333,0.333333333333,0.333333333333,D
b5352d6424242b41582c3ef4033f9b9c8d6b05d529965d0a59175b05d4025eb6,2022-23,2022-09-04T19:15:00+03:00,expanding_league_hda,1759,1759,2022-09-03T21:45:00+00:00,0.452529846504,0.259806708357,0.287663445139,D
69ba5b34b24b6ca8088fc0a1c7f8cf1f57b7558cc9fa963af4eb89ac5bcf24f3,2022-23,2022-09-04T21:45:00+03:00,uniform_hda,1759,0,2022-09-03T21:45:00+00:00,0.333333333333,0.333333333333,0.333333333333,A
69ba5b34b24b6ca8088fc0a1c7f8cf1f57b7558cc9fa963af4eb89ac5bcf24f3,2022-23,2022-09-04T21:45:00+03:00,expanding_league_hda,1759,1759,2022-09-03T21:45:00+00:00,0.452529846504,0.259806708357,0.287663445139,A
a2920012cdb4692b35d294ecd64a956158593965fd63abc2010bb68864a7da19,2022-23,2022-09-04T21:45:00+03:00,uniform_hda,1759,0,2022-09-03T21:45:00+00:00,0.333333333333,0.333333333333,0.333333333333,A
a2920012cdb4692b35d294ecd64a956158593965fd63abc2010bb68864a7da19,2022-23,2022-09-04T21:45:00+03:00,expanding_league_hda,1759,1759,2022-09-03T21:45:00+00:00,0.452529846504,0.259806708357,0.287663445139,A
9a8b63bb8caf22f6befe7268af30d772d1f7fbc22435fc5555b10a37b6c39e76,2022-23,2022-09-05T21:00:00+03:00,uniform_hda,1762,0,2022-09-04T21:45:00+00:00,0.333333333333,0.333333333333,0.333333333333,H
9a8b63bb8caf22f6befe7268af30d772d1f7fbc22435fc5555b10a37b6c39e76,2022-23,2022-09-05T21:00:00+03:00,expanding_league_hda,1762,1762,2022-09-04T21:45:00+00:00,0.451759364359,0.259931895573,0.288308740068,H
6e67ad132c1b4c1715d2da503370c34d344a30cc08517c6a7937cda1d08ef241,2022-23,2022-09-09T20:00:00+03:00,uniform_hda,1763,0,2022-09-05T21:00:00+00:00,0.333333333333,0.333333333333,0.333333333333,H
6e67ad132c1b4c1715d2da503370c34d344a30cc08517c6a7937cda1d08ef241,2022-23,2022-09-09T20:00:00+03:00,expanding_league_hda,1763,1763,2022-09-05T21:00:00+00:00,0.452070334657,0.259784458310,0.288145207033,H
3bd5b0d091ee767a40fb71378e7a6a09da63c127e446ff54d8f0c49eb8e94192,2022-23,2022-09-10T17:00:00+03:00,uniform_hda,1764,0,2022-09-09T20:00:00+00:00,0.333333333333,0.333333333333,0.333333333333,H
3bd5b0d091ee767a40fb71378e7a6a09da63c127e446ff54d8f0c49eb8e94192,2022-23,2022-09-10T17:00:00+03:00,expanding_league_hda,1764,1764,2022-09-09T20:00:00+00:00,0.452380952381,0.259637188209,0.287981859410,H
29c0d9ce08a4b2ede21b60a52291a812da0e9ee7e011e1f3eea1c17f8b836c61,2022-23,2022-09-10T20:00:00+03:00,uniform_hda,1764,0,2022-09-09T20:00:00+00:00,0.333333333333,0.333333333333,0.333333333333,D
29c0d9ce08a4b2ede21b60a52291a812da0e9ee7e011e1f3eea1c17f8b836c61,2022-23,2022-09-10T20:00:00+03:00,expanding_league_hda,1764,1764,2022-09-09T20:00:00+00:00,0.452380952381,0.259637188209,0.287981859410,D
a4c077996bebca0128b2639ea491d270a3af55f7c7f51d67034f9cde3914654e,2022-23,2022-09-11T17:00:00+03:00,uniform_hda,1766,0,2022-09-10T20:00:00+00:00,0.333333333333,0.333333333333,0.333333333333,D
a4c077996bebca0128b2639ea491d270a3af55f7c7f51d67034f9cde3914654e,2022-23,2022-09-11T17:00:00+03:00,expanding_league_hda,1766,1766,2022-09-10T20:00:00+00:00,0.452434881087,0.259909399773,0.287655719139,D
385be2329d23d15003c9e7250d54e31fe740999de3048fd73ee0a7875b3688ac,2022-23,2022-09-11T20:00:00+03:00,uniform_hda,1766,0,2022-09-10T20:00:00+00:00,0.333333333333,0.333333333333,0.333333333333,D
385be2329d23d15003c9e7250d54e31fe740999de3048fd73ee0a7875b3688ac,2022-23,2022-09-11T20:00:00+03:00,expanding_league_hda,1766,1766,2022-09-10T20:00:00+00:00,0.452434881087,0.259909399773,0.287655719139,D
b6c8b962f34547d46981123a5c990c85b899abced99118479cf35d32cffc522b,2022-23,2022-09-11T20:00:00+03:00,uniform_hda,1766,0,2022-09-10T20:00:00+00:00,0.333333333333,0.333333333333,0.333333333333,H
b6c8b962f34547d46981123a5c990c85b899abced99118479cf35d32cffc522b,2022-23,2022-09-11T20:00:00+03:00,expanding_league_hda,1766,1766,2022-09-10T20:00:00+00:00,0.452434881087,0.259909399773,0.287655719139,H
e2ac97c4188792d0ce3a399e95147cb396276f3a9410c623aa86f8d712319286,2022-23,2022-09-11T20:00:00+03:00,uniform_hda,1766,0,2022-09-10T20:00:00+00:00,0.333333333333,0.333333333333,0.333333333333,A
e2ac97c4188792d0ce3a399e95147cb396276f3a9410c623aa86f8d712319286,2022-23,2022-09-11T20:00:00+03:00,expanding_league_hda,1766,1766,2022-09-10T20:00:00+00:00,0.452434881087,0.259909399773,0.287655719139,A
1060f1443dd96d1090b92229aeb72c3aa17d507b4bb65de8c0de5bbe7e65aecf,2022-23,2022-09-12T19:00:00+03:00,uniform_hda,1770,0,2022-09-11T20:00:00+00:00,0.333333333333,0.333333333333,0.333333333333,A
1060f1443dd96d1090b92229aeb72c3aa17d507b4bb65de8c0de5bbe7e65aecf,2022-23,2022-09-12T19:00:00+03:00,expanding_league_hda,1770,1770,2022-09-11T20:00:00+00:00,0.451977401130,0.260451977401,0.287570621469,A
177a3c745c023bbde144a674f70376ae947f7a53e8d7aec5134fbe29335d9c60,2022-23,2022-09-12T21:00:00+03:00,uniform_hda,1770,0,2022-09-11T20:00:00+00:00,0.333333333333,0.333333333333,0.333333333333,H
177a3c745c023bbde144a674f70376ae947f7a53e8d7aec5134fbe29335d9c60,2022-23,2022-09-12T21:00:00+03:00,expanding_league_hda,1770,1770,2022-09-11T20:00:00+00:00,0.451977401130,0.260451977401,0.287570621469,H
124cae44686062b31f428a41110efdd0368c9d441d633eeedf9b2962f2b84aa3,2022-23,2022-09-16T20:00:00+03:00,uniform_hda,1772,0,2022-09-12T21:00:00+00:00,0.333333333333,0.333333333333,0.333333333333,H
124cae44686062b31f428a41110efdd0368c9d441d633eeedf9b2962f2b84aa3,2022-23,2022-09-16T20:00:00+03:00,expanding_league_hda,1772,1772,2022-09-12T21:00:00+00:00,0.452031602709,0.260158013544,0.287810383747,H
ad94687866e8605639132f2778404624f90cb62e94f86cc5a320019e057b9c91,2022-23,2022-09-16T20:00:00+03:00,uniform_hda,1772,0,2022-09-12T21:00:00+00:00,0.333333333333,0.333333333333,0.333333333333,A
ad94687866e8605639132f2778404624f90cb62e94f86cc5a320019e057b9c91,2022-23,2022-09-16T20:00:00+03:00,expanding_league_hda,1772,1772,2022-09-12T21:00:00+00:00,0.452031602709,0.260158013544,0.287810383747,A
072aa2a6600c86714601dbdb533e30c65db7dc09ee5f5952d651c70bf67f0267,2022-23,2022-09-17T17:00:00+03:00,uniform_hda,1774,0,2022-09-16T20:00:00+00:00,0.333333333333,0.333333333333,0.333333333333,A
072aa2a6600c86714601dbdb533e30c65db7dc09ee5f5952d651c70bf67f0267,2022-23,2022-09-17T17:00:00+03:00,expanding_league_hda,1774,1774,2022-09-16T20:00:00+00:00,0.452085682074,0.259864712514,0.288049605411,A
0103f8a432fdc875513832237ea338e0113e618cfd96904bd5975e8c5925e788,2022-23,2022-09-17T20:00:00+03:00,uniform_hda,1774,0,2022-09-16T20:00:00+00:00,0.333333333333,0.333333333333,0.333333333333,A
0103f8a432fdc875513832237ea338e0113e618cfd96904bd5975e8c5925e788,2022-23,2022-09-17T20:00:00+03:00,expanding_league_hda,1774,1774,2022-09-16T20:00:00+00:00,0.452085682074,0.259864712514,0.288049605411,A
4254f1b4ed8c83c7102095e9eff79f7144c7388f4466df1f2190bb003133a9e9,2022-23,2022-09-17T20:00:00+03:00,uniform_hda,1774,0,2022-09-16T20:00:00+00:00,0.333333333333,0.333333333333,0.333333333333,D
4254f1b4ed8c83c7102095e9eff79f7144c7388f4466df1f2190bb003133a9e9,2022-23,2022-09-17T20:00:00+03:00,expanding_league_hda,1774,1774,2022-09-16T20:00:00+00:00,0.452085682074,0.259864712514,0.288049605411,D
166f31ffd26ee641240e8392f57f3f53714888356d907c25c09d74cbbaa0a2c0,2022-23,2022-09-18T17:00:00+03:00,uniform_hda,1777,0,2022-09-17T20:00:00+00:00,0.333333333333,0.333333333333,0.333333333333,H
166f31ffd26ee641240e8392f57f3f53714888356d907c25c09d74cbbaa0a2c0,2022-23,2022-09-18T17:00:00+03:00,expanding_league_hda,1777,1777,2022-09-17T20:00:00+00:00,0.451322453573,0.259988745076,0.288688801351,H
b13e0c0f9bf589922c4f9acdbde4ba24cb8a62bb39857b1fbdd40428c68cbc5b,2022-23,2022-09-18T17:00:00+03:00,uniform_hda,1777,0,2022-09-17T20:00:00+00:00,0.333333333333,0.333333333333,0.333333333333,D
b13e0c0f9bf589922c4f9acdbde4ba24cb8a62bb39857b1fbdd40428c68cbc5b,2022-23,2022-09-18T17:00:00+03:00,expanding_league_hda,1777,1777,2022-09-17T20:00:00+00:00,0.451322453573,0.259988745076,0.288688801351,D
1ef21d6165f0b3fa50e20ff42da0da0a02e04770e48dcd9cfc3f297372a21c74,2022-23,2022-09-18T20:00:00+03:00,uniform_hda,1777,0,2022-09-17T20:00:00+00:00,0.333333333333,0.333333333333,0.333333333333,H
1ef21d6165f0b3fa50e20ff42da0da0a02e04770e48dcd9cfc3f297372a21c74,2022-23,2022-09-18T20:00:00+03:00,expanding_league_hda,1777,1777,2022-09-17T20:00:00+00:00,0.451322453573,0.259988745076,0.288688801351,H
9cd6b24131a0faaf5c08bbf36209ad9e3c63abdd898cb6f2ff8c18bcca94de39,2022-23,2022-09-18T20:00:00+03:00,uniform_hda,1777,0,2022-09-17T20:00:00+00:00,0.333333333333,0.333333333333,0.333333333333,H
9cd6b24131a0faaf5c08bbf36209ad9e3c63abdd898cb6f2ff8c18bcca94de39,2022-23,2022-09-18T20:00:00+03:00,expanding_league_hda,1777,1777,2022-09-17T20:00:00+00:00,0.451322453573,0.259988745076,0.288688801351,H
4d1110d04e41576679e8b614cb024e327a2d688e5c9d7c043f1f0120a33ddfba,2022-23,2022-10-01T14:30:00+03:00,uniform_hda,1781,0,2022-09-18T20:00:00+00:00,0.333333333333,0.333333333333,0.333333333333,H
4d1110d04e41576679e8b614cb024e327a2d688e5c9d7c043f1f0120a33ddfba,2022-23,2022-10-01T14:30:00+03:00,expanding_league_hda,1781,1781,2022-09-18T20:00:00+00:00,0.451993262212,0.259966311061,0.288040426727,H
5a11a638ddaa575ee5def66aacbb91222e548f1c15c44f58a5af5c7ad781aa5d,2022-23,2022-10-01T17:00:00+03:00,uniform_hda,1781,0,2022-09-18T20:00:00+00:00,0.333333333333,0.333333333333,0.333333333333,A
5a11a638ddaa575ee5def66aacbb91222e548f1c15c44f58a5af5c7ad781aa5d,2022-23,2022-10-01T17:00:00+03:00,expanding_league_hda,1781,1781,2022-09-18T20:00:00+00:00,0.451993262212,0.259966311061,0.288040426727,A
d7f49db0c70d46cec3325b3df9bf07dada75b21553b7e27b1e7af28ca5ff86d1,2022-23,2022-10-01T17:00:00+03:00,uniform_hda,1781,0,2022-09-18T20:00:00+00:00,0.333333333333,0.333333333333,0.333333333333,A
d7f49db0c70d46cec3325b3df9bf07dada75b21553b7e27b1e7af28ca5ff86d1,2022-23,2022-10-01T17:00:00+03:00,expanding_league_hda,1781,1781,2022-09-18T20:00:00+00:00,0.451993262212,0.259966311061,0.288040426727,A
828af25cd24c47ae0f25d101ce559f5a81c2b66fe0e16cab1d004f90f571797f,2022-23,2022-10-01T20:00:00+03:00,uniform_hda,1782,0,2022-10-01T14:30:00+00:00,0.333333333333,0.333333333333,0.333333333333,D
828af25cd24c47ae0f25d101ce559f5a81c2b66fe0e16cab1d004f90f571797f,2022-23,2022-10-01T20:00:00+03:00,expanding_league_hda,1782,1782,2022-10-01T14:30:00+00:00,0.452300785634,0.259820426487,0.287878787879,D
0bdfae2ac4fbca2236fb61700397eeb1043abe50123404d1e51085be4cd8c865,2022-23,2022-10-02T14:30:00+03:00,uniform_hda,1785,0,2022-10-01T20:00:00+00:00,0.333333333333,0.333333333333,0.333333333333,A
0bdfae2ac4fbca2236fb61700397eeb1043abe50123404d1e51085be4cd8c865,2022-23,2022-10-02T14:30:00+03:00,expanding_league_hda,1785,1785,2022-10-01T20:00:00+00:00,0.451540616246,0.259943977591,0.288515406162,A
f0c70499133418490108698c24740078a4689188f9c2532e20df43d76562ac6d,2022-23,2022-10-02T14:30:00+03:00,uniform_hda,1785,0,2022-10-01T20:00:00+00:00,0.333333333333,0.333333333333,0.333333333333,D
f0c70499133418490108698c24740078a4689188f9c2532e20df43d76562ac6d,2022-23,2022-10-02T14:30:00+03:00,expanding_league_hda,1785,1785,2022-10-01T20:00:00+00:00,0.451540616246,0.259943977591,0.288515406162,D
f6ec1739c12b096617e7cad0f3ecb905ce2e21b94964c47ee5a81dd217603979,2022-23,2022-10-02T17:00:00+03:00,uniform_hda,1785,0,2022-10-01T20:00:00+00:00,0.333333333333,0.333333333333,0.333333333333,H
f6ec1739c12b096617e7cad0f3ecb905ce2e21b94964c47ee5a81dd217603979,2022-23,2022-10-02T17:00:00+03:00,expanding_league_hda,1785,1785,2022-10-01T20:00:00+00:00,0.451540616246,0.259943977591,0.288515406162,H
b06aace2ada2cb613e417107a2546605f8d2123d32bc2a99d888a9f70ce3300c,2022-23,2022-10-02T20:00:00+03:00,uniform_hda,1787,0,2022-10-02T14:30:00+00:00,0.333333333333,0.333333333333,0.333333333333,D
b06aace2ada2cb613e417107a2546605f8d2123d32bc2a99d888a9f70ce3300c,2022-23,2022-10-02T20:00:00+03:00,expanding_league_hda,1787,1787,2022-10-02T14:30:00+00:00,0.451035254617,0.260212646894,0.288752098489,D
94ce454ee62a3ac5d00df47ada9ceb6c5dab23aeecd1935c22e84f920bca2b25,2022-23,2022-10-03T20:00:00+03:00,uniform_hda,1789,0,2022-10-02T20:00:00+00:00,0.333333333333,0.333333333333,0.333333333333,A
94ce454ee62a3ac5d00df47ada9ceb6c5dab23aeecd1935c22e84f920bca2b25,2022-23,2022-10-03T20:00:00+03:00,expanding_league_hda,1789,1789,2022-10-02T20:00:00+00:00,0.451089994410,0.260480715484,0.288429290106,A
9744eb24d3747ee2d536237653c64a72e662fd1da29f19a1ee4cccc242846288,2022-23,2022-10-07T20:00:00+03:00,uniform_hda,1790,0,2022-10-03T20:00:00+00:00,0.333333333333,0.333333333333,0.333333333333,D
9744eb24d3747ee2d536237653c64a72e662fd1da29f19a1ee4cccc242846288,2022-23,2022-10-07T20:00:00+03:00,expanding_league_hda,1790,1790,2022-10-03T20:00:00+00:00,0.450837988827,0.260335195531,0.288826815642,D
1507904e8518ae3cfbcea7aa98d6a49b6ea0ca77d87e88219c9134d9801b5e59,2022-23,2022-10-08T14:30:00+03:00,uniform_hda,1791,0,2022-10-07T20:00:00+00:00,0.333333333333,0.333333333333,0.333333333333,A
1507904e8518ae3cfbcea7aa98d6a49b6ea0ca77d87e88219c9134d9801b5e59,2022-23,2022-10-08T14:30:00+03:00,expanding_league_hda,1791,1791,2022-10-07T20:00:00+00:00,0.450586264657,0.260748185371,0.288665549972,A
b7d6f0047a1aa5a5a696231614a8fcf8da8450fc7c72cf91c716a10747abfec6,2022-23,2022-10-08T17:00:00+03:00,uniform_hda,1791,0,2022-10-07T20:00:00+00:00,0.333333333333,0.333333333333,0.333333333333,D
b7d6f0047a1aa5a5a696231614a8fcf8da8450fc7c72cf91c716a10747abfec6,2022-23,2022-10-08T17:00:00+03:00,expanding_league_hda,1791,1791,2022-10-07T20:00:00+00:00,0.450586264657,0.260748185371,0.288665549972,D
56f5c0b453cfd8424ca06a5bc5e5c5e9cc9656ee60b064ee1cca851eaf3d69ed,2022-23,2022-10-08T20:00:00+03:00,uniform_hda,1792,0,2022-10-08T14:30:00+00:00,0.333333333333,0.333333333333,0.333333333333,A
56f5c0b453cfd8424ca06a5bc5e5c5e9cc9656ee60b064ee1cca851eaf3d69ed,2022-23,2022-10-08T20:00:00+03:00,expanding_league_hda,1792,1792,2022-10-08T14:30:00+00:00,0.450334821429,0.260602678571,0.289062500000,A
652047a9cfb4f1d83d7ae0ed5e994de94f69087effc8ac3c080e52913f2f7a59,2022-23,2022-10-09T14:30:00+03:00,uniform_hda,1794,0,2022-10-08T20:00:00+00:00,0.333333333333,0.333333333333,0.333333333333,D
652047a9cfb4f1d83d7ae0ed5e994de94f69087effc8ac3c080e52913f2f7a59,2022-23,2022-10-09T14:30:00+03:00,expanding_league_hda,1794,1794,2022-10-08T20:00:00+00:00,0.449832775920,0.260869565217,0.289297658863,D
8e7d054a4a9f89bb0bf6b801afc0fbc57e112b5500f4c308e2f58ba4886ed2a6,2022-23,2022-10-09T17:00:00+03:00,uniform_hda,1794,0,2022-10-08T20:00:00+00:00,0.333333333333,0.333333333333,0.333333333333,H
8e7d054a4a9f89bb0bf6b801afc0fbc57e112b5500f4c308e2f58ba4886ed2a6,2022-23,2022-10-09T17:00:00+03:00,expanding_league_hda,1794,1794,2022-10-08T20:00:00+00:00,0.449832775920,0.260869565217,0.289297658863,H
8eb33d4e26bf03ed0d1b3c6624d572b3dea68fdc5a28838bcec3e28506279252,2022-23,2022-10-09T20:00:00+03:00,uniform_hda,1795,0,2022-10-09T14:30:00+00:00,0.333333333333,0.333333333333,0.333333333333,H
8eb33d4e26bf03ed0d1b3c6624d572b3dea68fdc5a28838bcec3e28506279252,2022-23,2022-10-09T20:00:00+03:00,expanding_league_hda,1795,1795,2022-10-09T14:30:00+00:00,0.449582172702,0.261281337047,0.289136490251,H
2d561d316edbe41b8787dabc46a83affeca5d19d58bce831f37b2524b3c7c853,2022-23,2022-10-10T20:00:00+03:00,uniform_hda,1797,0,2022-10-09T20:00:00+00:00,0.333333333333,0.333333333333,0.333333333333,D
2d561d316edbe41b8787dabc46a83affeca5d19d58bce831f37b2524b3c7c853,2022-23,2022-10-10T20:00:00+03:00,expanding_league_hda,1797,1797,2022-10-09T20:00:00+00:00,0.450194769060,0.260990539789,0.288814691152,D
3a80bad4a9acf74062a12318e04a61643f9337d9affd7507ce7709b2da26caae,2022-23,2022-10-10T20:00:00+03:00,uniform_hda,1797,0,2022-10-09T20:00:00+00:00,0.333333333333,0.333333333333,0.333333333333,A
3a80bad4a9acf74062a12318e04a61643f9337d9affd7507ce7709b2da26caae,2022-23,2022-10-10T20:00:00+03:00,expanding_league_hda,1797,1797,2022-10-09T20:00:00+00:00,0.450194769060,0.260990539789,0.288814691152,A
f53f671f6323666939f85bd4e165e5154c12ebd2110844339d92f4a856a6bda6,2022-23,2022-10-14T20:00:00+03:00,uniform_hda,1799,0,2022-10-10T20:00:00+00:00,0.333333333333,0.333333333333,0.333333333333,H
f53f671f6323666939f85bd4e165e5154c12ebd2110844339d92f4a856a6bda6,2022-23,2022-10-14T20:00:00+03:00,expanding_league_hda,1799,1799,2022-10-10T20:00:00+00:00,0.449694274597,0.261256253474,0.289049471929,H
8148b73ac740a88e73b9a7ac6dfb279e314badcedc1480ce1805a436d81743a6,2022-23,2022-10-15T14:30:00+03:00,uniform_hda,1800,0,2022-10-14T20:00:00+00:00,0.333333333333,0.333333333333,0.333333333333,H
8148b73ac740a88e73b9a7ac6dfb279e314badcedc1480ce1805a436d81743a6,2022-23,2022-10-15T14:30:00+03:00,expanding_league_hda,1800,1800,2022-10-14T20:00:00+00:00,0.450000000000,0.261111111111,0.288888888889,H
a349998cf4faa281b9682b5186732bb6b53a087e35e8a2577791b66b5a444c3e,2022-23,2022-10-15T17:00:00+03:00,uniform_hda,1800,0,2022-10-14T20:00:00+00:00,0.333333333333,0.333333333333,0.333333333333,A
a349998cf4faa281b9682b5186732bb6b53a087e35e8a2577791b66b5a444c3e,2022-23,2022-10-15T17:00:00+03:00,expanding_league_hda,1800,1800,2022-10-14T20:00:00+00:00,0.450000000000,0.261111111111,0.288888888889,A
8ca1c7050c8c81b16e369150f06d6c8d2f7032de2aa54513f376ca6b4d35ba59,2022-23,2022-10-15T20:00:00+03:00,uniform_hda,1801,0,2022-10-15T14:30:00+00:00,0.333333333333,0.333333333333,0.333333333333,H
8ca1c7050c8c81b16e369150f06d6c8d2f7032de2aa54513f376ca6b4d35ba59,2022-23,2022-10-15T20:00:00+03:00,expanding_league_hda,1801,1801,2022-10-15T14:30:00+00:00,0.450305385897,0.260966129928,0.288728484175,H
cb70f54f9d362bc14c7656e290599f13c7263ed63d613068992b142321b6c07a,2022-23,2022-10-15T20:00:00+03:00,uniform_hda,1801,0,2022-10-15T14:30:00+00:00,0.333333333333,0.333333333333,0.333333333333,A
cb70f54f9d362bc14c7656e290599f13c7263ed63d613068992b142321b6c07a,2022-23,2022-10-15T20:00:00+03:00,expanding_league_hda,1801,1801,2022-10-15T14:30:00+00:00,0.450305385897,0.260966129928,0.288728484175,A
48cf67eaa3414e34f76928aaf7fdc318c1645fd489b7764fd6e0d4cfe2b285e6,2022-23,2022-10-16T17:00:00+03:00,uniform_hda,1804,0,2022-10-15T20:00:00+00:00,0.333333333333,0.333333333333,0.333333333333,H
48cf67eaa3414e34f76928aaf7fdc318c1645fd489b7764fd6e0d4cfe2b285e6,2022-23,2022-10-16T17:00:00+03:00,expanding_league_hda,1804,1804,2022-10-15T20:00:00+00:00,0.450110864745,0.260532150776,0.289356984479,H
83715b31270ea2d08bc90171db8b9e60c49d15b650298e8730194ff0fd3aedac,2022-23,2022-10-16T20:00:00+03:00,uniform_hda,1804,0,2022-10-15T20:00:00+00:00,0.333333333333,0.333333333333,0.333333333333,D
83715b31270ea2d08bc90171db8b9e60c49d15b650298e8730194ff0fd3aedac,2022-23,2022-10-16T20:00:00+03:00,expanding_league_hda,1804,1804,2022-10-15T20:00:00+00:00,0.450110864745,0.260532150776,0.289356984479,D
5991215963f1c33093044849b01a2d3ef489c2b3a92a882d3ec8797ba3391a5b,2022-23,2022-10-17T20:00:00+03:00,uniform_hda,1806,0,2022-10-16T20:00:00+00:00,0.333333333333,0.333333333333,0.333333333333,H
5991215963f1c33093044849b01a2d3ef489c2b3a92a882d3ec8797ba3391a5b,2022-23,2022-10-17T20:00:00+03:00,expanding_league_hda,1806,1806,2022-10-16T20:00:00+00:00,0.450166112957,0.260797342193,0.289036544850,H
e1f8fe8567884b316ebddab538a6f4a0865f9c41f81b4bd52c9f36e9718dfd8f,2022-23,2022-10-17T20:00:00+03:00,uniform_hda,1806,0,2022-10-16T20:00:00+00:00,0.333333333333,0.333333333333,0.333333333333,A
e1f8fe8567884b316ebddab538a6f4a0865f9c41f81b4bd52c9f36e9718dfd8f,2022-23,2022-10-17T20:00:00+03:00,expanding_league_hda,1806,1806,2022-10-16T20:00:00+00:00,0.450166112957,0.260797342193,0.289036544850,A
48be3e578e53eeb4e5ec1d7f2d7f73253da0ffd63ddfa3b80c3c15deed9e6110,2022-23,2022-10-21T20:00:00+03:00,uniform_hda,1808,0,2022-10-17T20:00:00+00:00,0.333333333333,0.333333333333,0.333333333333,H
48be3e578e53eeb4e5ec1d7f2d7f73253da0ffd63ddfa3b80c3c15deed9e6110,2022-23,2022-10-21T20:00:00+03:00,expanding_league_hda,1808,1808,2022-10-17T20:00:00+00:00,0.450221238938,0.260508849558,0.289269911504,H
fb26d60dec09ab75e5e69dcf1f4aa99a2aa40dbe407ece6e9f683dbc79e04258,2022-23,2022-10-22T14:30:00+03:00,uniform_hda,1809,0,2022-10-21T20:00:00+00:00,0.333333333333,0.333333333333,0.333333333333,A
fb26d60dec09ab75e5e69dcf1f4aa99a2aa40dbe407ece6e9f683dbc79e04258,2022-23,2022-10-22T14:30:00+03:00,expanding_league_hda,1809,1809,2022-10-21T20:00:00+00:00,0.450525152018,0.260364842454,0.289110005528,A
1b748e3a95547dbc0281abcf87d99650277cf0486cc5d05b4eeb838258654923,2022-23,2022-10-22T17:00:00+03:00,uniform_hda,1809,0,2022-10-21T20:00:00+00:00,0.333333333333,0.333333333333,0.333333333333,H
1b748e3a95547dbc0281abcf87d99650277cf0486cc5d05b4eeb838258654923,2022-23,2022-10-22T17:00:00+03:00,expanding_league_hda,1809,1809,2022-10-21T20:00:00+00:00,0.450525152018,0.260364842454,0.289110005528,H
3f85ba3db1d25fc474c31f692fc6f5d5e53a98490bf117e36e7d5626fa7cb6c5,2022-23,2022-10-22T20:00:00+03:00,uniform_hda,1810,0,2022-10-22T14:30:00+00:00,0.333333333333,0.333333333333,0.333333333333,H
3f85ba3db1d25fc474c31f692fc6f5d5e53a98490bf117e36e7d5626fa7cb6c5,2022-23,2022-10-22T20:00:00+03:00,expanding_league_hda,1810,1810,2022-10-22T14:30:00+00:00,0.450276243094,0.260220994475,0.289502762431,H
b8f329e8686f87b48ad4f5e9e89d85b6c4e79118baefedb20715ebde6db50841,2022-23,2022-10-23T14:30:00+03:00,uniform_hda,1812,0,2022-10-22T20:00:00+00:00,0.333333333333,0.333333333333,0.333333333333,A
b8f329e8686f87b48ad4f5e9e89d85b6c4e79118baefedb20715ebde6db50841,2022-23,2022-10-23T14:30:00+03:00,expanding_league_hda,1812,1812,2022-10-22T20:00:00+00:00,0.450883002208,0.259933774834,0.289183222958,A
7ebab085fb458712eb2af0adbd809bdd8c16d3e67f9e11d8720b9dad288f6b1c,2022-23,2022-10-23T17:00:00+03:00,uniform_hda,1812,0,2022-10-22T20:00:00+00:00,0.333333333333,0.333333333333,0.333333333333,D
7ebab085fb458712eb2af0adbd809bdd8c16d3e67f9e11d8720b9dad288f6b1c,2022-23,2022-10-23T17:00:00+03:00,expanding_league_hda,1812,1812,2022-10-22T20:00:00+00:00,0.450883002208,0.259933774834,0.289183222958,D
ff553405ae298dc989f0403b42ea08d66b7e2250edf9a20e297902bb25867d14,2022-23,2022-10-23T20:00:00+03:00,uniform_hda,1813,0,2022-10-23T14:30:00+00:00,0.333333333333,0.333333333333,0.333333333333,D
ff553405ae298dc989f0403b42ea08d66b7e2250edf9a20e297902bb25867d14,2022-23,2022-10-23T20:00:00+03:00,expanding_league_hda,1813,1813,2022-10-23T14:30:00+00:00,0.450634307777,0.259790402648,0.289575289575,D
50a723f5ffcaadaffe06159ef5903dc7536c843f61d65948ee81271c4e2cc547,2022-23,2022-10-24T20:00:00+03:00,uniform_hda,1815,0,2022-10-23T20:00:00+00:00,0.333333333333,0.333333333333,0.333333333333,H
50a723f5ffcaadaffe06159ef5903dc7536c843f61d65948ee81271c4e2cc547,2022-23,2022-10-24T20:00:00+03:00,expanding_league_hda,1815,1815,2022-10-23T20:00:00+00:00,0.450137741047,0.260606060606,0.289256198347,H
be095cd93303bb69f77dc30364a493cfd2dadaaa2d6c621462ed00400aa7e424,2022-23,2022-10-24T20:00:00+03:00,uniform_hda,1815,0,2022-10-23T20:00:00+00:00,0.333333333333,0.333333333333,0.333333333333,D
be095cd93303bb69f77dc30364a493cfd2dadaaa2d6c621462ed00400aa7e424,2022-23,2022-10-24T20:00:00+03:00,expanding_league_hda,1815,1815,2022-10-23T20:00:00+00:00,0.450137741047,0.260606060606,0.289256198347,D
541611f400beb7c70488285836281245455a1bb7250d88d74d30ae5ef4177b84,2022-23,2022-10-28T20:00:00+03:00,uniform_hda,1817,0,2022-10-24T20:00:00+00:00,0.333333333333,0.333333333333,0.333333333333,A
541611f400beb7c70488285836281245455a1bb7250d88d74d30ae5ef4177b84,2022-23,2022-10-28T20:00:00+03:00,expanding_league_hda,1817,1817,2022-10-24T20:00:00+00:00,0.450192625206,0.260869565217,0.288937809576,A
9b2aed045729f4550dd920be633963a2de8fa7112153b3e101a7351f6fc56aa5,2022-23,2022-10-29T14:30:00+03:00,uniform_hda,1818,0,2022-10-28T20:00:00+00:00,0.333333333333,0.333333333333,0.333333333333,D
9b2aed045729f4550dd920be633963a2de8fa7112153b3e101a7351f6fc56aa5,2022-23,2022-10-29T14:30:00+03:00,expanding_league_hda,1818,1818,2022-10-28T20:00:00+00:00,0.449944994499,0.260726072607,0.289328932893,D
0fe6319502b4f2cb643e314323cf450faa92cd633cea30ac206d47e373add337,2022-23,2022-10-29T20:00:00+03:00,uniform_hda,1819,0,2022-10-29T14:30:00+00:00,0.333333333333,0.333333333333,0.333333333333,H
0fe6319502b4f2cb643e314323cf450faa92cd633cea30ac206d47e373add337,2022-23,2022-10-29T20:00:00+03:00,expanding_league_hda,1819,1819,2022-10-29T14:30:00+00:00,0.449697636064,0.261132490379,0.289169873557,H
a991e8e444f7eef7e4e4c8ee5f8f9e9d7ee37dcb6b03b0827181a32ef181cd9c,2022-23,2022-10-30T14:30:00+03:00,uniform_hda,1820,0,2022-10-29T20:00:00+00:00,0.333333333333,0.333333333333,0.333333333333,H
a991e8e444f7eef7e4e4c8ee5f8f9e9d7ee37dcb6b03b0827181a32ef181cd9c,2022-23,2022-10-30T14:30:00+03:00,expanding_league_hda,1820,1820,2022-10-29T20:00:00+00:00,0.450000000000,0.260989010989,0.289010989011,H
47950fac17247d32c476a9a33edcc4009a4981470569fffbe9491274b7f6fea4,2022-23,2022-10-30T17:00:00+03:00,uniform_hda,1820,0,2022-10-29T20:00:00+00:00,0.333333333333,0.333333333333,0.333333333333,D
47950fac17247d32c476a9a33edcc4009a4981470569fffbe9491274b7f6fea4,2022-23,2022-10-30T17:00:00+03:00,expanding_league_hda,1820,1820,2022-10-29T20:00:00+00:00,0.450000000000,0.260989010989,0.289010989011,D
e042a84a05d9302982e6ccd5290e5115ffed65e3925413bd470c13a8543499ef,2022-23,2022-10-30T17:00:00+03:00,uniform_hda,1820,0,2022-10-29T20:00:00+00:00,0.333333333333,0.333333333333,0.333333333333,H
e042a84a05d9302982e6ccd5290e5115ffed65e3925413bd470c13a8543499ef,2022-23,2022-10-30T17:00:00+03:00,expanding_league_hda,1820,1820,2022-10-29T20:00:00+00:00,0.450000000000,0.260989010989,0.289010989011,H
eb5d7a575aaf5d69ccca7008b21a44dd06bbd5b2e6628dd4bdc7c2245c9f1321,2022-23,2022-10-30T20:00:00+03:00,uniform_hda,1821,0,2022-10-30T14:30:00+00:00,0.333333333333,0.333333333333,0.333333333333,A
eb5d7a575aaf5d69ccca7008b21a44dd06bbd5b2e6628dd4bdc7c2245c9f1321,2022-23,2022-10-30T20:00:00+03:00,expanding_league_hda,1821,1821,2022-10-30T14:30:00+00:00,0.450302031851,0.260845689182,0.288852278968,A
11c76d100cb089267751d18d5f49d3535dc244a9dfa10dd04baa1e8121c1d1ff,2022-23,2022-10-31T20:00:00+03:00,uniform_hda,1824,0,2022-10-30T20:00:00+00:00,0.333333333333,0.333333333333,0.333333333333,A
11c76d100cb089267751d18d5f49d3535dc244a9dfa10dd04baa1e8121c1d1ff,2022-23,2022-10-31T20:00:00+03:00,expanding_league_hda,1824,1824,2022-10-30T20:00:00+00:00,0.450109649123,0.260964912281,0.288925438596,A
238b0b004371aa9dcafa838d910bca8904e1021903ad954061919b7047ae2812,2022-23,2022-10-31T20:00:00+03:00,uniform_hda,1824,0,2022-10-30T20:00:00+00:00,0.333333333333,0.333333333333,0.333333333333,H
238b0b004371aa9dcafa838d910bca8904e1021903ad954061919b7047ae2812,2022-23,2022-10-31T20:00:00+03:00,expanding_league_hda,1824,1824,2022-10-30T20:00:00+00:00,0.450109649123,0.260964912281,0.288925438596,H
04c19394f14634fbf17ed9237906bd3f6d2e85e21230e8239d620c45272d5fcc,2022-23,2022-11-04T20:00:00+03:00,uniform_hda,1826,0,2022-10-31T20:00:00+00:00,0.333333333333,0.333333333333,0.333333333333,H
04c19394f14634fbf17ed9237906bd3f6d2e85e21230e8239d620c45272d5fcc,2022-23,2022-11-04T20:00:00+03:00,expanding_league_hda,1826,1826,2022-10-31T20:00:00+00:00,0.450164293538,0.260679079956,0.289156626506,H
87a01aba1253b067e00c52bba2244132feab096b2716dd80a8015c35c6b1ceeb,2022-23,2022-11-04T20:00:00+03:00,uniform_hda,1826,0,2022-10-31T20:00:00+00:00,0.333333333333,0.333333333333,0.333333333333,D
87a01aba1253b067e00c52bba2244132feab096b2716dd80a8015c35c6b1ceeb,2022-23,2022-11-04T20:00:00+03:00,expanding_league_hda,1826,1826,2022-10-31T20:00:00+00:00,0.450164293538,0.260679079956,0.289156626506,D
6a41b6c850615f7843620e01fc5edd8b59e698999bbe330425bfd21aac094f43,2022-23,2022-11-05T14:30:00+03:00,uniform_hda,1828,0,2022-11-04T20:00:00+00:00,0.333333333333,0.333333333333,0.333333333333,H
6a41b6c850615f7843620e01fc5edd8b59e698999bbe330425bfd21aac094f43,2022-23,2022-11-05T14:30:00+03:00,expanding_league_hda,1828,1828,2022-11-04T20:00:00+00:00,0.450218818381,0.260940919037,0.288840262582,H
c3ec6728f3c3b86e1e190edfd509bb5d3b8a3287c08831bd0d664383bf2de738,2022-23,2022-11-05T20:00:00+03:00,uniform_hda,1829,0,2022-11-05T14:30:00+00:00,0.333333333333,0.333333333333,0.333333333333,H
c3ec6728f3c3b86e1e190edfd509bb5d3b8a3287c08831bd0d664383bf2de738,2022-23,2022-11-05T20:00:00+03:00,expanding_league_hda,1829,1829,2022-11-05T14:30:00+00:00,0.450519409513,0.260798250410,0.288682340077,H
aa5a56549910134851f1eef9785b5d02535234010e70b5330540e212314f9323,2022-23,2022-11-06T14:30:00+03:00,uniform_hda,1830,0,2022-11-05T20:00:00+00:00,0.333333333333,0.333333333333,0.333333333333,A
aa5a56549910134851f1eef9785b5d02535234010e70b5330540e212314f9323,2022-23,2022-11-06T14:30:00+03:00,expanding_league_hda,1830,1830,2022-11-05T20:00:00+00:00,0.450819672131,0.260655737705,0.288524590164,A
aef6df93add8ac45d4f52f0483cf942973ca8ede143f224212eca30799375633,2022-23,2022-11-06T17:00:00+03:00,uniform_hda,1830,0,2022-11-05T20:00:00+00:00,0.333333333333,0.333333333333,0.333333333333,H
aef6df93add8ac45d4f52f0483cf942973ca8ede143f224212eca30799375633,2022-23,2022-11-06T17:00:00+03:00,expanding_league_hda,1830,1830,2022-11-05T20:00:00+00:00,0.450819672131,0.260655737705,0.288524590164,H
8631a3b66b1635cce71140c1fa3ac0ba62935e99752ced2164ba0b143896a9b0,2022-23,2022-11-06T20:00:00+03:00,uniform_hda,1831,0,2022-11-06T14:30:00+00:00,0.333333333333,0.333333333333,0.333333333333,D
8631a3b66b1635cce71140c1fa3ac0ba62935e99752ced2164ba0b143896a9b0,2022-23,2022-11-06T20:00:00+03:00,expanding_league_hda,1831,1831,2022-11-06T14:30:00+00:00,0.450573457127,0.260513380666,0.288913162206,D
94215587a8ac3d23ce30eb648965ea160aec1b1655d4458a468e6d882b7b8d60,2022-23,2022-11-07T20:00:00+03:00,uniform_hda,1833,0,2022-11-06T20:00:00+00:00,0.333333333333,0.333333333333,0.333333333333,H
94215587a8ac3d23ce30eb648965ea160aec1b1655d4458a468e6d882b7b8d60,2022-23,2022-11-07T20:00:00+03:00,expanding_league_hda,1833,1833,2022-11-06T20:00:00+00:00,0.450627386798,0.260774686307,0.288597926896,H
b028d6196bbaf8af42195daf15da417270ed434c316d7f27f2862102d89c1c8b,2022-23,2022-11-07T20:00:00+03:00,uniform_hda,1833,0,2022-11-06T20:00:00+00:00,0.333333333333,0.333333333333,0.333333333333,D
b028d6196bbaf8af42195daf15da417270ed434c316d7f27f2862102d89c1c8b,2022-23,2022-11-07T20:00:00+03:00,expanding_league_hda,1833,1833,2022-11-06T20:00:00+00:00,0.450627386798,0.260774686307,0.288597926896,D
35cd1e6686d95e8b0f7ca640f06b20b835ed19e801e1cb53c8364be69c5078ee,2022-23,2022-11-11T20:00:00+03:00,uniform_hda,1835,0,2022-11-07T20:00:00+00:00,0.333333333333,0.333333333333,0.333333333333,D
35cd1e6686d95e8b0f7ca640f06b20b835ed19e801e1cb53c8364be69c5078ee,2022-23,2022-11-11T20:00:00+03:00,expanding_league_hda,1835,1835,2022-11-07T20:00:00+00:00,0.450681198910,0.261035422343,0.288283378747,D
6156a10584e3e16177aa82bf941b399f63a01a7687ac52ee14b9dbb7fc50c5a9,2022-23,2022-11-11T20:00:00+03:00,uniform_hda,1835,0,2022-11-07T20:00:00+00:00,0.333333333333,0.333333333333,0.333333333333,D
6156a10584e3e16177aa82bf941b399f63a01a7687ac52ee14b9dbb7fc50c5a9,2022-23,2022-11-11T20:00:00+03:00,expanding_league_hda,1835,1835,2022-11-07T20:00:00+00:00,0.450681198910,0.261035422343,0.288283378747,D
66fb615d2bf8373f76b415bbd7f48f2b8fcb83ed35b7ea478ccb0f4886410371,2022-23,2022-11-12T14:30:00+03:00,uniform_hda,1837,0,2022-11-11T20:00:00+00:00,0.333333333333,0.333333333333,0.333333333333,D
66fb615d2bf8373f76b415bbd7f48f2b8fcb83ed35b7ea478ccb0f4886410371,2022-23,2022-11-12T14:30:00+03:00,expanding_league_hda,1837,1837,2022-11-11T20:00:00+00:00,0.450190528035,0.261839956451,0.287969515514,D
3ec83ac68a79839f5c29af303ea49c0ce43dc82683e4d430aff5788e63d5ed83,2022-23,2022-11-12T17:00:00+03:00,uniform_hda,1837,0,2022-11-11T20:00:00+00:00,0.333333333333,0.333333333333,0.333333333333,A
3ec83ac68a79839f5c29af303ea49c0ce43dc82683e4d430aff5788e63d5ed83,2022-23,2022-11-12T17:00:00+03:00,expanding_league_hda,1837,1837,2022-11-11T20:00:00+00:00,0.450190528035,0.261839956451,0.287969515514,A
0bd4e5be60673800d26ddc7f793d9ce79ed8a65a760457fe4f4fd036b6c9e371,2022-23,2022-11-12T20:00:00+03:00,uniform_hda,1838,0,2022-11-12T14:30:00+00:00,0.333333333333,0.333333333333,0.333333333333,A
0bd4e5be60673800d26ddc7f793d9ce79ed8a65a760457fe4f4fd036b6c9e371,2022-23,2022-11-12T20:00:00+03:00,expanding_league_hda,1838,1838,2022-11-12T14:30:00+00:00,0.449945593036,0.262241566921,0.287812840044,A
652470590e8124ceaef8c431c4147546aecd498d40e39897c736862602653f1a,2022-23,2022-11-13T14:30:00+03:00,uniform_hda,1840,0,2022-11-12T20:00:00+00:00,0.333333333333,0.333333333333,0.333333333333,D
652470590e8124ceaef8c431c4147546aecd498d40e39897c736862602653f1a,2022-23,2022-11-13T14:30:00+03:00,expanding_league_hda,1840,1840,2022-11-12T20:00:00+00:00,0.449456521739,0.261956521739,0.288586956522,D
5ea424a71a9f59f6fc26b5a2cc53b49f3887874def65213ead214b87f9839c5c,2022-23,2022-11-13T17:00:00+03:00,uniform_hda,1840,0,2022-11-12T20:00:00+00:00,0.333333333333,0.333333333333,0.333333333333,A
5ea424a71a9f59f6fc26b5a2cc53b49f3887874def65213ead214b87f9839c5c,2022-23,2022-11-13T17:00:00+03:00,expanding_league_hda,1840,1840,2022-11-12T20:00:00+00:00,0.449456521739,0.261956521739,0.288586956522,A
6635801b188b46bc982b466a88817b912a9044ca7b389180330fc628ef8760e5,2022-23,2022-11-13T17:00:00+03:00,uniform_hda,1840,0,2022-11-12T20:00:00+00:00,0.333333333333,0.333333333333,0.333333333333,A
6635801b188b46bc982b466a88817b912a9044ca7b389180330fc628ef8760e5,2022-23,2022-11-13T17:00:00+03:00,expanding_league_hda,1840,1840,2022-11-12T20:00:00+00:00,0.449456521739,0.261956521739,0.288586956522,A
b8d140b9ae0c3da6fb8b6e455f3792e268705bf307c9e9150baa6a61bde581d5,2022-23,2022-12-23T20:00:00+03:00,uniform_hda,1843,0,2022-11-13T17:00:00+00:00,0.333333333333,0.333333333333,0.333333333333,A
b8d140b9ae0c3da6fb8b6e455f3792e268705bf307c9e9150baa6a61bde581d5,2022-23,2022-12-23T20:00:00+03:00,expanding_league_hda,1843,1843,2022-11-13T17:00:00+00:00,0.448724905046,0.262072707542,0.289202387412,A
f6579940ba695aef87e132e218faa72f2b10631d84e327406dddf1d714b23141,2022-23,2022-12-23T20:00:00+03:00,uniform_hda,1843,0,2022-11-13T17:00:00+00:00,0.333333333333,0.333333333333,0.333333333333,A
f6579940ba695aef87e132e218faa72f2b10631d84e327406dddf1d714b23141,2022-23,2022-12-23T20:00:00+03:00,expanding_league_hda,1843,1843,2022-11-13T17:00:00+00:00,0.448724905046,0.262072707542,0.289202387412,A
54a16ef7d4f3ab985d9c3878a8df76712b0ca9b5bfa658a59a7c5663652debd7,2022-23,2022-12-24T13:30:00+03:00,uniform_hda,1845,0,2022-12-23T20:00:00+00:00,0.333333333333,0.333333333333,0.333333333333,D
54a16ef7d4f3ab985d9c3878a8df76712b0ca9b5bfa658a59a7c5663652debd7,2022-23,2022-12-24T13:30:00+03:00,expanding_league_hda,1845,1845,2022-12-23T20:00:00+00:00,0.448238482385,0.261788617886,0.289972899729,D
70cfbf455f1dd3251751e5d5f8c06af5fba54d3eda5c5459f9ee3f28b7f1b17a,2022-23,2022-12-24T16:00:00+03:00,uniform_hda,1845,0,2022-12-23T20:00:00+00:00,0.333333333333,0.333333333333,0.333333333333,A
70cfbf455f1dd3251751e5d5f8c06af5fba54d3eda5c5459f9ee3f28b7f1b17a,2022-23,2022-12-24T16:00:00+03:00,expanding_league_hda,1845,1845,2022-12-23T20:00:00+00:00,0.448238482385,0.261788617886,0.289972899729,A
19d7b2933531863c7b3fe54a84f93e118f77e6201dbf12484240e59611169d7a,2022-23,2022-12-24T19:00:00+03:00,uniform_hda,1846,0,2022-12-24T13:30:00+00:00,0.333333333333,0.333333333333,0.333333333333,H
19d7b2933531863c7b3fe54a84f93e118f77e6201dbf12484240e59611169d7a,2022-23,2022-12-24T19:00:00+03:00,expanding_league_hda,1846,1846,2022-12-24T13:30:00+00:00,0.447995666306,0.262188515710,0.289815817985,H
9b83f26afdfd0d72d680d7202aa73b02dac15358a8913772b48ce351cd139156,2022-23,2022-12-25T13:30:00+03:00,uniform_hda,1848,0,2022-12-24T19:00:00+00:00,0.333333333333,0.333333333333,0.333333333333,H
9b83f26afdfd0d72d680d7202aa73b02dac15358a8913772b48ce351cd139156,2022-23,2022-12-25T13:30:00+03:00,expanding_league_hda,1848,1848,2022-12-24T19:00:00+00:00,0.448051948052,0.261904761905,0.290043290043,H
0308cca5748ea93f2f2a850fba1371e52037a8c4889a985ed18aa81bf31ac0d6,2022-23,2022-12-25T16:00:00+03:00,uniform_hda,1848,0,2022-12-24T19:00:00+00:00,0.333333333333,0.333333333333,0.333333333333,D
0308cca5748ea93f2f2a850fba1371e52037a8c4889a985ed18aa81bf31ac0d6,2022-23,2022-12-25T16:00:00+03:00,expanding_league_hda,1848,1848,2022-12-24T19:00:00+00:00,0.448051948052,0.261904761905,0.290043290043,D
2edb2206f6b2e21951a34671c6a5fddc500674cbfbb04df7634ae989fb5d0969,2022-23,2022-12-25T16:00:00+03:00,uniform_hda,1848,0,2022-12-24T19:00:00+00:00,0.333333333333,0.333333333333,0.333333333333,D
2edb2206f6b2e21951a34671c6a5fddc500674cbfbb04df7634ae989fb5d0969,2022-23,2022-12-25T16:00:00+03:00,expanding_league_hda,1848,1848,2022-12-24T19:00:00+00:00,0.448051948052,0.261904761905,0.290043290043,D
15a2af5266737fcef6de7b7d281e5f5f0fc2ab2ee6e1970f999d3604e08683b8,2022-23,2022-12-25T19:00:00+03:00,uniform_hda,1849,0,2022-12-25T13:30:00+00:00,0.333333333333,0.333333333333,0.333333333333,H
15a2af5266737fcef6de7b7d281e5f5f0fc2ab2ee6e1970f999d3604e08683b8,2022-23,2022-12-25T19:00:00+03:00,expanding_league_hda,1849,1849,2022-12-25T13:30:00+00:00,0.448350459708,0.261763115197,0.289886425095,H
3ce03b1eee026e4471c2ac1343c4076ee43b76834a0889236313fdc23fccc80b,2022-23,2022-12-27T17:00:00+03:00,uniform_hda,1852,0,2022-12-25T19:00:00+00:00,0.333333333333,0.333333333333,0.333333333333,A
3ce03b1eee026e4471c2ac1343c4076ee43b76834a0889236313fdc23fccc80b,2022-23,2022-12-27T17:00:00+03:00,expanding_league_hda,1852,1852,2022-12-25T19:00:00+00:00,0.448164146868,0.262419006479,0.289416846652,A
847c8fe93d8aba07f79bd88934568c8bbac6bc7cf46ee23c28a47abff51cbff6,2022-23,2022-12-27T17:00:00+03:00,uniform_hda,1852,0,2022-12-25T19:00:00+00:00,0.333333333333,0.333333333333,0.333333333333,H
847c8fe93d8aba07f79bd88934568c8bbac6bc7cf46ee23c28a47abff51cbff6,2022-23,2022-12-27T17:00:00+03:00,expanding_league_hda,1852,1852,2022-12-25T19:00:00+00:00,0.448164146868,0.262419006479,0.289416846652,H
3c8f0b196296d103ba1e560641af49480d912ed9913a281e82927201df27c560,2022-23,2022-12-27T20:00:00+03:00,uniform_hda,1852,0,2022-12-25T19:00:00+00:00,0.333333333333,0.333333333333,0.333333333333,H
3c8f0b196296d103ba1e560641af49480d912ed9913a281e82927201df27c560,2022-23,2022-12-27T20:00:00+03:00,expanding_league_hda,1852,1852,2022-12-25T19:00:00+00:00,0.448164146868,0.262419006479,0.289416846652,H
368363ed5a6fe8652ca519c517cff875ee639bf9a2f24827ffdec74b279f46b5,2022-23,2022-12-28T17:00:00+03:00,uniform_hda,1855,0,2022-12-27T20:00:00+00:00,0.333333333333,0.333333333333,0.333333333333,H
368363ed5a6fe8652ca519c517cff875ee639bf9a2f24827ffdec74b279f46b5,2022-23,2022-12-28T17:00:00+03:00,expanding_league_hda,1855,1855,2022-12-27T20:00:00+00:00,0.448517520216,0.261994609164,0.289487870620,H
5a6d8f660619afacd057bd6c82f8bcdb5c0a8f2a23e1c82408498b5b82132db4,2022-23,2022-12-28T17:00:00+03:00,uniform_hda,1855,0,2022-12-27T20:00:00+00:00,0.333333333333,0.333333333333,0.333333333333,H
5a6d8f660619afacd057bd6c82f8bcdb5c0a8f2a23e1c82408498b5b82132db4,2022-23,2022-12-28T17:00:00+03:00,expanding_league_hda,1855,1855,2022-12-27T20:00:00+00:00,0.448517520216,0.261994609164,0.289487870620,H
6c68c7fefaa0a44cd239f99b690508fda23f0fdbeb0303329cbca5c362628e22,2022-23,2022-12-28T20:00:00+03:00,uniform_hda,1855,0,2022-12-27T20:00:00+00:00,0.333333333333,0.333333333333,0.333333333333,H
6c68c7fefaa0a44cd239f99b690508fda23f0fdbeb0303329cbca5c362628e22,2022-23,2022-12-28T20:00:00+03:00,expanding_league_hda,1855,1855,2022-12-27T20:00:00+00:00,0.448517520216,0.261994609164,0.289487870620,H
30c0bcebd198db6cff83cd15ef5adf8ba602866c87f99da87b44968471bedebb,2022-23,2022-12-29T17:00:00+03:00,uniform_hda,1858,0,2022-12-28T20:00:00+00:00,0.333333333333,0.333333333333,0.333333333333,A
30c0bcebd198db6cff83cd15ef5adf8ba602866c87f99da87b44968471bedebb,2022-23,2022-12-29T17:00:00+03:00,expanding_league_hda,1858,1858,2022-12-28T20:00:00+00:00,0.449407965554,0.261571582347,0.289020452099,A
4e81883cbcb2bcb70a83aed69eb0e1ae54762efc80631120d4dfc37bb04b1e98,2022-23,2022-12-29T17:00:00+03:00,uniform_hda,1858,0,2022-12-28T20:00:00+00:00,0.333333333333,0.333333333333,0.333333333333,H
4e81883cbcb2bcb70a83aed69eb0e1ae54762efc80631120d4dfc37bb04b1e98,2022-23,2022-12-29T17:00:00+03:00,expanding_league_hda,1858,1858,2022-12-28T20:00:00+00:00,0.449407965554,0.261571582347,0.289020452099,H
5c18c71178fb213bc18b29a1a9a09522097dac434cc4f0fd84ca78cf73a0b88f,2022-23,2022-12-29T20:00:00+03:00,uniform_hda,1858,0,2022-12-28T20:00:00+00:00,0.333333333333,0.333333333333,0.333333333333,H
5c18c71178fb213bc18b29a1a9a09522097dac434cc4f0fd84ca78cf73a0b88f,2022-23,2022-12-29T20:00:00+03:00,expanding_league_hda,1858,1858,2022-12-28T20:00:00+00:00,0.449407965554,0.261571582347,0.289020452099,H
2f1f75372efdcbbfde7de7c910a93e4462f98c745d7c5024841cea55587abaf3,2022-23,2023-01-03T17:00:00+03:00,uniform_hda,1861,0,2022-12-29T20:00:00+00:00,0.333333333333,0.333333333333,0.333333333333,D
2f1f75372efdcbbfde7de7c910a93e4462f98c745d7c5024841cea55587abaf3,2022-23,2023-01-03T17:00:00+03:00,expanding_league_hda,1861,1861,2022-12-29T20:00:00+00:00,0.449758194519,0.261149919398,0.289091886083,D
5dddbeb71c525b03dbacd583cb64f7579332682fe0b68c857fc8cf7502450180,2022-23,2023-01-03T20:00:00+03:00,uniform_hda,1861,0,2022-12-29T20:00:00+00:00,0.333333333333,0.333333333333,0.333333333333,A
5dddbeb71c525b03dbacd583cb64f7579332682fe0b68c857fc8cf7502450180,2022-23,2023-01-03T20:00:00+03:00,expanding_league_hda,1861,1861,2022-12-29T20:00:00+00:00,0.449758194519,0.261149919398,0.289091886083,A
5de513e3f7e2aa31c6bdcf7a3bc83c932d1e05c8265b43fc255a59bbcc89dcb0,2022-23,2023-01-04T17:00:00+03:00,uniform_hda,1863,0,2023-01-03T20:00:00+00:00,0.333333333333,0.333333333333,0.333333333333,A
5de513e3f7e2aa31c6bdcf7a3bc83c932d1e05c8265b43fc255a59bbcc89dcb0,2022-23,2023-01-04T17:00:00+03:00,expanding_league_hda,1863,1863,2023-01-03T20:00:00+00:00,0.449275362319,0.261406333870,0.289318303811,A
e8a3b27a56b2d51f5e6484f3686c0e31d18c8b9d98316988a88f483a24e1fd3c,2022-23,2023-01-04T17:00:00+03:00,uniform_hda,1863,0,2023-01-03T20:00:00+00:00,0.333333333333,0.333333333333,0.333333333333,H
e8a3b27a56b2d51f5e6484f3686c0e31d18c8b9d98316988a88f483a24e1fd3c,2022-23,2023-01-04T17:00:00+03:00,expanding_league_hda,1863,1863,2023-01-03T20:00:00+00:00,0.449275362319,0.261406333870,0.289318303811,H
165e209083eaae1706bf5261989c87d574f61e493919938304673357cdcce02b,2022-23,2023-01-04T20:00:00+03:00,uniform_hda,1863,0,2023-01-03T20:00:00+00:00,0.333333333333,0.333333333333,0.333333333333,D
165e209083eaae1706bf5261989c87d574f61e493919938304673357cdcce02b,2022-23,2023-01-04T20:00:00+03:00,expanding_league_hda,1863,1863,2023-01-03T20:00:00+00:00,0.449275362319,0.261406333870,0.289318303811,D
a9071e78cec08fa082cb0487750c407524cd8dec27e705fdd6086923d50a7f88,2022-23,2023-01-04T20:00:00+03:00,uniform_hda,1863,0,2023-01-03T20:00:00+00:00,0.333333333333,0.333333333333,0.333333333333,H
a9071e78cec08fa082cb0487750c407524cd8dec27e705fdd6086923d50a7f88,2022-23,2023-01-04T20:00:00+03:00,expanding_league_hda,1863,1863,2023-01-03T20:00:00+00:00,0.449275362319,0.261406333870,0.289318303811,H
79458722a1c5cd515fccab146025abee6e3a3e73b741149093991c8136fec959,2022-23,2023-01-05T17:00:00+03:00,uniform_hda,1867,0,2023-01-04T20:00:00+00:00,0.333333333333,0.333333333333,0.333333333333,D
79458722a1c5cd515fccab146025abee6e3a3e73b741149093991c8136fec959,2022-23,2023-01-05T17:00:00+03:00,expanding_league_hda,1867,1867,2023-01-04T20:00:00+00:00,0.449384038565,0.261381896090,0.289234065345,D
3039578560e9abab884204f96c062c6d4e9e1f7a41c0666233e6e19a491d8cfa,2022-23,2023-01-05T20:00:00+03:00,uniform_hda,1867,0,2023-01-04T20:00:00+00:00,0.333333333333,0.333333333333,0.333333333333,H
3039578560e9abab884204f96c062c6d4e9e1f7a41c0666233e6e19a491d8cfa,2022-23,2023-01-05T20:00:00+03:00,expanding_league_hda,1867,1867,2023-01-04T20:00:00+00:00,0.449384038565,0.261381896090,0.289234065345,H
4edf1fd96c3eabd9a921525c0ea1db034ea0d4df457668a639d288305dd598bd,2022-23,2023-01-05T20:00:00+03:00,uniform_hda,1867,0,2023-01-04T20:00:00+00:00,0.333333333333,0.333333333333,0.333333333333,H
4edf1fd96c3eabd9a921525c0ea1db034ea0d4df457668a639d288305dd598bd,2022-23,2023-01-05T20:00:00+03:00,expanding_league_hda,1867,1867,2023-01-04T20:00:00+00:00,0.449384038565,0.261381896090,0.289234065345,H
a0e0492faa271c49cb5bb9077da745d529276b34e25d5dbd0c615344dd9e97b1,2022-23,2023-01-07T16:00:00+03:00,uniform_hda,1870,0,2023-01-05T20:00:00+00:00,0.333333333333,0.333333333333,0.333333333333,D
a0e0492faa271c49cb5bb9077da745d529276b34e25d5dbd0c615344dd9e97b1,2022-23,2023-01-07T16:00:00+03:00,expanding_league_hda,1870,1870,2023-01-05T20:00:00+00:00,0.449732620321,0.261497326203,0.288770053476,D
15179384c7ad0e4bfa376655acd7564d26822a201a0665d28f5a8aef35de313c,2022-23,2023-01-07T19:00:00+03:00,uniform_hda,1870,0,2023-01-05T20:00:00+00:00,0.333333333333,0.333333333333,0.333333333333,H
15179384c7ad0e4bfa376655acd7564d26822a201a0665d28f5a8aef35de313c,2022-23,2023-01-07T19:00:00+03:00,expanding_league_hda,1870,1870,2023-01-05T20:00:00+00:00,0.449732620321,0.261497326203,0.288770053476,H
8a0cb34a5195923ff3be03b96a4fb8f673ab3b96595151f3229c8e320ad3d6c7,2022-23,2023-01-08T13:30:00+03:00,uniform_hda,1872,0,2023-01-07T19:00:00+00:00,0.333333333333,0.333333333333,0.333333333333,D
8a0cb34a5195923ff3be03b96a4fb8f673ab3b96595151f3229c8e320ad3d6c7,2022-23,2023-01-08T13:30:00+03:00,expanding_league_hda,1872,1872,2023-01-07T19:00:00+00:00,0.449786324786,0.261752136752,0.288461538462,D
5bd4d66c58ef580570b93737b8672d01eced7d4b386b029b66d4fafdb8214826,2022-23,2023-01-08T16:00:00+03:00,uniform_hda,1872,0,2023-01-07T19:00:00+00:00,0.333333333333,0.333333333333,0.333333333333,H
5bd4d66c58ef580570b93737b8672d01eced7d4b386b029b66d4fafdb8214826,2022-23,2023-01-08T16:00:00+03:00,expanding_league_hda,1872,1872,2023-01-07T19:00:00+00:00,0.449786324786,0.261752136752,0.288461538462,H
ce69dda7b5f031b5fb19ba3571ebc3316368b03d0de114ade7c02b2d8af9f501,2022-23,2023-01-08T16:00:00+03:00,uniform_hda,1872,0,2023-01-07T19:00:00+00:00,0.333333333333,0.333333333333,0.333333333333,A
ce69dda7b5f031b5fb19ba3571ebc3316368b03d0de114ade7c02b2d8af9f501,2022-23,2023-01-08T16:00:00+03:00,expanding_league_hda,1872,1872,2023-01-07T19:00:00+00:00,0.449786324786,0.261752136752,0.288461538462,A
31feefcf5c5385afed9a24a2999c1d4cb4c8aa6d38be03eca8ccd15252665629,2022-23,2023-01-08T19:00:00+03:00,uniform_hda,1873,0,2023-01-08T13:30:00+00:00,0.333333333333,0.333333333333,0.333333333333,A
31feefcf5c5385afed9a24a2999c1d4cb4c8aa6d38be03eca8ccd15252665629,2022-23,2023-01-08T19:00:00+03:00,expanding_league_hda,1873,1873,2023-01-08T13:30:00+00:00,0.449546182595,0.262146289375,0.288307528030,A
9c4c72984e6fac1a8eede62ecdc73931f22d69a39dc940cef47957fadc444246,2022-23,2023-01-09T17:00:00+03:00,uniform_hda,1876,0,2023-01-08T19:00:00+00:00,0.333333333333,0.333333333333,0.333333333333,H
9c4c72984e6fac1a8eede62ecdc73931f22d69a39dc940cef47957fadc444246,2022-23,2023-01-09T17:00:00+03:00,expanding_league_hda,1876,1876,2023-01-08T19:00:00+00:00,0.449360341151,0.261727078891,0.288912579957,H
cc2fdd035aafc2b309d7f33f4a5116f227eae2eb545d16caa6fc80cb79f356e2,2022-23,2023-01-09T20:00:00+03:00,uniform_hda,1876,0,2023-01-08T19:00:00+00:00,0.333333333333,0.333333333333,0.333333333333,H
cc2fdd035aafc2b309d7f33f4a5116f227eae2eb545d16caa6fc80cb79f356e2,2022-23,2023-01-09T20:00:00+03:00,expanding_league_hda,1876,1876,2023-01-08T19:00:00+00:00,0.449360341151,0.261727078891,0.288912579957,H
f0f21fa235823630374c95579f3e0206beda9827f3d604dbf3c44f43d390519d,2022-23,2023-01-09T20:00:00+03:00,uniform_hda,1876,0,2023-01-08T19:00:00+00:00,0.333333333333,0.333333333333,0.333333333333,D
f0f21fa235823630374c95579f3e0206beda9827f3d604dbf3c44f43d390519d,2022-23,2023-01-09T20:00:00+03:00,expanding_league_hda,1876,1876,2023-01-08T19:00:00+00:00,0.449360341151,0.261727078891,0.288912579957,D
e13c71cf655de49b00bdc909aedf5543180525af723815210c2f164478778c16,2022-23,2023-01-13T19:00:00+03:00,uniform_hda,1879,0,2023-01-09T20:00:00+00:00,0.333333333333,0.333333333333,0.333333333333,H
e13c71cf655de49b00bdc909aedf5543180525af723815210c2f164478778c16,2022-23,2023-01-13T19:00:00+03:00,expanding_league_hda,1879,1879,2023-01-09T20:00:00+00:00,0.449707291112,0.261841405003,0.288451303885,H
52cbba45f96f3b70a8aa42f41d0d9d18d6377592e84a1f6cade55e62baa1efb7,2022-23,2023-01-13T20:00:00+03:00,uniform_hda,1879,0,2023-01-09T20:00:00+00:00,0.333333333333,0.333333333333,0.333333333333,H
52cbba45f96f3b70a8aa42f41d0d9d18d6377592e84a1f6cade55e62baa1efb7,2022-23,2023-01-13T20:00:00+03:00,expanding_league_hda,1879,1879,2023-01-09T20:00:00+00:00,0.449707291112,0.261841405003,0.288451303885,H
46c436e576c5129791f15ae47f154cf326041b5a664a261af07457553b99e260,2022-23,2023-01-14T13:30:00+03:00,uniform_hda,1881,0,2023-01-13T20:00:00+00:00,0.333333333333,0.333333333333,0.333333333333,D
46c436e576c5129791f15ae47f154cf326041b5a664a261af07457553b99e260,2022-23,2023-01-14T13:30:00+03:00,expanding_league_hda,1881,1881,2023-01-13T20:00:00+00:00,0.450292397661,0.261562998405,0.288144603934,D
3f43bdbb55a38cf74253dbb278c77d95957ca01089eb7fa0209686232b5b12fd,2022-23,2023-01-14T16:00:00+03:00,uniform_hda,1881,0,2023-01-13T20:00:00+00:00,0.333333333333,0.333333333333,0.333333333333,A
3f43bdbb55a38cf74253dbb278c77d95957ca01089eb7fa0209686232b5b12fd,2022-23,2023-01-14T16:00:00+03:00,expanding_league_hda,1881,1881,2023-01-13T20:00:00+00:00,0.450292397661,0.261562998405,0.288144603934,A
5c5261e60edf9c76a9a9e12705203d33083605d7c30e98229a12d448bdcc1d08,2022-23,2023-01-14T16:00:00+03:00,uniform_hda,1881,0,2023-01-13T20:00:00+00:00,0.333333333333,0.333333333333,0.333333333333,H
5c5261e60edf9c76a9a9e12705203d33083605d7c30e98229a12d448bdcc1d08,2022-23,2023-01-14T16:00:00+03:00,expanding_league_hda,1881,1881,2023-01-13T20:00:00+00:00,0.450292397661,0.261562998405,0.288144603934,H
832d7ca410b3f152d838c31ab32c2be388cf1c6f71c102b3637c440d102a6578,2022-23,2023-01-14T19:00:00+03:00,uniform_hda,1882,0,2023-01-14T13:30:00+00:00,0.333333333333,0.333333333333,0.333333333333,H
832d7ca410b3f152d838c31ab32c2be388cf1c6f71c102b3637c440d102a6578,2022-23,2023-01-14T19:00:00+03:00,expanding_league_hda,1882,1882,2023-01-14T13:30:00+00:00,0.450053134963,0.261955366631,0.287991498406,H
2e8605654a164c1fb88c84fb3dea00dc0ac8ff26f18425fec43f229c9967b438,2022-23,2023-01-15T13:30:00+03:00,uniform_hda,1885,0,2023-01-14T19:00:00+00:00,0.333333333333,0.333333333333,0.333333333333,A
2e8605654a164c1fb88c84fb3dea00dc0ac8ff26f18425fec43f229c9967b438,2022-23,2023-01-15T13:30:00+03:00,expanding_league_hda,1885,1885,2023-01-14T19:00:00+00:00,0.450397877984,0.261538461538,0.288063660477,A
cbc734f6055978298d2c2dd39352bde88f491bc6f5ea4efb190629b576545ca0,2022-23,2023-01-15T16:00:00+03:00,uniform_hda,1885,0,2023-01-14T19:00:00+00:00,0.333333333333,0.333333333333,0.333333333333,D
cbc734f6055978298d2c2dd39352bde88f491bc6f5ea4efb190629b576545ca0,2022-23,2023-01-15T16:00:00+03:00,expanding_league_hda,1885,1885,2023-01-14T19:00:00+00:00,0.450397877984,0.261538461538,0.288063660477,D
49d7c76a3777f6c1348ff2ffc60543b1406ca0468473bc52237d5948b157c770,2022-23,2023-01-15T19:00:00+03:00,uniform_hda,1886,0,2023-01-15T13:30:00+00:00,0.333333333333,0.333333333333,0.333333333333,A
49d7c76a3777f6c1348ff2ffc60543b1406ca0468473bc52237d5948b157c770,2022-23,2023-01-15T19:00:00+03:00,expanding_league_hda,1886,1886,2023-01-15T13:30:00+00:00,0.450159066808,0.261399787911,0.288441145281,A
1e7300381bcb67664b7919e5f05de72b445e6d58ccc0cda01ae3dbc0ddbc0fae,2022-23,2023-01-20T20:00:00+03:00,uniform_hda,1888,0,2023-01-15T19:00:00+00:00,0.333333333333,0.333333333333,0.333333333333,D
1e7300381bcb67664b7919e5f05de72b445e6d58ccc0cda01ae3dbc0ddbc0fae,2022-23,2023-01-20T20:00:00+03:00,expanding_league_hda,1888,1888,2023-01-15T19:00:00+00:00,0.449682203390,0.261652542373,0.288665254237,D
568831b2e19baa3098ccc403e0f075a196db848e4a0095f5cdf6033182cf43a1,2022-23,2023-01-21T16:00:00+03:00,uniform_hda,1889,0,2023-01-20T20:00:00+00:00,0.333333333333,0.333333333333,0.333333333333,A
568831b2e19baa3098ccc403e0f075a196db848e4a0095f5cdf6033182cf43a1,2022-23,2023-01-21T16:00:00+03:00,expanding_league_hda,1889,1889,2023-01-20T20:00:00+00:00,0.449444150344,0.262043409211,0.288512440445,A
80ef209ae48b640fad2041dfa3e4be242f69dd973c3ff2338de69e97fca039ee,2022-23,2023-01-21T19:00:00+03:00,uniform_hda,1889,0,2023-01-20T20:00:00+00:00,0.333333333333,0.333333333333,0.333333333333,H
80ef209ae48b640fad2041dfa3e4be242f69dd973c3ff2338de69e97fca039ee,2022-23,2023-01-21T19:00:00+03:00,expanding_league_hda,1889,1889,2023-01-20T20:00:00+00:00,0.449444150344,0.262043409211,0.288512440445,H
cbb9f428990541759928de4b1ecdc356a8b19739426e519750bba30b9be2d683,2022-23,2023-01-22T13:30:00+03:00,uniform_hda,1891,0,2023-01-21T19:00:00+00:00,0.333333333333,0.333333333333,0.333333333333,A
cbb9f428990541759928de4b1ecdc356a8b19739426e519750bba30b9be2d683,2022-23,2023-01-22T13:30:00+03:00,expanding_league_hda,1891,1891,2023-01-21T19:00:00+00:00,0.449497620307,0.261766261237,0.288736118456,A
320a2d6db80c1c0acd2e58279273776efed3c93b62cb828fb3958ff47af1fcbc,2022-23,2023-01-22T16:00:00+03:00,uniform_hda,1891,0,2023-01-21T19:00:00+00:00,0.333333333333,0.333333333333,0.333333333333,A
320a2d6db80c1c0acd2e58279273776efed3c93b62cb828fb3958ff47af1fcbc,2022-23,2023-01-22T16:00:00+03:00,expanding_league_hda,1891,1891,2023-01-21T19:00:00+00:00,0.449497620307,0.261766261237,0.288736118456,A
d9e47692f31a3be7e5f41e263b9fbd79d34069f9d33229004ba9a22d834313c5,2022-23,2023-01-22T16:00:00+03:00,uniform_hda,1891,0,2023-01-21T19:00:00+00:00,0.333333333333,0.333333333333,0.333333333333,D
d9e47692f31a3be7e5f41e263b9fbd79d34069f9d33229004ba9a22d834313c5,2022-23,2023-01-22T16:00:00+03:00,expanding_league_hda,1891,1891,2023-01-21T19:00:00+00:00,0.449497620307,0.261766261237,0.288736118456,D
3f9fb1da59287eccb1edf953bc3048d38dbf61c62ef33ff75c34604ad4369031,2022-23,2023-01-22T19:00:00+03:00,uniform_hda,1892,0,2023-01-22T13:30:00+00:00,0.333333333333,0.333333333333,0.333333333333,H
3f9fb1da59287eccb1edf953bc3048d38dbf61c62ef33ff75c34604ad4369031,2022-23,2023-01-22T19:00:00+03:00,expanding_league_hda,1892,1892,2023-01-22T13:30:00+00:00,0.449260042283,0.261627906977,0.289112050740,H
310625f27d558ea349d859c2929ffaa80e7d6a34adb4503eef189ba1b2c2f49d,2022-23,2023-01-23T20:00:00+03:00,uniform_hda,1895,0,2023-01-22T19:00:00+00:00,0.333333333333,0.333333333333,0.333333333333,A
310625f27d558ea349d859c2929ffaa80e7d6a34adb4503eef189ba1b2c2f49d,2022-23,2023-01-23T20:00:00+03:00,expanding_league_hda,1895,1895,2023-01-22T19:00:00+00:00,0.449076517150,0.261741424802,0.289182058047,A
4c55da161f3734ea20e0fa21a92e9e6b048a3f0289a8fa5186698d4c258fea8d,2022-23,2023-01-23T20:00:00+03:00,uniform_hda,1895,0,2023-01-22T19:00:00+00:00,0.333333333333,0.333333333333,0.333333333333,A
4c55da161f3734ea20e0fa21a92e9e6b048a3f0289a8fa5186698d4c258fea8d,2022-23,2023-01-23T20:00:00+03:00,expanding_league_hda,1895,1895,2023-01-22T19:00:00+00:00,0.449076517150,0.261741424802,0.289182058047,A
46881d21692d88f6155caa29dd43b42efde09b3cbf74e86dfe3792d1a176764b,2022-23,2023-01-27T20:00:00+03:00,uniform_hda,1897,0,2023-01-23T20:00:00+00:00,0.333333333333,0.333333333333,0.333333333333,H
46881d21692d88f6155caa29dd43b42efde09b3cbf74e86dfe3792d1a176764b,2022-23,2023-01-27T20:00:00+03:00,expanding_league_hda,1897,1897,2023-01-23T20:00:00+00:00,0.448603057459,0.261465471798,0.289931470743,H
eb41c947bbecb5876fd0e1fd49f57c03a70231da1c7dbd12bb2fc3f57c08c73c,2022-23,2023-01-28T13:30:00+03:00,uniform_hda,1898,0,2023-01-27T20:00:00+00:00,0.333333333333,0.333333333333,0.333333333333,A
eb41c947bbecb5876fd0e1fd49f57c03a70231da1c7dbd12bb2fc3f57c08c73c,2022-23,2023-01-28T13:30:00+03:00,expanding_league_hda,1898,1898,2023-01-27T20:00:00+00:00,0.448893572181,0.261327713383,0.289778714436,A
325c74f17a222d52419c59c668232b2d0b527b24633e959cc5b70652c9db42c3,2022-23,2023-01-28T16:00:00+03:00,uniform_hda,1898,0,2023-01-27T20:00:00+00:00,0.333333333333,0.333333333333,0.333333333333,H
325c74f17a222d52419c59c668232b2d0b527b24633e959cc5b70652c9db42c3,2022-23,2023-01-28T16:00:00+03:00,expanding_league_hda,1898,1898,2023-01-27T20:00:00+00:00,0.448893572181,0.261327713383,0.289778714436,H
f1a83f2e54947076de78603ed65824365e17f351953ab8c69c638d658b96f6e8,2022-23,2023-01-28T16:00:00+03:00,uniform_hda,1898,0,2023-01-27T20:00:00+00:00,0.333333333333,0.333333333333,0.333333333333,A
f1a83f2e54947076de78603ed65824365e17f351953ab8c69c638d658b96f6e8,2022-23,2023-01-28T16:00:00+03:00,expanding_league_hda,1898,1898,2023-01-27T20:00:00+00:00,0.448893572181,0.261327713383,0.289778714436,A
0d45c7918ae21298763fd2f7d2192c89f426ae9fa68e92b9657722a117084ec5,2022-23,2023-01-28T19:00:00+03:00,uniform_hda,1899,0,2023-01-28T13:30:00+00:00,0.333333333333,0.333333333333,0.333333333333,H
0d45c7918ae21298763fd2f7d2192c89f426ae9fa68e92b9657722a117084ec5,2022-23,2023-01-28T19:00:00+03:00,expanding_league_hda,1899,1899,2023-01-28T13:30:00+00:00,0.448657187994,0.261190100053,0.290152711954,H
699abc29bdc48b093c9b63a3747af3c106af8319af8e7aa26cff51f75f0b072d,2022-23,2023-01-28T19:00:00+03:00,uniform_hda,1899,0,2023-01-28T13:30:00+00:00,0.333333333333,0.333333333333,0.333333333333,A
699abc29bdc48b093c9b63a3747af3c106af8319af8e7aa26cff51f75f0b072d,2022-23,2023-01-28T19:00:00+03:00,expanding_league_hda,1899,1899,2023-01-28T13:30:00+00:00,0.448657187994,0.261190100053,0.290152711954,A
17b3302a9eb3d3c6c58b9f7acad4cdc546d21450fee04b9d2e7690c50a0dfed8,2022-23,2023-01-29T13:30:00+03:00,uniform_hda,1903,0,2023-01-28T19:00:00+00:00,0.333333333333,0.333333333333,0.333333333333,A
17b3302a9eb3d3c6c58b9f7acad4cdc546d21450fee04b9d2e7690c50a0dfed8,2022-23,2023-01-29T13:30:00+03:00,expanding_league_hda,1903,1903,2023-01-28T19:00:00+00:00,0.448765107725,0.260641093011,0.290593799264,A
d3762759567e6c53b20485cc4a98746cbce9602faeab611d3c1653f65c80cea3,2022-23,2023-01-29T19:00:00+03:00,uniform_hda,1904,0,2023-01-29T13:30:00+00:00,0.333333333333,0.333333333333,0.333333333333,H
d3762759567e6c53b20485cc4a98746cbce9602faeab611d3c1653f65c80cea3,2022-23,2023-01-29T19:00:00+03:00,expanding_league_hda,1904,1904,2023-01-29T13:30:00+00:00,0.448529411765,0.260504201681,0.290966386555,H
f5b17f0aa031d2f3db3b57697b9ecb2df18ada7ba8767a8f48a480dc809ec0f8,2022-23,2023-01-29T19:00:00+03:00,uniform_hda,1904,0,2023-01-29T13:30:00+00:00,0.333333333333,0.333333333333,0.333333333333,H
f5b17f0aa031d2f3db3b57697b9ecb2df18ada7ba8767a8f48a480dc809ec0f8,2022-23,2023-01-29T19:00:00+03:00,expanding_league_hda,1904,1904,2023-01-29T13:30:00+00:00,0.448529411765,0.260504201681,0.290966386555,H
5a9dad9e4de43b16675b9698f7aaeb7f99ecbdca4bce58cc8bb1a0d36f02f38e,2022-23,2023-01-31T17:00:00+03:00,uniform_hda,1906,0,2023-01-29T19:00:00+00:00,0.333333333333,0.333333333333,0.333333333333,A
5a9dad9e4de43b16675b9698f7aaeb7f99ecbdca4bce58cc8bb1a0d36f02f38e,2022-23,2023-01-31T17:00:00+03:00,expanding_league_hda,1906,1906,2023-01-29T19:00:00+00:00,0.449108079748,0.260230849948,0.290661070304,A
533c8951432c8571c898c7be865ce540c79d5ff27e943992b47f5352a41f3efe,2022-23,2023-01-31T20:00:00+03:00,uniform_hda,1906,0,2023-01-29T19:00:00+00:00,0.333333333333,0.333333333333,0.333333333333,D
533c8951432c8571c898c7be865ce540c79d5ff27e943992b47f5352a41f3efe,2022-23,2023-01-31T20:00:00+03:00,expanding_league_hda,1906,1906,2023-01-29T19:00:00+00:00,0.449108079748,0.260230849948,0.290661070304,D
2efb48c9c01c27d32cc86c1fa52dc8f3be24ce51f89fd9e0edcd350820115f85,2022-23,2023-02-01T17:00:00+03:00,uniform_hda,1908,0,2023-01-31T20:00:00+00:00,0.333333333333,0.333333333333,0.333333333333,H
2efb48c9c01c27d32cc86c1fa52dc8f3be24ce51f89fd9e0edcd350820115f85,2022-23,2023-02-01T17:00:00+03:00,expanding_league_hda,1908,1908,2023-01-31T20:00:00+00:00,0.448637316562,0.260482180294,0.290880503145,H
8c53cb96e67b3b0fcc8515c2f9d956e8376be335285f47e672f34350b80ae3ab,2022-23,2023-02-01T17:00:00+03:00,uniform_hda,1908,0,2023-01-31T20:00:00+00:00,0.333333333333,0.333333333333,0.333333333333,H
8c53cb96e67b3b0fcc8515c2f9d956e8376be335285f47e672f34350b80ae3ab,2022-23,2023-02-01T17:00:00+03:00,expanding_league_hda,1908,1908,2023-01-31T20:00:00+00:00,0.448637316562,0.260482180294,0.290880503145,H
6a2ccae2f50fd5ba6344e3eda04056862c92d0a64a505d2a657e87eaf8bb35bd,2022-23,2023-02-01T20:00:00+03:00,uniform_hda,1908,0,2023-01-31T20:00:00+00:00,0.333333333333,0.333333333333,0.333333333333,H
6a2ccae2f50fd5ba6344e3eda04056862c92d0a64a505d2a657e87eaf8bb35bd,2022-23,2023-02-01T20:00:00+03:00,expanding_league_hda,1908,1908,2023-01-31T20:00:00+00:00,0.448637316562,0.260482180294,0.290880503145,H
eb4693365fade74618e5e1b66fab50d3633a76d9b3b938db336f984568c9a34d,2022-23,2023-02-01T20:00:00+03:00,uniform_hda,1908,0,2023-01-31T20:00:00+00:00,0.333333333333,0.333333333333,0.333333333333,H
eb4693365fade74618e5e1b66fab50d3633a76d9b3b938db336f984568c9a34d,2022-23,2023-02-01T20:00:00+03:00,expanding_league_hda,1908,1908,2023-01-31T20:00:00+00:00,0.448637316562,0.260482180294,0.290880503145,H
4dad0b72123303e664db61b2920caa0bae112b23765d2472e528cdf2e3250756,2022-23,2023-02-02T17:00:00+03:00,uniform_hda,1912,0,2023-02-01T20:00:00+00:00,0.333333333333,0.333333333333,0.333333333333,H
4dad0b72123303e664db61b2920caa0bae112b23765d2472e528cdf2e3250756,2022-23,2023-02-02T17:00:00+03:00,expanding_league_hda,1912,1912,2023-02-01T20:00:00+00:00,0.449790794979,0.259937238494,0.290271966527,H
e10010d3cd6d598ce4e8357339256cf7b533928f1c62a0777f9a77bb86fb19d1,2022-23,2023-02-02T17:00:00+03:00,uniform_hda,1912,0,2023-02-01T20:00:00+00:00,0.333333333333,0.333333333333,0.333333333333,A
e10010d3cd6d598ce4e8357339256cf7b533928f1c62a0777f9a77bb86fb19d1,2022-23,2023-02-02T17:00:00+03:00,expanding_league_hda,1912,1912,2023-02-01T20:00:00+00:00,0.449790794979,0.259937238494,0.290271966527,A
90b9265b562263cf31536644c90684dd4dc029425bf25633f6b6c6f8b3a9bc2c,2022-23,2023-02-02T20:00:00+03:00,uniform_hda,1912,0,2023-02-01T20:00:00+00:00,0.333333333333,0.333333333333,0.333333333333,D
90b9265b562263cf31536644c90684dd4dc029425bf25633f6b6c6f8b3a9bc2c,2022-23,2023-02-02T20:00:00+03:00,expanding_league_hda,1912,1912,2023-02-01T20:00:00+00:00,0.449790794979,0.259937238494,0.290271966527,D
770488d94e3e02772a4bf41f6ad39391e39567bad10658656397767130000ee5,2022-23,2023-02-04T13:30:00+03:00,uniform_hda,1915,0,2023-02-02T20:00:00+00:00,0.333333333333,0.333333333333,0.333333333333,A
770488d94e3e02772a4bf41f6ad39391e39567bad10658656397767130000ee5,2022-23,2023-02-04T13:30:00+03:00,expanding_league_hda,1915,1915,2023-02-02T20:00:00+00:00,0.449608355091,0.260052219321,0.290339425587,A
996e8dca2b92bb6191cb2f8f9064ce2579f409bd88f59af657811588183a87b1,2022-23,2023-02-04T16:00:00+03:00,uniform_hda,1915,0,2023-02-02T20:00:00+00:00,0.333333333333,0.333333333333,0.333333333333,H
996e8dca2b92bb6191cb2f8f9064ce2579f409bd88f59af657811588183a87b1,2022-23,2023-02-04T16:00:00+03:00,expanding_league_hda,1915,1915,2023-02-02T20:00:00+00:00,0.449608355091,0.260052219321,0.290339425587,H
957d8ced5f1002cb0f94ce8465958736bdcea257c50d7c19b2fcacd15674b732,2022-23,2023-02-04T19:00:00+03:00,uniform_hda,1916,0,2023-02-04T13:30:00+00:00,0.333333333333,0.333333333333,0.333333333333,H
957d8ced5f1002cb0f94ce8465958736bdcea257c50d7c19b2fcacd15674b732,2022-23,2023-02-04T19:00:00+03:00,expanding_league_hda,1916,1916,2023-02-04T13:30:00+00:00,0.449373695198,0.259916492693,0.290709812109,H
d93e705e7ac5b440b816d0aa5d875e739caa2a540595919b3f732bfe8f5f2ad1,2022-23,2023-02-05T13:30:00+03:00,uniform_hda,1918,0,2023-02-04T19:00:00+00:00,0.333333333333,0.333333333333,0.333333333333,H
d93e705e7ac5b440b816d0aa5d875e739caa2a540595919b3f732bfe8f5f2ad1,2022-23,2023-02-05T13:30:00+03:00,expanding_league_hda,1918,1918,2023-02-04T19:00:00+00:00,0.449947862357,0.259645464025,0.290406673618,H
480b2bf6834bf52710b949c8852c0cd4d9d7067184dc3060d79022f457867aaa,2022-23,2023-02-05T16:00:00+03:00,uniform_hda,1918,0,2023-02-04T19:00:00+00:00,0.333333333333,0.333333333333,0.333333333333,H
480b2bf6834bf52710b949c8852c0cd4d9d7067184dc3060d79022f457867aaa,2022-23,2023-02-05T16:00:00+03:00,expanding_league_hda,1918,1918,2023-02-04T19:00:00+00:00,0.449947862357,0.259645464025,0.290406673618,H
822a4d15ffda1ff3983e529668b3153922b1346111198b34f6114ca4127775a2,2022-23,2023-02-05T19:00:00+03:00,uniform_hda,1919,0,2023-02-05T13:30:00+00:00,0.333333333333,0.333333333333,0.333333333333,H
822a4d15ffda1ff3983e529668b3153922b1346111198b34f6114ca4127775a2,2022-23,2023-02-05T19:00:00+03:00,expanding_league_hda,1919,1919,2023-02-05T13:30:00+00:00,0.450234497134,0.259510161542,0.290255341324,H
967a7abc1d6ea0307bfcf5f3781c78db1fb508c6aed68844ba8c22215143f735,2022-23,2023-02-25T19:00:00+03:00,uniform_hda,1921,0,2023-02-05T19:00:00+00:00,0.333333333333,0.333333333333,0.333333333333,A
967a7abc1d6ea0307bfcf5f3781c78db1fb508c6aed68844ba8c22215143f735,2022-23,2023-02-25T19:00:00+03:00,expanding_league_hda,1921,1921,2023-02-05T19:00:00+00:00,0.450806871421,0.259239979178,0.289953149401,A
acb697e8cf53ecf6d7b94c2a8c8cbce37fadf6407728cfca5d57d9f6c1c72fa4,2022-23,2023-02-25T19:00:00+03:00,uniform_hda,1921,0,2023-02-05T19:00:00+00:00,0.333333333333,0.333333333333,0.333333333333,H
acb697e8cf53ecf6d7b94c2a8c8cbce37fadf6407728cfca5d57d9f6c1c72fa4,2022-23,2023-02-25T19:00:00+03:00,expanding_league_hda,1921,1921,2023-02-05T19:00:00+00:00,0.450806871421,0.259239979178,0.289953149401,H
e547f0207a33d2e8d04977a3cea8adaa38c9184f16f8be86789e5085b0fdc56b,2022-23,2023-02-26T16:00:00+03:00,uniform_hda,1923,0,2023-02-25T19:00:00+00:00,0.333333333333,0.333333333333,0.333333333333,D
e547f0207a33d2e8d04977a3cea8adaa38c9184f16f8be86789e5085b0fdc56b,2022-23,2023-02-26T16:00:00+03:00,expanding_league_hda,1923,1923,2023-02-25T19:00:00+00:00,0.450858034321,0.258970358814,0.290171606864,D
b809d84f18c951f34338e0d16f33499149189644b450b574cc80f596b1a53c9e,2022-23,2023-02-26T19:00:00+03:00,uniform_hda,1923,0,2023-02-25T19:00:00+00:00,0.333333333333,0.333333333333,0.333333333333,D
b809d84f18c951f34338e0d16f33499149189644b450b574cc80f596b1a53c9e,2022-23,2023-02-26T19:00:00+03:00,expanding_league_hda,1923,1923,2023-02-25T19:00:00+00:00,0.450858034321,0.258970358814,0.290171606864,D
8923a432c0af9cd5902a2fce0668782f230579d8f7c7913f29c5f4240075cbb2,2022-23,2023-03-03T20:00:00+03:00,uniform_hda,1925,0,2023-02-26T19:00:00+00:00,0.333333333333,0.333333333333,0.333333333333,H
8923a432c0af9cd5902a2fce0668782f230579d8f7c7913f29c5f4240075cbb2,2022-23,2023-03-03T20:00:00+03:00,expanding_league_hda,1925,1925,2023-02-26T19:00:00+00:00,0.450389610390,0.259740259740,0.289870129870,H
520fe3470c5498c1f342920fe72be318c2aa76db4cfb3347c590885b63f5cfe2,2022-23,2023-03-04T13:30:00+03:00,uniform_hda,1926,0,2023-03-03T20:00:00+00:00,0.333333333333,0.333333333333,0.333333333333,H
520fe3470c5498c1f342920fe72be318c2aa76db4cfb3347c590885b63f5cfe2,2022-23,2023-03-04T13:30:00+03:00,expanding_league_hda,1926,1926,2023-03-03T20:00:00+00:00,0.450674974039,0.259605399792,0.289719626168,H
54793d916f94ecf8f35d8f6b830a1f4610ae136d8699d4959af72e6fcc289287,2022-23,2023-03-04T16:00:00+03:00,uniform_hda,1926,0,2023-03-03T20:00:00+00:00,0.333333333333,0.333333333333,0.333333333333,A
54793d916f94ecf8f35d8f6b830a1f4610ae136d8699d4959af72e6fcc289287,2022-23,2023-03-04T16:00:00+03:00,expanding_league_hda,1926,1926,2023-03-03T20:00:00+00:00,0.450674974039,0.259605399792,0.289719626168,A
05e273ff945d9c61421c3d38e5ca3af4b91f4582b9255fb24d88314be06aa82a,2022-23,2023-03-04T19:00:00+03:00,uniform_hda,1927,0,2023-03-04T13:30:00+00:00,0.333333333333,0.333333333333,0.333333333333,A
05e273ff945d9c61421c3d38e5ca3af4b91f4582b9255fb24d88314be06aa82a,2022-23,2023-03-04T19:00:00+03:00,expanding_league_hda,1927,1927,2023-03-04T13:30:00+00:00,0.450960041515,0.259470679813,0.289569278672,A
5e06fb822f191d98f26bb2f696777c3d3209e62e90bd0ad6be05d21afb49041b,2022-23,2023-03-05T16:00:00+03:00,uniform_hda,1929,0,2023-03-04T19:00:00+00:00,0.333333333333,0.333333333333,0.333333333333,D
5e06fb822f191d98f26bb2f696777c3d3209e62e90bd0ad6be05d21afb49041b,2022-23,2023-03-05T16:00:00+03:00,expanding_league_hda,1929,1929,2023-03-04T19:00:00+00:00,0.450492483152,0.259201658891,0.290305857957,D
efae1217331bcf7f447acc8305966ce6ce06855be3d58b7b85d50374e4e18f5e,2022-23,2023-03-05T19:00:00+03:00,uniform_hda,1929,0,2023-03-04T19:00:00+00:00,0.333333333333,0.333333333333,0.333333333333,H
efae1217331bcf7f447acc8305966ce6ce06855be3d58b7b85d50374e4e18f5e,2022-23,2023-03-05T19:00:00+03:00,expanding_league_hda,1929,1929,2023-03-04T19:00:00+00:00,0.450492483152,0.259201658891,0.290305857957,H
94274cdbdd504e6c83a6e1cf06e2989180d596ca2d7703250d65505a3965854d,2022-23,2023-03-06T20:00:00+03:00,uniform_hda,1931,0,2023-03-05T19:00:00+00:00,0.333333333333,0.333333333333,0.333333333333,H
94274cdbdd504e6c83a6e1cf06e2989180d596ca2d7703250d65505a3965854d,2022-23,2023-03-06T20:00:00+03:00,expanding_league_hda,1931,1931,2023-03-05T19:00:00+00:00,0.450543759710,0.259451061626,0.290005178664,H
41b1e57aed6c3503597ed76e1bfb2c6976c935d8de74210f772e641b36fe9cff,2022-23,2023-03-10T20:00:00+03:00,uniform_hda,1932,0,2023-03-06T20:00:00+00:00,0.333333333333,0.333333333333,0.333333333333,D
41b1e57aed6c3503597ed76e1bfb2c6976c935d8de74210f772e641b36fe9cff,2022-23,2023-03-10T20:00:00+03:00,expanding_league_hda,1932,1932,2023-03-06T20:00:00+00:00,0.450828157350,0.259316770186,0.289855072464,D
7eab471cc8b45a35e2fa64f2cb0ec985ce62e085813f072f2686ca8c5c055f58,2022-23,2023-03-11T16:00:00+03:00,uniform_hda,1933,0,2023-03-10T20:00:00+00:00,0.333333333333,0.333333333333,0.333333333333,H
7eab471cc8b45a35e2fa64f2cb0ec985ce62e085813f072f2686ca8c5c055f58,2022-23,2023-03-11T16:00:00+03:00,expanding_league_hda,1933,1933,2023-03-10T20:00:00+00:00,0.450594930160,0.259699948267,0.289705121573,H
359413cef6e83ea6615e955680095a2f8a0c59e0a1be91c365ae015b8838dafd,2022-23,2023-03-11T19:00:00+03:00,uniform_hda,1933,0,2023-03-10T20:00:00+00:00,0.333333333333,0.333333333333,0.333333333333,H
359413cef6e83ea6615e955680095a2f8a0c59e0a1be91c365ae015b8838dafd,2022-23,2023-03-11T19:00:00+03:00,expanding_league_hda,1933,1933,2023-03-10T20:00:00+00:00,0.450594930160,0.259699948267,0.289705121573,H
e8ff21a85890c73eb0c17b0397290ca32b3e2dc262a052256a4acfcb39d49f75,2022-23,2023-03-12T13:30:00+03:00,uniform_hda,1935,0,2023-03-11T19:00:00+00:00,0.333333333333,0.333333333333,0.333333333333,H
e8ff21a85890c73eb0c17b0397290ca32b3e2dc262a052256a4acfcb39d49f75,2022-23,2023-03-12T13:30:00+03:00,expanding_league_hda,1935,1935,2023-03-11T19:00:00+00:00,0.451162790698,0.259431524548,0.289405684755,H
472e734286d36c3a061b19e70f42e4b9f62a816799d5cc8788ec0a8dbbb0ee92,2022-23,2023-03-12T16:00:00+03:00,uniform_hda,1935,0,2023-03-11T19:00:00+00:00,0.333333333333,0.333333333333,0.333333333333,H
472e734286d36c3a061b19e70f42e4b9f62a816799d5cc8788ec0a8dbbb0ee92,2022-23,2023-03-12T16:00:00+03:00,expanding_league_hda,1935,1935,2023-03-11T19:00:00+00:00,0.451162790698,0.259431524548,0.289405684755,H
532710abd9d25ecb846401582a8e6e8de612c825748ff78d20d5216ad20a7feb,2022-23,2023-03-12T19:00:00+03:00,uniform_hda,1936,0,2023-03-12T13:30:00+00:00,0.333333333333,0.333333333333,0.333333333333,A
532710abd9d25ecb846401582a8e6e8de612c825748ff78d20d5216ad20a7feb,2022-23,2023-03-12T19:00:00+03:00,expanding_league_hda,1936,1936,2023-03-12T13:30:00+00:00,0.451446280992,0.259297520661,0.289256198347,A
ad585b328af2e9ff4dc0de89ded8aa613428887a9e023a7c2e7206da5ff4a12d,2022-23,2023-03-13T20:00:00+03:00,uniform_hda,1938,0,2023-03-12T19:00:00+00:00,0.333333333333,0.333333333333,0.333333333333,H
ad585b328af2e9ff4dc0de89ded8aa613428887a9e023a7c2e7206da5ff4a12d,2022-23,2023-03-13T20:00:00+03:00,expanding_league_hda,1938,1938,2023-03-12T19:00:00+00:00,0.451496388029,0.259029927761,0.289473684211,H
4f3cd811ee9191284cbfaa22c5fb55762c4105202b95698f5d74ccc24fdadeef,2022-23,2023-03-17T20:00:00+03:00,uniform_hda,1939,0,2023-03-13T20:00:00+00:00,0.333333333333,0.333333333333,0.333333333333,H
4f3cd811ee9191284cbfaa22c5fb55762c4105202b95698f5d74ccc24fdadeef,2022-23,2023-03-17T20:00:00+03:00,expanding_league_hda,1939,1939,2023-03-13T20:00:00+00:00,0.451779267664,0.258896338319,0.289324394018,H
ddf81ea41ecc91c4e06eb40f895d985126ba850c280b1a22260ea2c8304da56e,2022-23,2023-03-18T13:30:00+03:00,uniform_hda,1940,0,2023-03-17T20:00:00+00:00,0.333333333333,0.333333333333,0.333333333333,D
ddf81ea41ecc91c4e06eb40f895d985126ba850c280b1a22260ea2c8304da56e,2022-23,2023-03-18T13:30:00+03:00,expanding_league_hda,1940,1940,2023-03-17T20:00:00+00:00,0.452061855670,0.258762886598,0.289175257732,D
350ae49933253875f767692d054de1d56c02a6014d27de2e3d96c0233e367e15,2022-23,2023-03-18T16:00:00+03:00,uniform_hda,1940,0,2023-03-17T20:00:00+00:00,0.333333333333,0.333333333333,0.333333333333,H
350ae49933253875f767692d054de1d56c02a6014d27de2e3d96c0233e367e15,2022-23,2023-03-18T16:00:00+03:00,expanding_league_hda,1940,1940,2023-03-17T20:00:00+00:00,0.452061855670,0.258762886598,0.289175257732,H
3b06754f9f8c42681ae51b4b15549a32ecce080e527aa0c630d3836115334c4f,2022-23,2023-03-18T19:00:00+03:00,uniform_hda,1941,0,2023-03-18T13:30:00+00:00,0.333333333333,0.333333333333,0.333333333333,H
3b06754f9f8c42681ae51b4b15549a32ecce080e527aa0c630d3836115334c4f,2022-23,2023-03-18T19:00:00+03:00,expanding_league_hda,1941,1941,2023-03-18T13:30:00+00:00,0.451828954147,0.259144770737,0.289026275116,H
6a6ed75b2df4ad060eaf3d22dbc71e9f3f763cb889872c0a60c92f403483accb,2022-23,2023-03-19T16:00:00+03:00,uniform_hda,1943,0,2023-03-18T19:00:00+00:00,0.333333333333,0.333333333333,0.333333333333,D
6a6ed75b2df4ad060eaf3d22dbc71e9f3f763cb889872c0a60c92f403483accb,2022-23,2023-03-19T16:00:00+03:00,expanding_league_hda,1943,1943,2023-03-18T19:00:00+00:00,0.452393206382,0.258878023675,0.288728769943,D
ba34c8490b071bf2075b2af56208194385e95f0ff49f0662856298db66e6f033,2022-23,2023-03-19T16:00:00+03:00,uniform_hda,1943,0,2023-03-18T19:00:00+00:00,0.333333333333,0.333333333333,0.333333333333,H
ba34c8490b071bf2075b2af56208194385e95f0ff49f0662856298db66e6f033,2022-23,2023-03-19T16:00:00+03:00,expanding_league_hda,1943,1943,2023-03-18T19:00:00+00:00,0.452393206382,0.258878023675,0.288728769943,H
85517cc0ddc36791ed9591f254f79a60bf715a80782b97f01c87e75c8b6ec2bc,2022-23,2023-03-19T19:00:00+03:00,uniform_hda,1943,0,2023-03-18T19:00:00+00:00,0.333333333333,0.333333333333,0.333333333333,A
85517cc0ddc36791ed9591f254f79a60bf715a80782b97f01c87e75c8b6ec2bc,2022-23,2023-03-19T19:00:00+03:00,expanding_league_hda,1943,1943,2023-03-18T19:00:00+00:00,0.452393206382,0.258878023675,0.288728769943,A
25caf0547ec22ddcd7f9a02689742a9b04a606f69add3869d69cd0b5084cee7d,2022-23,2023-04-01T16:00:00+03:00,uniform_hda,1946,0,2023-03-19T19:00:00+00:00,0.333333333333,0.333333333333,0.333333333333,H
25caf0547ec22ddcd7f9a02689742a9b04a606f69add3869d69cd0b5084cee7d,2022-23,2023-04-01T16:00:00+03:00,expanding_league_hda,1946,1946,2023-03-19T19:00:00+00:00,0.452209660843,0.258992805755,0.288797533402,H
a1df5008541847a3f42ba0af0ccf748c2aec908729bfc4edf31d7361ee6ef7c1,2022-23,2023-04-01T16:00:00+03:00,uniform_hda,1946,0,2023-03-19T19:00:00+00:00,0.333333333333,0.333333333333,0.333333333333,A
a1df5008541847a3f42ba0af0ccf748c2aec908729bfc4edf31d7361ee6ef7c1,2022-23,2023-04-01T16:00:00+03:00,expanding_league_hda,1946,1946,2023-03-19T19:00:00+00:00,0.452209660843,0.258992805755,0.288797533402,A
259815b8ffc3a7d0af92aff4dcdca41aece2d1ef34335f14620b086fb557ebd4,2022-23,2023-04-01T20:30:00+03:00,uniform_hda,1948,0,2023-04-01T16:00:00+00:00,0.333333333333,0.333333333333,0.333333333333,H
259815b8ffc3a7d0af92aff4dcdca41aece2d1ef34335f14620b086fb557ebd4,2022-23,2023-04-01T20:30:00+03:00,expanding_league_hda,1948,1948,2023-04-01T16:00:00+00:00,0.452258726899,0.258726899384,0.289014373717,H
0b14e5bc73d5db8e51bf004cb85651d5ad05fc0c7e45172f039a34c63b4183d6,2022-23,2023-04-02T13:30:00+03:00,uniform_hda,1949,0,2023-04-01T20:30:00+00:00,0.333333333333,0.333333333333,0.333333333333,D
0b14e5bc73d5db8e51bf004cb85651d5ad05fc0c7e45172f039a34c63b4183d6,2022-23,2023-04-02T13:30:00+03:00,expanding_league_hda,1949,1949,2023-04-01T20:30:00+00:00,0.452539763982,0.258594150847,0.288866085172,D
f2f439c6e7c90308076787a4853b97e661869d7c975c00a6bc3b5b3ce1edc4d5,2022-23,2023-04-02T16:00:00+03:00,uniform_hda,1949,0,2023-04-01T20:30:00+00:00,0.333333333333,0.333333333333,0.333333333333,D
f2f439c6e7c90308076787a4853b97e661869d7c975c00a6bc3b5b3ce1edc4d5,2022-23,2023-04-02T16:00:00+03:00,expanding_league_hda,1949,1949,2023-04-01T20:30:00+00:00,0.452539763982,0.258594150847,0.288866085172,D
1a0be781b7ac1da48cbc5a9cfbd647dbd7c71bc7749045dc793ecf6d30ba0b17,2022-23,2023-04-02T20:30:00+03:00,uniform_hda,1951,0,2023-04-02T16:00:00+00:00,0.333333333333,0.333333333333,0.333333333333,A
1a0be781b7ac1da48cbc5a9cfbd647dbd7c71bc7749045dc793ecf6d30ba0b17,2022-23,2023-04-02T20:30:00+03:00,expanding_league_hda,1951,1951,2023-04-02T16:00:00+00:00,0.452075858534,0.259354177345,0.288569964121,A
d0ad473aa6c63d73d4dd3a66db26be3c1381e9ea6ec4627588f8255c4c59f109,2022-23,2023-04-03T20:30:00+03:00,uniform_hda,1952,0,2023-04-02T20:30:00+00:00,0.333333333333,0.333333333333,0.333333333333,A
d0ad473aa6c63d73d4dd3a66db26be3c1381e9ea6ec4627588f8255c4c59f109,2022-23,2023-04-03T20:30:00+03:00,expanding_league_hda,1952,1952,2023-04-02T20:30:00+00:00,0.451844262295,0.259221311475,0.288934426230,A
2225a5e499f7a1ec8552042a200ec917e3b7365a03b1f8558badfbe4bb78d39b,2022-23,2023-04-07T20:30:00+03:00,uniform_hda,1953,0,2023-04-03T20:30:00+00:00,0.333333333333,0.333333333333,0.333333333333,D
2225a5e499f7a1ec8552042a200ec917e3b7365a03b1f8558badfbe4bb78d39b,2022-23,2023-04-07T20:30:00+03:00,expanding_league_hda,1953,1953,2023-04-03T20:30:00+00:00,0.451612903226,0.259088581669,0.289298515105,D
bd5d419fc1ea9d0b024ba2b539d217b7b89b726e37e5c0a5a888a5ad4fbffc4e,2022-23,2023-04-08T16:00:00+03:00,uniform_hda,1954,0,2023-04-07T20:30:00+00:00,0.333333333333,0.333333333333,0.333333333333,H
bd5d419fc1ea9d0b024ba2b539d217b7b89b726e37e5c0a5a888a5ad4fbffc4e,2022-23,2023-04-08T16:00:00+03:00,expanding_league_hda,1954,1954,2023-04-07T20:30:00+00:00,0.451381780962,0.259467758444,0.289150460594,H
da3f94725b043ed966aab98f1e60a65741b0511b1046a8b8c86a441675149192,2022-23,2023-04-08T20:30:00+03:00,uniform_hda,1955,0,2023-04-08T16:00:00+00:00,0.333333333333,0.333333333333,0.333333333333,H
da3f94725b043ed966aab98f1e60a65741b0511b1046a8b8c86a441675149192,2022-23,2023-04-08T20:30:00+03:00,expanding_league_hda,1955,1955,2023-04-08T16:00:00+00:00,0.451662404092,0.259335038363,0.289002557545,H
06b90b3117b6e0b61d6f30b95f1e80e353290457eb2a8b8862cffa54e697b558,2022-23,2023-04-09T16:00:00+03:00,uniform_hda,1956,0,2023-04-08T20:30:00+00:00,0.333333333333,0.333333333333,0.333333333333,D
06b90b3117b6e0b61d6f30b95f1e80e353290457eb2a8b8862cffa54e697b558,2022-23,2023-04-09T16:00:00+03:00,expanding_league_hda,1956,1956,2023-04-08T20:30:00+00:00,0.451942740286,0.259202453988,0.288854805726,D
92f203851bd6765425037e5d05d637b2610feeca1ab4dbee81fb1cb03d1929da,2022-23,2023-04-09T20:30:00+03:00,uniform_hda,1957,0,2023-04-09T16:00:00+00:00,0.333333333333,0.333333333333,0.333333333333,H
92f203851bd6765425037e5d05d637b2610feeca1ab4dbee81fb1cb03d1929da,2022-23,2023-04-09T20:30:00+03:00,expanding_league_hda,1957,1957,2023-04-09T16:00:00+00:00,0.451711803781,0.259580991313,0.288707204905,H
10c3e61c9025edb3fda208cb593bb2f2131e17bc66a16a8865feef84c7d365d1,2022-23,2023-04-10T16:00:00+03:00,uniform_hda,1958,0,2023-04-09T20:30:00+00:00,0.333333333333,0.333333333333,0.333333333333,H
10c3e61c9025edb3fda208cb593bb2f2131e17bc66a16a8865feef84c7d365d1,2022-23,2023-04-10T16:00:00+03:00,expanding_league_hda,1958,1958,2023-04-09T20:30:00+00:00,0.451991828396,0.259448416752,0.288559754852,H
4b39dc5fceb42c9556ee104369aff60942a9f77a9b482fcaf5a50b8448f797e4,2022-23,2023-04-10T20:30:00+03:00,uniform_hda,1959,0,2023-04-10T16:00:00+00:00,0.333333333333,0.333333333333,0.333333333333,A
4b39dc5fceb42c9556ee104369aff60942a9f77a9b482fcaf5a50b8448f797e4,2022-23,2023-04-10T20:30:00+03:00,expanding_league_hda,1959,1959,2023-04-10T16:00:00+00:00,0.452271567126,0.259315977540,0.288412455334,A
5c66d27b592194810c793d965145ded730ea4af90244a4b8d437c53169918b8c,2022-23,2023-04-14T20:30:00+03:00,uniform_hda,1960,0,2023-04-10T20:30:00+00:00,0.333333333333,0.333333333333,0.333333333333,H
5c66d27b592194810c793d965145ded730ea4af90244a4b8d437c53169918b8c,2022-23,2023-04-14T20:30:00+03:00,expanding_league_hda,1960,1960,2023-04-10T20:30:00+00:00,0.452040816327,0.259183673469,0.288775510204,H
97cb2501de585381d3136f08783978e7680badad3170b392a7074c951ecea8cf,2022-23,2023-04-14T20:30:00+03:00,uniform_hda,1960,0,2023-04-10T20:30:00+00:00,0.333333333333,0.333333333333,0.333333333333,H
97cb2501de585381d3136f08783978e7680badad3170b392a7074c951ecea8cf,2022-23,2023-04-14T20:30:00+03:00,expanding_league_hda,1960,1960,2023-04-10T20:30:00+00:00,0.452040816327,0.259183673469,0.288775510204,H
26b64b4c3d05b748b034b95eca57784310abaa12202a7d21c0c62d00153cc41b,2022-23,2023-04-15T16:00:00+03:00,uniform_hda,1962,0,2023-04-14T20:30:00+00:00,0.333333333333,0.333333333333,0.333333333333,H
26b64b4c3d05b748b034b95eca57784310abaa12202a7d21c0c62d00153cc41b,2022-23,2023-04-15T16:00:00+03:00,expanding_league_hda,1962,1962,2023-04-14T20:30:00+00:00,0.452599388379,0.258919469929,0.288481141692,H
bbe38060c1716fa4d56391d02bbf572b738073c611536ef0c815049d52eb38af,2022-23,2023-04-15T16:00:00+03:00,uniform_hda,1962,0,2023-04-14T20:30:00+00:00,0.333333333333,0.333333333333,0.333333333333,H
bbe38060c1716fa4d56391d02bbf572b738073c611536ef0c815049d52eb38af,2022-23,2023-04-15T16:00:00+03:00,expanding_league_hda,1962,1962,2023-04-14T20:30:00+00:00,0.452599388379,0.258919469929,0.288481141692,H
dff38d8282b32f795bb934e9d65a8f1878691d3f11039954860f45cd4287307d,2022-23,2023-04-15T20:30:00+03:00,uniform_hda,1964,0,2023-04-15T16:00:00+00:00,0.333333333333,0.333333333333,0.333333333333,H
dff38d8282b32f795bb934e9d65a8f1878691d3f11039954860f45cd4287307d,2022-23,2023-04-15T20:30:00+03:00,expanding_league_hda,1964,1964,2023-04-15T16:00:00+00:00,0.453156822811,0.258655804481,0.288187372709,H
cd015e3e95c78fc879588b13d934ff09493c555090b4d591e529eafc60c3226c,2022-23,2023-04-16T16:00:00+03:00,uniform_hda,1965,0,2023-04-15T20:30:00+00:00,0.333333333333,0.333333333333,0.333333333333,H
cd015e3e95c78fc879588b13d934ff09493c555090b4d591e529eafc60c3226c,2022-23,2023-04-16T16:00:00+03:00,expanding_league_hda,1965,1965,2023-04-15T20:30:00+00:00,0.453435114504,0.258524173028,0.288040712468,H
45cfc303f92acbf2b33fec37a2d1eedc954e5a80d19b086662856aedd5668791,2022-23,2023-04-16T20:30:00+03:00,uniform_hda,1966,0,2023-04-16T16:00:00+00:00,0.333333333333,0.333333333333,0.333333333333,D
45cfc303f92acbf2b33fec37a2d1eedc954e5a80d19b086662856aedd5668791,2022-23,2023-04-16T20:30:00+03:00,expanding_league_hda,1966,1966,2023-04-16T16:00:00+00:00,0.453713123093,0.258392675483,0.287894201424,D
a8ff5d6354d9a1254e7f6303fd7213f5da36f73da4fd3f60bec8d804ba8bbd49,2022-23,2023-04-18T20:30:00+03:00,uniform_hda,1967,0,2023-04-16T20:30:00+00:00,0.333333333333,0.333333333333,0.333333333333,A
a8ff5d6354d9a1254e7f6303fd7213f5da36f73da4fd3f60bec8d804ba8bbd49,2022-23,2023-04-18T20:30:00+03:00,expanding_league_hda,1967,1967,2023-04-16T20:30:00+00:00,0.453482460600,0.258769700051,0.287747839349,A
d6682646624024264dfa7dba4906b2469da299da22a3980f200948bca2976607,2022-23,2023-04-18T20:30:00+03:00,uniform_hda,1967,0,2023-04-16T20:30:00+00:00,0.333333333333,0.333333333333,0.333333333333,H
d6682646624024264dfa7dba4906b2469da299da22a3980f200948bca2976607,2022-23,2023-04-18T20:30:00+03:00,expanding_league_hda,1967,1967,2023-04-16T20:30:00+00:00,0.453482460600,0.258769700051,0.287747839349,H
2b26ce298dc7f782ea47520860aa90f130225e539d51b235bcebb1831cf1e10b,2022-23,2023-04-19T17:00:00+03:00,uniform_hda,1969,0,2023-04-18T20:30:00+00:00,0.333333333333,0.333333333333,0.333333333333,D
2b26ce298dc7f782ea47520860aa90f130225e539d51b235bcebb1831cf1e10b,2022-23,2023-04-19T17:00:00+03:00,expanding_league_hda,1969,1969,2023-04-18T20:30:00+00:00,0.453529710513,0.258506856272,0.287963433215,D
2ec495a25bad08ee9a186cac4dc89d7672b05d270bb890d197b8425751d0d9ad,2022-23,2023-04-19T17:00:00+03:00,uniform_hda,1969,0,2023-04-18T20:30:00+00:00,0.333333333333,0.333333333333,0.333333333333,D
2ec495a25bad08ee9a186cac4dc89d7672b05d270bb890d197b8425751d0d9ad,2022-23,2023-04-19T17:00:00+03:00,expanding_league_hda,1969,1969,2023-04-18T20:30:00+00:00,0.453529710513,0.258506856272,0.287963433215,D
334753c2267f60d9d494bd34c6ddf56b8810e2ceb6776e1760b3018d04b38ec2,2022-23,2023-04-19T20:30:00+03:00,uniform_hda,1971,0,2023-04-19T17:00:00+00:00,0.333333333333,0.333333333333,0.333333333333,A
334753c2267f60d9d494bd34c6ddf56b8810e2ceb6776e1760b3018d04b38ec2,2022-23,2023-04-19T20:30:00+03:00,expanding_league_hda,1971,1971,2023-04-19T17:00:00+00:00,0.453069507864,0.259259259259,0.287671232877,A
4d02c78ad9629f8def12a9fe4b605bebcbc2b2da4effd1eea4b06ed50986e7f0,2022-23,2023-04-19T20:30:00+03:00,uniform_hda,1971,0,2023-04-19T17:00:00+00:00,0.333333333333,0.333333333333,0.333333333333,A
4d02c78ad9629f8def12a9fe4b605bebcbc2b2da4effd1eea4b06ed50986e7f0,2022-23,2023-04-19T20:30:00+03:00,expanding_league_hda,1971,1971,2023-04-19T17:00:00+00:00,0.453069507864,0.259259259259,0.287671232877,A
a8cdc9c910243da33160a97209e17907d464861f46222e969419c08f04dd01e4,2022-23,2023-04-20T17:00:00+03:00,uniform_hda,1973,0,2023-04-19T20:30:00+00:00,0.333333333333,0.333333333333,0.333333333333,H
a8cdc9c910243da33160a97209e17907d464861f46222e969419c08f04dd01e4,2022-23,2023-04-20T17:00:00+03:00,expanding_league_hda,1973,1973,2023-04-19T20:30:00+00:00,0.452610238216,0.258996452103,0.288393309681,H
7b17dc12f55c8ee3c52f6b3fe3585af635f172bd201284d51ba045bba6f341a7,2022-23,2023-04-20T20:30:00+03:00,uniform_hda,1974,0,2023-04-20T17:00:00+00:00,0.333333333333,0.333333333333,0.333333333333,H
7b17dc12f55c8ee3c52f6b3fe3585af635f172bd201284d51ba045bba6f341a7,2022-23,2023-04-20T20:30:00+03:00,expanding_league_hda,1974,1974,2023-04-20T17:00:00+00:00,0.452887537994,0.258865248227,0.288247213779,H
ad3662653eae5591c864971d862f2033982a5d7395299a218e78c8a77b59a704,2022-23,2023-04-22T19:00:00+03:00,uniform_hda,1975,0,2023-04-20T20:30:00+00:00,0.333333333333,0.333333333333,0.333333333333,A
ad3662653eae5591c864971d862f2033982a5d7395299a218e78c8a77b59a704,2022-23,2023-04-22T19:00:00+03:00,expanding_league_hda,1975,1975,2023-04-20T20:30:00+00:00,0.453164556962,0.258734177215,0.288101265823,A
3d18e8e4452334de81254acfc2fdbc5a2f39e34b3daa950844fa5f92e4360cd4,2022-23,2023-04-23T13:30:00+03:00,uniform_hda,1976,0,2023-04-22T19:00:00+00:00,0.333333333333,0.333333333333,0.333333333333,A
3d18e8e4452334de81254acfc2fdbc5a2f39e34b3daa950844fa5f92e4360cd4,2022-23,2023-04-23T13:30:00+03:00,expanding_league_hda,1976,1976,2023-04-22T19:00:00+00:00,0.452935222672,0.258603238866,0.288461538462,A
1d061f2e451b13b46b90daed15d03698a702bf4544544656de146eef7578c504,2022-23,2023-04-23T16:00:00+03:00,uniform_hda,1976,0,2023-04-22T19:00:00+00:00,0.333333333333,0.333333333333,0.333333333333,H
1d061f2e451b13b46b90daed15d03698a702bf4544544656de146eef7578c504,2022-23,2023-04-23T16:00:00+03:00,expanding_league_hda,1976,1976,2023-04-22T19:00:00+00:00,0.452935222672,0.258603238866,0.288461538462,H
8318be4cbc4ca26caa45f15a77639fb1a7ddc109ac3f26df59ebfa3f8d7bf0cf,2022-23,2023-04-23T19:00:00+03:00,uniform_hda,1977,0,2023-04-23T13:30:00+00:00,0.333333333333,0.333333333333,0.333333333333,D
8318be4cbc4ca26caa45f15a77639fb1a7ddc109ac3f26df59ebfa3f8d7bf0cf,2022-23,2023-04-23T19:00:00+03:00,expanding_league_hda,1977,1977,2023-04-23T13:30:00+00:00,0.452706120384,0.258472432979,0.288821446636,D
eb1446616a8117d9d22cd1ebddbced3572a6ac1a90b6b8ba762651450ff4e4b2,2022-23,2023-04-24T17:00:00+03:00,uniform_hda,1979,0,2023-04-23T19:00:00+00:00,0.333333333333,0.333333333333,0.333333333333,A
eb1446616a8117d9d22cd1ebddbced3572a6ac1a90b6b8ba762651450ff4e4b2,2022-23,2023-04-24T17:00:00+03:00,expanding_league_hda,1979,1979,2023-04-23T19:00:00+00:00,0.452753916119,0.258716523497,0.288529560384,A
29bd18e94f82d3290557654d798ec83c8619f02503f12f70c623714d6cabcc4a,2022-23,2023-04-24T20:00:00+03:00,uniform_hda,1979,0,2023-04-23T19:00:00+00:00,0.333333333333,0.333333333333,0.333333333333,D
29bd18e94f82d3290557654d798ec83c8619f02503f12f70c623714d6cabcc4a,2022-23,2023-04-24T20:00:00+03:00,expanding_league_hda,1979,1979,2023-04-23T19:00:00+00:00,0.452753916119,0.258716523497,0.288529560384,D
30499ba0b8b0c29eab8167ac371e72d95efa1a62200199da6ae185ffdd32db15,2022-23,2023-04-24T20:00:00+03:00,uniform_hda,1979,0,2023-04-23T19:00:00+00:00,0.333333333333,0.333333333333,0.333333333333,A
30499ba0b8b0c29eab8167ac371e72d95efa1a62200199da6ae185ffdd32db15,2022-23,2023-04-24T20:00:00+03:00,expanding_league_hda,1979,1979,2023-04-23T19:00:00+00:00,0.452753916119,0.258716523497,0.288529560384,A
9a7e2c8381a376a7f95037c6d8d8c990613b96946dc7cfa3b8770e533f80d9db,2022-23,2023-04-28T20:00:00+03:00,uniform_hda,1982,0,2023-04-24T20:00:00+00:00,0.333333333333,0.333333333333,0.333333333333,H
9a7e2c8381a376a7f95037c6d8d8c990613b96946dc7cfa3b8770e533f80d9db,2022-23,2023-04-28T20:00:00+03:00,expanding_league_hda,1982,1982,2023-04-24T20:00:00+00:00,0.452068617558,0.258829465187,0.289101917255,H
05112827b1662f69f17ce42f08982e883f1c6c9798d42b0e3a0a7e8aaccf5639,2022-23,2023-04-29T16:00:00+03:00,uniform_hda,1983,0,2023-04-28T20:00:00+00:00,0.333333333333,0.333333333333,0.333333333333,A
05112827b1662f69f17ce42f08982e883f1c6c9798d42b0e3a0a7e8aaccf5639,2022-23,2023-04-29T16:00:00+03:00,expanding_league_hda,1983,1983,2023-04-28T20:00:00+00:00,0.452344931921,0.258698940998,0.288956127080,A
185f6b75b58c932ca6aa537f721a66323ae987548c4ea5c3df284260749d0344,2022-23,2023-04-29T16:00:00+03:00,uniform_hda,1983,0,2023-04-28T20:00:00+00:00,0.333333333333,0.333333333333,0.333333333333,H
185f6b75b58c932ca6aa537f721a66323ae987548c4ea5c3df284260749d0344,2022-23,2023-04-29T16:00:00+03:00,expanding_league_hda,1983,1983,2023-04-28T20:00:00+00:00,0.452344931921,0.258698940998,0.288956127080,H
8538978f0afd53436aead0b37bcd192ce23ee442d7ec1f3eb3c71962610482c2,2022-23,2023-04-29T19:00:00+03:00,uniform_hda,1983,0,2023-04-28T20:00:00+00:00,0.333333333333,0.333333333333,0.333333333333,D
8538978f0afd53436aead0b37bcd192ce23ee442d7ec1f3eb3c71962610482c2,2022-23,2023-04-29T19:00:00+03:00,expanding_league_hda,1983,1983,2023-04-28T20:00:00+00:00,0.452344931921,0.258698940998,0.288956127080,D
e689c2f08e909479dfedb60ee893f1b1c918db69a35b5b123a18ea4fef107cb7,2022-23,2023-04-29T19:00:00+03:00,uniform_hda,1983,0,2023-04-28T20:00:00+00:00,0.333333333333,0.333333333333,0.333333333333,A
e689c2f08e909479dfedb60ee893f1b1c918db69a35b5b123a18ea4fef107cb7,2022-23,2023-04-29T19:00:00+03:00,expanding_league_hda,1983,1983,2023-04-28T20:00:00+00:00,0.452344931921,0.258698940998,0.288956127080,A
e2c8a50fc01fef4e4025e47ac073d440eb33743b60d4c7912d6ec360e202eadc,2022-23,2023-04-30T19:00:00+03:00,uniform_hda,1987,0,2023-04-29T19:00:00+00:00,0.333333333333,0.333333333333,0.333333333333,H
e2c8a50fc01fef4e4025e47ac073d440eb33743b60d4c7912d6ec360e202eadc,2022-23,2023-04-30T19:00:00+03:00,expanding_league_hda,1987,1987,2023-04-29T19:00:00+00:00,0.451937594363,0.258681429290,0.289380976346,H
8f2f203639d2e63445557f64fb7709f5175f26a285e2726e2dab5b93b505b42d,2022-23,2023-05-01T20:00:00+03:00,uniform_hda,1988,0,2023-04-30T19:00:00+00:00,0.333333333333,0.333333333333,0.333333333333,H
8f2f203639d2e63445557f64fb7709f5175f26a285e2726e2dab5b93b505b42d,2022-23,2023-05-01T20:00:00+03:00,expanding_league_hda,1988,1988,2023-04-30T19:00:00+00:00,0.452213279678,0.258551307847,0.289235412475,H
c6fe43d86eda0d70fcbafef5fb8eb8642d80e0f08133f103ca0eae3720b92ef2,2022-23,2023-05-06T19:00:00+03:00,uniform_hda,1989,0,2023-05-01T20:00:00+00:00,0.333333333333,0.333333333333,0.333333333333,A
c6fe43d86eda0d70fcbafef5fb8eb8642d80e0f08133f103ca0eae3720b92ef2,2022-23,2023-05-06T19:00:00+03:00,expanding_league_hda,1989,1989,2023-05-01T20:00:00+00:00,0.452488687783,0.258421317245,0.289089994972,A
9a447be3f652e22930548ba22c02a07e35b4ec3fd237f31bc91a9cab0d0e21f8,2022-23,2023-05-06T21:00:00+03:00,uniform_hda,1989,0,2023-05-01T20:00:00+00:00,0.333333333333,0.333333333333,0.333333333333,H
9a447be3f652e22930548ba22c02a07e35b4ec3fd237f31bc91a9cab0d0e21f8,2022-23,2023-05-06T21:00:00+03:00,expanding_league_hda,1989,1989,2023-05-01T20:00:00+00:00,0.452488687783,0.258421317245,0.289089994972,H
91a6642519f1d3f30f50bd8a0085ae0b0af19ddeac52f37a6920f63395d7cc86,2022-23,2023-05-07T13:30:00+03:00,uniform_hda,1991,0,2023-05-06T21:00:00+00:00,0.333333333333,0.333333333333,0.333333333333,H
91a6642519f1d3f30f50bd8a0085ae0b0af19ddeac52f37a6920f63395d7cc86,2022-23,2023-05-07T13:30:00+03:00,expanding_league_hda,1991,1991,2023-05-06T21:00:00+00:00,0.452536413862,0.258161727775,0.289301858363,H
9a4256ef851c3287d32a5de55247ea5aec6b8494f31fc463635299a2e15c50be,2022-23,2023-05-07T16:00:00+03:00,uniform_hda,1991,0,2023-05-06T21:00:00+00:00,0.333333333333,0.333333333333,0.333333333333,D
9a4256ef851c3287d32a5de55247ea5aec6b8494f31fc463635299a2e15c50be,2022-23,2023-05-07T16:00:00+03:00,expanding_league_hda,1991,1991,2023-05-06T21:00:00+00:00,0.452536413862,0.258161727775,0.289301858363,D
87b0446efe7c707dd07ab2efd0fbfb039964d93704c8ba47057853d13dc07526,2022-23,2023-05-07T19:00:00+03:00,uniform_hda,1992,0,2023-05-07T13:30:00+00:00,0.333333333333,0.333333333333,0.333333333333,D
87b0446efe7c707dd07ab2efd0fbfb039964d93704c8ba47057853d13dc07526,2022-23,2023-05-07T19:00:00+03:00,expanding_league_hda,1992,1992,2023-05-07T13:30:00+00:00,0.452811244980,0.258032128514,0.289156626506,D
23229602d1c6cee2a557af41bbe40813b52eecf9262980fd9737c0a5c5bac74b,2022-23,2023-05-08T20:00:00+03:00,uniform_hda,1994,0,2023-05-07T19:00:00+00:00,0.333333333333,0.333333333333,0.333333333333,H
23229602d1c6cee2a557af41bbe40813b52eecf9262980fd9737c0a5c5bac74b,2022-23,2023-05-08T20:00:00+03:00,expanding_league_hda,1994,1994,2023-05-07T19:00:00+00:00,0.452357071214,0.258776328987,0.288866599799,H
69b42d0ca3e2737f79b854d07372ae99ebbb9670eb32f247acab891f1d14ff0c,2022-23,2023-05-08T20:00:00+03:00,uniform_hda,1994,0,2023-05-07T19:00:00+00:00,0.333333333333,0.333333333333,0.333333333333,H
69b42d0ca3e2737f79b854d07372ae99ebbb9670eb32f247acab891f1d14ff0c,2022-23,2023-05-08T20:00:00+03:00,expanding_league_hda,1994,1994,2023-05-07T19:00:00+00:00,0.452357071214,0.258776328987,0.288866599799,H
fd22744eaad806f1d4bbca1c6d429a930cf7cd9c366c9e10dcf0d934d1b233e4,2022-23,2023-05-16T17:00:00+03:00,uniform_hda,1996,0,2023-05-08T20:00:00+00:00,0.333333333333,0.333333333333,0.333333333333,A
fd22744eaad806f1d4bbca1c6d429a930cf7cd9c366c9e10dcf0d934d1b233e4,2022-23,2023-05-16T17:00:00+03:00,expanding_league_hda,1996,1996,2023-05-08T20:00:00+00:00,0.452905811623,0.258517034068,0.288577154309,A
2e39a868054211987980bb6f36a07d1caa569e4dedfcf7bfe4d090b35c97c458,2022-23,2023-05-16T20:00:00+03:00,uniform_hda,1996,0,2023-05-08T20:00:00+00:00,0.333333333333,0.333333333333,0.333333333333,A
2e39a868054211987980bb6f36a07d1caa569e4dedfcf7bfe4d090b35c97c458,2022-23,2023-05-16T20:00:00+03:00,expanding_league_hda,1996,1996,2023-05-08T20:00:00+00:00,0.452905811623,0.258517034068,0.288577154309,A
7be93218d34d4f4492e6d094535858dcf853ae700f118915df5036fad951b05a,2022-23,2023-05-16T20:00:00+03:00,uniform_hda,1996,0,2023-05-08T20:00:00+00:00,0.333333333333,0.333333333333,0.333333333333,A
7be93218d34d4f4492e6d094535858dcf853ae700f118915df5036fad951b05a,2022-23,2023-05-16T20:00:00+03:00,expanding_league_hda,1996,1996,2023-05-08T20:00:00+00:00,0.452905811623,0.258517034068,0.288577154309,A
dfcac06df8902c809943f461854ed5debbf7520d8f2dd457e0f18d2a98601c3b,2022-23,2023-05-17T17:00:00+03:00,uniform_hda,1999,0,2023-05-16T20:00:00+00:00,0.333333333333,0.333333333333,0.333333333333,D
dfcac06df8902c809943f461854ed5debbf7520d8f2dd457e0f18d2a98601c3b,2022-23,2023-05-17T17:00:00+03:00,expanding_league_hda,1999,1999,2023-05-16T20:00:00+00:00,0.452226113057,0.258129064532,0.289644822411,D
25174cc066ec29df51a6b9174e43bd111a3757507b78571050e0d9f66d784bc6,2022-23,2023-05-17T20:00:00+03:00,uniform_hda,1999,0,2023-05-16T20:00:00+00:00,0.333333333333,0.333333333333,0.333333333333,A
25174cc066ec29df51a6b9174e43bd111a3757507b78571050e0d9f66d784bc6,2022-23,2023-05-17T20:00:00+03:00,expanding_league_hda,1999,1999,2023-05-16T20:00:00+00:00,0.452226113057,0.258129064532,0.289644822411,A
3ccfe4f3ee1502fdcdc670690fa3c70c506984e4c976dfe1a88487ee19585598,2022-23,2023-05-17T20:00:00+03:00,uniform_hda,1999,0,2023-05-16T20:00:00+00:00,0.333333333333,0.333333333333,0.333333333333,D
3ccfe4f3ee1502fdcdc670690fa3c70c506984e4c976dfe1a88487ee19585598,2022-23,2023-05-17T20:00:00+03:00,expanding_league_hda,1999,1999,2023-05-16T20:00:00+00:00,0.452226113057,0.258129064532,0.289644822411,D
6e5b22178502d2a04966c2e3527b8f560c64b0d2bd95666d0ed8d70eccb1ec89,2022-23,2023-05-18T20:00:00+03:00,uniform_hda,2002,0,2023-05-17T20:00:00+00:00,0.333333333333,0.333333333333,0.333333333333,H
6e5b22178502d2a04966c2e3527b8f560c64b0d2bd95666d0ed8d70eccb1ec89,2022-23,2023-05-18T20:00:00+03:00,expanding_league_hda,2002,2002,2023-05-17T20:00:00+00:00,0.451548451548,0.258741258741,0.289710289710,H
2fd888e8ed5876fc3578281b918670a25c6ef5f3036e1b2ae4107fb030acd25a,2022-23,2023-05-20T16:00:00+03:00,uniform_hda,2003,0,2023-05-18T20:00:00+00:00,0.333333333333,0.333333333333,0.333333333333,H
2fd888e8ed5876fc3578281b918670a25c6ef5f3036e1b2ae4107fb030acd25a,2022-23,2023-05-20T16:00:00+03:00,expanding_league_hda,2003,2003,2023-05-18T20:00:00+00:00,0.451822266600,0.258612081877,0.289565651523,H
7c53bac2d374479f9d90c87a4c8c50b0208ed1c3b07b076fcee0156d23b8293c,2022-23,2023-05-20T19:00:00+03:00,uniform_hda,2003,0,2023-05-18T20:00:00+00:00,0.333333333333,0.333333333333,0.333333333333,H
7c53bac2d374479f9d90c87a4c8c50b0208ed1c3b07b076fcee0156d23b8293c,2022-23,2023-05-20T19:00:00+03:00,expanding_league_hda,2003,2003,2023-05-18T20:00:00+00:00,0.451822266600,0.258612081877,0.289565651523,H
d9404cef1cc0a2ac890b8ded6ebf178a03de4df95145385ac7d08108319b25db,2022-23,2023-05-20T19:00:00+03:00,uniform_hda,2003,0,2023-05-18T20:00:00+00:00,0.333333333333,0.333333333333,0.333333333333,A
d9404cef1cc0a2ac890b8ded6ebf178a03de4df95145385ac7d08108319b25db,2022-23,2023-05-20T19:00:00+03:00,expanding_league_hda,2003,2003,2023-05-18T20:00:00+00:00,0.451822266600,0.258612081877,0.289565651523,A
f5ccf6d541e2f7a119b96a967bb598056d70859bc2e124c9c5a7a1562156056a,2022-23,2023-05-21T16:00:00+03:00,uniform_hda,2006,0,2023-05-20T19:00:00+00:00,0.333333333333,0.333333333333,0.333333333333,A
f5ccf6d541e2f7a119b96a967bb598056d70859bc2e124c9c5a7a1562156056a,2022-23,2023-05-21T16:00:00+03:00,expanding_league_hda,2006,2006,2023-05-20T19:00:00+00:00,0.452143569292,0.258225324028,0.289631106680,A
065cb83b25c76ed0c93fe3d82a52c62d365890784e4e2e6f571dcb1d770a30fd,2022-23,2023-05-21T19:00:00+03:00,uniform_hda,2006,0,2023-05-20T19:00:00+00:00,0.333333333333,0.333333333333,0.333333333333,D
065cb83b25c76ed0c93fe3d82a52c62d365890784e4e2e6f571dcb1d770a30fd,2022-23,2023-05-21T19:00:00+03:00,expanding_league_hda,2006,2006,2023-05-20T19:00:00+00:00,0.452143569292,0.258225324028,0.289631106680,D
0d698b9f611deec3ac72ca39521fe354606e02b2a5fda89a8bc2140e451719f0,2022-23,2023-05-21T19:00:00+03:00,uniform_hda,2006,0,2023-05-20T19:00:00+00:00,0.333333333333,0.333333333333,0.333333333333,A
0d698b9f611deec3ac72ca39521fe354606e02b2a5fda89a8bc2140e451719f0,2022-23,2023-05-21T19:00:00+03:00,expanding_league_hda,2006,2006,2023-05-20T19:00:00+00:00,0.452143569292,0.258225324028,0.289631106680,A
6411a69c68ebf0c90ded43fcda474ae40affb06309c4f07786530ddeff104d6b,2022-23,2023-05-22T20:00:00+03:00,uniform_hda,2009,0,2023-05-21T19:00:00+00:00,0.333333333333,0.333333333333,0.333333333333,H
6411a69c68ebf0c90ded43fcda474ae40affb06309c4f07786530ddeff104d6b,2022-23,2023-05-22T20:00:00+03:00,expanding_league_hda,2009,2009,2023-05-21T19:00:00+00:00,0.451468392235,0.258337481334,0.290194126431,H
40b0efe8c6f8cac5ea4c50ddb022da1d5c65cb2ae481f727ca874f7ee9fe350a,2022-23,2023-05-30T20:00:00+03:00,uniform_hda,2010,0,2023-05-22T20:00:00+00:00,0.333333333333,0.333333333333,0.333333333333,H
40b0efe8c6f8cac5ea4c50ddb022da1d5c65cb2ae481f727ca874f7ee9fe350a,2022-23,2023-05-30T20:00:00+03:00,expanding_league_hda,2010,2010,2023-05-22T20:00:00+00:00,0.451741293532,0.258208955224,0.290049751244,H
4a703cb9c3b41d114a520e9fdca68550229d412222cb382bc7a64847429813f4,2022-23,2023-05-30T20:00:00+03:00,uniform_hda,2010,0,2023-05-22T20:00:00+00:00,0.333333333333,0.333333333333,0.333333333333,A
4a703cb9c3b41d114a520e9fdca68550229d412222cb382bc7a64847429813f4,2022-23,2023-05-30T20:00:00+03:00,expanding_league_hda,2010,2010,2023-05-22T20:00:00+00:00,0.451741293532,0.258208955224,0.290049751244,A
9e589eaa05874e85e2ed8bbea60b2dbc930a58cf86a6971abad34a6553554388,2022-23,2023-05-30T20:00:00+03:00,uniform_hda,2010,0,2023-05-22T20:00:00+00:00,0.333333333333,0.333333333333,0.333333333333,A
9e589eaa05874e85e2ed8bbea60b2dbc930a58cf86a6971abad34a6553554388,2022-23,2023-05-30T20:00:00+03:00,expanding_league_hda,2010,2010,2023-05-22T20:00:00+00:00,0.451741293532,0.258208955224,0.290049751244,A
af08ab64160206d6c6700c36105b3d800db158830a610edcb47670df7576eede,2022-23,2023-05-30T20:00:00+03:00,uniform_hda,2010,0,2023-05-22T20:00:00+00:00,0.333333333333,0.333333333333,0.333333333333,A
af08ab64160206d6c6700c36105b3d800db158830a610edcb47670df7576eede,2022-23,2023-05-30T20:00:00+03:00,expanding_league_hda,2010,2010,2023-05-22T20:00:00+00:00,0.451741293532,0.258208955224,0.290049751244,A
be79f67d7a70c87cbf5bdd71c1ee508cff9ec753a71b70a5503390408d97b531,2022-23,2023-05-30T20:00:00+03:00,uniform_hda,2010,0,2023-05-22T20:00:00+00:00,0.333333333333,0.333333333333,0.333333333333,H
be79f67d7a70c87cbf5bdd71c1ee508cff9ec753a71b70a5503390408d97b531,2022-23,2023-05-30T20:00:00+03:00,expanding_league_hda,2010,2010,2023-05-22T20:00:00+00:00,0.451741293532,0.258208955224,0.290049751244,H
e3e7730d4fe1cc17f5428a49054a9b5e4e4a65deebe2b448687f45f0cdf6edcd,2022-23,2023-05-30T20:00:00+03:00,uniform_hda,2010,0,2023-05-22T20:00:00+00:00,0.333333333333,0.333333333333,0.333333333333,H
e3e7730d4fe1cc17f5428a49054a9b5e4e4a65deebe2b448687f45f0cdf6edcd,2022-23,2023-05-30T20:00:00+03:00,expanding_league_hda,2010,2010,2023-05-22T20:00:00+00:00,0.451741293532,0.258208955224,0.290049751244,H
e9d10e4ed76c5ae19480c56bcd71cf113dfe0995b0e1c3ffd51f91513bd123d3,2022-23,2023-05-30T20:00:00+03:00,uniform_hda,2010,0,2023-05-22T20:00:00+00:00,0.333333333333,0.333333333333,0.333333333333,A
e9d10e4ed76c5ae19480c56bcd71cf113dfe0995b0e1c3ffd51f91513bd123d3,2022-23,2023-05-30T20:00:00+03:00,expanding_league_hda,2010,2010,2023-05-22T20:00:00+00:00,0.451741293532,0.258208955224,0.290049751244,A
81b422eed70c050cdf0976cdf7ac6dc22bd3eb6493162a2117acce525afc3d25,2022-23,2023-06-03T16:00:00+03:00,uniform_hda,2017,0,2023-05-30T20:00:00+00:00,0.333333333333,0.333333333333,0.333333333333,D
81b422eed70c050cdf0976cdf7ac6dc22bd3eb6493162a2117acce525afc3d25,2022-23,2023-06-03T16:00:00+03:00,expanding_league_hda,2017,2017,2023-05-30T20:00:00+00:00,0.451660882499,0.257312840853,0.291026276648,D
0ac860de24305d23ebaf671d74322a94a802d21b4221dff189d783616cb02706,2022-23,2023-06-03T19:00:00+03:00,uniform_hda,2017,0,2023-05-30T20:00:00+00:00,0.333333333333,0.333333333333,0.333333333333,A
0ac860de24305d23ebaf671d74322a94a802d21b4221dff189d783616cb02706,2022-23,2023-06-03T19:00:00+03:00,expanding_league_hda,2017,2017,2023-05-30T20:00:00+00:00,0.451660882499,0.257312840853,0.291026276648,A
50b05490b711b0df0680e389cec2c0e2112e4765f051e9e1b4e38d5ae08ad6d9,2022-23,2023-06-03T19:00:00+03:00,uniform_hda,2017,0,2023-05-30T20:00:00+00:00,0.333333333333,0.333333333333,0.333333333333,H
50b05490b711b0df0680e389cec2c0e2112e4765f051e9e1b4e38d5ae08ad6d9,2022-23,2023-06-03T19:00:00+03:00,expanding_league_hda,2017,2017,2023-05-30T20:00:00+00:00,0.451660882499,0.257312840853,0.291026276648,H
ab14ba568d7b1b3d7821f45bd5519a0894048b0dc11ee18aa58bdb5898550ac0,2022-23,2023-06-03T19:00:00+03:00,uniform_hda,2017,0,2023-05-30T20:00:00+00:00,0.333333333333,0.333333333333,0.333333333333,A
ab14ba568d7b1b3d7821f45bd5519a0894048b0dc11ee18aa58bdb5898550ac0,2022-23,2023-06-03T19:00:00+03:00,expanding_league_hda,2017,2017,2023-05-30T20:00:00+00:00,0.451660882499,0.257312840853,0.291026276648,A
d2fe84fcd70be6ba1a609f56b731d5a877185ef791c7b64970f90df66dbfaccd,2022-23,2023-06-03T19:00:00+03:00,uniform_hda,2017,0,2023-05-30T20:00:00+00:00,0.333333333333,0.333333333333,0.333333333333,A
d2fe84fcd70be6ba1a609f56b731d5a877185ef791c7b64970f90df66dbfaccd,2022-23,2023-06-03T19:00:00+03:00,expanding_league_hda,2017,2017,2023-05-30T20:00:00+00:00,0.451660882499,0.257312840853,0.291026276648,A
eafbf9673f0457a05c2dbecc3f680544548506f1ed5e672f44e9be1b0d8f65d0,2022-23,2023-06-03T19:00:00+03:00,uniform_hda,2017,0,2023-05-30T20:00:00+00:00,0.333333333333,0.333333333333,0.333333333333,A
eafbf9673f0457a05c2dbecc3f680544548506f1ed5e672f44e9be1b0d8f65d0,2022-23,2023-06-03T19:00:00+03:00,expanding_league_hda,2017,2017,2023-05-30T20:00:00+00:00,0.451660882499,0.257312840853,0.291026276648,A
224f2069b0c40e3ffdc2e0f23769538b5ca74ef4b128ad9a25aad47ec3894923,2022-23,2023-06-04T19:00:00+03:00,uniform_hda,2023,0,2023-06-03T19:00:00+00:00,0.333333333333,0.333333333333,0.333333333333,H
224f2069b0c40e3ffdc2e0f23769538b5ca74ef4b128ad9a25aad47ec3894923,2022-23,2023-06-04T19:00:00+03:00,expanding_league_hda,2023,2023,2023-06-03T19:00:00+00:00,0.450815620366,0.257043994068,0.292140385566,H
1537c41514b5bacdb661d600c6f34190e57dc4628201deb22a2a53516328d1df,2022-23,2023-06-06T17:00:00+03:00,uniform_hda,2024,0,2023-06-04T19:00:00+00:00,0.333333333333,0.333333333333,0.333333333333,D
1537c41514b5bacdb661d600c6f34190e57dc4628201deb22a2a53516328d1df,2022-23,2023-06-06T17:00:00+03:00,expanding_league_hda,2024,2024,2023-06-04T19:00:00+00:00,0.451086956522,0.256916996047,0.291996047431,D
cf2e768bcc3fd3bff6cd24d8f238d58416ff6fe3048ce7db6fb1e5089ce8ecab,2022-23,2023-06-06T17:00:00+03:00,uniform_hda,2024,0,2023-06-04T19:00:00+00:00,0.333333333333,0.333333333333,0.333333333333,H
cf2e768bcc3fd3bff6cd24d8f238d58416ff6fe3048ce7db6fb1e5089ce8ecab,2022-23,2023-06-06T17:00:00+03:00,expanding_league_hda,2024,2024,2023-06-04T19:00:00+00:00,0.451086956522,0.256916996047,0.291996047431,H
634db47b76e3efddcb6439f00f0cc519ad39f4f759ec648fc482621831fd06a9,2022-23,2023-06-06T20:00:00+03:00,uniform_hda,2024,0,2023-06-04T19:00:00+00:00,0.333333333333,0.333333333333,0.333333333333,H
634db47b76e3efddcb6439f00f0cc519ad39f4f759ec648fc482621831fd06a9,2022-23,2023-06-06T20:00:00+03:00,expanding_league_hda,2024,2024,2023-06-04T19:00:00+00:00,0.451086956522,0.256916996047,0.291996047431,H
6323f9eea40dafb8ea2e7cd574cae0abcf2fdd8521ee9fdfb39a1582112593d7,2022-23,2023-06-07T20:00:00+03:00,uniform_hda,2027,0,2023-06-06T20:00:00+00:00,0.333333333333,0.333333333333,0.333333333333,D
6323f9eea40dafb8ea2e7cd574cae0abcf2fdd8521ee9fdfb39a1582112593d7,2022-23,2023-06-07T20:00:00+03:00,expanding_league_hda,2027,2027,2023-06-06T20:00:00+00:00,0.451406018747,0.257030093735,0.291563887519,D
b98b7ffa41c43df7fb905a2c2611c12b90e276dff40b8fea94181edc3d88ef76,2022-23,2023-06-07T20:00:00+03:00,uniform_hda,2027,0,2023-06-06T20:00:00+00:00,0.333333333333,0.333333333333,0.333333333333,H
b98b7ffa41c43df7fb905a2c2611c12b90e276dff40b8fea94181edc3d88ef76,2022-23,2023-06-07T20:00:00+03:00,expanding_league_hda,2027,2027,2023-06-06T20:00:00+00:00,0.451406018747,0.257030093735,0.291563887519,H
c49db42fad57e546a21732052bfc881132268dcf95639b4825c648d7f32a5a04,2022-23,2023-06-07T20:00:00+03:00,uniform_hda,2027,0,2023-06-06T20:00:00+00:00,0.333333333333,0.333333333333,0.333333333333,A
c49db42fad57e546a21732052bfc881132268dcf95639b4825c648d7f32a5a04,2022-23,2023-06-07T20:00:00+03:00,expanding_league_hda,2027,2027,2023-06-06T20:00:00+00:00,0.451406018747,0.257030093735,0.291563887519,A
cfc1937d05c3e5292dfc86f7cf101438057bef0243c270b56784b76d0f08da13,2022-23,2023-06-07T20:00:00+03:00,uniform_hda,2027,0,2023-06-06T20:00:00+00:00,0.333333333333,0.333333333333,0.333333333333,H
cfc1937d05c3e5292dfc86f7cf101438057bef0243c270b56784b76d0f08da13,2022-23,2023-06-07T20:00:00+03:00,expanding_league_hda,2027,2027,2023-06-06T20:00:00+00:00,0.451406018747,0.257030093735,0.291563887519,H
3d73e5ae9c5ff64fb470eaa8486424070a22be4ce2dba87e44953b3348e4bbeb,2023-24,2023-08-11T21:00:00+03:00,uniform_hda,2031,0,2023-06-07T20:00:00+00:00,0.333333333333,0.333333333333,0.333333333333,H
3d73e5ae9c5ff64fb470eaa8486424070a22be4ce2dba87e44953b3348e4bbeb,2023-24,2023-08-11T21:00:00+03:00,expanding_league_hda,2031,2031,2023-06-07T20:00:00+00:00,0.451501723289,0.257016248154,0.291482028557,H
60d28821b7ef8572c7678a01ae0493ba912a249ed7fa2c9474cd87fecd782ed3,2023-24,2023-08-12T19:15:00+03:00,uniform_hda,2032,0,2023-08-11T21:00:00+00:00,0.333333333333,0.333333333333,0.333333333333,H
60d28821b7ef8572c7678a01ae0493ba912a249ed7fa2c9474cd87fecd782ed3,2023-24,2023-08-12T19:15:00+03:00,expanding_league_hda,2032,2032,2023-08-11T21:00:00+00:00,0.451771653543,0.256889763780,0.291338582677,H
9164fa6bd2fa4fbd3bfa9280f2fd138cf15ff300633a435ccfadf9fb2e0b38bf,2023-24,2023-08-12T19:15:00+03:00,uniform_hda,2032,0,2023-08-11T21:00:00+00:00,0.333333333333,0.333333333333,0.333333333333,D
9164fa6bd2fa4fbd3bfa9280f2fd138cf15ff300633a435ccfadf9fb2e0b38bf,2023-24,2023-08-12T19:15:00+03:00,expanding_league_hda,2032,2032,2023-08-11T21:00:00+00:00,0.451771653543,0.256889763780,0.291338582677,D
e4621bcba05ec08d4d51788f16a891605985386aabb682e08508d890cef1dd56,2023-24,2023-08-12T21:45:00+03:00,uniform_hda,2032,0,2023-08-11T21:00:00+00:00,0.333333333333,0.333333333333,0.333333333333,D
e4621bcba05ec08d4d51788f16a891605985386aabb682e08508d890cef1dd56,2023-24,2023-08-12T21:45:00+03:00,expanding_league_hda,2032,2032,2023-08-11T21:00:00+00:00,0.451771653543,0.256889763780,0.291338582677,D
fc06eced7da9e48ee5ad746b767cb5b9f57443a662b41685c7ec401287bff998,2023-24,2023-08-12T21:45:00+03:00,uniform_hda,2032,0,2023-08-11T21:00:00+00:00,0.333333333333,0.333333333333,0.333333333333,A
fc06eced7da9e48ee5ad746b767cb5b9f57443a662b41685c7ec401287bff998,2023-24,2023-08-12T21:45:00+03:00,expanding_league_hda,2032,2032,2023-08-11T21:00:00+00:00,0.451771653543,0.256889763780,0.291338582677,A
70632261c39a80bc5610514e7c8bae986a8e20415cb72af67339f8ad5f78deb4,2023-24,2023-08-13T19:15:00+03:00,uniform_hda,2036,0,2023-08-12T21:45:00+00:00,0.333333333333,0.333333333333,0.333333333333,D
70632261c39a80bc5610514e7c8bae986a8e20415cb72af67339f8ad5f78deb4,2023-24,2023-08-13T19:15:00+03:00,expanding_league_hda,2036,2036,2023-08-12T21:45:00+00:00,0.451375245580,0.257367387033,0.291257367387,D
97bdfb7f60e04c98a3081e1763a2fabc246cb3c088fa7fd9154bec2b626afcf1,2023-24,2023-08-13T21:45:00+03:00,uniform_hda,2036,0,2023-08-12T21:45:00+00:00,0.333333333333,0.333333333333,0.333333333333,H
97bdfb7f60e04c98a3081e1763a2fabc246cb3c088fa7fd9154bec2b626afcf1,2023-24,2023-08-13T21:45:00+03:00,expanding_league_hda,2036,2036,2023-08-12T21:45:00+00:00,0.451375245580,0.257367387033,0.291257367387,H
b161da6d2d6d49c96807fcd14c2735e6724c21b31e8e5bd0b1f47808496fe53d,2023-24,2023-08-13T21:45:00+03:00,uniform_hda,2036,0,2023-08-12T21:45:00+00:00,0.333333333333,0.333333333333,0.333333333333,H
b161da6d2d6d49c96807fcd14c2735e6724c21b31e8e5bd0b1f47808496fe53d,2023-24,2023-08-13T21:45:00+03:00,expanding_league_hda,2036,2036,2023-08-12T21:45:00+00:00,0.451375245580,0.257367387033,0.291257367387,H
0ca38e8437e08e4a16cffdacfb85ed27a3c65d448ae154921fea3d8fa7cd35e8,2023-24,2023-08-14T21:00:00+03:00,uniform_hda,2039,0,2023-08-13T21:45:00+00:00,0.333333333333,0.333333333333,0.333333333333,A
0ca38e8437e08e4a16cffdacfb85ed27a3c65d448ae154921fea3d8fa7cd35e8,2023-24,2023-08-14T21:00:00+03:00,expanding_league_hda,2039,2039,2023-08-13T21:45:00+00:00,0.451692005885,0.257479156449,0.290828837666,A
ebff92175d7fb6f45cee2c375229f7a58991c6eabc1ba2d87a7a3ea5099a7493,2023-24,2023-08-14T21:00:00+03:00,uniform_hda,2039,0,2023-08-13T21:45:00+00:00,0.333333333333,0.333333333333,0.333333333333,H
ebff92175d7fb6f45cee2c375229f7a58991c6eabc1ba2d87a7a3ea5099a7493,2023-24,2023-08-14T21:00:00+03:00,expanding_league_hda,2039,2039,2023-08-13T21:45:00+00:00,0.451692005885,0.257479156449,0.290828837666,H
2238d228b6da9df284f7fdf81cdef23c95bc1060caef8568311d8b547d3ca272,2023-24,2023-08-18T21:00:00+03:00,uniform_hda,2041,0,2023-08-14T21:00:00+00:00,0.333333333333,0.333333333333,0.333333333333,D
2238d228b6da9df284f7fdf81cdef23c95bc1060caef8568311d8b547d3ca272,2023-24,2023-08-18T21:00:00+03:00,expanding_league_hda,2041,2041,2023-08-14T21:00:00+00:00,0.451739343459,0.257226849584,0.291033806957,D
ecdbf4fa269860d27bcfa875530a0f0a2b25f320055e04b9d042d93b9cb6c085,2023-24,2023-08-18T21:00:00+03:00,uniform_hda,2041,0,2023-08-14T21:00:00+00:00,0.333333333333,0.333333333333,0.333333333333,D
ecdbf4fa269860d27bcfa875530a0f0a2b25f320055e04b9d042d93b9cb6c085,2023-24,2023-08-18T21:00:00+03:00,expanding_league_hda,2041,2041,2023-08-14T21:00:00+00:00,0.451739343459,0.257226849584,0.291033806957,D
6b52491f0a64df09db129f644338eeb70b90c6b72c7de583f5c1060aa6f5b530,2023-24,2023-08-19T19:15:00+03:00,uniform_hda,2043,0,2023-08-18T21:00:00+00:00,0.333333333333,0.333333333333,0.333333333333,D
6b52491f0a64df09db129f644338eeb70b90c6b72c7de583f5c1060aa6f5b530,2023-24,2023-08-19T19:15:00+03:00,expanding_league_hda,2043,2043,2023-08-18T21:00:00+00:00,0.451297112090,0.257953989232,0.290748898678,D
67cfa45775b07711384c02bb31abe00594a5cfd3399be9bad77b56653e7f6f3a,2023-24,2023-08-19T21:45:00+03:00,uniform_hda,2043,0,2023-08-18T21:00:00+00:00,0.333333333333,0.333333333333,0.333333333333,D
67cfa45775b07711384c02bb31abe00594a5cfd3399be9bad77b56653e7f6f3a,2023-24,2023-08-19T21:45:00+03:00,expanding_league_hda,2043,2043,2023-08-18T21:00:00+00:00,0.451297112090,0.257953989232,0.290748898678,D
cfb64b465ab53685dc55301a00ce01933f12a7ef64dd861380b6dbe8780025ca,2023-24,2023-08-19T21:45:00+03:00,uniform_hda,2043,0,2023-08-18T21:00:00+00:00,0.333333333333,0.333333333333,0.333333333333,H
cfb64b465ab53685dc55301a00ce01933f12a7ef64dd861380b6dbe8780025ca,2023-24,2023-08-19T21:45:00+03:00,expanding_league_hda,2043,2043,2023-08-18T21:00:00+00:00,0.451297112090,0.257953989232,0.290748898678,H
98b127b8b500b831f0ddb0b97ba13580591364ee9fb3bcb50f7d640fafe84d19,2023-24,2023-08-20T19:15:00+03:00,uniform_hda,2046,0,2023-08-19T21:45:00+00:00,0.333333333333,0.333333333333,0.333333333333,A
98b127b8b500b831f0ddb0b97ba13580591364ee9fb3bcb50f7d640fafe84d19,2023-24,2023-08-20T19:15:00+03:00,expanding_league_hda,2046,2046,2023-08-19T21:45:00+00:00,0.451124144673,0.258553274682,0.290322580645,A
3444bb97a29aa63890ad6dc540941dc482ccfe1832868ada88c229f9d0a2f0fd,2023-24,2023-08-20T21:45:00+03:00,uniform_hda,2046,0,2023-08-19T21:45:00+00:00,0.333333333333,0.333333333333,0.333333333333,D
3444bb97a29aa63890ad6dc540941dc482ccfe1832868ada88c229f9d0a2f0fd,2023-24,2023-08-20T21:45:00+03:00,expanding_league_hda,2046,2046,2023-08-19T21:45:00+00:00,0.451124144673,0.258553274682,0.290322580645,D
e760683cbdc3bfedcc060751280890eeefeeb9b61715638d4ad4a7d944e1b890,2023-24,2023-08-20T21:45:00+03:00,uniform_hda,2046,0,2023-08-19T21:45:00+00:00,0.333333333333,0.333333333333,0.333333333333,A
e760683cbdc3bfedcc060751280890eeefeeb9b61715638d4ad4a7d944e1b890,2023-24,2023-08-20T21:45:00+03:00,expanding_league_hda,2046,2046,2023-08-19T21:45:00+00:00,0.451124144673,0.258553274682,0.290322580645,A
0e400e9862093909f0bd467810b60b956a1e21124afec063ebbebbe9fdb4c727,2023-24,2023-08-21T21:00:00+03:00,uniform_hda,2049,0,2023-08-20T21:45:00+00:00,0.333333333333,0.333333333333,0.333333333333,A
0e400e9862093909f0bd467810b60b956a1e21124afec063ebbebbe9fdb4c727,2023-24,2023-08-21T21:00:00+03:00,expanding_league_hda,2049,2049,2023-08-20T21:45:00+00:00,0.450463640800,0.258662762323,0.290873596877,A
bfaacd4a55c96fc32ad4b4739b9f932ea71ae5cf56584ca7794d90ed637807ee,2023-24,2023-08-21T21:00:00+03:00,uniform_hda,2049,0,2023-08-20T21:45:00+00:00,0.333333333333,0.333333333333,0.333333333333,D
bfaacd4a55c96fc32ad4b4739b9f932ea71ae5cf56584ca7794d90ed637807ee,2023-24,2023-08-21T21:00:00+03:00,expanding_league_hda,2049,2049,2023-08-20T21:45:00+00:00,0.450463640800,0.258662762323,0.290873596877,D
400b6e92396df4ee798ed6f324a36ba4d889e8427630a834bbca1c02563dbbe7,2023-24,2023-08-25T21:00:00+03:00,uniform_hda,2051,0,2023-08-21T21:00:00+00:00,0.333333333333,0.333333333333,0.333333333333,H
400b6e92396df4ee798ed6f324a36ba4d889e8427630a834bbca1c02563dbbe7,2023-24,2023-08-25T21:00:00+03:00,expanding_league_hda,2051,2051,2023-08-21T21:00:00+00:00,0.450024378352,0.258898098489,0.291077523159,H
2a6234b00b8fed41fa2c8de64514bfe6d73bfa014daf16509021fd31f5059744,2023-24,2023-08-26T19:15:00+03:00,uniform_hda,2052,0,2023-08-25T21:00:00+00:00,0.333333333333,0.333333333333,0.333333333333,D
2a6234b00b8fed41fa2c8de64514bfe6d73bfa014daf16509021fd31f5059744,2023-24,2023-08-26T19:15:00+03:00,expanding_league_hda,2052,2052,2023-08-25T21:00:00+00:00,0.450292397661,0.258771929825,0.290935672515,D
bfdced9a29a60d370ccf78378253004920624ad12f3e26beca154b8e99c24dbb,2023-24,2023-08-26T19:15:00+03:00,uniform_hda,2052,0,2023-08-25T21:00:00+00:00,0.333333333333,0.333333333333,0.333333333333,A
bfdced9a29a60d370ccf78378253004920624ad12f3e26beca154b8e99c24dbb,2023-24,2023-08-26T19:15:00+03:00,expanding_league_hda,2052,2052,2023-08-25T21:00:00+00:00,0.450292397661,0.258771929825,0.290935672515,A
de120e13ae47de6366c2f11a23a9e7fac3ffd09312bc5bc2e010c29b97e060d3,2023-24,2023-08-26T21:45:00+03:00,uniform_hda,2052,0,2023-08-25T21:00:00+00:00,0.333333333333,0.333333333333,0.333333333333,D
de120e13ae47de6366c2f11a23a9e7fac3ffd09312bc5bc2e010c29b97e060d3,2023-24,2023-08-26T21:45:00+03:00,expanding_league_hda,2052,2052,2023-08-25T21:00:00+00:00,0.450292397661,0.258771929825,0.290935672515,D
27dbf4c3b3c9b0d064a5f6a87e033a2a4b1fda7270d537b1c3055428a16bbd29,2023-24,2023-08-27T19:15:00+03:00,uniform_hda,2055,0,2023-08-26T21:45:00+00:00,0.333333333333,0.333333333333,0.333333333333,H
27dbf4c3b3c9b0d064a5f6a87e033a2a4b1fda7270d537b1c3055428a16bbd29,2023-24,2023-08-27T19:15:00+03:00,expanding_league_hda,2055,2055,2023-08-26T21:45:00+00:00,0.449635036496,0.259367396594,0.290997566910,H
33507953394cb10446cca6222b0f36a8e29acc1e46f882fa270f8d791af3f229,2023-24,2023-08-27T19:15:00+03:00,uniform_hda,2055,0,2023-08-26T21:45:00+00:00,0.333333333333,0.333333333333,0.333333333333,D
33507953394cb10446cca6222b0f36a8e29acc1e46f882fa270f8d791af3f229,2023-24,2023-08-27T19:15:00+03:00,expanding_league_hda,2055,2055,2023-08-26T21:45:00+00:00,0.449635036496,0.259367396594,0.290997566910,D
7b80cea0f5e023019e27ee763046ce60da2b884adae90eee1b33573429d208a4,2023-24,2023-08-27T21:45:00+03:00,uniform_hda,2055,0,2023-08-26T21:45:00+00:00,0.333333333333,0.333333333333,0.333333333333,D
7b80cea0f5e023019e27ee763046ce60da2b884adae90eee1b33573429d208a4,2023-24,2023-08-27T21:45:00+03:00,expanding_league_hda,2055,2055,2023-08-26T21:45:00+00:00,0.449635036496,0.259367396594,0.290997566910,D
e61c20c45e2166eb72ebf85561473cd159532c39b87837971f6656287ed7dd15,2023-24,2023-09-01T21:00:00+03:00,uniform_hda,2058,0,2023-08-27T21:45:00+00:00,0.333333333333,0.333333333333,0.333333333333,A
e61c20c45e2166eb72ebf85561473cd159532c39b87837971f6656287ed7dd15,2023-24,2023-09-01T21:00:00+03:00,expanding_league_hda,2058,2058,2023-08-27T21:45:00+00:00,0.449465500486,0.259961127308,0.290573372206,A
ee4299c45a2c31295edc086ffd5615c6f977e9f4046f23acf2082eeef1e454c6,2023-24,2023-09-01T21:00:00+03:00,uniform_hda,2058,0,2023-08-27T21:45:00+00:00,0.333333333333,0.333333333333,0.333333333333,H
ee4299c45a2c31295edc086ffd5615c6f977e9f4046f23acf2082eeef1e454c6,2023-24,2023-09-01T21:00:00+03:00,expanding_league_hda,2058,2058,2023-08-27T21:45:00+00:00,0.449465500486,0.259961127308,0.290573372206,H
ce8e203932a6c36e4c6070cccebc9152420c7bd35e301575fe45c4e7d641092c,2023-24,2023-09-02T19:15:00+03:00,uniform_hda,2060,0,2023-09-01T21:00:00+00:00,0.333333333333,0.333333333333,0.333333333333,A
ce8e203932a6c36e4c6070cccebc9152420c7bd35e301575fe45c4e7d641092c,2023-24,2023-09-02T19:15:00+03:00,expanding_league_hda,2060,2060,2023-09-01T21:00:00+00:00,0.449514563107,0.259708737864,0.290776699029,A
f4691a452ab71adcacac5aa9d7b32ed2dc25897b000dc180344a8b26ee491df6,2023-24,2023-09-02T19:15:00+03:00,uniform_hda,2060,0,2023-09-01T21:00:00+00:00,0.333333333333,0.333333333333,0.333333333333,D
f4691a452ab71adcacac5aa9d7b32ed2dc25897b000dc180344a8b26ee491df6,2023-24,2023-09-02T19:15:00+03:00,expanding_league_hda,2060,2060,2023-09-01T21:00:00+00:00,0.449514563107,0.259708737864,0.290776699029,D
150340309903aa02c8c76f83cd0414de28816044bfbb7b6d41484d8116e9e3da,2023-24,2023-09-02T21:45:00+03:00,uniform_hda,2060,0,2023-09-01T21:00:00+00:00,0.333333333333,0.333333333333,0.333333333333,A
150340309903aa02c8c76f83cd0414de28816044bfbb7b6d41484d8116e9e3da,2023-24,2023-09-02T21:45:00+03:00,expanding_league_hda,2060,2060,2023-09-01T21:00:00+00:00,0.449514563107,0.259708737864,0.290776699029,A
b4a71f272142c77009ce7d2e671f3753bef7dd212703e0b9c334d3f5cfb4ed06,2023-24,2023-09-02T21:45:00+03:00,uniform_hda,2060,0,2023-09-01T21:00:00+00:00,0.333333333333,0.333333333333,0.333333333333,D
b4a71f272142c77009ce7d2e671f3753bef7dd212703e0b9c334d3f5cfb4ed06,2023-24,2023-09-02T21:45:00+03:00,expanding_league_hda,2060,2060,2023-09-01T21:00:00+00:00,0.449514563107,0.259708737864,0.290776699029,D
42e528de163cb2f589c4ede6b781dc53da86e24d5e715dba6f9181ae2cddbf8f,2023-24,2023-09-03T19:15:00+03:00,uniform_hda,2064,0,2023-09-02T21:45:00+00:00,0.333333333333,0.333333333333,0.333333333333,H
42e528de163cb2f589c4ede6b781dc53da86e24d5e715dba6f9181ae2cddbf8f,2023-24,2023-09-03T19:15:00+03:00,expanding_league_hda,2064,2064,2023-09-02T21:45:00+00:00,0.448643410853,0.260174418605,0.291182170543,H
3f85d39f5e9ddde358c1fc4afac27565ae3762f87546db4e3eed0420a3bb3458,2023-24,2023-09-03T21:45:00+03:00,uniform_hda,2064,0,2023-09-02T21:45:00+00:00,0.333333333333,0.333333333333,0.333333333333,D
3f85d39f5e9ddde358c1fc4afac27565ae3762f87546db4e3eed0420a3bb3458,2023-24,2023-09-03T21:45:00+03:00,expanding_league_hda,2064,2064,2023-09-02T21:45:00+00:00,0.448643410853,0.260174418605,0.291182170543,D
c134e783e3bf295eaea9a441de83bc7fec77316dcd02c2d767bcb3102b87df25,2023-24,2023-09-03T21:45:00+03:00,uniform_hda,2064,0,2023-09-02T21:45:00+00:00,0.333333333333,0.333333333333,0.333333333333,A
c134e783e3bf295eaea9a441de83bc7fec77316dcd02c2d767bcb3102b87df25,2023-24,2023-09-03T21:45:00+03:00,expanding_league_hda,2064,2064,2023-09-02T21:45:00+00:00,0.448643410853,0.260174418605,0.291182170543,A
5236595e0dd4da4224358c98c1b7c8ae9b724cd1f50466c724179f69d06d6f52,2023-24,2023-09-16T17:00:00+03:00,uniform_hda,2067,0,2023-09-03T21:45:00+00:00,0.333333333333,0.333333333333,0.333333333333,H
5236595e0dd4da4224358c98c1b7c8ae9b724cd1f50466c724179f69d06d6f52,2023-24,2023-09-16T17:00:00+03:00,expanding_league_hda,2067,2067,2023-09-03T21:45:00+00:00,0.448476052250,0.260280599903,0.291243347847,H
c5a16542825bd2bec18b10f47f487d430c7fcd488be929fa92bbb475f9db6495,2023-24,2023-09-16T17:00:00+03:00,uniform_hda,2067,0,2023-09-03T21:45:00+00:00,0.333333333333,0.333333333333,0.333333333333,A
c5a16542825bd2bec18b10f47f487d430c7fcd488be929fa92bbb475f9db6495,2023-24,2023-09-16T17:00:00+03:00,expanding_league_hda,2067,2067,2023-09-03T21:45:00+00:00,0.448476052250,0.260280599903,0.291243347847,A
705a5ffc4b5566559b10c9d3967ac6153a54d5018eafdbe6181d24e1dd10f213,2023-24,2023-09-16T20:00:00+03:00,uniform_hda,2067,0,2023-09-03T21:45:00+00:00,0.333333333333,0.333333333333,0.333333333333,H
705a5ffc4b5566559b10c9d3967ac6153a54d5018eafdbe6181d24e1dd10f213,2023-24,2023-09-16T20:00:00+03:00,expanding_league_hda,2067,2067,2023-09-03T21:45:00+00:00,0.448476052250,0.260280599903,0.291243347847,H
a2af6c2f4b8e84b984c06007d709bd080a48839f2f6ab0b6f7eb3d72e8b5dfe3,2023-24,2023-09-16T20:00:00+03:00,uniform_hda,2067,0,2023-09-03T21:45:00+00:00,0.333333333333,0.333333333333,0.333333333333,H
a2af6c2f4b8e84b984c06007d709bd080a48839f2f6ab0b6f7eb3d72e8b5dfe3,2023-24,2023-09-16T20:00:00+03:00,expanding_league_hda,2067,2067,2023-09-03T21:45:00+00:00,0.448476052250,0.260280599903,0.291243347847,H
9740344320b8eed5a2ca9dccd272a8fe6363f47839699021f28d9ee61bd7b432,2023-24,2023-09-17T17:00:00+03:00,uniform_hda,2071,0,2023-09-16T20:00:00+00:00,0.333333333333,0.333333333333,0.333333333333,A
9740344320b8eed5a2ca9dccd272a8fe6363f47839699021f28d9ee61bd7b432,2023-24,2023-09-17T17:00:00+03:00,expanding_league_hda,2071,2071,2023-09-16T20:00:00+00:00,0.449058425881,0.259777885080,0.291163689039,A
f77fcbb4162d359c3fb4a382b09776d03fe60cbdf92b224f28181b43d99c180a,2023-24,2023-09-17T17:00:00+03:00,uniform_hda,2071,0,2023-09-16T20:00:00+00:00,0.333333333333,0.333333333333,0.333333333333,H
f77fcbb4162d359c3fb4a382b09776d03fe60cbdf92b224f28181b43d99c180a,2023-24,2023-09-17T17:00:00+03:00,expanding_league_hda,2071,2071,2023-09-16T20:00:00+00:00,0.449058425881,0.259777885080,0.291163689039,H
13035543b9a4a0e29fc640503d36b646541d234d1cac2387a04f8503f39c19e9,2023-24,2023-09-17T20:00:00+03:00,uniform_hda,2071,0,2023-09-16T20:00:00+00:00,0.333333333333,0.333333333333,0.333333333333,H
13035543b9a4a0e29fc640503d36b646541d234d1cac2387a04f8503f39c19e9,2023-24,2023-09-17T20:00:00+03:00,expanding_league_hda,2071,2071,2023-09-16T20:00:00+00:00,0.449058425881,0.259777885080,0.291163689039,H
9b9b9fdff5477d7fe3e256e9ea5e7f723764f4491582fe74e37e0752f68e5f2a,2023-24,2023-09-17T20:00:00+03:00,uniform_hda,2071,0,2023-09-16T20:00:00+00:00,0.333333333333,0.333333333333,0.333333333333,D
9b9b9fdff5477d7fe3e256e9ea5e7f723764f4491582fe74e37e0752f68e5f2a,2023-24,2023-09-17T20:00:00+03:00,expanding_league_hda,2071,2071,2023-09-16T20:00:00+00:00,0.449058425881,0.259777885080,0.291163689039,D
39ea590a3508ea9010d719a7acc18d28d318397eab057adf9fa578e73abfa14f,2023-24,2023-09-18T20:00:00+03:00,uniform_hda,2075,0,2023-09-17T20:00:00+00:00,0.333333333333,0.333333333333,0.333333333333,D
39ea590a3508ea9010d719a7acc18d28d318397eab057adf9fa578e73abfa14f,2023-24,2023-09-18T20:00:00+03:00,expanding_league_hda,2075,2075,2023-09-17T20:00:00+00:00,0.449156626506,0.259759036145,0.291084337349,D
a519e9a1eedebef123906b9aeb67768d0a6bace32914009261ec2632c6ac7873,2023-24,2023-09-18T20:00:00+03:00,uniform_hda,2075,0,2023-09-17T20:00:00+00:00,0.333333333333,0.333333333333,0.333333333333,A
a519e9a1eedebef123906b9aeb67768d0a6bace32914009261ec2632c6ac7873,2023-24,2023-09-18T20:00:00+03:00,expanding_league_hda,2075,2075,2023-09-17T20:00:00+00:00,0.449156626506,0.259759036145,0.291084337349,A
1cf8557f32446bd2878d7fb13a3d78c32075dd5a0611c7e4558d501bf7103522,2023-24,2023-09-22T20:00:00+03:00,uniform_hda,2077,0,2023-09-18T20:00:00+00:00,0.333333333333,0.333333333333,0.333333333333,H
1cf8557f32446bd2878d7fb13a3d78c32075dd5a0611c7e4558d501bf7103522,2023-24,2023-09-22T20:00:00+03:00,expanding_league_hda,2077,2077,2023-09-18T20:00:00+00:00,0.448724121329,0.259990370727,0.291285507944,H
8468aa038bda335eac19127e335c0798a19f32fc53d3d5c0e6aac2e6e07f67ae,2023-24,2023-09-23T17:00:00+03:00,uniform_hda,2078,0,2023-09-22T20:00:00+00:00,0.333333333333,0.333333333333,0.333333333333,D
8468aa038bda335eac19127e335c0798a19f32fc53d3d5c0e6aac2e6e07f67ae,2023-24,2023-09-23T17:00:00+03:00,expanding_league_hda,2078,2078,2023-09-22T20:00:00+00:00,0.448989412897,0.259865255053,0.291145332050,D
ee92225d9ce314af63f1d6f325e122dec4fdea9d2e942f7c94170ee388418ba9,2023-24,2023-09-23T17:00:00+03:00,uniform_hda,2078,0,2023-09-22T20:00:00+00:00,0.333333333333,0.333333333333,0.333333333333,D
ee92225d9ce314af63f1d6f325e122dec4fdea9d2e942f7c94170ee388418ba9,2023-24,2023-09-23T17:00:00+03:00,expanding_league_hda,2078,2078,2023-09-22T20:00:00+00:00,0.448989412897,0.259865255053,0.291145332050,D
7fd35da22b55977068badc3aec71002282d01959d46880a26d95b91584ec64c8,2023-24,2023-09-23T20:00:00+03:00,uniform_hda,2078,0,2023-09-22T20:00:00+00:00,0.333333333333,0.333333333333,0.333333333333,H
7fd35da22b55977068badc3aec71002282d01959d46880a26d95b91584ec64c8,2023-24,2023-09-23T20:00:00+03:00,expanding_league_hda,2078,2078,2023-09-22T20:00:00+00:00,0.448989412897,0.259865255053,0.291145332050,H
99525808bbae480dec6bd540c141279b6e96a273c9af3fac0e8598f73839760f,2023-24,2023-09-23T20:00:00+03:00,uniform_hda,2078,0,2023-09-22T20:00:00+00:00,0.333333333333,0.333333333333,0.333333333333,A
99525808bbae480dec6bd540c141279b6e96a273c9af3fac0e8598f73839760f,2023-24,2023-09-23T20:00:00+03:00,expanding_league_hda,2078,2078,2023-09-22T20:00:00+00:00,0.448989412897,0.259865255053,0.291145332050,A
6ae891c795839b81ff5ce9843182d8fbf1717ffef34ef2eb838b939f6fdd1129,2023-24,2023-09-24T17:00:00+03:00,uniform_hda,2082,0,2023-09-23T20:00:00+00:00,0.333333333333,0.333333333333,0.333333333333,D
6ae891c795839b81ff5ce9843182d8fbf1717ffef34ef2eb838b939f6fdd1129,2023-24,2023-09-24T17:00:00+03:00,expanding_league_hda,2082,2082,2023-09-23T20:00:00+00:00,0.448607108549,0.260326609030,0.291066282421,D
6cac1703b67b9c93c71cf335d8e048d03eeb7263b5de92801d805cd1d665cffb,2023-24,2023-09-24T17:00:00+03:00,uniform_hda,2082,0,2023-09-23T20:00:00+00:00,0.333333333333,0.333333333333,0.333333333333,H
6cac1703b67b9c93c71cf335d8e048d03eeb7263b5de92801d805cd1d665cffb,2023-24,2023-09-24T17:00:00+03:00,expanding_league_hda,2082,2082,2023-09-23T20:00:00+00:00,0.448607108549,0.260326609030,0.291066282421,H
3cbdbb3644d01dae36add5d4ee305cff01382372339be1a98d573094c20e6e33,2023-24,2023-09-24T20:00:00+03:00,uniform_hda,2082,0,2023-09-23T20:00:00+00:00,0.333333333333,0.333333333333,0.333333333333,A
3cbdbb3644d01dae36add5d4ee305cff01382372339be1a98d573094c20e6e33,2023-24,2023-09-24T20:00:00+03:00,expanding_league_hda,2082,2082,2023-09-23T20:00:00+00:00,0.448607108549,0.260326609030,0.291066282421,A
96aba3a8530140a9b0db3f1c25ca893867ff48f0993ab2094d0431c1ec590be1,2023-24,2023-09-24T20:00:00+03:00,uniform_hda,2082,0,2023-09-23T20:00:00+00:00,0.333333333333,0.333333333333,0.333333333333,H
96aba3a8530140a9b0db3f1c25ca893867ff48f0993ab2094d0431c1ec590be1,2023-24,2023-09-24T20:00:00+03:00,expanding_league_hda,2082,2082,2023-09-23T20:00:00+00:00,0.448607108549,0.260326609030,0.291066282421,H
8a96b28894cd15788d8169a7ef0caf4300ca454596ee68c629e3068d420906d1,2023-24,2023-09-25T20:00:00+03:00,uniform_hda,2086,0,2023-09-24T20:00:00+00:00,0.333333333333,0.333333333333,0.333333333333,H
8a96b28894cd15788d8169a7ef0caf4300ca454596ee68c629e3068d420906d1,2023-24,2023-09-25T20:00:00+03:00,expanding_league_hda,2086,2086,2023-09-24T20:00:00+00:00,0.448705656759,0.260306807287,0.290987535954,H
09ad7400f67481451c013053ff03ecb602142ed109a97afffada4a7a2c126dba,2023-24,2023-09-26T20:00:00+03:00,uniform_hda,2087,0,2023-09-25T20:00:00+00:00,0.333333333333,0.333333333333,0.333333333333,A
09ad7400f67481451c013053ff03ecb602142ed109a97afffada4a7a2c126dba,2023-24,2023-09-26T20:00:00+03:00,expanding_league_hda,2087,2087,2023-09-25T20:00:00+00:00,0.448969813129,0.260182079540,0.290848107331,A
a1281a210cfb0b6600cac45f085a253bc2e3ab89bf57c8f46aebb2bbd2fa8a98,2023-24,2023-09-27T20:00:00+03:00,uniform_hda,2088,0,2023-09-26T20:00:00+00:00,0.333333333333,0.333333333333,0.333333333333,H
a1281a210cfb0b6600cac45f085a253bc2e3ab89bf57c8f46aebb2bbd2fa8a98,2023-24,2023-09-27T20:00:00+03:00,expanding_league_hda,2088,2088,2023-09-26T20:00:00+00:00,0.448754789272,0.260057471264,0.291187739464,H
e8f0aaf459de0416adb115320c932fa00359ac5540dd18bd55f243916f556d02,2023-24,2023-09-28T20:00:00+03:00,uniform_hda,2089,0,2023-09-27T20:00:00+00:00,0.333333333333,0.333333333333,0.333333333333,H
e8f0aaf459de0416adb115320c932fa00359ac5540dd18bd55f243916f556d02,2023-24,2023-09-28T20:00:00+03:00,expanding_league_hda,2089,2089,2023-09-27T20:00:00+00:00,0.449018669220,0.259932982288,0.291048348492,H
c1eebd556606205fe59d24f3abda1d4da0176a2880bd88fa5aa0d02cacec68e0,2023-24,2023-09-29T20:00:00+03:00,uniform_hda,2090,0,2023-09-28T20:00:00+00:00,0.333333333333,0.333333333333,0.333333333333,A
c1eebd556606205fe59d24f3abda1d4da0176a2880bd88fa5aa0d02cacec68e0,2023-24,2023-09-29T20:00:00+03:00,expanding_league_hda,2090,2090,2023-09-28T20:00:00+00:00,0.449282296651,0.259808612440,0.290909090909,A
c0d6cda6b9c6f811c9d39b00c31ec2caa823e918d2ab28d969c65f5254f736e8,2023-24,2023-09-30T13:30:00+03:00,uniform_hda,2091,0,2023-09-29T20:00:00+00:00,0.333333333333,0.333333333333,0.333333333333,D
c0d6cda6b9c6f811c9d39b00c31ec2caa823e918d2ab28d969c65f5254f736e8,2023-24,2023-09-30T13:30:00+03:00,expanding_league_hda,2091,2091,2023-09-29T20:00:00+00:00,0.449067431851,0.259684361549,0.291248206600,D
91fd7496d9f78b599f85d057325b6977621a32fdad03725cc15b56e5387e6d2c,2023-24,2023-09-30T16:00:00+03:00,uniform_hda,2091,0,2023-09-29T20:00:00+00:00,0.333333333333,0.333333333333,0.333333333333,H
91fd7496d9f78b599f85d057325b6977621a32fdad03725cc15b56e5387e6d2c,2023-24,2023-09-30T16:00:00+03:00,expanding_league_hda,2091,2091,2023-09-29T20:00:00+00:00,0.449067431851,0.259684361549,0.291248206600,H
e253818b759c96b799d6d97814ef9d91867c3dcad333ac958d2944bdfbfa7d52,2023-24,2023-09-30T16:00:00+03:00,uniform_hda,2091,0,2023-09-29T20:00:00+00:00,0.333333333333,0.333333333333,0.333333333333,A
e253818b759c96b799d6d97814ef9d91867c3dcad333ac958d2944bdfbfa7d52,2023-24,2023-09-30T16:00:00+03:00,expanding_league_hda,2091,2091,2023-09-29T20:00:00+00:00,0.449067431851,0.259684361549,0.291248206600,A
a734604d6fd66408b80601f422c979943296be013489540af9bad7a95a4df8fe,2023-24,2023-09-30T19:00:00+03:00,uniform_hda,2092,0,2023-09-30T13:30:00+00:00,0.333333333333,0.333333333333,0.333333333333,H
a734604d6fd66408b80601f422c979943296be013489540af9bad7a95a4df8fe,2023-24,2023-09-30T19:00:00+03:00,expanding_league_hda,2092,2092,2023-09-30T13:30:00+00:00,0.448852772467,0.260038240918,0.291108986616,H
abb6706b40f49a80de51c1fcbcca83342227e85e576d4eef3f7b73ff401062a2,2023-24,2023-10-01T13:30:00+03:00,uniform_hda,2095,0,2023-09-30T19:00:00+00:00,0.333333333333,0.333333333333,0.333333333333,A
abb6706b40f49a80de51c1fcbcca83342227e85e576d4eef3f7b73ff401062a2,2023-24,2023-10-01T13:30:00+03:00,expanding_league_hda,2095,2095,2023-09-30T19:00:00+00:00,0.449164677804,0.259665871122,0.291169451074,A
60730c15d10dc09df6ac7f436fca2997668b6dca95f41f64229e700052b420e8,2023-24,2023-10-01T16:00:00+03:00,uniform_hda,2095,0,2023-09-30T19:00:00+00:00,0.333333333333,0.333333333333,0.333333333333,H
60730c15d10dc09df6ac7f436fca2997668b6dca95f41f64229e700052b420e8,2023-24,2023-10-01T16:00:00+03:00,expanding_league_hda,2095,2095,2023-09-30T19:00:00+00:00,0.449164677804,0.259665871122,0.291169451074,H
13bc776482be6e4c1b0177292578e5fac5b1746a5b5b7451157abd7eb39d45e4,2023-24,2023-10-01T19:00:00+03:00,uniform_hda,2096,0,2023-10-01T13:30:00+00:00,0.333333333333,0.333333333333,0.333333333333,A
13bc776482be6e4c1b0177292578e5fac5b1746a5b5b7451157abd7eb39d45e4,2023-24,2023-10-01T19:00:00+03:00,expanding_league_hda,2096,2096,2023-10-01T13:30:00+00:00,0.448950381679,0.259541984733,0.291507633588,A
540000325221dd317c8ef7a1c7e1bb0f24d49d076c144629424b4a96bbb491de,2023-24,2023-10-01T19:00:00+03:00,uniform_hda,2096,0,2023-10-01T13:30:00+00:00,0.333333333333,0.333333333333,0.333333333333,H
540000325221dd317c8ef7a1c7e1bb0f24d49d076c144629424b4a96bbb491de,2023-24,2023-10-01T19:00:00+03:00,expanding_league_hda,2096,2096,2023-10-01T13:30:00+00:00,0.448950381679,0.259541984733,0.291507633588,H
d2192b70faea31f12595caa3f1c8f31d8f7560f977af28f0a9f5d7b6795ce0f5,2023-24,2023-10-02T20:00:00+03:00,uniform_hda,2099,0,2023-10-01T19:00:00+00:00,0.333333333333,0.333333333333,0.333333333333,D
d2192b70faea31f12595caa3f1c8f31d8f7560f977af28f0a9f5d7b6795ce0f5,2023-24,2023-10-02T20:00:00+03:00,expanding_league_hda,2099,2099,2023-10-01T19:00:00+00:00,0.449261553121,0.259171033826,0.291567413054,D
43d18f0218abf4c997b91e07fcb30f64c72f6f465a61a6ae7efc699901f92008,2023-24,2023-10-06T20:00:00+03:00,uniform_hda,2100,0,2023-10-02T20:00:00+00:00,0.333333333333,0.333333333333,0.333333333333,H
43d18f0218abf4c997b91e07fcb30f64c72f6f465a61a6ae7efc699901f92008,2023-24,2023-10-06T20:00:00+03:00,expanding_league_hda,2100,2100,2023-10-02T20:00:00+00:00,0.449047619048,0.259523809524,0.291428571429,H
68d916891a362e77d8cd280f61aaf16254a87fc0afc8e1a6ba9be9880942f6df,2023-24,2023-10-06T20:00:00+03:00,uniform_hda,2100,0,2023-10-02T20:00:00+00:00,0.333333333333,0.333333333333,0.333333333333,H
68d916891a362e77d8cd280f61aaf16254a87fc0afc8e1a6ba9be9880942f6df,2023-24,2023-10-06T20:00:00+03:00,expanding_league_hda,2100,2100,2023-10-02T20:00:00+00:00,0.449047619048,0.259523809524,0.291428571429,H
cc7c09f6e2684f203a13b5fab3dc9a36e14d6e77aa8cc0a2baa10f36e7116d46,2023-24,2023-10-07T13:30:00+03:00,uniform_hda,2102,0,2023-10-06T20:00:00+00:00,0.333333333333,0.333333333333,0.333333333333,A
cc7c09f6e2684f203a13b5fab3dc9a36e14d6e77aa8cc0a2baa10f36e7116d46,2023-24,2023-10-07T13:30:00+03:00,expanding_league_hda,2102,2102,2023-10-06T20:00:00+00:00,0.449571836346,0.259276879163,0.291151284491,A
4ce60b2afa1d11d028de15aa924945021f9571a8132e070d23f8de45820714a8,2023-24,2023-10-07T16:00:00+03:00,uniform_hda,2102,0,2023-10-06T20:00:00+00:00,0.333333333333,0.333333333333,0.333333333333,H
4ce60b2afa1d11d028de15aa924945021f9571a8132e070d23f8de45820714a8,2023-24,2023-10-07T16:00:00+03:00,expanding_league_hda,2102,2102,2023-10-06T20:00:00+00:00,0.449571836346,0.259276879163,0.291151284491,H
8f5b970a126772130f200088553c991cd0ed46fc0004c9ab6987d3ea93a8b1e0,2023-24,2023-10-07T19:00:00+03:00,uniform_hda,2103,0,2023-10-07T13:30:00+00:00,0.333333333333,0.333333333333,0.333333333333,A
8f5b970a126772130f200088553c991cd0ed46fc0004c9ab6987d3ea93a8b1e0,2023-24,2023-10-07T19:00:00+03:00,expanding_league_hda,2103,2103,2023-10-07T13:30:00+00:00,0.449358059914,0.259153590109,0.291488349976,A
b4fe4de97099ae519ff4ba718083a4cc0ecbd477e6a241e2600b6db363da5f49,2023-24,2023-10-07T19:00:00+03:00,uniform_hda,2103,0,2023-10-07T13:30:00+00:00,0.333333333333,0.333333333333,0.333333333333,H
b4fe4de97099ae519ff4ba718083a4cc0ecbd477e6a241e2600b6db363da5f49,2023-24,2023-10-07T19:00:00+03:00,expanding_league_hda,2103,2103,2023-10-07T13:30:00+00:00,0.449358059914,0.259153590109,0.291488349976,H
69e402f011f8de85f906131e18f7390f4b0c0d73cf6fab035090d0b10c932d0a,2023-24,2023-10-08T13:30:00+03:00,uniform_hda,2106,0,2023-10-07T19:00:00+00:00,0.333333333333,0.333333333333,0.333333333333,H
69e402f011f8de85f906131e18f7390f4b0c0d73cf6fab035090d0b10c932d0a,2023-24,2023-10-08T13:30:00+03:00,expanding_league_hda,2106,2106,2023-10-07T19:00:00+00:00,0.449667616334,0.258784425451,0.291547958215,H
cdc59cf27c07a7e831cab7ffb43c5bf2cb1ea445ef7194ca280a9f28b2de02c6,2023-24,2023-10-08T16:00:00+03:00,uniform_hda,2106,0,2023-10-07T19:00:00+00:00,0.333333333333,0.333333333333,0.333333333333,H
cdc59cf27c07a7e831cab7ffb43c5bf2cb1ea445ef7194ca280a9f28b2de02c6,2023-24,2023-10-08T16:00:00+03:00,expanding_league_hda,2106,2106,2023-10-07T19:00:00+00:00,0.449667616334,0.258784425451,0.291547958215,H
7da1b208b7a5151c9f163c2d0eb201d532631f86ff999899e81fad430fa9316f,2023-24,2023-10-08T19:00:00+03:00,uniform_hda,2107,0,2023-10-08T13:30:00+00:00,0.333333333333,0.333333333333,0.333333333333,H
7da1b208b7a5151c9f163c2d0eb201d532631f86ff999899e81fad430fa9316f,2023-24,2023-10-08T19:00:00+03:00,expanding_league_hda,2107,2107,2023-10-08T13:30:00+00:00,0.449928808733,0.258661604177,0.291409587091,H
bc66dab9e714db92b0f90567ef7eafd6a556523162cbec04bc2403a3f9fc80e4,2023-24,2023-10-08T19:00:00+03:00,uniform_hda,2107,0,2023-10-08T13:30:00+00:00,0.333333333333,0.333333333333,0.333333333333,A
bc66dab9e714db92b0f90567ef7eafd6a556523162cbec04bc2403a3f9fc80e4,2023-24,2023-10-08T19:00:00+03:00,expanding_league_hda,2107,2107,2023-10-08T13:30:00+00:00,0.449928808733,0.258661604177,0.291409587091,A
f051a3b95c75092d3d0d6fa38acf8eeb3625cb5abc9793d5e87fec592cfa1cdf,2023-24,2023-10-21T13:30:00+03:00,uniform_hda,2110,0,2023-10-08T19:00:00+00:00,0.333333333333,0.333333333333,0.333333333333,H
f051a3b95c75092d3d0d6fa38acf8eeb3625cb5abc9793d5e87fec592cfa1cdf,2023-24,2023-10-21T13:30:00+03:00,expanding_league_hda,2110,2110,2023-10-08T19:00:00+00:00,0.450236966825,0.258293838863,0.291469194313,H
5cad180929ae8fb1831c893b61da8a548584ac02922bee65240db2ff2764b167,2023-24,2023-10-21T16:00:00+03:00,uniform_hda,2110,0,2023-10-08T19:00:00+00:00,0.333333333333,0.333333333333,0.333333333333,H
5cad180929ae8fb1831c893b61da8a548584ac02922bee65240db2ff2764b167,2023-24,2023-10-21T16:00:00+03:00,expanding_league_hda,2110,2110,2023-10-08T19:00:00+00:00,0.450236966825,0.258293838863,0.291469194313,H
aa2527ab096c30ad6cfa206c98eba7e2ade6d4f4108fa67909198bb871b6d5cc,2023-24,2023-10-21T16:00:00+03:00,uniform_hda,2110,0,2023-10-08T19:00:00+00:00,0.333333333333,0.333333333333,0.333333333333,A
aa2527ab096c30ad6cfa206c98eba7e2ade6d4f4108fa67909198bb871b6d5cc,2023-24,2023-10-21T16:00:00+03:00,expanding_league_hda,2110,2110,2023-10-08T19:00:00+00:00,0.450236966825,0.258293838863,0.291469194313,A
30187d18c595e36e4c51bea2c2dc957cd03b7507c41db2527126f0fcbe20864b,2023-24,2023-10-21T19:00:00+03:00,uniform_hda,2111,0,2023-10-21T13:30:00+00:00,0.333333333333,0.333333333333,0.333333333333,H
30187d18c595e36e4c51bea2c2dc957cd03b7507c41db2527126f0fcbe20864b,2023-24,2023-10-21T19:00:00+03:00,expanding_league_hda,2111,2111,2023-10-21T13:30:00+00:00,0.450497394600,0.258171482710,0.291331122691,H
5532dd4564015a37c6970bb7706199ac1e16d1a37e0a6cb29ff99ea892a69b1e,2023-24,2023-10-22T13:30:00+03:00,uniform_hda,2114,0,2023-10-21T19:00:00+00:00,0.333333333333,0.333333333333,0.333333333333,A
5532dd4564015a37c6970bb7706199ac1e16d1a37e0a6cb29ff99ea892a69b1e,2023-24,2023-10-22T13:30:00+03:00,expanding_league_hda,2114,2114,2023-10-21T19:00:00+00:00,0.450804162725,0.257805108798,0.291390728477,A
de40b5c3b6f2db5d96d2ac4fcd023000ee41a5ef20b8f00535ef5290685ea569,2023-24,2023-10-22T16:00:00+03:00,uniform_hda,2114,0,2023-10-21T19:00:00+00:00,0.333333333333,0.333333333333,0.333333333333,H
de40b5c3b6f2db5d96d2ac4fcd023000ee41a5ef20b8f00535ef5290685ea569,2023-24,2023-10-22T16:00:00+03:00,expanding_league_hda,2114,2114,2023-10-21T19:00:00+00:00,0.450804162725,0.257805108798,0.291390728477,H
40d31ec0ad30d49f6b78c2b55d9abf6c7112996e2fa4b2fbc9ce10de92251b2e,2023-24,2023-10-22T19:00:00+03:00,uniform_hda,2115,0,2023-10-22T13:30:00+00:00,0.333333333333,0.333333333333,0.333333333333,H
40d31ec0ad30d49f6b78c2b55d9abf6c7112996e2fa4b2fbc9ce10de92251b2e,2023-24,2023-10-22T19:00:00+03:00,expanding_league_hda,2115,2115,2023-10-22T13:30:00+00:00,0.450591016548,0.257683215130,0.291725768322,H
89f673232d372d7c9633fa36caa3e86ed412e83f7a015fff6ecc305e0540d4da,2023-24,2023-10-22T19:00:00+03:00,uniform_hda,2115,0,2023-10-22T13:30:00+00:00,0.333333333333,0.333333333333,0.333333333333,D
89f673232d372d7c9633fa36caa3e86ed412e83f7a015fff6ecc305e0540d4da,2023-24,2023-10-22T19:00:00+03:00,expanding_league_hda,2115,2115,2023-10-22T13:30:00+00:00,0.450591016548,0.257683215130,0.291725768322,D
53e1adbe289f7a3d5b88085966eca88b663c30941ee50630a05ef2ce53680301,2023-24,2023-10-23T20:00:00+03:00,uniform_hda,2118,0,2023-10-22T19:00:00+00:00,0.333333333333,0.333333333333,0.333333333333,H
53e1adbe289f7a3d5b88085966eca88b663c30941ee50630a05ef2ce53680301,2023-24,2023-10-23T20:00:00+03:00,expanding_league_hda,2118,2118,2023-10-22T19:00:00+00:00,0.450897072710,0.257790368272,0.291312559018,H
a0c61d594fab5ec2a9fe9cf114fde355416de33792ddc9511ff4ae5494e9948e,2023-24,2023-10-23T20:00:00+03:00,uniform_hda,2118,0,2023-10-22T19:00:00+00:00,0.333333333333,0.333333333333,0.333333333333,H
a0c61d594fab5ec2a9fe9cf114fde355416de33792ddc9511ff4ae5494e9948e,2023-24,2023-10-23T20:00:00+03:00,expanding_league_hda,2118,2118,2023-10-22T19:00:00+00:00,0.450897072710,0.257790368272,0.291312559018,H
c64a7ad91d66b2b41233dd8b88c0f0cf3a1779d97a930b833c105be719574cba,2023-24,2023-10-27T20:00:00+03:00,uniform_hda,2120,0,2023-10-23T20:00:00+00:00,0.333333333333,0.333333333333,0.333333333333,H
c64a7ad91d66b2b41233dd8b88c0f0cf3a1779d97a930b833c105be719574cba,2023-24,2023-10-27T20:00:00+03:00,expanding_league_hda,2120,2120,2023-10-23T20:00:00+00:00,0.451415094340,0.257547169811,0.291037735849,H
fb5c8494d4a61002a4df5c8d8d5d23a3c9999f8a109d036983811b8fca71fdcd,2023-24,2023-10-27T20:00:00+03:00,uniform_hda,2120,0,2023-10-23T20:00:00+00:00,0.333333333333,0.333333333333,0.333333333333,A
fb5c8494d4a61002a4df5c8d8d5d23a3c9999f8a109d036983811b8fca71fdcd,2023-24,2023-10-27T20:00:00+03:00,expanding_league_hda,2120,2120,2023-10-23T20:00:00+00:00,0.451415094340,0.257547169811,0.291037735849,A
45316407f8858f383d8a2ce773abe5e56170a2cc9addb37e06b49b4f385e4294,2023-24,2023-10-28T16:00:00+03:00,uniform_hda,2122,0,2023-10-27T20:00:00+00:00,0.333333333333,0.333333333333,0.333333333333,A
45316407f8858f383d8a2ce773abe5e56170a2cc9addb37e06b49b4f385e4294,2023-24,2023-10-28T16:00:00+03:00,expanding_league_hda,2122,2122,2023-10-27T20:00:00+00:00,0.451460885957,0.257304429783,0.291234684260,A
5b05cc37a4b44b43c01bcf6507d4cacb89ee34748eecb72130ca6a31afabdb57,2023-24,2023-10-28T19:00:00+03:00,uniform_hda,2122,0,2023-10-27T20:00:00+00:00,0.333333333333,0.333333333333,0.333333333333,A
5b05cc37a4b44b43c01bcf6507d4cacb89ee34748eecb72130ca6a31afabdb57,2023-24,2023-10-28T19:00:00+03:00,expanding_league_hda,2122,2122,2023-10-27T20:00:00+00:00,0.451460885957,0.257304429783,0.291234684260,A
80ec5af64482d7140fd92a12ad1307a0eda282788e0103c957e91947bb3190a6,2023-24,2023-10-28T19:00:00+03:00,uniform_hda,2122,0,2023-10-27T20:00:00+00:00,0.333333333333,0.333333333333,0.333333333333,H
80ec5af64482d7140fd92a12ad1307a0eda282788e0103c957e91947bb3190a6,2023-24,2023-10-28T19:00:00+03:00,expanding_league_hda,2122,2122,2023-10-27T20:00:00+00:00,0.451460885957,0.257304429783,0.291234684260,H
454f2d5d3daadeb58945e0b66de02bf7d5beefa2211ba4f3c6f224b2c31124c2,2023-24,2023-10-29T16:00:00+03:00,uniform_hda,2125,0,2023-10-28T19:00:00+00:00,0.333333333333,0.333333333333,0.333333333333,D
454f2d5d3daadeb58945e0b66de02bf7d5beefa2211ba4f3c6f224b2c31124c2,2023-24,2023-10-29T16:00:00+03:00,expanding_league_hda,2125,2125,2023-10-28T19:00:00+00:00,0.451294117647,0.256941176471,0.291764705882,D
4aeaee6d7a4891a4871a9c1406bd39ccc8141b489cfb0a110c16838855d2c71f,2023-24,2023-10-29T19:00:00+03:00,uniform_hda,2125,0,2023-10-28T19:00:00+00:00,0.333333333333,0.333333333333,0.333333333333,A
4aeaee6d7a4891a4871a9c1406bd39ccc8141b489cfb0a110c16838855d2c71f,2023-24,2023-10-29T19:00:00+03:00,expanding_league_hda,2125,2125,2023-10-28T19:00:00+00:00,0.451294117647,0.256941176471,0.291764705882,A
b066c1df2e56e3307ee8d8e8412933d4834630b217732cb9a7fc1620da48b853,2023-24,2023-10-29T19:00:00+03:00,uniform_hda,2125,0,2023-10-28T19:00:00+00:00,0.333333333333,0.333333333333,0.333333333333,H
b066c1df2e56e3307ee8d8e8412933d4834630b217732cb9a7fc1620da48b853,2023-24,2023-10-29T19:00:00+03:00,expanding_league_hda,2125,2125,2023-10-28T19:00:00+00:00,0.451294117647,0.256941176471,0.291764705882,H
d1fbd57ffb751f83270d7f6cd4b8edfab668603a1f0d8ab99e6b90ac702b51e3,2023-24,2023-10-29T19:00:00+03:00,uniform_hda,2125,0,2023-10-28T19:00:00+00:00,0.333333333333,0.333333333333,0.333333333333,H
d1fbd57ffb751f83270d7f6cd4b8edfab668603a1f0d8ab99e6b90ac702b51e3,2023-24,2023-10-29T19:00:00+03:00,expanding_league_hda,2125,2125,2023-10-28T19:00:00+00:00,0.451294117647,0.256941176471,0.291764705882,H
1d9ed9e1e8832e43fcdcc9623f8e4a1f29f33c95b4bde2e78a4104cb0ed7dea8,2023-24,2023-10-30T20:00:00+03:00,uniform_hda,2129,0,2023-10-29T19:00:00+00:00,0.333333333333,0.333333333333,0.333333333333,H
1d9ed9e1e8832e43fcdcc9623f8e4a1f29f33c95b4bde2e78a4104cb0ed7dea8,2023-24,2023-10-30T20:00:00+03:00,expanding_league_hda,2129,2129,2023-10-29T19:00:00+00:00,0.451385627055,0.256928135275,0.291686237670,H
7f85d499c6fecfa7df8507a12e9a4a1fd3ec489421b1ac3e33529e467a968343,2023-24,2023-11-03T20:00:00+03:00,uniform_hda,2130,0,2023-10-30T20:00:00+00:00,0.333333333333,0.333333333333,0.333333333333,H
7f85d499c6fecfa7df8507a12e9a4a1fd3ec489421b1ac3e33529e467a968343,2023-24,2023-11-03T20:00:00+03:00,expanding_league_hda,2130,2130,2023-10-30T20:00:00+00:00,0.451643192488,0.256807511737,0.291549295775,H
2bb2e7b11027ff7924d8b6f9265fed2217101ef0ccb3065bf2ac19426154db14,2023-24,2023-11-04T13:30:00+03:00,uniform_hda,2131,0,2023-11-03T20:00:00+00:00,0.333333333333,0.333333333333,0.333333333333,A
2bb2e7b11027ff7924d8b6f9265fed2217101ef0ccb3065bf2ac19426154db14,2023-24,2023-11-04T13:30:00+03:00,expanding_league_hda,2131,2131,2023-11-03T20:00:00+00:00,0.451900516190,0.256687001408,0.291412482403,A
4318ca8f949322a4539d7fac660b6e4bf1320b0a20eb0de7cba8500f88f53176,2023-24,2023-11-04T16:00:00+03:00,uniform_hda,2131,0,2023-11-03T20:00:00+00:00,0.333333333333,0.333333333333,0.333333333333,H
4318ca8f949322a4539d7fac660b6e4bf1320b0a20eb0de7cba8500f88f53176,2023-24,2023-11-04T16:00:00+03:00,expanding_league_hda,2131,2131,2023-11-03T20:00:00+00:00,0.451900516190,0.256687001408,0.291412482403,H
f3499895c157cff921a5602b2f3d4134c032d2bfa02fac9f304d99846007bc1e,2023-24,2023-11-04T19:00:00+03:00,uniform_hda,2132,0,2023-11-04T13:30:00+00:00,0.333333333333,0.333333333333,0.333333333333,A
f3499895c157cff921a5602b2f3d4134c032d2bfa02fac9f304d99846007bc1e,2023-24,2023-11-04T19:00:00+03:00,expanding_league_hda,2132,2132,2023-11-04T13:30:00+00:00,0.451688555347,0.256566604128,0.291744840525,A
7cdd08240b2fbe8d63d2ee27feafdff0aa955b0999a112400283bf13777db860,2023-24,2023-11-05T13:30:00+03:00,uniform_hda,2134,0,2023-11-04T19:00:00+00:00,0.333333333333,0.333333333333,0.333333333333,D
7cdd08240b2fbe8d63d2ee27feafdff0aa955b0999a112400283bf13777db860,2023-24,2023-11-05T13:30:00+03:00,expanding_league_hda,2134,2134,2023-11-04T19:00:00+00:00,0.451733833177,0.256326148079,0.291940018744,D
82d583b5c984e3e235c514e1771cc61b7de4493fd90aa3693e87ae4f1c0f9985,2023-24,2023-11-05T16:00:00+03:00,uniform_hda,2134,0,2023-11-04T19:00:00+00:00,0.333333333333,0.333333333333,0.333333333333,D
82d583b5c984e3e235c514e1771cc61b7de4493fd90aa3693e87ae4f1c0f9985,2023-24,2023-11-05T16:00:00+03:00,expanding_league_hda,2134,2134,2023-11-04T19:00:00+00:00,0.451733833177,0.256326148079,0.291940018744,D
fcf63018dc5346fbd3022838a5b21e3a55f0fa6220ef2b34efc1d729197ed1c0,2023-24,2023-11-05T16:00:00+03:00,uniform_hda,2134,0,2023-11-04T19:00:00+00:00,0.333333333333,0.333333333333,0.333333333333,D
fcf63018dc5346fbd3022838a5b21e3a55f0fa6220ef2b34efc1d729197ed1c0,2023-24,2023-11-05T16:00:00+03:00,expanding_league_hda,2134,2134,2023-11-04T19:00:00+00:00,0.451733833177,0.256326148079,0.291940018744,D
9dea7c9716026cde64b9340ec49516b7a6debd2525b6f317ba0ac798bc8850f2,2023-24,2023-11-05T19:00:00+03:00,uniform_hda,2135,0,2023-11-05T13:30:00+00:00,0.333333333333,0.333333333333,0.333333333333,H
9dea7c9716026cde64b9340ec49516b7a6debd2525b6f317ba0ac798bc8850f2,2023-24,2023-11-05T19:00:00+03:00,expanding_league_hda,2135,2135,2023-11-05T13:30:00+00:00,0.451522248244,0.256674473068,0.291803278689,H
20efe45facfa7b506b0dc1aaae96219e34ac6a1e0a701213adc2725341adaf7e,2023-24,2023-11-06T20:00:00+03:00,uniform_hda,2138,0,2023-11-05T19:00:00+00:00,0.333333333333,0.333333333333,0.333333333333,H
20efe45facfa7b506b0dc1aaae96219e34ac6a1e0a701213adc2725341adaf7e,2023-24,2023-11-06T20:00:00+03:00,expanding_league_hda,2138,2138,2023-11-05T19:00:00+00:00,0.451356407858,0.257249766137,0.291393826006,H
c348342fd5243b4fe241e4baee5f2f8aa86069077a8e2a3c54851417c20267d1,2023-24,2023-11-06T20:00:00+03:00,uniform_hda,2138,0,2023-11-05T19:00:00+00:00,0.333333333333,0.333333333333,0.333333333333,H
c348342fd5243b4fe241e4baee5f2f8aa86069077a8e2a3c54851417c20267d1,2023-24,2023-11-06T20:00:00+03:00,expanding_league_hda,2138,2138,2023-11-05T19:00:00+00:00,0.451356407858,0.257249766137,0.291393826006,H
cf2e875767d031a04e295862f00dceafd2d5584adbfdf800596c56dadf5b1fd4,2023-24,2023-11-08T20:00:00+03:00,uniform_hda,2140,0,2023-11-06T20:00:00+00:00,0.333333333333,0.333333333333,0.333333333333,H
cf2e875767d031a04e295862f00dceafd2d5584adbfdf800596c56dadf5b1fd4,2023-24,2023-11-08T20:00:00+03:00,expanding_league_hda,2140,2140,2023-11-06T20:00:00+00:00,0.451869158879,0.257009345794,0.291121495327,H
5f026399d1037d46dffa9fce735b02b509784641f6603ea62aad1194d64f3d68,2023-24,2023-11-10T20:00:00+03:00,uniform_hda,2141,0,2023-11-08T20:00:00+00:00,0.333333333333,0.333333333333,0.333333333333,H
5f026399d1037d46dffa9fce735b02b509784641f6603ea62aad1194d64f3d68,2023-24,2023-11-10T20:00:00+03:00,expanding_league_hda,2141,2141,2023-11-08T20:00:00+00:00,0.452125175152,0.256889304064,0.290985520785,H
d51c4f0829574195ecf35658574c00d26f55afe85ed58ffafb2754884f09fc44,2023-24,2023-11-10T20:00:00+03:00,uniform_hda,2141,0,2023-11-08T20:00:00+00:00,0.333333333333,0.333333333333,0.333333333333,A
d51c4f0829574195ecf35658574c00d26f55afe85ed58ffafb2754884f09fc44,2023-24,2023-11-10T20:00:00+03:00,expanding_league_hda,2141,2141,2023-11-08T20:00:00+00:00,0.452125175152,0.256889304064,0.290985520785,A
fd33ae98228c79a72b121aee2980ccf6ff4b1dfdff28aa7392f15e87766dd57a,2023-24,2023-11-11T13:30:00+03:00,uniform_hda,2143,0,2023-11-10T20:00:00+00:00,0.333333333333,0.333333333333,0.333333333333,A
fd33ae98228c79a72b121aee2980ccf6ff4b1dfdff28aa7392f15e87766dd57a,2023-24,2023-11-11T13:30:00+03:00,expanding_league_hda,2143,2143,2023-11-10T20:00:00+00:00,0.452169855343,0.256649556696,0.291180587961,A
03ca957c1a04701985ce28db3b9a06b0e2905d90f9581529a7d2c93ca452ef67,2023-24,2023-11-11T16:00:00+03:00,uniform_hda,2143,0,2023-11-10T20:00:00+00:00,0.333333333333,0.333333333333,0.333333333333,H
03ca957c1a04701985ce28db3b9a06b0e2905d90f9581529a7d2c93ca452ef67,2023-24,2023-11-11T16:00:00+03:00,expanding_league_hda,2143,2143,2023-11-10T20:00:00+00:00,0.452169855343,0.256649556696,0.291180587961,H
b85a535c27835eaaadfd571ae07ebb0b9f884777b46a87f5a0cc253d0b3fd555,2023-24,2023-11-11T16:00:00+03:00,uniform_hda,2143,0,2023-11-10T20:00:00+00:00,0.333333333333,0.333333333333,0.333333333333,A
b85a535c27835eaaadfd571ae07ebb0b9f884777b46a87f5a0cc253d0b3fd555,2023-24,2023-11-11T16:00:00+03:00,expanding_league_hda,2143,2143,2023-11-10T20:00:00+00:00,0.452169855343,0.256649556696,0.291180587961,A
f5f5d8b674734d2a7755e801cc5fa9b6883e05d70a3c1fd744475d7df0c830fa,2023-24,2023-11-11T19:00:00+03:00,uniform_hda,2144,0,2023-11-11T13:30:00+00:00,0.333333333333,0.333333333333,0.333333333333,H
f5f5d8b674734d2a7755e801cc5fa9b6883e05d70a3c1fd744475d7df0c830fa,2023-24,2023-11-11T19:00:00+03:00,expanding_league_hda,2144,2144,2023-11-11T13:30:00+00:00,0.451958955224,0.256529850746,0.291511194030,H
fa1c3ab9940c532b70390ac85acd8f35accaa7ea17ef779ed406aeef196c1f45,2023-24,2023-11-12T13:30:00+03:00,uniform_hda,2147,0,2023-11-11T19:00:00+00:00,0.333333333333,0.333333333333,0.333333333333,H
fa1c3ab9940c532b70390ac85acd8f35accaa7ea17ef779ed406aeef196c1f45,2023-24,2023-11-12T13:30:00+03:00,expanding_league_hda,2147,2147,2023-11-11T19:00:00+00:00,0.452258965999,0.256171401956,0.291569632045,H
4c73d489a876721be4f9b684cebc463a71a3037b9655cfb6c27c21425bbff8fc,2023-24,2023-11-12T16:00:00+03:00,uniform_hda,2147,0,2023-11-11T19:00:00+00:00,0.333333333333,0.333333333333,0.333333333333,H
4c73d489a876721be4f9b684cebc463a71a3037b9655cfb6c27c21425bbff8fc,2023-24,2023-11-12T16:00:00+03:00,expanding_league_hda,2147,2147,2023-11-11T19:00:00+00:00,0.452258965999,0.256171401956,0.291569632045,H
fe4beb29ee43e7167130a4ebce97ea1381bef47274d5a4e606f677699806ef9e,2023-24,2023-11-12T16:00:00+03:00,uniform_hda,2147,0,2023-11-11T19:00:00+00:00,0.333333333333,0.333333333333,0.333333333333,H
fe4beb29ee43e7167130a4ebce97ea1381bef47274d5a4e606f677699806ef9e,2023-24,2023-11-12T16:00:00+03:00,expanding_league_hda,2147,2147,2023-11-11T19:00:00+00:00,0.452258965999,0.256171401956,0.291569632045,H
660c8e110f3399a2b32371195af302411a10a2e1ef452eecd34218da9f9d733d,2023-24,2023-11-12T19:00:00+03:00,uniform_hda,2148,0,2023-11-12T13:30:00+00:00,0.333333333333,0.333333333333,0.333333333333,D
660c8e110f3399a2b32371195af302411a10a2e1ef452eecd34218da9f9d733d,2023-24,2023-11-12T19:00:00+03:00,expanding_league_hda,2148,2148,2023-11-12T13:30:00+00:00,0.452513966480,0.256052141527,0.291433891993,D
23e5348be336a291cab1c534addd776078fc708454628119bddc241374f14ffc,2023-24,2023-11-25T13:30:00+03:00,uniform_hda,2151,0,2023-11-12T19:00:00+00:00,0.333333333333,0.333333333333,0.333333333333,H
23e5348be336a291cab1c534addd776078fc708454628119bddc241374f14ffc,2023-24,2023-11-25T13:30:00+03:00,expanding_league_hda,2151,2151,2023-11-12T19:00:00+00:00,0.452812645281,0.256159925616,0.291027429103,H
2e4db42e6fbcc6c3e020ed8bb006fbd51001b95ba3daf2897562fc165e7f319a,2023-24,2023-11-25T16:00:00+03:00,uniform_hda,2151,0,2023-11-12T19:00:00+00:00,0.333333333333,0.333333333333,0.333333333333,A
2e4db42e6fbcc6c3e020ed8bb006fbd51001b95ba3daf2897562fc165e7f319a,2023-24,2023-11-25T16:00:00+03:00,expanding_league_hda,2151,2151,2023-11-12T19:00:00+00:00,0.452812645281,0.256159925616,0.291027429103,A
f27627f8bb238ccf64913b39a45a242ffd6440ec45ca9c92e975de0317ad107f,2023-24,2023-11-25T16:00:00+03:00,uniform_hda,2151,0,2023-11-12T19:00:00+00:00,0.333333333333,0.333333333333,0.333333333333,H
f27627f8bb238ccf64913b39a45a242ffd6440ec45ca9c92e975de0317ad107f,2023-24,2023-11-25T16:00:00+03:00,expanding_league_hda,2151,2151,2023-11-12T19:00:00+00:00,0.452812645281,0.256159925616,0.291027429103,H
5fcc767052f050389c3b624616037fc4fcfb391322550d5aee6404becc942f67,2023-24,2023-11-25T19:00:00+03:00,uniform_hda,2152,0,2023-11-25T13:30:00+00:00,0.333333333333,0.333333333333,0.333333333333,H
5fcc767052f050389c3b624616037fc4fcfb391322550d5aee6404becc942f67,2023-24,2023-11-25T19:00:00+03:00,expanding_league_hda,2152,2152,2023-11-25T13:30:00+00:00,0.453066914498,0.256040892193,0.290892193309,H
ebc1256dad4fb11aef1af3b6686f48324958438564840d6f78bab0568b508cd5,2023-24,2023-11-26T13:30:00+03:00,uniform_hda,2155,0,2023-11-25T19:00:00+00:00,0.333333333333,0.333333333333,0.333333333333,D
ebc1256dad4fb11aef1af3b6686f48324958438564840d6f78bab0568b508cd5,2023-24,2023-11-26T13:30:00+03:00,expanding_league_hda,2155,2155,2023-11-25T19:00:00+00:00,0.453364269142,0.255684454756,0.290951276102,D
3dc1d0c369d15398ffca0ae1dbde6b178523dd01dd11dc68a779d803195ee1f0,2023-24,2023-11-26T16:00:00+03:00,uniform_hda,2155,0,2023-11-25T19:00:00+00:00,0.333333333333,0.333333333333,0.333333333333,D
3dc1d0c369d15398ffca0ae1dbde6b178523dd01dd11dc68a779d803195ee1f0,2023-24,2023-11-26T16:00:00+03:00,expanding_league_hda,2155,2155,2023-11-25T19:00:00+00:00,0.453364269142,0.255684454756,0.290951276102,D
4f15e5e567c87644ff84648e78dc0b366a3681311d4ad21657a28a3559a416ad,2023-24,2023-11-26T16:00:00+03:00,uniform_hda,2155,0,2023-11-25T19:00:00+00:00,0.333333333333,0.333333333333,0.333333333333,A
4f15e5e567c87644ff84648e78dc0b366a3681311d4ad21657a28a3559a416ad,2023-24,2023-11-26T16:00:00+03:00,expanding_league_hda,2155,2155,2023-11-25T19:00:00+00:00,0.453364269142,0.255684454756,0.290951276102,A
b7a5b53371358e3f0127e4879278e2c50d24fac863b7ae74e045269ef9dba9af,2023-24,2023-11-26T19:00:00+03:00,uniform_hda,2156,0,2023-11-26T13:30:00+00:00,0.333333333333,0.333333333333,0.333333333333,H
b7a5b53371358e3f0127e4879278e2c50d24fac863b7ae74e045269ef9dba9af,2023-24,2023-11-26T19:00:00+03:00,expanding_league_hda,2156,2156,2023-11-26T13:30:00+00:00,0.453153988868,0.256029684601,0.290816326531,H
7c6affc0416c9d10cb570f507bf171f972b2a4f5e6383a602710bd7125f6d46a,2023-24,2023-11-27T20:00:00+03:00,uniform_hda,2159,0,2023-11-26T19:00:00+00:00,0.333333333333,0.333333333333,0.333333333333,H
7c6affc0416c9d10cb570f507bf171f972b2a4f5e6383a602710bd7125f6d46a,2023-24,2023-11-27T20:00:00+03:00,expanding_league_hda,2159,2159,2023-11-26T19:00:00+00:00,0.452987494210,0.256137100509,0.290875405280,H
ed4767072f8830745f9608de5719e6ca7fa9a0330466ef1efe034b0c2af83261,2023-24,2023-11-27T20:00:00+03:00,uniform_hda,2159,0,2023-11-26T19:00:00+00:00,0.333333333333,0.333333333333,0.333333333333,D
ed4767072f8830745f9608de5719e6ca7fa9a0330466ef1efe034b0c2af83261,2023-24,2023-11-27T20:00:00+03:00,expanding_league_hda,2159,2159,2023-11-26T19:00:00+00:00,0.452987494210,0.256137100509,0.290875405280,D
518fa0de0325de58061b7e74a954b0567d3834d1fdedb9c6c1d105a3546c8ff7,2023-24,2023-12-01T20:00:00+03:00,uniform_hda,2161,0,2023-11-27T20:00:00+00:00,0.333333333333,0.333333333333,0.333333333333,D
518fa0de0325de58061b7e74a954b0567d3834d1fdedb9c6c1d105a3546c8ff7,2023-24,2023-12-01T20:00:00+03:00,expanding_league_hda,2161,2161,2023-11-27T20:00:00+00:00,0.453031004165,0.256362795002,0.290606200833,D
7c1a51392da46161cb7144d840702e029df528449dc9678ed68c4f1ef528543f,2023-24,2023-12-01T20:00:00+03:00,uniform_hda,2161,0,2023-11-27T20:00:00+00:00,0.333333333333,0.333333333333,0.333333333333,H
7c1a51392da46161cb7144d840702e029df528449dc9678ed68c4f1ef528543f,2023-24,2023-12-01T20:00:00+03:00,expanding_league_hda,2161,2161,2023-11-27T20:00:00+00:00,0.453031004165,0.256362795002,0.290606200833,H
5e9d34b96dffdefc4240677b5be8a5505170b583cabbf4da6843a0920d7d0285,2023-24,2023-12-02T13:30:00+03:00,uniform_hda,2163,0,2023-12-01T20:00:00+00:00,0.333333333333,0.333333333333,0.333333333333,D
5e9d34b96dffdefc4240677b5be8a5505170b583cabbf4da6843a0920d7d0285,2023-24,2023-12-02T13:30:00+03:00,expanding_league_hda,2163,2163,2023-12-01T20:00:00+00:00,0.453074433657,0.256588072122,0.290337494221,D
377dffa4ee6e2f7f09f57f5c7bd657c02b95de1aee5c1f2de4908818f9d66980,2023-24,2023-12-02T16:00:00+03:00,uniform_hda,2163,0,2023-12-01T20:00:00+00:00,0.333333333333,0.333333333333,0.333333333333,H
377dffa4ee6e2f7f09f57f5c7bd657c02b95de1aee5c1f2de4908818f9d66980,2023-24,2023-12-02T16:00:00+03:00,expanding_league_hda,2163,2163,2023-12-01T20:00:00+00:00,0.453074433657,0.256588072122,0.290337494221,H
8e6fb642fb38df47e3bf28f665941a7ae9f5e9e6db63988f89eb759d887d501c,2023-24,2023-12-02T19:00:00+03:00,uniform_hda,2164,0,2023-12-02T13:30:00+00:00,0.333333333333,0.333333333333,0.333333333333,A
8e6fb642fb38df47e3bf28f665941a7ae9f5e9e6db63988f89eb759d887d501c,2023-24,2023-12-02T19:00:00+03:00,expanding_league_hda,2164,2164,2023-12-02T13:30:00+00:00,0.452865064695,0.256931608133,0.290203327172,A
a04bd70325a6e11af256fc33aa4825f04cb5bd22aaeb84bee66f19a6e4b848cf,2023-24,2023-12-02T19:00:00+03:00,uniform_hda,2164,0,2023-12-02T13:30:00+00:00,0.333333333333,0.333333333333,0.333333333333,A
a04bd70325a6e11af256fc33aa4825f04cb5bd22aaeb84bee66f19a6e4b848cf,2023-24,2023-12-02T19:00:00+03:00,expanding_league_hda,2164,2164,2023-12-02T13:30:00+00:00,0.452865064695,0.256931608133,0.290203327172,A
9489d43b98bdae75012920bc66cec75bd074e0837c93ab3c71de449ffc687f10,2023-24,2023-12-03T13:30:00+03:00,uniform_hda,2167,0,2023-12-02T19:00:00+00:00,0.333333333333,0.333333333333,0.333333333333,H
9489d43b98bdae75012920bc66cec75bd074e0837c93ab3c71de449ffc687f10,2023-24,2023-12-03T13:30:00+03:00,expanding_league_hda,2167,2167,2023-12-02T19:00:00+00:00,0.452699584679,0.256575911398,0.290724503922,H
2b8144736d3447090697665cd1f6e67979d7430974a62b4669b3c04ece44932f,2023-24,2023-12-03T16:00:00+03:00,uniform_hda,2167,0,2023-12-02T19:00:00+00:00,0.333333333333,0.333333333333,0.333333333333,A
2b8144736d3447090697665cd1f6e67979d7430974a62b4669b3c04ece44932f,2023-24,2023-12-03T16:00:00+03:00,expanding_league_hda,2167,2167,2023-12-02T19:00:00+00:00,0.452699584679,0.256575911398,0.290724503922,A
29500601844c37b1f885e35564b0f7deaa26a7062968cf6d268baacd10683d6b,2023-24,2023-12-03T19:00:00+03:00,uniform_hda,2168,0,2023-12-03T13:30:00+00:00,0.333333333333,0.333333333333,0.333333333333,D
29500601844c37b1f885e35564b0f7deaa26a7062968cf6d268baacd10683d6b,2023-24,2023-12-03T19:00:00+03:00,expanding_league_hda,2168,2168,2023-12-03T13:30:00+00:00,0.452952029520,0.256457564576,0.290590405904,D
2ca0bd982e8eefb938bb0a56516b881d437d43c7300fff0691a9f604c58ad22d,2023-24,2023-12-04T20:00:00+03:00,uniform_hda,2170,0,2023-12-03T19:00:00+00:00,0.333333333333,0.333333333333,0.333333333333,H
2ca0bd982e8eefb938bb0a56516b881d437d43c7300fff0691a9f604c58ad22d,2023-24,2023-12-04T20:00:00+03:00,expanding_league_hda,2170,2170,2023-12-03T19:00:00+00:00,0.452534562212,0.256682027650,0.290783410138,H
7c0be37900b02821f8e6201685415f8e4bef27b4b30c8f4a3b682c3183090a75,2023-24,2023-12-08T20:00:00+03:00,uniform_hda,2171,0,2023-12-04T20:00:00+00:00,0.333333333333,0.333333333333,0.333333333333,H
7c0be37900b02821f8e6201685415f8e4bef27b4b30c8f4a3b682c3183090a75,2023-24,2023-12-08T20:00:00+03:00,expanding_league_hda,2171,2171,2023-12-04T20:00:00+00:00,0.452786734224,0.256563795486,0.290649470290,H
4285db35da12066a39e6e0c9ca9fa10ebb20c7b652c45f6ae08b07809d096829,2023-24,2023-12-09T13:30:00+03:00,uniform_hda,2172,0,2023-12-08T20:00:00+00:00,0.333333333333,0.333333333333,0.333333333333,H
4285db35da12066a39e6e0c9ca9fa10ebb20c7b652c45f6ae08b07809d096829,2023-24,2023-12-09T13:30:00+03:00,expanding_league_hda,2172,2172,2023-12-08T20:00:00+00:00,0.453038674033,0.256445672192,0.290515653775,H
ece6b80f2aef7febb79631061fb8e724c13a602bd802abebe3cf7c486ff9e050,2023-24,2023-12-09T16:00:00+03:00,uniform_hda,2172,0,2023-12-08T20:00:00+00:00,0.333333333333,0.333333333333,0.333333333333,H
ece6b80f2aef7febb79631061fb8e724c13a602bd802abebe3cf7c486ff9e050,2023-24,2023-12-09T16:00:00+03:00,expanding_league_hda,2172,2172,2023-12-08T20:00:00+00:00,0.453038674033,0.256445672192,0.290515653775,H
60ce8b33bf1b9145bc51579c51b912625caf8a3ee86f70e5f0054a9534895230,2023-24,2023-12-09T19:00:00+03:00,uniform_hda,2173,0,2023-12-09T13:30:00+00:00,0.333333333333,0.333333333333,0.333333333333,A
60ce8b33bf1b9145bc51579c51b912625caf8a3ee86f70e5f0054a9534895230,2023-24,2023-12-09T19:00:00+03:00,expanding_league_hda,2173,2173,2023-12-09T13:30:00+00:00,0.453290381960,0.256327657616,0.290381960423,A
a0a7f3818ec8fcdecee89b60508832d001b0d41b6f348b15b1689892c405fcec,2023-24,2023-12-10T13:30:00+03:00,uniform_hda,2175,0,2023-12-09T19:00:00+00:00,0.333333333333,0.333333333333,0.333333333333,A
a0a7f3818ec8fcdecee89b60508832d001b0d41b6f348b15b1689892c405fcec,2023-24,2023-12-10T13:30:00+03:00,expanding_league_hda,2175,2175,2023-12-09T19:00:00+00:00,0.453333333333,0.256091954023,0.290574712644,A
848c43eb28d7e4d3ff813d685e8892278a8b5ceb7e8270c6e4e7ebbd43aad8d2,2023-24,2023-12-10T16:00:00+03:00,uniform_hda,2175,0,2023-12-09T19:00:00+00:00,0.333333333333,0.333333333333,0.333333333333,H
848c43eb28d7e4d3ff813d685e8892278a8b5ceb7e8270c6e4e7ebbd43aad8d2,2023-24,2023-12-10T16:00:00+03:00,expanding_league_hda,2175,2175,2023-12-09T19:00:00+00:00,0.453333333333,0.256091954023,0.290574712644,H
cfab5e87c9acfcea6f61a9e03fe4be68db7b2e8fe2db303e2c2ba3622d0432cd,2023-24,2023-12-10T16:00:00+03:00,uniform_hda,2175,0,2023-12-09T19:00:00+00:00,0.333333333333,0.333333333333,0.333333333333,H
cfab5e87c9acfcea6f61a9e03fe4be68db7b2e8fe2db303e2c2ba3622d0432cd,2023-24,2023-12-10T16:00:00+03:00,expanding_league_hda,2175,2175,2023-12-09T19:00:00+00:00,0.453333333333,0.256091954023,0.290574712644,H
3105a881a2078a3a01855a9a946b199ffe3584c65d089f446e36cdf92e31963d,2023-24,2023-12-10T19:00:00+03:00,uniform_hda,2176,0,2023-12-10T13:30:00+00:00,0.333333333333,0.333333333333,0.333333333333,A
3105a881a2078a3a01855a9a946b199ffe3584c65d089f446e36cdf92e31963d,2023-24,2023-12-10T19:00:00+03:00,expanding_league_hda,2176,2176,2023-12-10T13:30:00+00:00,0.453125000000,0.255974264706,0.290900735294,A
0800d3986383515f5798921d4ea6c78e470835d7993a61769a3ab8b87febb396,2023-24,2023-12-11T20:00:00+03:00,uniform_hda,2179,0,2023-12-10T19:00:00+00:00,0.333333333333,0.333333333333,0.333333333333,D
0800d3986383515f5798921d4ea6c78e470835d7993a61769a3ab8b87febb396,2023-24,2023-12-11T20:00:00+03:00,expanding_league_hda,2179,2179,2023-12-10T19:00:00+00:00,0.453418999541,0.255621844883,0.290959155576,D
1c677b446cd81cd46682f4a0a9180b2ac1ca6b97b9d09ac08a1e1b39a114db28,2023-24,2023-12-11T20:00:00+03:00,uniform_hda,2179,0,2023-12-10T19:00:00+00:00,0.333333333333,0.333333333333,0.333333333333,A
1c677b446cd81cd46682f4a0a9180b2ac1ca6b97b9d09ac08a1e1b39a114db28,2023-24,2023-12-11T20:00:00+03:00,expanding_league_hda,2179,2179,2023-12-10T19:00:00+00:00,0.453418999541,0.255621844883,0.290959155576,A
c1051af7a4be774af94e831bbf9e9a032c0d3ac7b927a6f90b7e29c16f6de374,2023-24,2023-12-19T17:00:00+03:00,uniform_hda,2181,0,2023-12-11T20:00:00+00:00,0.333333333333,0.333333333333,0.333333333333,H
c1051af7a4be774af94e831bbf9e9a032c0d3ac7b927a6f90b7e29c16f6de374,2023-24,2023-12-19T17:00:00+03:00,expanding_league_hda,2181,2181,2023-12-11T20:00:00+00:00,0.453003209537,0.255845942228,0.291150848235,H
6c7847b7e113003e601ad69409a8780115e147cc358cac77cf88d3a89d3a7694,2023-24,2023-12-19T20:00:00+03:00,uniform_hda,2181,0,2023-12-11T20:00:00+00:00,0.333333333333,0.333333333333,0.333333333333,D
6c7847b7e113003e601ad69409a8780115e147cc358cac77cf88d3a89d3a7694,2023-24,2023-12-19T20:00:00+03:00,expanding_league_hda,2181,2181,2023-12-11T20:00:00+00:00,0.453003209537,0.255845942228,0.291150848235,D
8341a09e0b6a0d33f3ec2f54141840b09bf0d37ef16c588d7aa3fd463fc9c285,2023-24,2023-12-20T17:00:00+03:00,uniform_hda,2183,0,2023-12-19T20:00:00+00:00,0.333333333333,0.333333333333,0.333333333333,A
8341a09e0b6a0d33f3ec2f54141840b09bf0d37ef16c588d7aa3fd463fc9c285,2023-24,2023-12-20T17:00:00+03:00,expanding_league_hda,2183,2183,2023-12-19T20:00:00+00:00,0.453046266606,0.256069628951,0.290884104443,A
2fb7a736b9b56e04ed99d518a8247446c6f0c880870554a3e8a2b662855a56a7,2023-24,2023-12-20T20:00:00+03:00,uniform_hda,2183,0,2023-12-19T20:00:00+00:00,0.333333333333,0.333333333333,0.333333333333,H
2fb7a736b9b56e04ed99d518a8247446c6f0c880870554a3e8a2b662855a56a7,2023-24,2023-12-20T20:00:00+03:00,expanding_league_hda,2183,2183,2023-12-19T20:00:00+00:00,0.453046266606,0.256069628951,0.290884104443,H
94473dca42e15158e9349fe47a474a3439c8d394918bc7986a761f3298c1ef4f,2023-24,2023-12-20T20:00:00+03:00,uniform_hda,2183,0,2023-12-19T20:00:00+00:00,0.333333333333,0.333333333333,0.333333333333,D
94473dca42e15158e9349fe47a474a3439c8d394918bc7986a761f3298c1ef4f,2023-24,2023-12-20T20:00:00+03:00,expanding_league_hda,2183,2183,2023-12-19T20:00:00+00:00,0.453046266606,0.256069628951,0.290884104443,D
0fe5dba0246f6199367cb0145f2e7fab72110e0c9c2f4481ffa42263352e62b4,2023-24,2023-12-21T17:00:00+03:00,uniform_hda,2186,0,2023-12-20T20:00:00+00:00,0.333333333333,0.333333333333,0.333333333333,H
0fe5dba0246f6199367cb0145f2e7fab72110e0c9c2f4481ffa42263352e62b4,2023-24,2023-12-21T17:00:00+03:00,expanding_league_hda,2186,2186,2023-12-20T20:00:00+00:00,0.452881976212,0.256175663312,0.290942360476,H
23f6eac498ca346ddc74497efbd8a956e0f876a172b47e420fdf72937c3593f2,2023-24,2023-12-21T17:00:00+03:00,uniform_hda,2186,0,2023-12-20T20:00:00+00:00,0.333333333333,0.333333333333,0.333333333333,D
23f6eac498ca346ddc74497efbd8a956e0f876a172b47e420fdf72937c3593f2,2023-24,2023-12-21T17:00:00+03:00,expanding_league_hda,2186,2186,2023-12-20T20:00:00+00:00,0.452881976212,0.256175663312,0.290942360476,D
041472d17241360d5112cfcb05b3e2da373fa8de2e1f64d01f6d3b25dffa4e0c,2023-24,2023-12-21T20:00:00+03:00,uniform_hda,2186,0,2023-12-20T20:00:00+00:00,0.333333333333,0.333333333333,0.333333333333,D
041472d17241360d5112cfcb05b3e2da373fa8de2e1f64d01f6d3b25dffa4e0c,2023-24,2023-12-21T20:00:00+03:00,expanding_league_hda,2186,2186,2023-12-20T20:00:00+00:00,0.452881976212,0.256175663312,0.290942360476,D
0600fa752d7c5ec400cd6f085851a48f8d06f3a9989946fc5d922bf29761dfe6,2023-24,2023-12-21T20:00:00+03:00,uniform_hda,2186,0,2023-12-20T20:00:00+00:00,0.333333333333,0.333333333333,0.333333333333,A
0600fa752d7c5ec400cd6f085851a48f8d06f3a9989946fc5d922bf29761dfe6,2023-24,2023-12-21T20:00:00+03:00,expanding_league_hda,2186,2186,2023-12-20T20:00:00+00:00,0.452881976212,0.256175663312,0.290942360476,A
a127d24240340beaa5af9e8ed98fbda240ab4381ab2cbc62320dd1291e94fed9,2023-24,2023-12-23T13:30:00+03:00,uniform_hda,2190,0,2023-12-21T20:00:00+00:00,0.333333333333,0.333333333333,0.333333333333,H
a127d24240340beaa5af9e8ed98fbda240ab4381ab2cbc62320dd1291e94fed9,2023-24,2023-12-23T13:30:00+03:00,expanding_league_hda,2190,2190,2023-12-21T20:00:00+00:00,0.452511415525,0.256621004566,0.290867579909,H
85f2998d905472dff105f72e12c52e0b0f67b104f8f3dabb1d8a75820d450b24,2023-24,2023-12-23T16:00:00+03:00,uniform_hda,2190,0,2023-12-21T20:00:00+00:00,0.333333333333,0.333333333333,0.333333333333,A
85f2998d905472dff105f72e12c52e0b0f67b104f8f3dabb1d8a75820d450b24,2023-24,2023-12-23T16:00:00+03:00,expanding_league_hda,2190,2190,2023-12-21T20:00:00+00:00,0.452511415525,0.256621004566,0.290867579909,A
2f96b991ba26aaf00386fdc7c330e8966ab504aa250250644526e36baddaffb5,2023-24,2023-12-23T19:00:00+03:00,uniform_hda,2191,0,2023-12-23T13:30:00+00:00,0.333333333333,0.333333333333,0.333333333333,D
2f96b991ba26aaf00386fdc7c330e8966ab504aa250250644526e36baddaffb5,2023-24,2023-12-23T19:00:00+03:00,expanding_league_hda,2191,2191,2023-12-23T13:30:00+00:00,0.452761296212,0.256503879507,0.290734824281,D
46dfcc87b15fd8c69b82de881e763ae182edaeae079d037174c502919cd3a36a,2023-24,2023-12-24T13:30:00+03:00,uniform_hda,2193,0,2023-12-23T19:00:00+00:00,0.333333333333,0.333333333333,0.333333333333,H
46dfcc87b15fd8c69b82de881e763ae182edaeae079d037174c502919cd3a36a,2023-24,2023-12-24T13:30:00+03:00,expanding_league_hda,2193,2193,2023-12-23T19:00:00+00:00,0.452348381213,0.256725946192,0.290925672595,H
edb69171afa5d3989970384e3721c7296d58e1ca95bc584c66be82b5892b31be,2023-24,2023-12-24T16:00:00+03:00,uniform_hda,2193,0,2023-12-23T19:00:00+00:00,0.333333333333,0.333333333333,0.333333333333,H
edb69171afa5d3989970384e3721c7296d58e1ca95bc584c66be82b5892b31be,2023-24,2023-12-24T16:00:00+03:00,expanding_league_hda,2193,2193,2023-12-23T19:00:00+00:00,0.452348381213,0.256725946192,0.290925672595,H
6f30dceb05b041d78f8d48badd2e186623084474a20a6d0a004165538fa84506,2023-24,2023-12-24T19:00:00+03:00,uniform_hda,2194,0,2023-12-24T13:30:00+00:00,0.333333333333,0.333333333333,0.333333333333,D
6f30dceb05b041d78f8d48badd2e186623084474a20a6d0a004165538fa84506,2023-24,2023-12-24T19:00:00+03:00,expanding_league_hda,2194,2194,2023-12-24T13:30:00+00:00,0.452597994531,0.256608933455,0.290793072015,D
2eedf1829d96ec7b0e4a81fcbf5e3cb77963eac2f1886f1ceec881593832db1f,2023-24,2023-12-25T17:00:00+03:00,uniform_hda,2196,0,2023-12-24T19:00:00+00:00,0.333333333333,0.333333333333,0.333333333333,H
2eedf1829d96ec7b0e4a81fcbf5e3cb77963eac2f1886f1ceec881593832db1f,2023-24,2023-12-25T17:00:00+03:00,expanding_league_hda,2196,2196,2023-12-24T19:00:00+00:00,0.452641165756,0.256830601093,0.290528233151,H
9c89decc6401d9dc7711d0fbc12ea9c61dc172996c92aa5007ef8a256df1c4ef,2023-24,2023-12-25T17:00:00+03:00,uniform_hda,2196,0,2023-12-24T19:00:00+00:00,0.333333333333,0.333333333333,0.333333333333,D
9c89decc6401d9dc7711d0fbc12ea9c61dc172996c92aa5007ef8a256df1c4ef,2023-24,2023-12-25T17:00:00+03:00,expanding_league_hda,2196,2196,2023-12-24T19:00:00+00:00,0.452641165756,0.256830601093,0.290528233151,D
9fa3449549231201636e8a3c65fc9f41f5aa9f4ccffa235de3e4c35dabbe2db5,2023-24,2023-12-25T20:00:00+03:00,uniform_hda,2196,0,2023-12-24T19:00:00+00:00,0.333333333333,0.333333333333,0.333333333333,A
9fa3449549231201636e8a3c65fc9f41f5aa9f4ccffa235de3e4c35dabbe2db5,2023-24,2023-12-25T20:00:00+03:00,expanding_league_hda,2196,2196,2023-12-24T19:00:00+00:00,0.452641165756,0.256830601093,0.290528233151,A
a45b95f4310081bc3877a2131dffcb5ae0a6b0a591804fd86931bbe061d32a01,2023-24,2023-12-25T20:00:00+03:00,uniform_hda,2196,0,2023-12-24T19:00:00+00:00,0.333333333333,0.333333333333,0.333333333333,D
a45b95f4310081bc3877a2131dffcb5ae0a6b0a591804fd86931bbe061d32a01,2023-24,2023-12-25T20:00:00+03:00,expanding_league_hda,2196,2196,2023-12-24T19:00:00+00:00,0.452641165756,0.256830601093,0.290528233151,D
3623c6d52daabd9d10cfee3c5ec949f8b6e659dd154c077e18c801ea5ddd9551,2023-24,2024-01-05T17:00:00+03:00,uniform_hda,2200,0,2023-12-25T20:00:00+00:00,0.333333333333,0.333333333333,0.333333333333,D
3623c6d52daabd9d10cfee3c5ec949f8b6e659dd154c077e18c801ea5ddd9551,2023-24,2024-01-05T17:00:00+03:00,expanding_league_hda,2200,2200,2023-12-25T20:00:00+00:00,0.452272727273,0.257272727273,0.290454545455,D
92e25de2c87206f5f868b19700a05fa9079205c657a1ef1cde3c895e379eb67a,2023-24,2024-01-05T20:00:00+03:00,uniform_hda,2200,0,2023-12-25T20:00:00+00:00,0.333333333333,0.333333333333,0.333333333333,D
92e25de2c87206f5f868b19700a05fa9079205c657a1ef1cde3c895e379eb67a,2023-24,2024-01-05T20:00:00+03:00,expanding_league_hda,2200,2200,2023-12-25T20:00:00+00:00,0.452272727273,0.257272727273,0.290454545455,D
fde989269db31422a68b409592a70ba38f56fabcfcc2fbdee479f99e258323ff,2023-24,2024-01-05T20:00:00+03:00,uniform_hda,2200,0,2023-12-25T20:00:00+00:00,0.333333333333,0.333333333333,0.333333333333,A
fde989269db31422a68b409592a70ba38f56fabcfcc2fbdee479f99e258323ff,2023-24,2024-01-05T20:00:00+03:00,expanding_league_hda,2200,2200,2023-12-25T20:00:00+00:00,0.452272727273,0.257272727273,0.290454545455,A
b857bcf7cb13a247f861b54341a6a98fd7f299f456d897ceb05d66ad0da33728,2023-24,2024-01-06T13:30:00+03:00,uniform_hda,2203,0,2024-01-05T20:00:00+00:00,0.333333333333,0.333333333333,0.333333333333,H
b857bcf7cb13a247f861b54341a6a98fd7f299f456d897ceb05d66ad0da33728,2023-24,2024-01-06T13:30:00+03:00,expanding_league_hda,2203,2203,2024-01-05T20:00:00+00:00,0.451656831593,0.257830231502,0.290512936904,H
6db873dafaa1edaef27a5d809317cde59d374ee3ef256883d1724bb12d854b98,2023-24,2024-01-06T16:00:00+03:00,uniform_hda,2203,0,2024-01-05T20:00:00+00:00,0.333333333333,0.333333333333,0.333333333333,D
6db873dafaa1edaef27a5d809317cde59d374ee3ef256883d1724bb12d854b98,2023-24,2024-01-06T16:00:00+03:00,expanding_league_hda,2203,2203,2024-01-05T20:00:00+00:00,0.451656831593,0.257830231502,0.290512936904,D
08f312efb9b9ba3f5888204296285fd892979526155e00d014396bd544b2a65e,2023-24,2024-01-06T19:00:00+03:00,uniform_hda,2204,0,2024-01-06T13:30:00+00:00,0.333333333333,0.333333333333,0.333333333333,A
08f312efb9b9ba3f5888204296285fd892979526155e00d014396bd544b2a65e,2023-24,2024-01-06T19:00:00+03:00,expanding_league_hda,2204,2204,2024-01-06T13:30:00+00:00,0.451905626134,0.257713248639,0.290381125227,A
f22bac9d85a5b3c83b4ff2668cae8ca39348fa975f77f88eea642190a867acbe,2023-24,2024-01-06T19:00:00+03:00,uniform_hda,2204,0,2024-01-06T13:30:00+00:00,0.333333333333,0.333333333333,0.333333333333,H
f22bac9d85a5b3c83b4ff2668cae8ca39348fa975f77f88eea642190a867acbe,2023-24,2024-01-06T19:00:00+03:00,expanding_league_hda,2204,2204,2024-01-06T13:30:00+00:00,0.451905626134,0.257713248639,0.290381125227,H
246687eb4cbe843d01f0e99642c2e79046f92f1bd6949a34b2e919856b5312f3,2023-24,2024-01-07T13:30:00+03:00,uniform_hda,2207,0,2024-01-06T19:00:00+00:00,0.333333333333,0.333333333333,0.333333333333,A
246687eb4cbe843d01f0e99642c2e79046f92f1bd6949a34b2e919856b5312f3,2023-24,2024-01-07T13:30:00+03:00,expanding_league_hda,2207,2207,2024-01-06T19:00:00+00:00,0.451744449479,0.257816039873,0.290439510648,A
c2ce145671f7ed16783763636a5e54104374fe369c5c509e5660ef965ad6ba1a,2023-24,2024-01-07T16:00:00+03:00,uniform_hda,2207,0,2024-01-06T19:00:00+00:00,0.333333333333,0.333333333333,0.333333333333,A
c2ce145671f7ed16783763636a5e54104374fe369c5c509e5660ef965ad6ba1a,2023-24,2024-01-07T16:00:00+03:00,expanding_league_hda,2207,2207,2024-01-06T19:00:00+00:00,0.451744449479,0.257816039873,0.290439510648,A
2ec17c7773cc7eaec75a793008ded414aad727a1e1b89d9f25d2475706fbd3a6,2023-24,2024-01-07T19:00:00+03:00,uniform_hda,2208,0,2024-01-07T13:30:00+00:00,0.333333333333,0.333333333333,0.333333333333,H
2ec17c7773cc7eaec75a793008ded414aad727a1e1b89d9f25d2475706fbd3a6,2023-24,2024-01-07T19:00:00+03:00,expanding_league_hda,2208,2208,2024-01-07T13:30:00+00:00,0.451539855072,0.257699275362,0.290760869565,H
2ee7cdaf02f4ea7eb897cf851637306b0e1dea83d3146e45dc5226ce0f96b414,2023-24,2024-01-09T17:00:00+03:00,uniform_hda,2210,0,2024-01-07T19:00:00+00:00,0.333333333333,0.333333333333,0.333333333333,A
2ee7cdaf02f4ea7eb897cf851637306b0e1dea83d3146e45dc5226ce0f96b414,2023-24,2024-01-09T17:00:00+03:00,expanding_league_hda,2210,2210,2024-01-07T19:00:00+00:00,0.451583710407,0.257466063348,0.290950226244,A
6e6912a01d7feca4cef03a7e82bfbd535f38a43c13d1ca0de4e4d34a40e8ccd2,2023-24,2024-01-09T17:00:00+03:00,uniform_hda,2210,0,2024-01-07T19:00:00+00:00,0.333333333333,0.333333333333,0.333333333333,D
6e6912a01d7feca4cef03a7e82bfbd535f38a43c13d1ca0de4e4d34a40e8ccd2,2023-24,2024-01-09T17:00:00+03:00,expanding_league_hda,2210,2210,2024-01-07T19:00:00+00:00,0.451583710407,0.257466063348,0.290950226244,D
1d4dac358519dc2d0d89b43f0e65c8130c09b51bf6d526b86838e8a72cef5398,2023-24,2024-01-09T20:00:00+03:00,uniform_hda,2210,0,2024-01-07T19:00:00+00:00,0.333333333333,0.333333333333,0.333333333333,A
1d4dac358519dc2d0d89b43f0e65c8130c09b51bf6d526b86838e8a72cef5398,2023-24,2024-01-09T20:00:00+03:00,expanding_league_hda,2210,2210,2024-01-07T19:00:00+00:00,0.451583710407,0.257466063348,0.290950226244,A
8a1f57b7785b92e3a1d6dd5376d4dead1697bb18ac25eff7dd5033c335130534,2023-24,2024-01-09T20:00:00+03:00,uniform_hda,2210,0,2024-01-07T19:00:00+00:00,0.333333333333,0.333333333333,0.333333333333,A
8a1f57b7785b92e3a1d6dd5376d4dead1697bb18ac25eff7dd5033c335130534,2023-24,2024-01-09T20:00:00+03:00,expanding_league_hda,2210,2210,2024-01-07T19:00:00+00:00,0.451583710407,0.257466063348,0.290950226244,A
01392559725dc0a8666ecc80138a0007d80477bc06c391260e5c56d4443d33eb,2023-24,2024-01-10T17:00:00+03:00,uniform_hda,2214,0,2024-01-09T20:00:00+00:00,0.333333333333,0.333333333333,0.333333333333,D
01392559725dc0a8666ecc80138a0007d80477bc06c391260e5c56d4443d33eb,2023-24,2024-01-10T17:00:00+03:00,expanding_league_hda,2214,2214,2024-01-09T20:00:00+00:00,0.450767841012,0.257452574526,0.291779584463,D
c8abcc7db2459455ccc83bf7b2ad70ee85d0df1690804232b17e3e4c2d6b5672,2023-24,2024-01-10T17:00:00+03:00,uniform_hda,2214,0,2024-01-09T20:00:00+00:00,0.333333333333,0.333333333333,0.333333333333,H
c8abcc7db2459455ccc83bf7b2ad70ee85d0df1690804232b17e3e4c2d6b5672,2023-24,2024-01-10T17:00:00+03:00,expanding_league_hda,2214,2214,2024-01-09T20:00:00+00:00,0.450767841012,0.257452574526,0.291779584463,H
640910f0c4e2ad103efef4c2e39aa539c6482feb3f19ea5311c8366e4554684e,2023-24,2024-01-10T20:00:00+03:00,uniform_hda,2214,0,2024-01-09T20:00:00+00:00,0.333333333333,0.333333333333,0.333333333333,D
640910f0c4e2ad103efef4c2e39aa539c6482feb3f19ea5311c8366e4554684e,2023-24,2024-01-10T20:00:00+03:00,expanding_league_hda,2214,2214,2024-01-09T20:00:00+00:00,0.450767841012,0.257452574526,0.291779584463,D
a0bc834b364bcd5c63c0a96601a054360b47aae830662f060b38c5dd4b420a41,2023-24,2024-01-10T20:00:00+03:00,uniform_hda,2214,0,2024-01-09T20:00:00+00:00,0.333333333333,0.333333333333,0.333333333333,H
a0bc834b364bcd5c63c0a96601a054360b47aae830662f060b38c5dd4b420a41,2023-24,2024-01-10T20:00:00+03:00,expanding_league_hda,2214,2214,2024-01-09T20:00:00+00:00,0.450767841012,0.257452574526,0.291779584463,H
ecfdb7feabb07073d55c9ae8b5042380f89c884315a5ba02effc6c61687ba6c8,2023-24,2024-01-11T17:00:00+03:00,uniform_hda,2218,0,2024-01-10T20:00:00+00:00,0.333333333333,0.333333333333,0.333333333333,D
ecfdb7feabb07073d55c9ae8b5042380f89c884315a5ba02effc6c61687ba6c8,2023-24,2024-01-11T17:00:00+03:00,expanding_league_hda,2218,2218,2024-01-10T20:00:00+00:00,0.450856627592,0.257889990983,0.291253381425,D
e14bbb94cec3179e9d4af57918a47035fd78427c5eeb9bbc2a7ae20fd9af1dc3,2023-24,2024-01-11T20:00:00+03:00,uniform_hda,2218,0,2024-01-10T20:00:00+00:00,0.333333333333,0.333333333333,0.333333333333,H
e14bbb94cec3179e9d4af57918a47035fd78427c5eeb9bbc2a7ae20fd9af1dc3,2023-24,2024-01-11T20:00:00+03:00,expanding_league_hda,2218,2218,2024-01-10T20:00:00+00:00,0.450856627592,0.257889990983,0.291253381425,H
0cdbd3d6698358f8c4f89e2d0055b85207038b58191ca9217e029d962386aa0e,2023-24,2024-01-13T13:30:00+03:00,uniform_hda,2220,0,2024-01-11T20:00:00+00:00,0.333333333333,0.333333333333,0.333333333333,H
0cdbd3d6698358f8c4f89e2d0055b85207038b58191ca9217e029d962386aa0e,2023-24,2024-01-13T13:30:00+03:00,expanding_league_hda,2220,2220,2024-01-11T20:00:00+00:00,0.450900900901,0.258108108108,0.290990990991,H
6e0b58accb35d37b5dbbb02df142f7e6bcb008ccce61eb3680f728180448b586,2023-24,2024-01-13T13:30:00+03:00,uniform_hda,2220,0,2024-01-11T20:00:00+00:00,0.333333333333,0.333333333333,0.333333333333,D
6e0b58accb35d37b5dbbb02df142f7e6bcb008ccce61eb3680f728180448b586,2023-24,2024-01-13T13:30:00+03:00,expanding_league_hda,2220,2220,2024-01-11T20:00:00+00:00,0.450900900901,0.258108108108,0.290990990991,D
43f15f16bc411a08b27638862d9278f96ad44f3306dc9106eeee8252306a5173,2023-24,2024-01-13T16:00:00+03:00,uniform_hda,2220,0,2024-01-11T20:00:00+00:00,0.333333333333,0.333333333333,0.333333333333,H
43f15f16bc411a08b27638862d9278f96ad44f3306dc9106eeee8252306a5173,2023-24,2024-01-13T16:00:00+03:00,expanding_league_hda,2220,2220,2024-01-11T20:00:00+00:00,0.450900900901,0.258108108108,0.290990990991,H
01fae7aaca2c27365c27802aeaa1c05f2ccd1fa8c4cacabc7e2e881c376a01ed,2023-24,2024-01-13T19:00:00+03:00,uniform_hda,2222,0,2024-01-13T13:30:00+00:00,0.333333333333,0.333333333333,0.333333333333,H
01fae7aaca2c27365c27802aeaa1c05f2ccd1fa8c4cacabc7e2e881c376a01ed,2023-24,2024-01-13T19:00:00+03:00,expanding_league_hda,2222,2222,2024-01-13T13:30:00+00:00,0.450945094509,0.258325832583,0.290729072907,H
52ebbc63393ea36e842aaf66e628c292f4a3c721708c83e2e2f40f71a8a58d4a,2023-24,2024-01-13T19:00:00+03:00,uniform_hda,2222,0,2024-01-13T13:30:00+00:00,0.333333333333,0.333333333333,0.333333333333,H
52ebbc63393ea36e842aaf66e628c292f4a3c721708c83e2e2f40f71a8a58d4a,2023-24,2024-01-13T19:00:00+03:00,expanding_league_hda,2222,2222,2024-01-13T13:30:00+00:00,0.450945094509,0.258325832583,0.290729072907,H
84746c85e012526c16b703bc0e12d9ae5f4bb1438140f5b8cd2da85fa807e24a,2023-24,2024-01-14T13:30:00+03:00,uniform_hda,2225,0,2024-01-13T19:00:00+00:00,0.333333333333,0.333333333333,0.333333333333,D
84746c85e012526c16b703bc0e12d9ae5f4bb1438140f5b8cd2da85fa807e24a,2023-24,2024-01-14T13:30:00+03:00,expanding_league_hda,2225,2225,2024-01-13T19:00:00+00:00,0.451685393258,0.257977528090,0.290337078652,D
1247fe5a2c9be4e6250963a569054cccc85e9d9b99e419b2433ffd83daa3bb98,2023-24,2024-01-14T16:00:00+03:00,uniform_hda,2225,0,2024-01-13T19:00:00+00:00,0.333333333333,0.333333333333,0.333333333333,D
1247fe5a2c9be4e6250963a569054cccc85e9d9b99e419b2433ffd83daa3bb98,2023-24,2024-01-14T16:00:00+03:00,expanding_league_hda,2225,2225,2024-01-13T19:00:00+00:00,0.451685393258,0.257977528090,0.290337078652,D
afaba198b005dad10ffb390af3ba49a484ab9ac8cdfe2b97a3c62da4714a039f,2023-24,2024-01-14T16:00:00+03:00,uniform_hda,2225,0,2024-01-13T19:00:00+00:00,0.333333333333,0.333333333333,0.333333333333,H
afaba198b005dad10ffb390af3ba49a484ab9ac8cdfe2b97a3c62da4714a039f,2023-24,2024-01-14T16:00:00+03:00,expanding_league_hda,2225,2225,2024-01-13T19:00:00+00:00,0.451685393258,0.257977528090,0.290337078652,H
8d1e098b70c47c7d40e7d06db9c9594cd4a19492efc5f92c20233e6353588574,2023-24,2024-01-14T19:00:00+03:00,uniform_hda,2226,0,2024-01-14T13:30:00+00:00,0.333333333333,0.333333333333,0.333333333333,A
8d1e098b70c47c7d40e7d06db9c9594cd4a19492efc5f92c20233e6353588574,2023-24,2024-01-14T19:00:00+03:00,expanding_league_hda,2226,2226,2024-01-14T13:30:00+00:00,0.451482479784,0.258310871518,0.290206648697,A
ebe16ce493e1cd068aa0b569beb0ddf1cfba95a21cfe426b23674786026b003a,2023-24,2024-01-15T20:00:00+03:00,uniform_hda,2229,0,2024-01-14T19:00:00+00:00,0.333333333333,0.333333333333,0.333333333333,H
ebe16ce493e1cd068aa0b569beb0ddf1cfba95a21cfe426b23674786026b003a,2023-24,2024-01-15T20:00:00+03:00,expanding_league_hda,2229,2229,2024-01-14T19:00:00+00:00,0.451323463437,0.258411843876,0.290264692687,H
a0dedd3b3d774671da2e528b1b67fbd50952e3e642cbbf38d38fdb778e047e12,2023-24,2024-01-20T13:30:00+03:00,uniform_hda,2230,0,2024-01-15T20:00:00+00:00,0.333333333333,0.333333333333,0.333333333333,H
a0dedd3b3d774671da2e528b1b67fbd50952e3e642cbbf38d38fdb778e047e12,2023-24,2024-01-20T13:30:00+03:00,expanding_league_hda,2230,2230,2024-01-15T20:00:00+00:00,0.451569506726,0.258295964126,0.290134529148,H
8f1fe30cf998c4324bd8947bba05446ecb5b3e30a04278bfcaa29b5ef31574ad,2023-24,2024-01-20T16:00:00+03:00,uniform_hda,2230,0,2024-01-15T20:00:00+00:00,0.333333333333,0.333333333333,0.333333333333,D
8f1fe30cf998c4324bd8947bba05446ecb5b3e30a04278bfcaa29b5ef31574ad,2023-24,2024-01-20T16:00:00+03:00,expanding_league_hda,2230,2230,2024-01-15T20:00:00+00:00,0.451569506726,0.258295964126,0.290134529148,D
ee7a7159eff1a498b2c51bb8d1260ee95c0bd521d34f3642fa8e998d01a1f703,2023-24,2024-01-20T16:00:00+03:00,uniform_hda,2230,0,2024-01-15T20:00:00+00:00,0.333333333333,0.333333333333,0.333333333333,H
ee7a7159eff1a498b2c51bb8d1260ee95c0bd521d34f3642fa8e998d01a1f703,2023-24,2024-01-20T16:00:00+03:00,expanding_league_hda,2230,2230,2024-01-15T20:00:00+00:00,0.451569506726,0.258295964126,0.290134529148,H
07ad09c3c6379faa99c9d1fad99581a7a5fb2f84fffa691759fab69bf677f3c7,2023-24,2024-01-20T19:00:00+03:00,uniform_hda,2231,0,2024-01-20T13:30:00+00:00,0.333333333333,0.333333333333,0.333333333333,H
07ad09c3c6379faa99c9d1fad99581a7a5fb2f84fffa691759fab69bf677f3c7,2023-24,2024-01-20T19:00:00+03:00,expanding_league_hda,2231,2231,2024-01-20T13:30:00+00:00,0.451815329449,0.258180188256,0.290004482295,H
50568608f97a89c4fec19041af4eabcb2eeab7cc1271bd3a4aa57273d63a1848,2023-24,2024-01-20T19:00:00+03:00,uniform_hda,2231,0,2024-01-20T13:30:00+00:00,0.333333333333,0.333333333333,0.333333333333,D
50568608f97a89c4fec19041af4eabcb2eeab7cc1271bd3a4aa57273d63a1848,2023-24,2024-01-20T19:00:00+03:00,expanding_league_hda,2231,2231,2024-01-20T13:30:00+00:00,0.451815329449,0.258180188256,0.290004482295,D
7cc4baa3de298bf004a5bd47d322f810d888e48043cdb062d2bf649ebc72b575,2023-24,2024-01-21T13:30:00+03:00,uniform_hda,2235,0,2024-01-20T19:00:00+00:00,0.333333333333,0.333333333333,0.333333333333,D
7cc4baa3de298bf004a5bd47d322f810d888e48043cdb062d2bf649ebc72b575,2023-24,2024-01-21T13:30:00+03:00,expanding_league_hda,2235,2235,2024-01-20T19:00:00+00:00,0.451901565996,0.258612975391,0.289485458613,D
d3a242c1343bb167ff9cb505c50ab5ed51aa2184ae8fdd76b26b0a73c5c1ac2d,2023-24,2024-01-21T16:00:00+03:00,uniform_hda,2235,0,2024-01-20T19:00:00+00:00,0.333333333333,0.333333333333,0.333333333333,D
d3a242c1343bb167ff9cb505c50ab5ed51aa2184ae8fdd76b26b0a73c5c1ac2d,2023-24,2024-01-21T16:00:00+03:00,expanding_league_hda,2235,2235,2024-01-20T19:00:00+00:00,0.451901565996,0.258612975391,0.289485458613,D
de336e7da414f8b573302d6286a35499c14de3bb904f0c3cf44746c281a26635,2023-24,2024-01-21T16:00:00+03:00,uniform_hda,2235,0,2024-01-20T19:00:00+00:00,0.333333333333,0.333333333333,0.333333333333,D
de336e7da414f8b573302d6286a35499c14de3bb904f0c3cf44746c281a26635,2023-24,2024-01-21T16:00:00+03:00,expanding_league_hda,2235,2235,2024-01-20T19:00:00+00:00,0.451901565996,0.258612975391,0.289485458613,D
46e9a631ff71c766bfdf3bd844df1b472c1961eab310b05db586d48daddc0bcd,2023-24,2024-01-21T19:00:00+03:00,uniform_hda,2236,0,2024-01-21T13:30:00+00:00,0.333333333333,0.333333333333,0.333333333333,A
46e9a631ff71c766bfdf3bd844df1b472c1961eab310b05db586d48daddc0bcd,2023-24,2024-01-21T19:00:00+03:00,expanding_league_hda,2236,2236,2024-01-21T13:30:00+00:00,0.451699463327,0.258944543828,0.289355992844,A
3877ce4cdb19010227fac899cd09a9727243617c0b1977ba39df74384ad7b5c3,2023-24,2024-01-22T20:00:00+03:00,uniform_hda,2239,0,2024-01-21T19:00:00+00:00,0.333333333333,0.333333333333,0.333333333333,A
3877ce4cdb19010227fac899cd09a9727243617c0b1977ba39df74384ad7b5c3,2023-24,2024-01-22T20:00:00+03:00,expanding_league_hda,2239,2239,2024-01-21T19:00:00+00:00,0.451094238499,0.259490844127,0.289414917374,A
8fb914960b11c54916e454b6c14c1f643fd81506528aed12f8b2a745e70adeb6,2023-24,2024-01-23T17:00:00+03:00,uniform_hda,2240,0,2024-01-22T20:00:00+00:00,0.333333333333,0.333333333333,0.333333333333,D
8fb914960b11c54916e454b6c14c1f643fd81506528aed12f8b2a745e70adeb6,2023-24,2024-01-23T17:00:00+03:00,expanding_league_hda,2240,2240,2024-01-22T20:00:00+00:00,0.450892857143,0.259375000000,0.289732142857,D
33ae9f28cbc0f09d379826fd5efcebcd487732d2b806af0e0309afe86446172a,2023-24,2024-01-23T20:00:00+03:00,uniform_hda,2240,0,2024-01-22T20:00:00+00:00,0.333333333333,0.333333333333,0.333333333333,D
33ae9f28cbc0f09d379826fd5efcebcd487732d2b806af0e0309afe86446172a,2023-24,2024-01-23T20:00:00+03:00,expanding_league_hda,2240,2240,2024-01-22T20:00:00+00:00,0.450892857143,0.259375000000,0.289732142857,D
8de04307883810a15ff128a7a87cf2434b7a2f53a31e39f7e70c3227c6e405f6,2023-24,2024-01-23T20:00:00+03:00,uniform_hda,2240,0,2024-01-22T20:00:00+00:00,0.333333333333,0.333333333333,0.333333333333,H
8de04307883810a15ff128a7a87cf2434b7a2f53a31e39f7e70c3227c6e405f6,2023-24,2024-01-23T20:00:00+03:00,expanding_league_hda,2240,2240,2024-01-22T20:00:00+00:00,0.450892857143,0.259375000000,0.289732142857,H
7f58113c6cc0a476df0bb9be169b81f52ea04ba73dfdb47c0f8fafe6183617da,2023-24,2024-01-24T17:00:00+03:00,uniform_hda,2243,0,2024-01-23T20:00:00+00:00,0.333333333333,0.333333333333,0.333333333333,H
7f58113c6cc0a476df0bb9be169b81f52ea04ba73dfdb47c0f8fafe6183617da,2023-24,2024-01-24T17:00:00+03:00,expanding_league_hda,2243,2243,2024-01-23T20:00:00+00:00,0.450735621935,0.259919750334,0.289344627731,H
cd54d33e70cbcdab6cebc8ffed3c49d8e16baec405d0c828e1932dd70e64f2a8,2023-24,2024-01-24T17:00:00+03:00,uniform_hda,2243,0,2024-01-23T20:00:00+00:00,0.333333333333,0.333333333333,0.333333333333,D
cd54d33e70cbcdab6cebc8ffed3c49d8e16baec405d0c828e1932dd70e64f2a8,2023-24,2024-01-24T17:00:00+03:00,expanding_league_hda,2243,2243,2024-01-23T20:00:00+00:00,0.450735621935,0.259919750334,0.289344627731,D
02976daa6420742f1e9988a4efca1993259710d0b4b0ffefa1b63951233a8c86,2023-24,2024-01-24T20:00:00+03:00,uniform_hda,2243,0,2024-01-23T20:00:00+00:00,0.333333333333,0.333333333333,0.333333333333,H
02976daa6420742f1e9988a4efca1993259710d0b4b0ffefa1b63951233a8c86,2023-24,2024-01-24T20:00:00+03:00,expanding_league_hda,2243,2243,2024-01-23T20:00:00+00:00,0.450735621935,0.259919750334,0.289344627731,H
59e2973bfbefe6da61fdb88f6a6eac3411628ecb5c3a99042df398ffb9876f6c,2023-24,2024-01-24T20:00:00+03:00,uniform_hda,2243,0,2024-01-23T20:00:00+00:00,0.333333333333,0.333333333333,0.333333333333,A
59e2973bfbefe6da61fdb88f6a6eac3411628ecb5c3a99042df398ffb9876f6c,2023-24,2024-01-24T20:00:00+03:00,expanding_league_hda,2243,2243,2024-01-23T20:00:00+00:00,0.450735621935,0.259919750334,0.289344627731,A
9cdfd069e98f8c4aacc4f7787996669749f6082e03ebd7b5851ab56f10c33e54,2023-24,2024-01-25T17:00:00+03:00,uniform_hda,2247,0,2024-01-24T20:00:00+00:00,0.333333333333,0.333333333333,0.333333333333,H
9cdfd069e98f8c4aacc4f7787996669749f6082e03ebd7b5851ab56f10c33e54,2023-24,2024-01-25T17:00:00+03:00,expanding_league_hda,2247,2247,2024-01-24T20:00:00+00:00,0.450823319982,0.259902091678,0.289274588340,H
7ce8496a20644561b1d2a4560740cd5323eadda72aa223610b5ec430c06d1946,2023-24,2024-01-25T20:00:00+03:00,uniform_hda,2247,0,2024-01-24T20:00:00+00:00,0.333333333333,0.333333333333,0.333333333333,H
7ce8496a20644561b1d2a4560740cd5323eadda72aa223610b5ec430c06d1946,2023-24,2024-01-25T20:00:00+03:00,expanding_league_hda,2247,2247,2024-01-24T20:00:00+00:00,0.450823319982,0.259902091678,0.289274588340,H
b3d26e8c5310095a6028c4353601d347fc4bb39efd6c251592d4637fd99b5d58,2023-24,2024-01-25T20:00:00+03:00,uniform_hda,2247,0,2024-01-24T20:00:00+00:00,0.333333333333,0.333333333333,0.333333333333,H
b3d26e8c5310095a6028c4353601d347fc4bb39efd6c251592d4637fd99b5d58,2023-24,2024-01-25T20:00:00+03:00,expanding_league_hda,2247,2247,2024-01-24T20:00:00+00:00,0.450823319982,0.259902091678,0.289274588340,H
6e73719d5526a0bc65453438b4d88a8b6c5c6872068711f8061ec806bd4c6640,2023-24,2024-01-27T16:00:00+03:00,uniform_hda,2250,0,2024-01-25T20:00:00+00:00,0.333333333333,0.333333333333,0.333333333333,D
6e73719d5526a0bc65453438b4d88a8b6c5c6872068711f8061ec806bd4c6640,2023-24,2024-01-27T16:00:00+03:00,expanding_league_hda,2250,2250,2024-01-25T20:00:00+00:00,0.451555555556,0.259555555556,0.288888888889,D
3fea76dd6fb4549a7498b9e960d46981b4aba82b1bc2ea751aa9b6d46e0652b8,2023-24,2024-01-27T19:00:00+03:00,uniform_hda,2250,0,2024-01-25T20:00:00+00:00,0.333333333333,0.333333333333,0.333333333333,A
3fea76dd6fb4549a7498b9e960d46981b4aba82b1bc2ea751aa9b6d46e0652b8,2023-24,2024-01-27T19:00:00+03:00,expanding_league_hda,2250,2250,2024-01-25T20:00:00+00:00,0.451555555556,0.259555555556,0.288888888889,A
68fe3235ce516ff68d4e8da0d3c105673600711a0e5629133f21e89753241fd2,2023-24,2024-01-28T13:30:00+03:00,uniform_hda,2252,0,2024-01-27T19:00:00+00:00,0.333333333333,0.333333333333,0.333333333333,A
68fe3235ce516ff68d4e8da0d3c105673600711a0e5629133f21e89753241fd2,2023-24,2024-01-28T13:30:00+03:00,expanding_league_hda,2252,2252,2024-01-27T19:00:00+00:00,0.451154529307,0.259769094139,0.289076376554,A
5986b51293481bc265ba9143519840e6cf61af1a38310ae7c261035d811a703e,2023-24,2024-01-28T16:00:00+03:00,uniform_hda,2252,0,2024-01-27T19:00:00+00:00,0.333333333333,0.333333333333,0.333333333333,H
5986b51293481bc265ba9143519840e6cf61af1a38310ae7c261035d811a703e,2023-24,2024-01-28T16:00:00+03:00,expanding_league_hda,2252,2252,2024-01-27T19:00:00+00:00,0.451154529307,0.259769094139,0.289076376554,H
5eadde2b1d72000f5e3a47445e82b2dc35a819893c91bcdf1b005e16cfde2315,2023-24,2024-01-28T16:00:00+03:00,uniform_hda,2252,0,2024-01-27T19:00:00+00:00,0.333333333333,0.333333333333,0.333333333333,H
5eadde2b1d72000f5e3a47445e82b2dc35a819893c91bcdf1b005e16cfde2315,2023-24,2024-01-28T16:00:00+03:00,expanding_league_hda,2252,2252,2024-01-27T19:00:00+00:00,0.451154529307,0.259769094139,0.289076376554,H
64af52ce7d9c93bc750f0fba3561141e08955e3846006ff9776356a7b1deda82,2023-24,2024-01-28T19:00:00+03:00,uniform_hda,2253,0,2024-01-28T13:30:00+00:00,0.333333333333,0.333333333333,0.333333333333,H
64af52ce7d9c93bc750f0fba3561141e08955e3846006ff9776356a7b1deda82,2023-24,2024-01-28T19:00:00+03:00,expanding_league_hda,2253,2253,2024-01-28T13:30:00+00:00,0.450954283178,0.259653794940,0.289391921882,H
239c9671c41bea17abac323ee5ff8050518f4c763c4d0f7c450a7cdc5d47c34c,2023-24,2024-01-29T17:00:00+03:00,uniform_hda,2256,0,2024-01-28T19:00:00+00:00,0.333333333333,0.333333333333,0.333333333333,D
239c9671c41bea17abac323ee5ff8050518f4c763c4d0f7c450a7cdc5d47c34c,2023-24,2024-01-29T17:00:00+03:00,expanding_league_hda,2256,2256,2024-01-28T19:00:00+00:00,0.451684397163,0.259308510638,0.289007092199,D
98f7bc6fd4f1f653f662513c5fd4c8fe2a821e299a1bc2e41ec6cabf7d48c96b,2023-24,2024-01-29T17:00:00+03:00,uniform_hda,2256,0,2024-01-28T19:00:00+00:00,0.333333333333,0.333333333333,0.333333333333,D
98f7bc6fd4f1f653f662513c5fd4c8fe2a821e299a1bc2e41ec6cabf7d48c96b,2023-24,2024-01-29T17:00:00+03:00,expanding_league_hda,2256,2256,2024-01-28T19:00:00+00:00,0.451684397163,0.259308510638,0.289007092199,D
624e064aefff8ab0117d081b550fba5e6bac511e71597670a4da07427e78d6be,2023-24,2024-01-29T20:00:00+03:00,uniform_hda,2256,0,2024-01-28T19:00:00+00:00,0.333333333333,0.333333333333,0.333333333333,H
624e064aefff8ab0117d081b550fba5e6bac511e71597670a4da07427e78d6be,2023-24,2024-01-29T20:00:00+03:00,expanding_league_hda,2256,2256,2024-01-28T19:00:00+00:00,0.451684397163,0.259308510638,0.289007092199,H
7767598bc2941cede51cdbcd584eaa8fe16c5c83fea71d2cce577ad7cc5b8c5f,2023-24,2024-01-29T20:00:00+03:00,uniform_hda,2256,0,2024-01-28T19:00:00+00:00,0.333333333333,0.333333333333,0.333333333333,A
7767598bc2941cede51cdbcd584eaa8fe16c5c83fea71d2cce577ad7cc5b8c5f,2023-24,2024-01-29T20:00:00+03:00,expanding_league_hda,2256,2256,2024-01-28T19:00:00+00:00,0.451684397163,0.259308510638,0.289007092199,A
81056cdf2902f2369d1912f18a630e930a76e676907b835a3ef702348659414f,2023-24,2024-02-02T17:00:00+03:00,uniform_hda,2260,0,2024-01-29T20:00:00+00:00,0.333333333333,0.333333333333,0.333333333333,H
81056cdf2902f2369d1912f18a630e930a76e676907b835a3ef702348659414f,2023-24,2024-02-02T17:00:00+03:00,expanding_league_hda,2260,2260,2024-01-29T20:00:00+00:00,0.451327433628,0.259734513274,0.288938053097,H
8f8f23c9045e2dbf1d8009f871e4aee8cb3adcb137aa16465aa989fcbc8a7798,2023-24,2024-02-02T17:00:00+03:00,uniform_hda,2260,0,2024-01-29T20:00:00+00:00,0.333333333333,0.333333333333,0.333333333333,D
8f8f23c9045e2dbf1d8009f871e4aee8cb3adcb137aa16465aa989fcbc8a7798,2023-24,2024-02-02T17:00:00+03:00,expanding_league_hda,2260,2260,2024-01-29T20:00:00+00:00,0.451327433628,0.259734513274,0.288938053097,D
af67a735ea5de793803e6ece266d1b2ba2c2fb3de910c8fccb5ff2c8b478b0ec,2023-24,2024-02-02T20:00:00+03:00,uniform_hda,2260,0,2024-01-29T20:00:00+00:00,0.333333333333,0.333333333333,0.333333333333,A
af67a735ea5de793803e6ece266d1b2ba2c2fb3de910c8fccb5ff2c8b478b0ec,2023-24,2024-02-02T20:00:00+03:00,expanding_league_hda,2260,2260,2024-01-29T20:00:00+00:00,0.451327433628,0.259734513274,0.288938053097,A
bec9efd8afb499d394bf4ab9aecfc908b5e03a2c912466dd6132607ca405b01b,2023-24,2024-02-03T13:30:00+03:00,uniform_hda,2263,0,2024-02-02T20:00:00+00:00,0.333333333333,0.333333333333,0.333333333333,D
bec9efd8afb499d394bf4ab9aecfc908b5e03a2c912466dd6132607ca405b01b,2023-24,2024-02-03T13:30:00+03:00,expanding_league_hda,2263,2263,2024-02-02T20:00:00+00:00,0.451171011931,0.259832081308,0.288996906761,D
78a3757bd38614b77be77d3f145b7f96d34ef18c8d22b4b804610bb2908efc2b,2023-24,2024-02-03T16:00:00+03:00,uniform_hda,2263,0,2024-02-02T20:00:00+00:00,0.333333333333,0.333333333333,0.333333333333,H
78a3757bd38614b77be77d3f145b7f96d34ef18c8d22b4b804610bb2908efc2b,2023-24,2024-02-03T16:00:00+03:00,expanding_league_hda,2263,2263,2024-02-02T20:00:00+00:00,0.451171011931,0.259832081308,0.288996906761,H
ac9d1191f653a07f943d226f4497e90871caaec8a1a14b1ddf79ae62bbb5cb1f,2023-24,2024-02-03T19:00:00+03:00,uniform_hda,2264,0,2024-02-03T13:30:00+00:00,0.333333333333,0.333333333333,0.333333333333,D
ac9d1191f653a07f943d226f4497e90871caaec8a1a14b1ddf79ae62bbb5cb1f,2023-24,2024-02-03T19:00:00+03:00,expanding_league_hda,2264,2264,2024-02-03T13:30:00+00:00,0.450971731449,0.260159010601,0.288869257951,D
c519c1571b3feac6b4d6d64086c4af370f9f4071e20f5d2160b0d7f2e773ddde,2023-24,2024-02-03T19:00:00+03:00,uniform_hda,2264,0,2024-02-03T13:30:00+00:00,0.333333333333,0.333333333333,0.333333333333,A
c519c1571b3feac6b4d6d64086c4af370f9f4071e20f5d2160b0d7f2e773ddde,2023-24,2024-02-03T19:00:00+03:00,expanding_league_hda,2264,2264,2024-02-03T13:30:00+00:00,0.450971731449,0.260159010601,0.288869257951,A
6f477711b4a7fc1ff9b2ecbc5b7a00a5cccaf6b2263db94e3c07cc308a462640,2023-24,2024-02-04T13:30:00+03:00,uniform_hda,2267,0,2024-02-03T19:00:00+00:00,0.333333333333,0.333333333333,0.333333333333,H
6f477711b4a7fc1ff9b2ecbc5b7a00a5cccaf6b2263db94e3c07cc308a462640,2023-24,2024-02-04T13:30:00+03:00,expanding_league_hda,2267,2267,2024-02-03T19:00:00+00:00,0.450816056462,0.260255844729,0.288928098809,H
d6a39729a3395d07d040138fa42ebf9fff8cb66e69c369390c5e9e0056a9e1fc,2023-24,2024-02-04T16:00:00+03:00,uniform_hda,2267,0,2024-02-03T19:00:00+00:00,0.333333333333,0.333333333333,0.333333333333,H
d6a39729a3395d07d040138fa42ebf9fff8cb66e69c369390c5e9e0056a9e1fc,2023-24,2024-02-04T16:00:00+03:00,expanding_league_hda,2267,2267,2024-02-03T19:00:00+00:00,0.450816056462,0.260255844729,0.288928098809,H
44009ca3393c9fb3d2e54dc5c83d3c2327788635bb57c2301c19e945de70c109,2023-24,2024-02-04T19:00:00+03:00,uniform_hda,2268,0,2024-02-04T13:30:00+00:00,0.333333333333,0.333333333333,0.333333333333,H
44009ca3393c9fb3d2e54dc5c83d3c2327788635bb57c2301c19e945de70c109,2023-24,2024-02-04T19:00:00+03:00,expanding_league_hda,2268,2268,2024-02-04T13:30:00+00:00,0.451058201058,0.260141093474,0.288800705467,H
b89759531a0ca464db1f61545e82393fc19260a021eb0ba1649199ebc3b5a9ea,2023-24,2024-02-09T20:00:00+03:00,uniform_hda,2270,0,2024-02-04T19:00:00+00:00,0.333333333333,0.333333333333,0.333333333333,A
b89759531a0ca464db1f61545e82393fc19260a021eb0ba1649199ebc3b5a9ea,2023-24,2024-02-09T20:00:00+03:00,expanding_league_hda,2270,2270,2024-02-04T19:00:00+00:00,0.451541850220,0.259911894273,0.288546255507,A
7a67f5ed1a1b8f320ff696f9676b0d47a2d3b119c8a72ca2cd282a929c1160ef,2023-24,2024-02-10T16:00:00+03:00,uniform_hda,2271,0,2024-02-09T20:00:00+00:00,0.333333333333,0.333333333333,0.333333333333,H
7a67f5ed1a1b8f320ff696f9676b0d47a2d3b119c8a72ca2cd282a929c1160ef,2023-24,2024-02-10T16:00:00+03:00,expanding_league_hda,2271,2271,2024-02-09T20:00:00+00:00,0.451343020696,0.259797446059,0.288859533245,H
c6e2b522a2552c62f2144e2a56ee4d17c022ba39cd0927a570196fcac7f9d7f6,2023-24,2024-02-10T19:00:00+03:00,uniform_hda,2271,0,2024-02-09T20:00:00+00:00,0.333333333333,0.333333333333,0.333333333333,H
c6e2b522a2552c62f2144e2a56ee4d17c022ba39cd0927a570196fcac7f9d7f6,2023-24,2024-02-10T19:00:00+03:00,expanding_league_hda,2271,2271,2024-02-09T20:00:00+00:00,0.451343020696,0.259797446059,0.288859533245,H
1456cb4735e72480b22a5acf4449f26989dbea132c4bacc51bcd4c6327dedca6,2023-24,2024-02-11T13:30:00+03:00,uniform_hda,2273,0,2024-02-10T19:00:00+00:00,0.333333333333,0.333333333333,0.333333333333,H
1456cb4735e72480b22a5acf4449f26989dbea132c4bacc51bcd4c6327dedca6,2023-24,2024-02-11T13:30:00+03:00,expanding_league_hda,2273,2273,2024-02-10T19:00:00+00:00,0.451825780906,0.259568851738,0.288605367356,H
861ac86f4b0a7af932d29fc031de738e5b27a687125477ed6b1177580365df84,2023-24,2024-02-11T16:00:00+03:00,uniform_hda,2273,0,2024-02-10T19:00:00+00:00,0.333333333333,0.333333333333,0.333333333333,H
861ac86f4b0a7af932d29fc031de738e5b27a687125477ed6b1177580365df84,2023-24,2024-02-11T16:00:00+03:00,expanding_league_hda,2273,2273,2024-02-10T19:00:00+00:00,0.451825780906,0.259568851738,0.288605367356,H
da3badad5a8bccdce202512042688b62ae853130be8abaf4246ac3f8ccd3c40e,2023-24,2024-02-11T16:00:00+03:00,uniform_hda,2273,0,2024-02-10T19:00:00+00:00,0.333333333333,0.333333333333,0.333333333333,A
da3badad5a8bccdce202512042688b62ae853130be8abaf4246ac3f8ccd3c40e,2023-24,2024-02-11T16:00:00+03:00,expanding_league_hda,2273,2273,2024-02-10T19:00:00+00:00,0.451825780906,0.259568851738,0.288605367356,A
7e3417d7fdc210f4edb0eaf70a0ce987d0e9d74ed2943775fa8c9d34798f49c8,2023-24,2024-02-11T19:00:00+03:00,uniform_hda,2274,0,2024-02-11T13:30:00+00:00,0.333333333333,0.333333333333,0.333333333333,D
7e3417d7fdc210f4edb0eaf70a0ce987d0e9d74ed2943775fa8c9d34798f49c8,2023-24,2024-02-11T19:00:00+03:00,expanding_league_hda,2274,2274,2024-02-11T13:30:00+00:00,0.452066842568,0.259454705365,0.288478452067,D
f2ef3d97314d36bab70d3e53997e3f2670affae8b86975c1dd0601170810e7a6,2023-24,2024-02-12T17:00:00+03:00,uniform_hda,2277,0,2024-02-11T19:00:00+00:00,0.333333333333,0.333333333333,0.333333333333,H
f2ef3d97314d36bab70d3e53997e3f2670affae8b86975c1dd0601170810e7a6,2023-24,2024-02-12T17:00:00+03:00,expanding_league_hda,2277,2277,2024-02-11T19:00:00+00:00,0.451910408432,0.259552042161,0.288537549407,H
893b3520beaea155684143af1362487c92d5714d80f50d986d23ade30a9b235e,2023-24,2024-02-12T20:00:00+03:00,uniform_hda,2277,0,2024-02-11T19:00:00+00:00,0.333333333333,0.333333333333,0.333333333333,D
893b3520beaea155684143af1362487c92d5714d80f50d986d23ade30a9b235e,2023-24,2024-02-12T20:00:00+03:00,expanding_league_hda,2277,2277,2024-02-11T19:00:00+00:00,0.451910408432,0.259552042161,0.288537549407,D
8ce6c76639e16b22acf2f3e6ae42309bad9cd3285165dbc6145bee8be62c01d5,2023-24,2024-02-12T20:00:00+03:00,uniform_hda,2277,0,2024-02-11T19:00:00+00:00,0.333333333333,0.333333333333,0.333333333333,H
8ce6c76639e16b22acf2f3e6ae42309bad9cd3285165dbc6145bee8be62c01d5,2023-24,2024-02-12T20:00:00+03:00,expanding_league_hda,2277,2277,2024-02-11T19:00:00+00:00,0.451910408432,0.259552042161,0.288537549407,H
858ee48dd4de34f73a7e16dc7e66c4a0124a99a42ba7663f7ae04cc9a1e37a11,2023-24,2024-02-16T20:00:00+03:00,uniform_hda,2280,0,2024-02-12T20:00:00+00:00,0.333333333333,0.333333333333,0.333333333333,D
858ee48dd4de34f73a7e16dc7e66c4a0124a99a42ba7663f7ae04cc9a1e37a11,2023-24,2024-02-16T20:00:00+03:00,expanding_league_hda,2280,2280,2024-02-12T20:00:00+00:00,0.452192982456,0.259649122807,0.288157894737,D
f52c0226f06e77b9ecf67fdfe3c2cd1abd31f67701e8680aed960aab9c6901be,2023-24,2024-02-17T13:30:00+03:00,uniform_hda,2281,0,2024-02-16T20:00:00+00:00,0.333333333333,0.333333333333,0.333333333333,D
f52c0226f06e77b9ecf67fdfe3c2cd1abd31f67701e8680aed960aab9c6901be,2023-24,2024-02-17T13:30:00+03:00,expanding_league_hda,2281,2281,2024-02-16T20:00:00+00:00,0.451994739149,0.259973695747,0.288031565103,D
248be2b6e14226eff559c020abd4119582e0608367e41a1b347c17c5e80a6d1f,2023-24,2024-02-17T16:00:00+03:00,uniform_hda,2281,0,2024-02-16T20:00:00+00:00,0.333333333333,0.333333333333,0.333333333333,D
248be2b6e14226eff559c020abd4119582e0608367e41a1b347c17c5e80a6d1f,2023-24,2024-02-17T16:00:00+03:00,expanding_league_hda,2281,2281,2024-02-16T20:00:00+00:00,0.451994739149,0.259973695747,0.288031565103,D
d380b1fd3df84460fc6168e04bbe64c33b66a11ecbf2fabae7f89bf9ebc9f9e7,2023-24,2024-02-17T19:00:00+03:00,uniform_hda,2282,0,2024-02-17T13:30:00+00:00,0.333333333333,0.333333333333,0.333333333333,A
d380b1fd3df84460fc6168e04bbe64c33b66a11ecbf2fabae7f89bf9ebc9f9e7,2023-24,2024-02-17T19:00:00+03:00,expanding_league_hda,2282,2282,2024-02-17T13:30:00+00:00,0.451796669588,0.260297984224,0.287905346188,A
6fcc7e95861c010ff03b89daeb0df1df810478cadcc52eef39c6c7ae0191bbe5,2023-24,2024-02-18T13:30:00+03:00,uniform_hda,2284,0,2024-02-17T19:00:00+00:00,0.333333333333,0.333333333333,0.333333333333,D
6fcc7e95861c010ff03b89daeb0df1df810478cadcc52eef39c6c7ae0191bbe5,2023-24,2024-02-18T13:30:00+03:00,expanding_league_hda,2284,2284,2024-02-17T19:00:00+00:00,0.451401050788,0.260507880911,0.288091068301,D
0b03de83f0c180e0265161787d5246bae939a10924aa4c2d508ddc3f0e834e29,2023-24,2024-02-18T16:00:00+03:00,uniform_hda,2284,0,2024-02-17T19:00:00+00:00,0.333333333333,0.333333333333,0.333333333333,D
0b03de83f0c180e0265161787d5246bae939a10924aa4c2d508ddc3f0e834e29,2023-24,2024-02-18T16:00:00+03:00,expanding_league_hda,2284,2284,2024-02-17T19:00:00+00:00,0.451401050788,0.260507880911,0.288091068301,D
a895d54e088ffae796fe75498e3e493f3625954948c54047f45ddead3706984f,2023-24,2024-02-18T16:00:00+03:00,uniform_hda,2284,0,2024-02-17T19:00:00+00:00,0.333333333333,0.333333333333,0.333333333333,A
a895d54e088ffae796fe75498e3e493f3625954948c54047f45ddead3706984f,2023-24,2024-02-18T16:00:00+03:00,expanding_league_hda,2284,2284,2024-02-17T19:00:00+00:00,0.451401050788,0.260507880911,0.288091068301,A
3d16fd38b41c453da9f41e8386373cdfda7b26d23247632e9f30c0c63294c103,2023-24,2024-02-18T19:00:00+03:00,uniform_hda,2285,0,2024-02-18T13:30:00+00:00,0.333333333333,0.333333333333,0.333333333333,A
3d16fd38b41c453da9f41e8386373cdfda7b26d23247632e9f30c0c63294c103,2023-24,2024-02-18T19:00:00+03:00,expanding_league_hda,2285,2285,2024-02-18T13:30:00+00:00,0.451203501094,0.260831509847,0.287964989059,A
2c86317c12ddb960c9c0072a024b9d274a4308a56733ecace4d917761c976f39,2023-24,2024-02-19T20:00:00+03:00,uniform_hda,2288,0,2024-02-18T19:00:00+00:00,0.333333333333,0.333333333333,0.333333333333,H
2c86317c12ddb960c9c0072a024b9d274a4308a56733ecace4d917761c976f39,2023-24,2024-02-19T20:00:00+03:00,expanding_league_hda,2288,2288,2024-02-18T19:00:00+00:00,0.450611888112,0.260926573427,0.288461538462,H
cf0dcc3748228551ce958f8712748df91af82fa678de10e8eb7b3a7c6021995a,2023-24,2024-02-19T20:00:00+03:00,uniform_hda,2288,0,2024-02-18T19:00:00+00:00,0.333333333333,0.333333333333,0.333333333333,A
cf0dcc3748228551ce958f8712748df91af82fa678de10e8eb7b3a7c6021995a,2023-24,2024-02-19T20:00:00+03:00,expanding_league_hda,2288,2288,2024-02-18T19:00:00+00:00,0.450611888112,0.260926573427,0.288461538462,A
71409d1985065761a1c5d69425f4adaa0cfc408e16f741f2265d7906f6e3a8a6,2023-24,2024-02-23T20:00:00+03:00,uniform_hda,2290,0,2024-02-19T20:00:00+00:00,0.333333333333,0.333333333333,0.333333333333,H
71409d1985065761a1c5d69425f4adaa0cfc408e16f741f2265d7906f6e3a8a6,2023-24,2024-02-23T20:00:00+03:00,expanding_league_hda,2290,2290,2024-02-19T20:00:00+00:00,0.450655021834,0.260698689956,0.288646288210,H
2db499512b8356721683d423da6f7ae3185d9fce4d9f4487e198a96e87d74e90,2023-24,2024-02-24T13:30:00+03:00,uniform_hda,2291,0,2024-02-23T20:00:00+00:00,0.333333333333,0.333333333333,0.333333333333,H
2db499512b8356721683d423da6f7ae3185d9fce4d9f4487e198a96e87d74e90,2023-24,2024-02-24T13:30:00+03:00,expanding_league_hda,2291,2291,2024-02-23T20:00:00+00:00,0.450894805762,0.260584897425,0.288520296814,H
549ac4211ce080cc2b2c18afe14a3a9e354b143ea4a097ef0ba1ff7f398e345f,2023-24,2024-02-24T16:00:00+03:00,uniform_hda,2291,0,2024-02-23T20:00:00+00:00,0.333333333333,0.333333333333,0.333333333333,A
549ac4211ce080cc2b2c18afe14a3a9e354b143ea4a097ef0ba1ff7f398e345f,2023-24,2024-02-24T16:00:00+03:00,expanding_league_hda,2291,2291,2024-02-23T20:00:00+00:00,0.450894805762,0.260584897425,0.288520296814,A
7d65a078a114f7e85a33f611ca362fc67edb965c9de7fe1809e0c94683a5c91b,2023-24,2024-02-24T19:00:00+03:00,uniform_hda,2292,0,2024-02-24T13:30:00+00:00,0.333333333333,0.333333333333,0.333333333333,H
7d65a078a114f7e85a33f611ca362fc67edb965c9de7fe1809e0c94683a5c91b,2023-24,2024-02-24T19:00:00+03:00,expanding_league_hda,2292,2292,2024-02-24T13:30:00+00:00,0.451134380454,0.260471204188,0.288394415358,H
95045f1d7b4f84ad2339fe9528b116f0668a7a07ef394cf6dd9f5106e688d94d,2023-24,2024-02-24T19:00:00+03:00,uniform_hda,2292,0,2024-02-24T13:30:00+00:00,0.333333333333,0.333333333333,0.333333333333,H
95045f1d7b4f84ad2339fe9528b116f0668a7a07ef394cf6dd9f5106e688d94d,2023-24,2024-02-24T19:00:00+03:00,expanding_league_hda,2292,2292,2024-02-24T13:30:00+00:00,0.451134380454,0.260471204188,0.288394415358,H
821f2e5511a4c521b77ef1ca651ec9cb819fecc85efac806fab25ae1f1f44df0,2023-24,2024-02-25T13:30:00+03:00,uniform_hda,2295,0,2024-02-24T19:00:00+00:00,0.333333333333,0.333333333333,0.333333333333,H
821f2e5511a4c521b77ef1ca651ec9cb819fecc85efac806fab25ae1f1f44df0,2023-24,2024-02-25T13:30:00+03:00,expanding_league_hda,2295,2295,2024-02-24T19:00:00+00:00,0.451416122004,0.260130718954,0.288453159041,H
5d345aa167b0319234afc12587d3c56f8a2a454368865d27938cb8d2a9dd67c2,2023-24,2024-02-25T16:00:00+03:00,uniform_hda,2295,0,2024-02-24T19:00:00+00:00,0.333333333333,0.333333333333,0.333333333333,H
5d345aa167b0319234afc12587d3c56f8a2a454368865d27938cb8d2a9dd67c2,2023-24,2024-02-25T16:00:00+03:00,expanding_league_hda,2295,2295,2024-02-24T19:00:00+00:00,0.451416122004,0.260130718954,0.288453159041,H
9003e43a32cd335ab6bc66b4504defb9c2d5bb481b7274d7fd4ebdb9b76e08ab,2023-24,2024-02-25T16:00:00+03:00,uniform_hda,2295,0,2024-02-24T19:00:00+00:00,0.333333333333,0.333333333333,0.333333333333,D
9003e43a32cd335ab6bc66b4504defb9c2d5bb481b7274d7fd4ebdb9b76e08ab,2023-24,2024-02-25T16:00:00+03:00,expanding_league_hda,2295,2295,2024-02-24T19:00:00+00:00,0.451416122004,0.260130718954,0.288453159041,D
2f7d6452c7abdc2661b93534ad453c367874f51cbc246469c515411c25fef7ec,2023-24,2024-02-25T19:00:00+03:00,uniform_hda,2296,0,2024-02-25T13:30:00+00:00,0.333333333333,0.333333333333,0.333333333333,A
2f7d6452c7abdc2661b93534ad453c367874f51cbc246469c515411c25fef7ec,2023-24,2024-02-25T19:00:00+03:00,expanding_league_hda,2296,2296,2024-02-25T13:30:00+00:00,0.451655052265,0.260017421603,0.288327526132,A
425448e403d470e199893dbb4cd144a35516585643d0b217b783e6e38b2d84d9,2023-24,2024-02-26T20:00:00+03:00,uniform_hda,2299,0,2024-02-25T19:00:00+00:00,0.333333333333,0.333333333333,0.333333333333,H
425448e403d470e199893dbb4cd144a35516585643d0b217b783e6e38b2d84d9,2023-24,2024-02-26T20:00:00+03:00,expanding_league_hda,2299,2299,2024-02-25T19:00:00+00:00,0.451500652458,0.260113092649,0.288386254893,H
398c1ee2229fa788cb05408aff6b9b7ba5a7502077c102d86cadcee7a0d48187,2023-24,2024-03-01T20:00:00+03:00,uniform_hda,2300,0,2024-02-26T20:00:00+00:00,0.333333333333,0.333333333333,0.333333333333,D
398c1ee2229fa788cb05408aff6b9b7ba5a7502077c102d86cadcee7a0d48187,2023-24,2024-03-01T20:00:00+03:00,expanding_league_hda,2300,2300,2024-02-26T20:00:00+00:00,0.451739130435,0.260000000000,0.288260869565,D
fa606a57de0312d2f96407b3a60ac7f947ac4cd60e65864a8f4674bf83950a54,2023-24,2024-03-02T13:30:00+03:00,uniform_hda,2301,0,2024-03-01T20:00:00+00:00,0.333333333333,0.333333333333,0.333333333333,D
fa606a57de0312d2f96407b3a60ac7f947ac4cd60e65864a8f4674bf83950a54,2023-24,2024-03-02T13:30:00+03:00,expanding_league_hda,2301,2301,2024-03-01T20:00:00+00:00,0.451542807475,0.260321599305,0.288135593220,D
97dee533a9c13475a960932442fd7473a837f282ba1c707497712842e5d7a042,2023-24,2024-03-02T16:00:00+03:00,uniform_hda,2301,0,2024-03-01T20:00:00+00:00,0.333333333333,0.333333333333,0.333333333333,H
97dee533a9c13475a960932442fd7473a837f282ba1c707497712842e5d7a042,2023-24,2024-03-02T16:00:00+03:00,expanding_league_hda,2301,2301,2024-03-01T20:00:00+00:00,0.451542807475,0.260321599305,0.288135593220,H
f7e5b18947575c41078990cd6038565004f4f0acc0f07e43bc5fc064cab418bc,2023-24,2024-03-02T19:00:00+03:00,uniform_hda,2302,0,2024-03-02T13:30:00+00:00,0.333333333333,0.333333333333,0.333333333333,A
f7e5b18947575c41078990cd6038565004f4f0acc0f07e43bc5fc064cab418bc,2023-24,2024-03-02T19:00:00+03:00,expanding_league_hda,2302,2302,2024-03-02T13:30:00+00:00,0.451346655083,0.260642919201,0.288010425717,A
d7e7b6d4d5bef22da09db4220c96ec64329cd276ea75501aa70f2cc33c368f5b,2023-24,2024-03-03T13:30:00+03:00,uniform_hda,2304,0,2024-03-02T19:00:00+00:00,0.333333333333,0.333333333333,0.333333333333,H
d7e7b6d4d5bef22da09db4220c96ec64329cd276ea75501aa70f2cc33c368f5b,2023-24,2024-03-03T13:30:00+03:00,expanding_league_hda,2304,2304,2024-03-02T19:00:00+00:00,0.451388888889,0.260416666667,0.288194444444,H
f7cfd73984ac10757a604144f101d57d4970b9ef922b22df4e6b861d13ccdf59,2023-24,2024-03-03T13:30:00+03:00,uniform_hda,2304,0,2024-03-02T19:00:00+00:00,0.333333333333,0.333333333333,0.333333333333,A
f7cfd73984ac10757a604144f101d57d4970b9ef922b22df4e6b861d13ccdf59,2023-24,2024-03-03T13:30:00+03:00,expanding_league_hda,2304,2304,2024-03-02T19:00:00+00:00,0.451388888889,0.260416666667,0.288194444444,A
a5beac356d2afad6093325d8e7a11f409c6822f8eaba2dbc971a61b12e5f517e,2023-24,2024-03-03T19:00:00+03:00,uniform_hda,2306,0,2024-03-03T13:30:00+00:00,0.333333333333,0.333333333333,0.333333333333,A
a5beac356d2afad6093325d8e7a11f409c6822f8eaba2dbc971a61b12e5f517e,2023-24,2024-03-03T19:00:00+03:00,expanding_league_hda,2306,2306,2024-03-03T13:30:00+00:00,0.451431049436,0.260190806592,0.288378143972,A
7403dee20eb69c980b05d642fdcfefc95850216b4d7b2c8f749044396a8eb9ae,2023-24,2024-03-04T17:00:00+03:00,uniform_hda,2307,0,2024-03-03T19:00:00+00:00,0.333333333333,0.333333333333,0.333333333333,H
7403dee20eb69c980b05d642fdcfefc95850216b4d7b2c8f749044396a8eb9ae,2023-24,2024-03-04T17:00:00+03:00,expanding_league_hda,2307,2307,2024-03-03T19:00:00+00:00,0.451235370611,0.260078023407,0.288686605982,H
226aa3ca64e1e9b426491f258ce02d0111baa7167bbb63e129196fa12c4a22ec,2023-24,2024-03-04T20:00:00+03:00,uniform_hda,2307,0,2024-03-03T19:00:00+00:00,0.333333333333,0.333333333333,0.333333333333,H
226aa3ca64e1e9b426491f258ce02d0111baa7167bbb63e129196fa12c4a22ec,2023-24,2024-03-04T20:00:00+03:00,expanding_league_hda,2307,2307,2024-03-03T19:00:00+00:00,0.451235370611,0.260078023407,0.288686605982,H
39739e7c2ce904e89493fe374095bf7cc1838f25698079b35de9ac8a6125bf6e,2023-24,2024-03-04T20:00:00+03:00,uniform_hda,2307,0,2024-03-03T19:00:00+00:00,0.333333333333,0.333333333333,0.333333333333,H
39739e7c2ce904e89493fe374095bf7cc1838f25698079b35de9ac8a6125bf6e,2023-24,2024-03-04T20:00:00+03:00,expanding_league_hda,2307,2307,2024-03-03T19:00:00+00:00,0.451235370611,0.260078023407,0.288686605982,H
b4f45c36021cf2358c4f50bc6b634d1a580e27c2ce88b1234e360847b85375a7,2023-24,2024-03-08T20:00:00+03:00,uniform_hda,2310,0,2024-03-04T20:00:00+00:00,0.333333333333,0.333333333333,0.333333333333,H
b4f45c36021cf2358c4f50bc6b634d1a580e27c2ce88b1234e360847b85375a7,2023-24,2024-03-08T20:00:00+03:00,expanding_league_hda,2310,2310,2024-03-04T20:00:00+00:00,0.451948051948,0.259740259740,0.288311688312,H
e3c01687474987f95d70ccb726fd56e9560c4b10c3f13a8048149857c5cbee23,2023-24,2024-03-09T13:30:00+03:00,uniform_hda,2311,0,2024-03-08T20:00:00+00:00,0.333333333333,0.333333333333,0.333333333333,A
e3c01687474987f95d70ccb726fd56e9560c4b10c3f13a8048149857c5cbee23,2023-24,2024-03-09T13:30:00+03:00,expanding_league_hda,2311,2311,2024-03-08T20:00:00+00:00,0.452185201212,0.259627866724,0.288186932064,A
c27451e6a64b39e75b3b05d60156e46c3e225081ca22970afc727fff1828697d,2023-24,2024-03-09T16:00:00+03:00,uniform_hda,2311,0,2024-03-08T20:00:00+00:00,0.333333333333,0.333333333333,0.333333333333,D
c27451e6a64b39e75b3b05d60156e46c3e225081ca22970afc727fff1828697d,2023-24,2024-03-09T16:00:00+03:00,expanding_league_hda,2311,2311,2024-03-08T20:00:00+00:00,0.452185201212,0.259627866724,0.288186932064,D
1773efcdccbffcf6447c950e93237206e9f3f138dc2bbd07a47b27759940450d,2023-24,2024-03-09T19:00:00+03:00,uniform_hda,2312,0,2024-03-09T13:30:00+00:00,0.333333333333,0.333333333333,0.333333333333,H
1773efcdccbffcf6447c950e93237206e9f3f138dc2bbd07a47b27759940450d,2023-24,2024-03-09T19:00:00+03:00,expanding_league_hda,2312,2312,2024-03-09T13:30:00+00:00,0.451989619377,0.259515570934,0.288494809689,H
7b835e2177d6e30461eabac70eeca0d72072dc9d9be7bd08f2ef921a82e0f39c,2023-24,2024-03-09T19:00:00+03:00,uniform_hda,2312,0,2024-03-09T13:30:00+00:00,0.333333333333,0.333333333333,0.333333333333,H
7b835e2177d6e30461eabac70eeca0d72072dc9d9be7bd08f2ef921a82e0f39c,2023-24,2024-03-09T19:00:00+03:00,expanding_league_hda,2312,2312,2024-03-09T13:30:00+00:00,0.451989619377,0.259515570934,0.288494809689,H
303a137b7264b6c5ab1d545722cf5ee1f672573525999782882f5040b65db04e,2023-24,2024-03-10T13:30:00+03:00,uniform_hda,2315,0,2024-03-09T19:00:00+00:00,0.333333333333,0.333333333333,0.333333333333,D
303a137b7264b6c5ab1d545722cf5ee1f672573525999782882f5040b65db04e,2023-24,2024-03-10T13:30:00+03:00,expanding_league_hda,2315,2315,2024-03-09T19:00:00+00:00,0.452267818575,0.259611231102,0.288120950324,D
16175dd742d725fba7e62a5d9394c31e2915fa3059ec1a38803fb202e362a2ba,2023-24,2024-03-10T16:00:00+03:00,uniform_hda,2315,0,2024-03-09T19:00:00+00:00,0.333333333333,0.333333333333,0.333333333333,A
16175dd742d725fba7e62a5d9394c31e2915fa3059ec1a38803fb202e362a2ba,2023-24,2024-03-10T16:00:00+03:00,expanding_league_hda,2315,2315,2024-03-09T19:00:00+00:00,0.452267818575,0.259611231102,0.288120950324,A
4ba27050b4ed48acf5e38ecd7eff4a81d9140d19f137d932ded7b162791c059f,2023-24,2024-03-10T16:00:00+03:00,uniform_hda,2315,0,2024-03-09T19:00:00+00:00,0.333333333333,0.333333333333,0.333333333333,H
4ba27050b4ed48acf5e38ecd7eff4a81d9140d19f137d932ded7b162791c059f,2023-24,2024-03-10T16:00:00+03:00,expanding_league_hda,2315,2315,2024-03-09T19:00:00+00:00,0.452267818575,0.259611231102,0.288120950324,H
d4906b8878821f4aebe89f8d87f826dca7722ed15a73ad97cd1b166d9ac07bf7,2023-24,2024-03-10T19:00:00+03:00,uniform_hda,2316,0,2024-03-10T13:30:00+00:00,0.333333333333,0.333333333333,0.333333333333,H
d4906b8878821f4aebe89f8d87f826dca7722ed15a73ad97cd1b166d9ac07bf7,2023-24,2024-03-10T19:00:00+03:00,expanding_league_hda,2316,2316,2024-03-10T13:30:00+00:00,0.452072538860,0.259930915371,0.287996545769,H
7c6c4394fe203076b02dd72b712184bd74911c9904cc298764767779e689d2f7,2023-24,2024-03-11T20:30:00+03:00,uniform_hda,2319,0,2024-03-10T19:00:00+00:00,0.333333333333,0.333333333333,0.333333333333,H
7c6c4394fe203076b02dd72b712184bd74911c9904cc298764767779e689d2f7,2023-24,2024-03-11T20:30:00+03:00,expanding_league_hda,2319,2319,2024-03-10T19:00:00+00:00,0.452350150927,0.259594652868,0.288055196205,H
c4f60f8086b8a8b497760aafe1b9f9b868acab22eefa92f6b1776f0d1ebe0990,2023-24,2024-03-15T20:30:00+03:00,uniform_hda,2320,0,2024-03-11T20:30:00+00:00,0.333333333333,0.333333333333,0.333333333333,H
c4f60f8086b8a8b497760aafe1b9f9b868acab22eefa92f6b1776f0d1ebe0990,2023-24,2024-03-15T20:30:00+03:00,expanding_league_hda,2320,2320,2024-03-11T20:30:00+00:00,0.452586206897,0.259482758621,0.287931034483,H
c64b32f0bb8f38dc053c847d2cd5e187d9cce13e93c47db949282c355eca1018,2023-24,2024-03-15T20:30:00+03:00,uniform_hda,2320,0,2024-03-11T20:30:00+00:00,0.333333333333,0.333333333333,0.333333333333,D
c64b32f0bb8f38dc053c847d2cd5e187d9cce13e93c47db949282c355eca1018,2023-24,2024-03-15T20:30:00+03:00,expanding_league_hda,2320,2320,2024-03-11T20:30:00+00:00,0.452586206897,0.259482758621,0.287931034483,D
fd4b1f1e4c7a544c7a08606587a98ea75125861824cf5a3a1552e99861c0b653,2023-24,2024-03-16T13:30:00+03:00,uniform_hda,2322,0,2024-03-15T20:30:00+00:00,0.333333333333,0.333333333333,0.333333333333,H
fd4b1f1e4c7a544c7a08606587a98ea75125861824cf5a3a1552e99861c0b653,2023-24,2024-03-16T13:30:00+03:00,expanding_league_hda,2322,2322,2024-03-15T20:30:00+00:00,0.452627045650,0.259689922481,0.287683031869,H
5a8e9e01564b9e08c2d5bf793e324685e5fb58026bc8acaa5821cb9c00eae223,2023-24,2024-03-16T16:00:00+03:00,uniform_hda,2322,0,2024-03-15T20:30:00+00:00,0.333333333333,0.333333333333,0.333333333333,H
5a8e9e01564b9e08c2d5bf793e324685e5fb58026bc8acaa5821cb9c00eae223,2023-24,2024-03-16T16:00:00+03:00,expanding_league_hda,2322,2322,2024-03-15T20:30:00+00:00,0.452627045650,0.259689922481,0.287683031869,H
068b221b0cc86593d36aabe071a4c43f4b097d49f660eeeb91dfc03addf968a5,2023-24,2024-03-16T20:30:00+03:00,uniform_hda,2324,0,2024-03-16T16:00:00+00:00,0.333333333333,0.333333333333,0.333333333333,H
068b221b0cc86593d36aabe071a4c43f4b097d49f660eeeb91dfc03addf968a5,2023-24,2024-03-16T20:30:00+03:00,expanding_league_hda,2324,2324,2024-03-16T16:00:00+00:00,0.453098106713,0.259466437177,0.287435456110,H
c5762569f3cc27c202af447d957c58854c866c8c8d05f174aa7db1479366d4e6,2023-24,2024-03-16T20:30:00+03:00,uniform_hda,2324,0,2024-03-16T16:00:00+00:00,0.333333333333,0.333333333333,0.333333333333,A
c5762569f3cc27c202af447d957c58854c866c8c8d05f174aa7db1479366d4e6,2023-24,2024-03-16T20:30:00+03:00,expanding_league_hda,2324,2324,2024-03-16T16:00:00+00:00,0.453098106713,0.259466437177,0.287435456110,A
59d7eeaebb3f55d0850e4bfd6fe7aa243d545df5bc29fd36f131b8cee851032f,2023-24,2024-03-17T13:30:00+03:00,uniform_hda,2326,0,2024-03-16T20:30:00+00:00,0.333333333333,0.333333333333,0.333333333333,H
59d7eeaebb3f55d0850e4bfd6fe7aa243d545df5bc29fd36f131b8cee851032f,2023-24,2024-03-17T13:30:00+03:00,expanding_league_hda,2326,2326,2024-03-16T20:30:00+00:00,0.453138435082,0.259243336199,0.287618228719,H
5ed4d9fd2535e7258cedf96511cfa184b825f9b3ca0d3632f6d06475978e8bfa,2023-24,2024-03-17T16:00:00+03:00,uniform_hda,2326,0,2024-03-16T20:30:00+00:00,0.333333333333,0.333333333333,0.333333333333,H
5ed4d9fd2535e7258cedf96511cfa184b825f9b3ca0d3632f6d06475978e8bfa,2023-24,2024-03-17T16:00:00+03:00,expanding_league_hda,2326,2326,2024-03-16T20:30:00+00:00,0.453138435082,0.259243336199,0.287618228719,H
fab2734f194f73312aa55b5b4968abf7927e5d68b2dcd183f24abc53e3848172,2023-24,2024-03-17T16:00:00+03:00,uniform_hda,2326,0,2024-03-16T20:30:00+00:00,0.333333333333,0.333333333333,0.333333333333,A
fab2734f194f73312aa55b5b4968abf7927e5d68b2dcd183f24abc53e3848172,2023-24,2024-03-17T16:00:00+03:00,expanding_league_hda,2326,2326,2024-03-16T20:30:00+00:00,0.453138435082,0.259243336199,0.287618228719,A
e014439e089e004c143f0037521d3e80b76672a0ece39592599df8640e8694c0,2023-24,2024-03-17T20:30:00+03:00,uniform_hda,2329,0,2024-03-17T16:00:00+00:00,0.333333333333,0.333333333333,0.333333333333,A
e014439e089e004c143f0037521d3e80b76672a0ece39592599df8640e8694c0,2023-24,2024-03-17T20:30:00+03:00,expanding_league_hda,2329,2329,2024-03-17T16:00:00+00:00,0.453413482181,0.258909403177,0.287677114641,A
73295397e291be2388f52a57b8f61c54cba6a3e50b53053fc2388943e88e093f,2023-24,2024-04-02T17:00:00+03:00,uniform_hda,2330,0,2024-03-17T20:30:00+00:00,0.333333333333,0.333333333333,0.333333333333,A
73295397e291be2388f52a57b8f61c54cba6a3e50b53053fc2388943e88e093f,2023-24,2024-04-02T17:00:00+03:00,expanding_league_hda,2330,2330,2024-03-17T20:30:00+00:00,0.453218884120,0.258798283262,0.287982832618,A
138a82e8cfcbd0427e4508dbef9657b0eec04f0796359d72a21a79aff7becddb,2023-24,2024-04-02T20:30:00+03:00,uniform_hda,2331,0,2024-04-02T17:00:00+00:00,0.333333333333,0.333333333333,0.333333333333,D
138a82e8cfcbd0427e4508dbef9657b0eec04f0796359d72a21a79aff7becddb,2023-24,2024-04-02T20:30:00+03:00,expanding_league_hda,2331,2331,2024-04-02T17:00:00+00:00,0.453024453024,0.258687258687,0.288288288288,D
2ad239d29eddea922487342d58e7a9f055a611c126dca0212009ee16c0d557f4,2023-24,2024-04-02T20:30:00+03:00,uniform_hda,2331,0,2024-04-02T17:00:00+00:00,0.333333333333,0.333333333333,0.333333333333,A
2ad239d29eddea922487342d58e7a9f055a611c126dca0212009ee16c0d557f4,2023-24,2024-04-02T20:30:00+03:00,expanding_league_hda,2331,2331,2024-04-02T17:00:00+00:00,0.453024453024,0.258687258687,0.288288288288,A
74ae73da56e6e212adaac02e12149faec69d12d9fd105a067fef57818fe1bc64,2023-24,2024-04-02T20:30:00+03:00,uniform_hda,2331,0,2024-04-02T17:00:00+00:00,0.333333333333,0.333333333333,0.333333333333,H
74ae73da56e6e212adaac02e12149faec69d12d9fd105a067fef57818fe1bc64,2023-24,2024-04-02T20:30:00+03:00,expanding_league_hda,2331,2331,2024-04-02T17:00:00+00:00,0.453024453024,0.258687258687,0.288288288288,H
77460db2f3d66220b9ad1f3424878caafe311a91c56e3aaeecbb0465cdd6426e,2023-24,2024-04-03T17:00:00+03:00,uniform_hda,2334,0,2024-04-02T20:30:00+00:00,0.333333333333,0.333333333333,0.333333333333,H
77460db2f3d66220b9ad1f3424878caafe311a91c56e3aaeecbb0465cdd6426e,2023-24,2024-04-03T17:00:00+03:00,expanding_league_hda,2334,2334,2024-04-02T20:30:00+00:00,0.452870608398,0.258783204799,0.288346186804,H
31299050d44b6dac4fb13c92c8442637ef3f09d06af037d968c0b05ed9d8c34d,2023-24,2024-04-03T20:30:00+03:00,uniform_hda,2335,0,2024-04-03T17:00:00+00:00,0.333333333333,0.333333333333,0.333333333333,H
31299050d44b6dac4fb13c92c8442637ef3f09d06af037d968c0b05ed9d8c34d,2023-24,2024-04-03T20:30:00+03:00,expanding_league_hda,2335,2335,2024-04-03T17:00:00+00:00,0.453104925054,0.258672376874,0.288222698073,H
e8c92156617c636335239df986b633797dff5cd114fce41605628050e89632e2,2023-24,2024-04-03T20:30:00+03:00,uniform_hda,2335,0,2024-04-03T17:00:00+00:00,0.333333333333,0.333333333333,0.333333333333,A
e8c92156617c636335239df986b633797dff5cd114fce41605628050e89632e2,2023-24,2024-04-03T20:30:00+03:00,expanding_league_hda,2335,2335,2024-04-03T17:00:00+00:00,0.453104925054,0.258672376874,0.288222698073,A
ea9cf81fb00a6961ae164c52af0ad2731fa6c50ecee2984750665989eeb9fb97,2023-24,2024-04-03T20:30:00+03:00,uniform_hda,2335,0,2024-04-03T17:00:00+00:00,0.333333333333,0.333333333333,0.333333333333,A
ea9cf81fb00a6961ae164c52af0ad2731fa6c50ecee2984750665989eeb9fb97,2023-24,2024-04-03T20:30:00+03:00,expanding_league_hda,2335,2335,2024-04-03T17:00:00+00:00,0.453104925054,0.258672376874,0.288222698073,A
7bfb23deed0bac9c73d944012f67e82afeace9252b88ee1c64d1a71f25c790ed,2023-24,2024-04-04T20:30:00+03:00,uniform_hda,2338,0,2024-04-03T20:30:00+00:00,0.333333333333,0.333333333333,0.333333333333,D
7bfb23deed0bac9c73d944012f67e82afeace9252b88ee1c64d1a71f25c790ed,2023-24,2024-04-04T20:30:00+03:00,expanding_league_hda,2338,2338,2024-04-03T20:30:00+00:00,0.452951240376,0.258340461933,0.288708297690,D
bcd962c30f8ea9758ad70c9bbc8925906b840e3480636b700c3d01a59418e472,2023-24,2024-04-04T20:30:00+03:00,uniform_hda,2338,0,2024-04-03T20:30:00+00:00,0.333333333333,0.333333333333,0.333333333333,D
bcd962c30f8ea9758ad70c9bbc8925906b840e3480636b700c3d01a59418e472,2023-24,2024-04-04T20:30:00+03:00,expanding_league_hda,2338,2338,2024-04-03T20:30:00+00:00,0.452951240376,0.258340461933,0.288708297690,D
d658814ece153c2eabc80fa3c3541fe20468c7c0aafb7d9f7a35448ed25af2c4,2023-24,2024-04-12T20:00:00+03:00,uniform_hda,2340,0,2024-04-04T20:30:00+00:00,0.333333333333,0.333333333333,0.333333333333,A
d658814ece153c2eabc80fa3c3541fe20468c7c0aafb7d9f7a35448ed25af2c4,2023-24,2024-04-12T20:00:00+03:00,expanding_league_hda,2340,2340,2024-04-04T20:30:00+00:00,0.452564102564,0.258974358974,0.288461538462,A
d428a133955fcc16edae4faff57b6a59618426c8cbee1d85450873c767afb490,2023-24,2024-04-13T13:30:00+03:00,uniform_hda,2341,0,2024-04-12T20:00:00+00:00,0.333333333333,0.333333333333,0.333333333333,A
d428a133955fcc16edae4faff57b6a59618426c8cbee1d85450873c767afb490,2023-24,2024-04-13T13:30:00+03:00,expanding_league_hda,2341,2341,2024-04-12T20:00:00+00:00,0.452370781717,0.258863733447,0.288765484836,A
bf0664961c150fc17d626779ad4e832fdd4d8e5944d0fdb6ec2bf24c82d397e3,2023-24,2024-04-13T16:00:00+03:00,uniform_hda,2341,0,2024-04-12T20:00:00+00:00,0.333333333333,0.333333333333,0.333333333333,H
bf0664961c150fc17d626779ad4e832fdd4d8e5944d0fdb6ec2bf24c82d397e3,2023-24,2024-04-13T16:00:00+03:00,expanding_league_hda,2341,2341,2024-04-12T20:00:00+00:00,0.452370781717,0.258863733447,0.288765484836,H
5e2429acc7cd3303e45e99960eb5249d2ac006822ec0f431188b09a708bb3694,2023-24,2024-04-13T19:00:00+03:00,uniform_hda,2342,0,2024-04-13T13:30:00+00:00,0.333333333333,0.333333333333,0.333333333333,D
5e2429acc7cd3303e45e99960eb5249d2ac006822ec0f431188b09a708bb3694,2023-24,2024-04-13T19:00:00+03:00,expanding_league_hda,2342,2342,2024-04-13T13:30:00+00:00,0.452177625961,0.258753202391,0.289069171648,D
f63d2313d6bf5ee41f0a7476d0f15c2d8f165d68a0fae63674fd530abc3a5c20,2023-24,2024-04-13T19:00:00+03:00,uniform_hda,2342,0,2024-04-13T13:30:00+00:00,0.333333333333,0.333333333333,0.333333333333,D
f63d2313d6bf5ee41f0a7476d0f15c2d8f165d68a0fae63674fd530abc3a5c20,2023-24,2024-04-13T19:00:00+03:00,expanding_league_hda,2342,2342,2024-04-13T13:30:00+00:00,0.452177625961,0.258753202391,0.289069171648,D
f36fae49d2b0ff47825a7576c4085b3af43531c9f4fb67d57f6685153b1ca5af,2023-24,2024-04-14T13:30:00+03:00,uniform_hda,2345,0,2024-04-13T19:00:00+00:00,0.333333333333,0.333333333333,0.333333333333,A
f36fae49d2b0ff47825a7576c4085b3af43531c9f4fb67d57f6685153b1ca5af,2023-24,2024-04-14T13:30:00+03:00,expanding_league_hda,2345,2345,2024-04-13T19:00:00+00:00,0.452025586354,0.259275053305,0.288699360341,A
99a3c50a622efc0d177c89a0445c9936f3a5b0ed554d7861fb625ef797f44f11,2023-24,2024-04-14T16:00:00+03:00,uniform_hda,2345,0,2024-04-13T19:00:00+00:00,0.333333333333,0.333333333333,0.333333333333,H
99a3c50a622efc0d177c89a0445c9936f3a5b0ed554d7861fb625ef797f44f11,2023-24,2024-04-14T16:00:00+03:00,expanding_league_hda,2345,2345,2024-04-13T19:00:00+00:00,0.452025586354,0.259275053305,0.288699360341,H
f135d11e4666457e05ec062c072f3fed353b9f72863d5f4549c58b86e5c19378,2023-24,2024-04-14T16:00:00+03:00,uniform_hda,2345,0,2024-04-13T19:00:00+00:00,0.333333333333,0.333333333333,0.333333333333,A
f135d11e4666457e05ec062c072f3fed353b9f72863d5f4549c58b86e5c19378,2023-24,2024-04-14T16:00:00+03:00,expanding_league_hda,2345,2345,2024-04-13T19:00:00+00:00,0.452025586354,0.259275053305,0.288699360341,A
eca0e98b8179bd2fd8a0d8fcf56ae40bcc7cd222022bfe16ad34242851524409,2023-24,2024-04-14T19:00:00+03:00,uniform_hda,2346,0,2024-04-14T13:30:00+00:00,0.333333333333,0.333333333333,0.333333333333,A
eca0e98b8179bd2fd8a0d8fcf56ae40bcc7cd222022bfe16ad34242851524409,2023-24,2024-04-14T19:00:00+03:00,expanding_league_hda,2346,2346,2024-04-14T13:30:00+00:00,0.451832907076,0.259164535379,0.289002557545,A
0deffa4554534d562071909683019e11cb8352e92992a485ee08b373cec14f62,2023-24,2024-04-15T20:00:00+03:00,uniform_hda,2349,0,2024-04-14T19:00:00+00:00,0.333333333333,0.333333333333,0.333333333333,A
0deffa4554534d562071909683019e11cb8352e92992a485ee08b373cec14f62,2023-24,2024-04-15T20:00:00+03:00,expanding_league_hda,2349,2349,2024-04-14T19:00:00+00:00,0.451681566624,0.258833546190,0.289484887186,A
b27a23accc234a4d3a10c275fab54296cf102e70ea6d9a0c080fc9a0b549ee08,2023-24,2024-04-19T20:00:00+03:00,uniform_hda,2350,0,2024-04-15T20:00:00+00:00,0.333333333333,0.333333333333,0.333333333333,H
b27a23accc234a4d3a10c275fab54296cf102e70ea6d9a0c080fc9a0b549ee08,2023-24,2024-04-19T20:00:00+03:00,expanding_league_hda,2350,2350,2024-04-15T20:00:00+00:00,0.451489361702,0.258723404255,0.289787234043,H
55bcebe41128bca2af434a4b7f82a8ae41086cbc2b6302e9f5c037eda78e2ace,2023-24,2024-04-20T13:30:00+03:00,uniform_hda,2351,0,2024-04-19T20:00:00+00:00,0.333333333333,0.333333333333,0.333333333333,A
55bcebe41128bca2af434a4b7f82a8ae41086cbc2b6302e9f5c037eda78e2ace,2023-24,2024-04-20T13:30:00+03:00,expanding_league_hda,2351,2351,2024-04-19T20:00:00+00:00,0.451722671204,0.258613356019,0.289663972778,A
14efd8545e5387d0ef10aeeebe261a02cfd4e7ccba47972745eb9ca8d19e80eb,2023-24,2024-04-20T16:00:00+03:00,uniform_hda,2351,0,2024-04-19T20:00:00+00:00,0.333333333333,0.333333333333,0.333333333333,A
14efd8545e5387d0ef10aeeebe261a02cfd4e7ccba47972745eb9ca8d19e80eb,2023-24,2024-04-20T16:00:00+03:00,expanding_league_hda,2351,2351,2024-04-19T20:00:00+00:00,0.451722671204,0.258613356019,0.289663972778,A
1caf42f099bddd88619c3c3565c3f6e7b87ba9cc97aa8cab4771d867115b7946,2023-24,2024-04-20T19:00:00+03:00,uniform_hda,2352,0,2024-04-20T13:30:00+00:00,0.333333333333,0.333333333333,0.333333333333,D
1caf42f099bddd88619c3c3565c3f6e7b87ba9cc97aa8cab4771d867115b7946,2023-24,2024-04-20T19:00:00+03:00,expanding_league_hda,2352,2352,2024-04-20T13:30:00+00:00,0.451530612245,0.258503401361,0.289965986395,D
ccea99b46115517b87424702eac30d013d5c56b27fcd6cce83412e3b9c8e4f15,2023-24,2024-04-20T19:00:00+03:00,uniform_hda,2352,0,2024-04-20T13:30:00+00:00,0.333333333333,0.333333333333,0.333333333333,A
ccea99b46115517b87424702eac30d013d5c56b27fcd6cce83412e3b9c8e4f15,2023-24,2024-04-20T19:00:00+03:00,expanding_league_hda,2352,2352,2024-04-20T13:30:00+00:00,0.451530612245,0.258503401361,0.289965986395,A
4e83e9e8a4347ea3b38c926c4c0fc0a53e20cdde33127d640a88e69b8299bdaa,2023-24,2024-04-21T13:30:00+03:00,uniform_hda,2355,0,2024-04-20T19:00:00+00:00,0.333333333333,0.333333333333,0.333333333333,H
4e83e9e8a4347ea3b38c926c4c0fc0a53e20cdde33127d640a88e69b8299bdaa,2023-24,2024-04-21T13:30:00+03:00,expanding_league_hda,2355,2355,2024-04-20T19:00:00+00:00,0.450955414013,0.258598726115,0.290445859873,H
143556dd21db028e826f07a7466d849c69341d2799cfbd63a0f12ce089acdff4,2023-24,2024-04-21T19:00:00+03:00,uniform_hda,2356,0,2024-04-21T13:30:00+00:00,0.333333333333,0.333333333333,0.333333333333,H
143556dd21db028e826f07a7466d849c69341d2799cfbd63a0f12ce089acdff4,2023-24,2024-04-21T19:00:00+03:00,expanding_league_hda,2356,2356,2024-04-21T13:30:00+00:00,0.451188455008,0.258488964346,0.290322580645,H
476c614e398333188917f3f20725fda88ff063db16c8affc2f654ecfb84c87ec,2023-24,2024-04-21T19:00:00+03:00,uniform_hda,2356,0,2024-04-21T13:30:00+00:00,0.333333333333,0.333333333333,0.333333333333,H
476c614e398333188917f3f20725fda88ff063db16c8affc2f654ecfb84c87ec,2023-24,2024-04-21T19:00:00+03:00,expanding_league_hda,2356,2356,2024-04-21T13:30:00+00:00,0.451188455008,0.258488964346,0.290322580645,H
9e3b6d7d46a12b06b04295a417e9ded4c2707024291c29ca59c372e4087fc76f,2023-24,2024-04-21T19:00:00+03:00,uniform_hda,2356,0,2024-04-21T13:30:00+00:00,0.333333333333,0.333333333333,0.333333333333,H
9e3b6d7d46a12b06b04295a417e9ded4c2707024291c29ca59c372e4087fc76f,2023-24,2024-04-21T19:00:00+03:00,expanding_league_hda,2356,2356,2024-04-21T13:30:00+00:00,0.451188455008,0.258488964346,0.290322580645,H
154297f59387d541af90aab0251cc0d1a9b044a87564225c2b9b8e20b1a7e9d7,2023-24,2024-04-22T20:00:00+03:00,uniform_hda,2359,0,2024-04-21T19:00:00+00:00,0.333333333333,0.333333333333,0.333333333333,D
154297f59387d541af90aab0251cc0d1a9b044a87564225c2b9b8e20b1a7e9d7,2023-24,2024-04-22T20:00:00+03:00,expanding_league_hda,2359,2359,2024-04-21T19:00:00+00:00,0.451886392539,0.258160237389,0.289953370072,D
7c84499cade08bb705e2e69240bd91d044b28f1c1cb6f662976ce3aa03dfe344,2023-24,2024-04-26T20:00:00+03:00,uniform_hda,2360,0,2024-04-22T20:00:00+00:00,0.333333333333,0.333333333333,0.333333333333,A
7c84499cade08bb705e2e69240bd91d044b28f1c1cb6f662976ce3aa03dfe344,2023-24,2024-04-26T20:00:00+03:00,expanding_league_hda,2360,2360,2024-04-22T20:00:00+00:00,0.451694915254,0.258474576271,0.289830508475,A
886afc8cba30123bbdde74cebb82c52421fe66e51c933e84cc98d0ddd35bafee,2023-24,2024-04-27T16:00:00+03:00,uniform_hda,2361,0,2024-04-26T20:00:00+00:00,0.333333333333,0.333333333333,0.333333333333,H
886afc8cba30123bbdde74cebb82c52421fe66e51c933e84cc98d0ddd35bafee,2023-24,2024-04-27T16:00:00+03:00,expanding_league_hda,2361,2361,2024-04-26T20:00:00+00:00,0.451503600169,0.258365099534,0.290131300296,H
afd019dba25e9acb5b5c1a72119367fe6ed24440fcdd54e539ecc9200009ce95,2023-24,2024-04-27T16:00:00+03:00,uniform_hda,2361,0,2024-04-26T20:00:00+00:00,0.333333333333,0.333333333333,0.333333333333,H
afd019dba25e9acb5b5c1a72119367fe6ed24440fcdd54e539ecc9200009ce95,2023-24,2024-04-27T16:00:00+03:00,expanding_league_hda,2361,2361,2024-04-26T20:00:00+00:00,0.451503600169,0.258365099534,0.290131300296,H
56418063de6f42839fe2b292f72c2d302a362f2d22d4dd0848201cb9ec95cf0d,2023-24,2024-04-27T19:00:00+03:00,uniform_hda,2361,0,2024-04-26T20:00:00+00:00,0.333333333333,0.333333333333,0.333333333333,A
56418063de6f42839fe2b292f72c2d302a362f2d22d4dd0848201cb9ec95cf0d,2023-24,2024-04-27T19:00:00+03:00,expanding_league_hda,2361,2361,2024-04-26T20:00:00+00:00,0.451503600169,0.258365099534,0.290131300296,A
ea3620f901dec871c32658824cf2ae162559a8b2381ae3fc5d846651bdfaf5f8,2023-24,2024-04-27T19:00:00+03:00,uniform_hda,2361,0,2024-04-26T20:00:00+00:00,0.333333333333,0.333333333333,0.333333333333,H
ea3620f901dec871c32658824cf2ae162559a8b2381ae3fc5d846651bdfaf5f8,2023-24,2024-04-27T19:00:00+03:00,expanding_league_hda,2361,2361,2024-04-26T20:00:00+00:00,0.451503600169,0.258365099534,0.290131300296,H
593ff772ff11c42829bb859569b622203b9d00ccf20d6b3de9e2b6d3480b2340,2023-24,2024-04-28T16:00:00+03:00,uniform_hda,2365,0,2024-04-27T19:00:00+00:00,0.333333333333,0.333333333333,0.333333333333,H
593ff772ff11c42829bb859569b622203b9d00ccf20d6b3de9e2b6d3480b2340,2023-24,2024-04-28T16:00:00+03:00,expanding_league_hda,2365,2365,2024-04-27T19:00:00+00:00,0.452008456660,0.257928118393,0.290063424947,H
7c8c4822ed752bfb79f76911c11ca70175063c34c7f05a97ba6d45febc297006,2023-24,2024-04-28T16:00:00+03:00,uniform_hda,2365,0,2024-04-27T19:00:00+00:00,0.333333333333,0.333333333333,0.333333333333,A
7c8c4822ed752bfb79f76911c11ca70175063c34c7f05a97ba6d45febc297006,2023-24,2024-04-28T16:00:00+03:00,expanding_league_hda,2365,2365,2024-04-27T19:00:00+00:00,0.452008456660,0.257928118393,0.290063424947,A
01f8dbbf9df433632f09cbb1a50fdda3a62c05df2c992dfeb552a3b650f02a4e,2023-24,2024-04-28T19:00:00+03:00,uniform_hda,2365,0,2024-04-27T19:00:00+00:00,0.333333333333,0.333333333333,0.333333333333,H
01f8dbbf9df433632f09cbb1a50fdda3a62c05df2c992dfeb552a3b650f02a4e,2023-24,2024-04-28T19:00:00+03:00,expanding_league_hda,2365,2365,2024-04-27T19:00:00+00:00,0.452008456660,0.257928118393,0.290063424947,H
ccbe849177d43e5adfdf5c4e9b5376d89e361642c4235c9619dab4f52976b5ec,2023-24,2024-04-28T19:00:00+03:00,uniform_hda,2365,0,2024-04-27T19:00:00+00:00,0.333333333333,0.333333333333,0.333333333333,D
ccbe849177d43e5adfdf5c4e9b5376d89e361642c4235c9619dab4f52976b5ec,2023-24,2024-04-28T19:00:00+03:00,expanding_league_hda,2365,2365,2024-04-27T19:00:00+00:00,0.452008456660,0.257928118393,0.290063424947,D
a12ef49b2a055ad22966be6e867acd5ee38b656eef8b2b8fc691cf37a686ea38,2023-24,2024-04-29T20:00:00+03:00,uniform_hda,2369,0,2024-04-28T19:00:00+00:00,0.333333333333,0.333333333333,0.333333333333,H
a12ef49b2a055ad22966be6e867acd5ee38b656eef8b2b8fc691cf37a686ea38,2023-24,2024-04-29T20:00:00+03:00,expanding_league_hda,2369,2369,2024-04-28T19:00:00+00:00,0.452089489236,0.257914731954,0.289995778810,H
b80359275d61717dcc8fba89843f7e0cf02a5f7283718e2ac2bd47970c976008,2023-24,2024-05-03T20:00:00+03:00,uniform_hda,2370,0,2024-04-29T20:00:00+00:00,0.333333333333,0.333333333333,0.333333333333,H
b80359275d61717dcc8fba89843f7e0cf02a5f7283718e2ac2bd47970c976008,2023-24,2024-05-03T20:00:00+03:00,expanding_league_hda,2370,2370,2024-04-29T20:00:00+00:00,0.452320675105,0.257805907173,0.289873417722,H
d533e5fa6f718f2c6682e00648008a65b3bd5c4859d2c7b11f15f0ca618c0333,2023-24,2024-05-03T20:00:00+03:00,uniform_hda,2370,0,2024-04-29T20:00:00+00:00,0.333333333333,0.333333333333,0.333333333333,D
d533e5fa6f718f2c6682e00648008a65b3bd5c4859d2c7b11f15f0ca618c0333,2023-24,2024-05-03T20:00:00+03:00,expanding_league_hda,2370,2370,2024-04-29T20:00:00+00:00,0.452320675105,0.257805907173,0.289873417722,D
ceb5b9baf6cc2cdb39844f88ce45745600a2666c36dd2754d28a48de21c10089,2023-24,2024-05-04T16:00:00+03:00,uniform_hda,2372,0,2024-05-03T20:00:00+00:00,0.333333333333,0.333333333333,0.333333333333,A
ceb5b9baf6cc2cdb39844f88ce45745600a2666c36dd2754d28a48de21c10089,2023-24,2024-05-04T16:00:00+03:00,expanding_league_hda,2372,2372,2024-05-03T20:00:00+00:00,0.452360876897,0.258010118044,0.289629005059,A
6eaa25e3602d32117db0b487fef04f2d80b00bfa3e961c43a3d433787ac8239d,2023-24,2024-05-04T19:00:00+03:00,uniform_hda,2372,0,2024-05-03T20:00:00+00:00,0.333333333333,0.333333333333,0.333333333333,H
6eaa25e3602d32117db0b487fef04f2d80b00bfa3e961c43a3d433787ac8239d,2023-24,2024-05-04T19:00:00+03:00,expanding_league_hda,2372,2372,2024-05-03T20:00:00+00:00,0.452360876897,0.258010118044,0.289629005059,H
8b22b9435c8f82cafed1879eeb2e3c194233c2385bb9838f8b2e3ea21ef64d93,2023-24,2024-05-04T19:00:00+03:00,uniform_hda,2372,0,2024-05-03T20:00:00+00:00,0.333333333333,0.333333333333,0.333333333333,D
8b22b9435c8f82cafed1879eeb2e3c194233c2385bb9838f8b2e3ea21ef64d93,2023-24,2024-05-04T19:00:00+03:00,expanding_league_hda,2372,2372,2024-05-03T20:00:00+00:00,0.452360876897,0.258010118044,0.289629005059,D
0bddbac45aeba08e2a215365541164efcdad61d82fb7fa3b9a62e6c26d58ecb8,2023-24,2024-05-05T16:00:00+03:00,uniform_hda,2375,0,2024-05-04T19:00:00+00:00,0.333333333333,0.333333333333,0.333333333333,H
0bddbac45aeba08e2a215365541164efcdad61d82fb7fa3b9a62e6c26d58ecb8,2023-24,2024-05-05T16:00:00+03:00,expanding_league_hda,2375,2375,2024-05-04T19:00:00+00:00,0.452210526316,0.258105263158,0.289684210526,H
532cbf8814991f4c64ea82bec11bce37c8274b12e9e8e19a7d8345dda60f621b,2023-24,2024-05-05T19:00:00+03:00,uniform_hda,2375,0,2024-05-04T19:00:00+00:00,0.333333333333,0.333333333333,0.333333333333,D
532cbf8814991f4c64ea82bec11bce37c8274b12e9e8e19a7d8345dda60f621b,2023-24,2024-05-05T19:00:00+03:00,expanding_league_hda,2375,2375,2024-05-04T19:00:00+00:00,0.452210526316,0.258105263158,0.289684210526,D
cebef277e4c37604be5a2a6fa93913e8e61a2c88ac0b827164ad99ccbeb6a1b9,2023-24,2024-05-05T19:00:00+03:00,uniform_hda,2375,0,2024-05-04T19:00:00+00:00,0.333333333333,0.333333333333,0.333333333333,H
cebef277e4c37604be5a2a6fa93913e8e61a2c88ac0b827164ad99ccbeb6a1b9,2023-24,2024-05-05T19:00:00+03:00,expanding_league_hda,2375,2375,2024-05-04T19:00:00+00:00,0.452210526316,0.258105263158,0.289684210526,H
572518e3f937762f132b3873cf6669bbc62afa76bf27dc5c84cb0afa07feaec1,2023-24,2024-05-06T20:00:00+03:00,uniform_hda,2378,0,2024-05-05T19:00:00+00:00,0.333333333333,0.333333333333,0.333333333333,A
572518e3f937762f132b3873cf6669bbc62afa76bf27dc5c84cb0afa07feaec1,2023-24,2024-05-06T20:00:00+03:00,expanding_league_hda,2378,2378,2024-05-05T19:00:00+00:00,0.452481076535,0.258200168209,0.289318755257,A
d76b0aa941931fc791ee2c581ab8b93926f9cb80443f6a6f63911e381799beef,2023-24,2024-05-06T20:00:00+03:00,uniform_hda,2378,0,2024-05-05T19:00:00+00:00,0.333333333333,0.333333333333,0.333333333333,D
d76b0aa941931fc791ee2c581ab8b93926f9cb80443f6a6f63911e381799beef,2023-24,2024-05-06T20:00:00+03:00,expanding_league_hda,2378,2378,2024-05-05T19:00:00+00:00,0.452481076535,0.258200168209,0.289318755257,D
068feb5e519360882862f6b14a2c97dfbb2e133be0693fe8edf92fb70084c1a2,2023-24,2024-05-12T19:00:00+03:00,uniform_hda,2380,0,2024-05-06T20:00:00+00:00,0.333333333333,0.333333333333,0.333333333333,H
068feb5e519360882862f6b14a2c97dfbb2e133be0693fe8edf92fb70084c1a2,2023-24,2024-05-12T19:00:00+03:00,expanding_league_hda,2380,2380,2024-05-06T20:00:00+00:00,0.452100840336,0.258403361345,0.289495798319,H
0b757bfca811d8e6b5fc3e53fd44a30277eabf730d65aa41f6e7be10d023b333,2023-24,2024-05-12T19:00:00+03:00,uniform_hda,2380,0,2024-05-06T20:00:00+00:00,0.333333333333,0.333333333333,0.333333333333,D
0b757bfca811d8e6b5fc3e53fd44a30277eabf730d65aa41f6e7be10d023b333,2023-24,2024-05-12T19:00:00+03:00,expanding_league_hda,2380,2380,2024-05-06T20:00:00+00:00,0.452100840336,0.258403361345,0.289495798319,D
1bee6fd580dfcb9431ea6b54de0ba1dac4383efdf774bb047c1a5ce53fa63051,2023-24,2024-05-12T19:00:00+03:00,uniform_hda,2380,0,2024-05-06T20:00:00+00:00,0.333333333333,0.333333333333,0.333333333333,A
1bee6fd580dfcb9431ea6b54de0ba1dac4383efdf774bb047c1a5ce53fa63051,2023-24,2024-05-12T19:00:00+03:00,expanding_league_hda,2380,2380,2024-05-06T20:00:00+00:00,0.452100840336,0.258403361345,0.289495798319,A
38f6089c971d22e0a7fe26a33508aa3a9661725cf5c4842be62257c3eb481f67,2023-24,2024-05-12T19:00:00+03:00,uniform_hda,2380,0,2024-05-06T20:00:00+00:00,0.333333333333,0.333333333333,0.333333333333,A
38f6089c971d22e0a7fe26a33508aa3a9661725cf5c4842be62257c3eb481f67,2023-24,2024-05-12T19:00:00+03:00,expanding_league_hda,2380,2380,2024-05-06T20:00:00+00:00,0.452100840336,0.258403361345,0.289495798319,A
65f6e4748f09eafefe2dc65773e66dcd46e9f4097ef7f6b897656560a734f5ba,2023-24,2024-05-12T19:00:00+03:00,uniform_hda,2380,0,2024-05-06T20:00:00+00:00,0.333333333333,0.333333333333,0.333333333333,H
65f6e4748f09eafefe2dc65773e66dcd46e9f4097ef7f6b897656560a734f5ba,2023-24,2024-05-12T19:00:00+03:00,expanding_league_hda,2380,2380,2024-05-06T20:00:00+00:00,0.452100840336,0.258403361345,0.289495798319,H
6e54e5b8c5c216a11b8e92ba3a5bd43c6328977fd7bde49147985cfbaf99fb23,2023-24,2024-05-12T19:00:00+03:00,uniform_hda,2380,0,2024-05-06T20:00:00+00:00,0.333333333333,0.333333333333,0.333333333333,H
6e54e5b8c5c216a11b8e92ba3a5bd43c6328977fd7bde49147985cfbaf99fb23,2023-24,2024-05-12T19:00:00+03:00,expanding_league_hda,2380,2380,2024-05-06T20:00:00+00:00,0.452100840336,0.258403361345,0.289495798319,H
7e38000e66e829d83414fc1c45aa9bcd00bcf887d0435f3405896caec7e2f930,2023-24,2024-05-12T19:00:00+03:00,uniform_hda,2380,0,2024-05-06T20:00:00+00:00,0.333333333333,0.333333333333,0.333333333333,H
7e38000e66e829d83414fc1c45aa9bcd00bcf887d0435f3405896caec7e2f930,2023-24,2024-05-12T19:00:00+03:00,expanding_league_hda,2380,2380,2024-05-06T20:00:00+00:00,0.452100840336,0.258403361345,0.289495798319,H
b04559533d188a8ad4f53538f0e969728803d84fa4a76d769ca70be8fcba5028,2023-24,2024-05-12T19:00:00+03:00,uniform_hda,2380,0,2024-05-06T20:00:00+00:00,0.333333333333,0.333333333333,0.333333333333,A
b04559533d188a8ad4f53538f0e969728803d84fa4a76d769ca70be8fcba5028,2023-24,2024-05-12T19:00:00+03:00,expanding_league_hda,2380,2380,2024-05-06T20:00:00+00:00,0.452100840336,0.258403361345,0.289495798319,A
d089debc377d47ba18604bc02f0b0e23ea0c40849332cfe3c63057b3c642cecb,2023-24,2024-05-12T19:00:00+03:00,uniform_hda,2380,0,2024-05-06T20:00:00+00:00,0.333333333333,0.333333333333,0.333333333333,H
d089debc377d47ba18604bc02f0b0e23ea0c40849332cfe3c63057b3c642cecb,2023-24,2024-05-12T19:00:00+03:00,expanding_league_hda,2380,2380,2024-05-06T20:00:00+00:00,0.452100840336,0.258403361345,0.289495798319,H
ff37c3297f2ca21b39f183719753ca003507b981ea593f829b0c78ceba23dff2,2023-24,2024-05-12T19:00:00+03:00,uniform_hda,2380,0,2024-05-06T20:00:00+00:00,0.333333333333,0.333333333333,0.333333333333,H
ff37c3297f2ca21b39f183719753ca003507b981ea593f829b0c78ceba23dff2,2023-24,2024-05-12T19:00:00+03:00,expanding_league_hda,2380,2380,2024-05-06T20:00:00+00:00,0.452100840336,0.258403361345,0.289495798319,H
9d4cc26bdd873d289f0c95d2d4ceda78a4254746bbf231227c48feb8662c7789,2023-24,2024-05-17T17:00:00+03:00,uniform_hda,2390,0,2024-05-12T19:00:00+00:00,0.333333333333,0.333333333333,0.333333333333,A
9d4cc26bdd873d289f0c95d2d4ceda78a4254746bbf231227c48feb8662c7789,2023-24,2024-05-17T17:00:00+03:00,expanding_league_hda,2390,2390,2024-05-12T19:00:00+00:00,0.452719665272,0.257740585774,0.289539748954,A
383b5a62c10ba6cc6174d1ac4e2bbdaf0cc645534f810a47a38236af08d9785f,2023-24,2024-05-17T20:00:00+03:00,uniform_hda,2390,0,2024-05-12T19:00:00+00:00,0.333333333333,0.333333333333,0.333333333333,H
383b5a62c10ba6cc6174d1ac4e2bbdaf0cc645534f810a47a38236af08d9785f,2023-24,2024-05-17T20:00:00+03:00,expanding_league_hda,2390,2390,2024-05-12T19:00:00+00:00,0.452719665272,0.257740585774,0.289539748954,H
0f9f58a13c673fec5dcd16240adf500ebab0b813dc6168c95debe41e47be54d7,2023-24,2024-05-18T19:00:00+03:00,uniform_hda,2392,0,2024-05-17T20:00:00+00:00,0.333333333333,0.333333333333,0.333333333333,H
0f9f58a13c673fec5dcd16240adf500ebab0b813dc6168c95debe41e47be54d7,2023-24,2024-05-18T19:00:00+03:00,expanding_league_hda,2392,2392,2024-05-17T20:00:00+00:00,0.452759197324,0.257525083612,0.289715719064,H
60bdf76f5947c88fcbe6372167a8356c2dd94891f70543530aecb43997476314,2023-24,2024-05-18T19:00:00+03:00,uniform_hda,2392,0,2024-05-17T20:00:00+00:00,0.333333333333,0.333333333333,0.333333333333,D
60bdf76f5947c88fcbe6372167a8356c2dd94891f70543530aecb43997476314,2023-24,2024-05-18T19:00:00+03:00,expanding_league_hda,2392,2392,2024-05-17T20:00:00+00:00,0.452759197324,0.257525083612,0.289715719064,D
74b09b474e7831ec8e3c5c6747e02d5a631574e5340014a91640b14a46aab183,2023-24,2024-05-18T19:00:00+03:00,uniform_hda,2392,0,2024-05-17T20:00:00+00:00,0.333333333333,0.333333333333,0.333333333333,D
74b09b474e7831ec8e3c5c6747e02d5a631574e5340014a91640b14a46aab183,2023-24,2024-05-18T19:00:00+03:00,expanding_league_hda,2392,2392,2024-05-17T20:00:00+00:00,0.452759197324,0.257525083612,0.289715719064,D
983aecac5276cbdc3e5ab3fff80c2ca9741ba065c505fd820d4a6c69cf27f6fa,2023-24,2024-05-18T19:00:00+03:00,uniform_hda,2392,0,2024-05-17T20:00:00+00:00,0.333333333333,0.333333333333,0.333333333333,D
983aecac5276cbdc3e5ab3fff80c2ca9741ba065c505fd820d4a6c69cf27f6fa,2023-24,2024-05-18T19:00:00+03:00,expanding_league_hda,2392,2392,2024-05-17T20:00:00+00:00,0.452759197324,0.257525083612,0.289715719064,D
aef49050b680c053fa24924eadef3e5e8cf8c708ed84994cdb1a6b1b04bab5e8,2023-24,2024-05-18T19:00:00+03:00,uniform_hda,2392,0,2024-05-17T20:00:00+00:00,0.333333333333,0.333333333333,0.333333333333,D
aef49050b680c053fa24924eadef3e5e8cf8c708ed84994cdb1a6b1b04bab5e8,2023-24,2024-05-18T19:00:00+03:00,expanding_league_hda,2392,2392,2024-05-17T20:00:00+00:00,0.452759197324,0.257525083612,0.289715719064,D
d767adc35514984753618b1dfd28fbbeece323242389a3317c35bf0e78ab4636,2023-24,2024-05-18T19:00:00+03:00,uniform_hda,2392,0,2024-05-17T20:00:00+00:00,0.333333333333,0.333333333333,0.333333333333,D
d767adc35514984753618b1dfd28fbbeece323242389a3317c35bf0e78ab4636,2023-24,2024-05-18T19:00:00+03:00,expanding_league_hda,2392,2392,2024-05-17T20:00:00+00:00,0.452759197324,0.257525083612,0.289715719064,D
db7aeee41d28f6dc2f04c5f2dc97f44cc9d4069096100a6b55dc272488ca524b,2023-24,2024-05-18T19:00:00+03:00,uniform_hda,2392,0,2024-05-17T20:00:00+00:00,0.333333333333,0.333333333333,0.333333333333,A
db7aeee41d28f6dc2f04c5f2dc97f44cc9d4069096100a6b55dc272488ca524b,2023-24,2024-05-18T19:00:00+03:00,expanding_league_hda,2392,2392,2024-05-17T20:00:00+00:00,0.452759197324,0.257525083612,0.289715719064,A
d89251ff2a786195dc7f11a7043c1a4dc9f2667a37c8e81d638800af5d0fa663,2023-24,2024-05-19T19:00:00+03:00,uniform_hda,2399,0,2024-05-18T19:00:00+00:00,0.333333333333,0.333333333333,0.333333333333,A
d89251ff2a786195dc7f11a7043c1a4dc9f2667a37c8e81d638800af5d0fa663,2023-24,2024-05-19T19:00:00+03:00,expanding_league_hda,2399,2399,2024-05-18T19:00:00+00:00,0.451854939558,0.258857857441,0.289287203001,A
4b39e5ed41ae1efaa616f67d40ef0ab726dcb57d99abcf8ed415c1da97a157b9,2023-24,2024-05-24T20:00:00+03:00,uniform_hda,2400,0,2024-05-19T19:00:00+00:00,0.333333333333,0.333333333333,0.333333333333,D
4b39e5ed41ae1efaa616f67d40ef0ab726dcb57d99abcf8ed415c1da97a157b9,2023-24,2024-05-24T20:00:00+03:00,expanding_league_hda,2400,2400,2024-05-19T19:00:00+00:00,0.451666666667,0.258750000000,0.289583333333,D
ca96fe905f1579fa6e3b49edc4751c68bd5fd339a259f594bd83d9add6057f81,2023-24,2024-05-25T16:00:00+03:00,uniform_hda,2401,0,2024-05-24T20:00:00+00:00,0.333333333333,0.333333333333,0.333333333333,H
ca96fe905f1579fa6e3b49edc4751c68bd5fd339a259f594bd83d9add6057f81,2023-24,2024-05-25T16:00:00+03:00,expanding_league_hda,2401,2401,2024-05-24T20:00:00+00:00,0.451478550604,0.259058725531,0.289462723865,H
f7a33a0edf06cc6fd58f0f71f1d88b3cbb356f2ac0c51c67f10f29ce9391a014,2023-24,2024-05-25T19:00:00+03:00,uniform_hda,2401,0,2024-05-24T20:00:00+00:00,0.333333333333,0.333333333333,0.333333333333,H
f7a33a0edf06cc6fd58f0f71f1d88b3cbb356f2ac0c51c67f10f29ce9391a014,2023-24,2024-05-25T19:00:00+03:00,expanding_league_hda,2401,2401,2024-05-24T20:00:00+00:00,0.451478550604,0.259058725531,0.289462723865,H
471f5867f60c05a11e6aac8ef52a7287501569550ea298ec0d08733cdd46fcf8,2023-24,2024-05-26T19:00:00+03:00,uniform_hda,2403,0,2024-05-25T19:00:00+00:00,0.333333333333,0.333333333333,0.333333333333,H
471f5867f60c05a11e6aac8ef52a7287501569550ea298ec0d08733cdd46fcf8,2023-24,2024-05-26T19:00:00+03:00,expanding_league_hda,2403,2403,2024-05-25T19:00:00+00:00,0.451935081149,0.258843112776,0.289221806076,H
4cb98370b0c1f0f25d0686c9686f881ae3578dbf7b765b815c04dcc25c18f621,2023-24,2024-05-26T19:00:00+03:00,uniform_hda,2403,0,2024-05-25T19:00:00+00:00,0.333333333333,0.333333333333,0.333333333333,A
4cb98370b0c1f0f25d0686c9686f881ae3578dbf7b765b815c04dcc25c18f621,2023-24,2024-05-26T19:00:00+03:00,expanding_league_hda,2403,2403,2024-05-25T19:00:00+00:00,0.451935081149,0.258843112776,0.289221806076,A
5bc1f89731bfe794e08c25d072c338d3c75ee815615f2eca360668dbe2756d04,2023-24,2024-05-26T19:00:00+03:00,uniform_hda,2403,0,2024-05-25T19:00:00+00:00,0.333333333333,0.333333333333,0.333333333333,H
5bc1f89731bfe794e08c25d072c338d3c75ee815615f2eca360668dbe2756d04,2023-24,2024-05-26T19:00:00+03:00,expanding_league_hda,2403,2403,2024-05-25T19:00:00+00:00,0.451935081149,0.258843112776,0.289221806076,H
b4b1d5934752ae49b33a668b8f89f93a042d5133b94c65ee4c636566dd0f49fb,2023-24,2024-05-26T19:00:00+03:00,uniform_hda,2403,0,2024-05-25T19:00:00+00:00,0.333333333333,0.333333333333,0.333333333333,H
b4b1d5934752ae49b33a668b8f89f93a042d5133b94c65ee4c636566dd0f49fb,2023-24,2024-05-26T19:00:00+03:00,expanding_league_hda,2403,2403,2024-05-25T19:00:00+00:00,0.451935081149,0.258843112776,0.289221806076,H
c7a8659048e1663bc6b22d16b97b2853039d0e1bd8e90c3c04dce48f0510d628,2023-24,2024-05-26T19:00:00+03:00,uniform_hda,2403,0,2024-05-25T19:00:00+00:00,0.333333333333,0.333333333333,0.333333333333,H
c7a8659048e1663bc6b22d16b97b2853039d0e1bd8e90c3c04dce48f0510d628,2023-24,2024-05-26T19:00:00+03:00,expanding_league_hda,2403,2403,2024-05-25T19:00:00+00:00,0.451935081149,0.258843112776,0.289221806076,H
cc16eecb83db4d3d393cfb4444d16dcc5ba64d2292b352fdf71050f5b0a7a437,2023-24,2024-05-26T19:00:00+03:00,uniform_hda,2403,0,2024-05-25T19:00:00+00:00,0.333333333333,0.333333333333,0.333333333333,A
cc16eecb83db4d3d393cfb4444d16dcc5ba64d2292b352fdf71050f5b0a7a437,2023-24,2024-05-26T19:00:00+03:00,expanding_league_hda,2403,2403,2024-05-25T19:00:00+00:00,0.451935081149,0.258843112776,0.289221806076,A
ccf93d2f6a691299e31b5c63b2acffa60ec7ea5bbbe9f52cb9b9137fd219bbbb,2023-24,2024-05-26T19:00:00+03:00,uniform_hda,2403,0,2024-05-25T19:00:00+00:00,0.333333333333,0.333333333333,0.333333333333,A
ccf93d2f6a691299e31b5c63b2acffa60ec7ea5bbbe9f52cb9b9137fd219bbbb,2023-24,2024-05-26T19:00:00+03:00,expanding_league_hda,2403,2403,2024-05-25T19:00:00+00:00,0.451935081149,0.258843112776,0.289221806076,A
aa34667d83fc6a19e0f19609f3205d197b4bfbe7c82bce83c7fd8b57600695e2,2024-25,2024-08-09T21:00:00+03:00,uniform_hda,2410,0,2024-05-26T19:00:00+00:00,0.333333333333,0.333333333333,0.333333333333,H
aa34667d83fc6a19e0f19609f3205d197b4bfbe7c82bce83c7fd8b57600695e2,2024-25,2024-08-09T21:00:00+03:00,expanding_league_hda,2410,2410,2024-05-26T19:00:00+00:00,0.452282157676,0.258091286307,0.289626556017,H
6b3b99a48a5295c0766f6489e0cd73fa81406aea198bdb145db5721e95c23da7,2024-25,2024-08-10T19:15:00+03:00,uniform_hda,2411,0,2024-08-09T21:00:00+00:00,0.333333333333,0.333333333333,0.333333333333,A
6b3b99a48a5295c0766f6489e0cd73fa81406aea198bdb145db5721e95c23da7,2024-25,2024-08-10T19:15:00+03:00,expanding_league_hda,2411,2411,2024-08-09T21:00:00+00:00,0.452509332227,0.257984238905,0.289506428868,A
1d6aa76fb4728455aea10d292dbb0ab3eb7b8821ea3099fbcdd443ddc3af2018,2024-25,2024-08-10T21:45:00+03:00,uniform_hda,2411,0,2024-08-09T21:00:00+00:00,0.333333333333,0.333333333333,0.333333333333,H
1d6aa76fb4728455aea10d292dbb0ab3eb7b8821ea3099fbcdd443ddc3af2018,2024-25,2024-08-10T21:45:00+03:00,expanding_league_hda,2411,2411,2024-08-09T21:00:00+00:00,0.452509332227,0.257984238905,0.289506428868,H
96602af39abf0187d9269cb26d30311f400374ce784165a9569312f8223cff1c,2024-25,2024-08-10T21:45:00+03:00,uniform_hda,2411,0,2024-08-09T21:00:00+00:00,0.333333333333,0.333333333333,0.333333333333,D
96602af39abf0187d9269cb26d30311f400374ce784165a9569312f8223cff1c,2024-25,2024-08-10T21:45:00+03:00,expanding_league_hda,2411,2411,2024-08-09T21:00:00+00:00,0.452509332227,0.257984238905,0.289506428868,D
cd01c700b83cef32d5e2f628da4179748d01a4118c656e0f7d7b6ed0f1095ed4,2024-25,2024-08-11T19:15:00+03:00,uniform_hda,2414,0,2024-08-10T21:45:00+00:00,0.333333333333,0.333333333333,0.333333333333,D
cd01c700b83cef32d5e2f628da4179748d01a4118c656e0f7d7b6ed0f1095ed4,2024-25,2024-08-11T19:15:00+03:00,expanding_league_hda,2414,2414,2024-08-10T21:45:00+00:00,0.452361226181,0.258077879039,0.289560894780,D
0677dd5c0596aaf1b2308771baad16a6e31d1073b10a9e2b926437198de8375a,2024-25,2024-08-11T21:45:00+03:00,uniform_hda,2414,0,2024-08-10T21:45:00+00:00,0.333333333333,0.333333333333,0.333333333333,A
0677dd5c0596aaf1b2308771baad16a6e31d1073b10a9e2b926437198de8375a,2024-25,2024-08-11T21:45:00+03:00,expanding_league_hda,2414,2414,2024-08-10T21:45:00+00:00,0.452361226181,0.258077879039,0.289560894780,A
96059012116b0dbff84cbc9abf7c8d993614f0c4ea37ba088a077ed42222a8b2,2024-25,2024-08-11T21:45:00+03:00,uniform_hda,2414,0,2024-08-10T21:45:00+00:00,0.333333333333,0.333333333333,0.333333333333,D
96059012116b0dbff84cbc9abf7c8d993614f0c4ea37ba088a077ed42222a8b2,2024-25,2024-08-11T21:45:00+03:00,expanding_league_hda,2414,2414,2024-08-10T21:45:00+00:00,0.452361226181,0.258077879039,0.289560894780,D
bd64b05f1aa57c1419687ed1d1e3b33b10a678805012bb1fe09c2c28abf84baa,2024-25,2024-08-12T21:00:00+03:00,uniform_hda,2417,0,2024-08-11T21:45:00+00:00,0.333333333333,0.333333333333,0.333333333333,A
bd64b05f1aa57c1419687ed1d1e3b33b10a678805012bb1fe09c2c28abf84baa,2024-25,2024-08-12T21:00:00+03:00,expanding_league_hda,2417,2417,2024-08-11T21:45:00+00:00,0.451799751758,0.258585022755,0.289615225486,A
f988b82bd5cb0050238608d43ef180c82608ba4a5ac47907eb5f1967a225ac60,2024-25,2024-08-12T21:00:00+03:00,uniform_hda,2417,0,2024-08-11T21:45:00+00:00,0.333333333333,0.333333333333,0.333333333333,D
f988b82bd5cb0050238608d43ef180c82608ba4a5ac47907eb5f1967a225ac60,2024-25,2024-08-12T21:00:00+03:00,expanding_league_hda,2417,2417,2024-08-11T21:45:00+00:00,0.451799751758,0.258585022755,0.289615225486,D
b76dfb28a6fe815a0744105261bc681c848c4c7baad83fa383f4af24def3a5d7,2024-25,2024-08-16T21:00:00+03:00,uniform_hda,2419,0,2024-08-12T21:00:00+00:00,0.333333333333,0.333333333333,0.333333333333,A
b76dfb28a6fe815a0744105261bc681c848c4c7baad83fa383f4af24def3a5d7,2024-25,2024-08-16T21:00:00+03:00,expanding_league_hda,2419,2419,2024-08-12T21:00:00+00:00,0.451426209177,0.258784621745,0.289789169078,A
f02b0fa17355f9f36c6204a28bae29319795c1bc81829da87fd9aed088d0ff63,2024-25,2024-08-17T19:15:00+03:00,uniform_hda,2420,0,2024-08-16T21:00:00+00:00,0.333333333333,0.333333333333,0.333333333333,A
f02b0fa17355f9f36c6204a28bae29319795c1bc81829da87fd9aed088d0ff63,2024-25,2024-08-17T19:15:00+03:00,expanding_league_hda,2420,2420,2024-08-16T21:00:00+00:00,0.451239669421,0.258677685950,0.290082644628,A
240dd45ab0a8743b2074810457e056b1eddd0bfb957be1fd6a05a52ef5a96ea2,2024-25,2024-08-17T21:45:00+03:00,uniform_hda,2420,0,2024-08-16T21:00:00+00:00,0.333333333333,0.333333333333,0.333333333333,D
240dd45ab0a8743b2074810457e056b1eddd0bfb957be1fd6a05a52ef5a96ea2,2024-25,2024-08-17T21:45:00+03:00,expanding_league_hda,2420,2420,2024-08-16T21:00:00+00:00,0.451239669421,0.258677685950,0.290082644628,D
aac17ab58198470d4aeebb95f46cafb3fca551dbaa97a4b1afe3c53194435140,2024-25,2024-08-17T21:45:00+03:00,uniform_hda,2420,0,2024-08-16T21:00:00+00:00,0.333333333333,0.333333333333,0.333333333333,A
aac17ab58198470d4aeebb95f46cafb3fca551dbaa97a4b1afe3c53194435140,2024-25,2024-08-17T21:45:00+03:00,expanding_league_hda,2420,2420,2024-08-16T21:00:00+00:00,0.451239669421,0.258677685950,0.290082644628,A
96b93843ad064e3a54a1d673be23d193dd9d88aedeb121d09e1cc923ced51040,2024-25,2024-08-18T19:15:00+03:00,uniform_hda,2423,0,2024-08-17T21:45:00+00:00,0.333333333333,0.333333333333,0.333333333333,H
96b93843ad064e3a54a1d673be23d193dd9d88aedeb121d09e1cc923ced51040,2024-25,2024-08-18T19:15:00+03:00,expanding_league_hda,2423,2423,2024-08-17T21:45:00+00:00,0.450680973999,0.258770119686,0.290548906314,H
5e848aed90f5d7ab11518626776281bf70b68a64f9ab0dabe1a4aa1e01638695,2024-25,2024-08-18T21:45:00+03:00,uniform_hda,2423,0,2024-08-17T21:45:00+00:00,0.333333333333,0.333333333333,0.333333333333,H
5e848aed90f5d7ab11518626776281bf70b68a64f9ab0dabe1a4aa1e01638695,2024-25,2024-08-18T21:45:00+03:00,expanding_league_hda,2423,2423,2024-08-17T21:45:00+00:00,0.450680973999,0.258770119686,0.290548906314,H
a6fc212637c360187d2aae5d5801c807956a8369d9cffcb0f08327e884ac7de3,2024-25,2024-08-18T21:45:00+03:00,uniform_hda,2423,0,2024-08-17T21:45:00+00:00,0.333333333333,0.333333333333,0.333333333333,A
a6fc212637c360187d2aae5d5801c807956a8369d9cffcb0f08327e884ac7de3,2024-25,2024-08-18T21:45:00+03:00,expanding_league_hda,2423,2423,2024-08-17T21:45:00+00:00,0.450680973999,0.258770119686,0.290548906314,A
1bdc9851c6682ee627b387fa2c165f3f54f136e39e708876a09c401cedb314fa,2024-25,2024-08-19T21:00:00+03:00,uniform_hda,2426,0,2024-08-18T21:45:00+00:00,0.333333333333,0.333333333333,0.333333333333,D
1bdc9851c6682ee627b387fa2c165f3f54f136e39e708876a09c401cedb314fa,2024-25,2024-08-19T21:00:00+03:00,expanding_league_hda,2426,2426,2024-08-18T21:45:00+00:00,0.450948062655,0.258450123660,0.290601813685,D
d10efd784cf98d50c5897b4837f9a5b1f06ab197503fd71b746b471ba4ab9db5,2024-25,2024-08-19T21:00:00+03:00,uniform_hda,2426,0,2024-08-18T21:45:00+00:00,0.333333333333,0.333333333333,0.333333333333,H
d10efd784cf98d50c5897b4837f9a5b1f06ab197503fd71b746b471ba4ab9db5,2024-25,2024-08-19T21:00:00+03:00,expanding_league_hda,2426,2426,2024-08-18T21:45:00+00:00,0.450948062655,0.258450123660,0.290601813685,H
37b3734801da3fc68806c975f65cc6750f387e94353b734cef96852840ab7b3f,2024-25,2024-08-23T21:00:00+03:00,uniform_hda,2428,0,2024-08-19T21:00:00+00:00,0.333333333333,0.333333333333,0.333333333333,D
37b3734801da3fc68806c975f65cc6750f387e94353b734cef96852840ab7b3f,2024-25,2024-08-23T21:00:00+03:00,expanding_league_hda,2428,2428,2024-08-19T21:00:00+00:00,0.450988467875,0.258649093904,0.290362438221,D
bb7c39c66991024ad06274cc2966bc7c03b7d4f7944294bcbffdd309defea621,2024-25,2024-08-24T19:15:00+03:00,uniform_hda,2429,0,2024-08-23T21:00:00+00:00,0.333333333333,0.333333333333,0.333333333333,A
bb7c39c66991024ad06274cc2966bc7c03b7d4f7944294bcbffdd309defea621,2024-25,2024-08-24T19:15:00+03:00,expanding_league_hda,2429,2429,2024-08-23T21:00:00+00:00,0.450802799506,0.258954302182,0.290242898312,A
96ea06e6da354cf6149e24c2fd60f1b1d035186c342a5919bb59b3d15e4b5f97,2024-25,2024-08-24T21:45:00+03:00,uniform_hda,2429,0,2024-08-23T21:00:00+00:00,0.333333333333,0.333333333333,0.333333333333,H
96ea06e6da354cf6149e24c2fd60f1b1d035186c342a5919bb59b3d15e4b5f97,2024-25,2024-08-24T21:45:00+03:00,expanding_league_hda,2429,2429,2024-08-23T21:00:00+00:00,0.450802799506,0.258954302182,0.290242898312,H
6d9bfe382182d809b36b29a03aee770a8b8b6e826633e25206e7f7244d7f15af,2024-25,2024-08-25T19:15:00+03:00,uniform_hda,2431,0,2024-08-24T21:45:00+00:00,0.333333333333,0.333333333333,0.333333333333,D
6d9bfe382182d809b36b29a03aee770a8b8b6e826633e25206e7f7244d7f15af,2024-25,2024-08-25T19:15:00+03:00,expanding_league_hda,2431,2431,2024-08-24T21:45:00+00:00,0.450843274373,0.258741258741,0.290415466886,D
93ea3f19824b2df7a24b4c903e98c27353da140d95373a0e16f2909b55330fe4,2024-25,2024-08-25T21:45:00+03:00,uniform_hda,2431,0,2024-08-24T21:45:00+00:00,0.333333333333,0.333333333333,0.333333333333,A
93ea3f19824b2df7a24b4c903e98c27353da140d95373a0e16f2909b55330fe4,2024-25,2024-08-25T21:45:00+03:00,expanding_league_hda,2431,2431,2024-08-24T21:45:00+00:00,0.450843274373,0.258741258741,0.290415466886,A
bd43b6092178c6401222f996328980d7540c76244fe361ac9d7b6f88e9d4f433,2024-25,2024-08-25T21:45:00+03:00,uniform_hda,2431,0,2024-08-24T21:45:00+00:00,0.333333333333,0.333333333333,0.333333333333,H
bd43b6092178c6401222f996328980d7540c76244fe361ac9d7b6f88e9d4f433,2024-25,2024-08-25T21:45:00+03:00,expanding_league_hda,2431,2431,2024-08-24T21:45:00+00:00,0.450843274373,0.258741258741,0.290415466886,H
df55a203be07fef1238db1fa38c277bc29a9757a426b56023ae40da3d8b5948d,2024-25,2024-08-30T21:00:00+03:00,uniform_hda,2434,0,2024-08-25T21:45:00+00:00,0.333333333333,0.333333333333,0.333333333333,H
df55a203be07fef1238db1fa38c277bc29a9757a426b56023ae40da3d8b5948d,2024-25,2024-08-30T21:00:00+03:00,expanding_league_hda,2434,2434,2024-08-25T21:45:00+00:00,0.450698438784,0.258833196385,0.290468364832,H
62cb23a0d0f01f89338e1b49cd37051120d8aac3dc778b5f21644f4f05696e53,2024-25,2024-08-31T19:15:00+03:00,uniform_hda,2435,0,2024-08-30T21:00:00+00:00,0.333333333333,0.333333333333,0.333333333333,D
62cb23a0d0f01f89338e1b49cd37051120d8aac3dc778b5f21644f4f05696e53,2024-25,2024-08-31T19:15:00+03:00,expanding_league_hda,2435,2435,2024-08-30T21:00:00+00:00,0.450924024641,0.258726899384,0.290349075975,D
75d9d645003f4faad27f38d0d52fe7c41567bbab03f5e144339ff1efb5b1cad6,2024-25,2024-08-31T19:15:00+03:00,uniform_hda,2435,0,2024-08-30T21:00:00+00:00,0.333333333333,0.333333333333,0.333333333333,A
75d9d645003f4faad27f38d0d52fe7c41567bbab03f5e144339ff1efb5b1cad6,2024-25,2024-08-31T19:15:00+03:00,expanding_league_hda,2435,2435,2024-08-30T21:00:00+00:00,0.450924024641,0.258726899384,0.290349075975,A
f28a5b9b73f34dfc40240e8d875f507f16564ba2c526ef94d45ba1b9bf11d320,2024-25,2024-08-31T21:45:00+03:00,uniform_hda,2435,0,2024-08-30T21:00:00+00:00,0.333333333333,0.333333333333,0.333333333333,A
f28a5b9b73f34dfc40240e8d875f507f16564ba2c526ef94d45ba1b9bf11d320,2024-25,2024-08-31T21:45:00+03:00,expanding_league_hda,2435,2435,2024-08-30T21:00:00+00:00,0.450924024641,0.258726899384,0.290349075975,A
f51bdfbb33a685f471a1d0826fb145b19d4b5ad855f18e2882867bb0773233c6,2024-25,2024-08-31T21:45:00+03:00,uniform_hda,2435,0,2024-08-30T21:00:00+00:00,0.333333333333,0.333333333333,0.333333333333,H
f51bdfbb33a685f471a1d0826fb145b19d4b5ad855f18e2882867bb0773233c6,2024-25,2024-08-31T21:45:00+03:00,expanding_league_hda,2435,2435,2024-08-30T21:00:00+00:00,0.450924024641,0.258726899384,0.290349075975,H
52ed165a5c5673547acce78eadaff4ef51b1d5ff1f3b9189c50a1e7d93c96bec,2024-25,2024-09-01T19:15:00+03:00,uniform_hda,2439,0,2024-08-31T21:45:00+00:00,0.333333333333,0.333333333333,0.333333333333,H
52ed165a5c5673547acce78eadaff4ef51b1d5ff1f3b9189c50a1e7d93c96bec,2024-25,2024-09-01T19:15:00+03:00,expanding_league_hda,2439,2439,2024-08-31T21:45:00+00:00,0.450594505945,0.258712587126,0.290692906929,H
787b5a9df423f10e4df5275e68009eccad175ec84d1afd746d4a6deb0d3502b7,2024-25,2024-09-01T19:15:00+03:00,uniform_hda,2439,0,2024-08-31T21:45:00+00:00,0.333333333333,0.333333333333,0.333333333333,D
787b5a9df423f10e4df5275e68009eccad175ec84d1afd746d4a6deb0d3502b7,2024-25,2024-09-01T19:15:00+03:00,expanding_league_hda,2439,2439,2024-08-31T21:45:00+00:00,0.450594505945,0.258712587126,0.290692906929,D
663b585207e654fa0db578d52eb428ef5fc258fe7203cbe1b1eb41a76c77c3a2,2024-25,2024-09-01T21:45:00+03:00,uniform_hda,2439,0,2024-08-31T21:45:00+00:00,0.333333333333,0.333333333333,0.333333333333,A
663b585207e654fa0db578d52eb428ef5fc258fe7203cbe1b1eb41a76c77c3a2,2024-25,2024-09-01T21:45:00+03:00,expanding_league_hda,2439,2439,2024-08-31T21:45:00+00:00,0.450594505945,0.258712587126,0.290692906929,A
772a10d8b072b3318ea257f4efd1f54b3b3799254fbdad735fe2da2ea7b0de14,2024-25,2024-09-01T21:45:00+03:00,uniform_hda,2439,0,2024-08-31T21:45:00+00:00,0.333333333333,0.333333333333,0.333333333333,H
772a10d8b072b3318ea257f4efd1f54b3b3799254fbdad735fe2da2ea7b0de14,2024-25,2024-09-01T21:45:00+03:00,expanding_league_hda,2439,2439,2024-08-31T21:45:00+00:00,0.450594505945,0.258712587126,0.290692906929,H
01bef4cfa8493d91a13d400f72f188a61b28dbac4c5d5f4027195cfa7799701d,2024-25,2024-09-14T17:00:00+03:00,uniform_hda,2443,0,2024-09-01T21:45:00+00:00,0.333333333333,0.333333333333,0.333333333333,H
01bef4cfa8493d91a13d400f72f188a61b28dbac4c5d5f4027195cfa7799701d,2024-25,2024-09-14T17:00:00+03:00,expanding_league_hda,2443,2443,2024-09-01T21:45:00+00:00,0.450675399099,0.258698321736,0.290626279165,H
7b1cfa2af7326f47347d5833eef6388a83b65d15cb07599753f5e678ac8ee842,2024-25,2024-09-14T17:00:00+03:00,uniform_hda,2443,0,2024-09-01T21:45:00+00:00,0.333333333333,0.333333333333,0.333333333333,A
7b1cfa2af7326f47347d5833eef6388a83b65d15cb07599753f5e678ac8ee842,2024-25,2024-09-14T17:00:00+03:00,expanding_league_hda,2443,2443,2024-09-01T21:45:00+00:00,0.450675399099,0.258698321736,0.290626279165,A
29c853ea0f55da368e0fa78838154239281ab1c1c68cb1348fbaaa083796b003,2024-25,2024-09-14T20:00:00+03:00,uniform_hda,2443,0,2024-09-01T21:45:00+00:00,0.333333333333,0.333333333333,0.333333333333,H
29c853ea0f55da368e0fa78838154239281ab1c1c68cb1348fbaaa083796b003,2024-25,2024-09-14T20:00:00+03:00,expanding_league_hda,2443,2443,2024-09-01T21:45:00+00:00,0.450675399099,0.258698321736,0.290626279165,H
e217836fb16c1e8050285dd1b22bdb1173b519ca658170da5ebc8972e409fa2d,2024-25,2024-09-14T20:00:00+03:00,uniform_hda,2443,0,2024-09-01T21:45:00+00:00,0.333333333333,0.333333333333,0.333333333333,A
e217836fb16c1e8050285dd1b22bdb1173b519ca658170da5ebc8972e409fa2d,2024-25,2024-09-14T20:00:00+03:00,expanding_league_hda,2443,2443,2024-09-01T21:45:00+00:00,0.450675399099,0.258698321736,0.290626279165,A
04acb93da04df77c1b95b38d8df4f1ab6fc3a129ca010e7840381b4a2025d4ab,2024-25,2024-09-15T17:00:00+03:00,uniform_hda,2447,0,2024-09-14T20:00:00+00:00,0.333333333333,0.333333333333,0.333333333333,A
04acb93da04df77c1b95b38d8df4f1ab6fc3a129ca010e7840381b4a2025d4ab,2024-25,2024-09-15T17:00:00+03:00,expanding_league_hda,2447,2447,2024-09-14T20:00:00+00:00,0.450756027789,0.258275439313,0.290968532897,A
f6c1196ddb04fdd1bc39d1af57758685d44871ff467fa8c9ad336ae5d8d8ed7a,2024-25,2024-09-15T17:00:00+03:00,uniform_hda,2447,0,2024-09-14T20:00:00+00:00,0.333333333333,0.333333333333,0.333333333333,D
f6c1196ddb04fdd1bc39d1af57758685d44871ff467fa8c9ad336ae5d8d8ed7a,2024-25,2024-09-15T17:00:00+03:00,expanding_league_hda,2447,2447,2024-09-14T20:00:00+00:00,0.450756027789,0.258275439313,0.290968532897,D
56a821f152021860e2d4fb986566042c1273ee758a838c222b332622bf08458b,2024-25,2024-09-15T20:00:00+03:00,uniform_hda,2447,0,2024-09-14T20:00:00+00:00,0.333333333333,0.333333333333,0.333333333333,D
56a821f152021860e2d4fb986566042c1273ee758a838c222b332622bf08458b,2024-25,2024-09-15T20:00:00+03:00,expanding_league_hda,2447,2447,2024-09-14T20:00:00+00:00,0.450756027789,0.258275439313,0.290968532897,D
661f685d6b38d8efa7ec734a426d1f0af800c1b364394651c8d4a6bf056c5465,2024-25,2024-09-15T20:00:00+03:00,uniform_hda,2447,0,2024-09-14T20:00:00+00:00,0.333333333333,0.333333333333,0.333333333333,D
661f685d6b38d8efa7ec734a426d1f0af800c1b364394651c8d4a6bf056c5465,2024-25,2024-09-15T20:00:00+03:00,expanding_league_hda,2447,2447,2024-09-14T20:00:00+00:00,0.450756027789,0.258275439313,0.290968532897,D
962f69f4f853235b9c8808d7d8dc8f13ec29c5de91cf91b4ce00fd9fd36bde7e,2024-25,2024-09-16T20:00:00+03:00,uniform_hda,2451,0,2024-09-15T20:00:00+00:00,0.333333333333,0.333333333333,0.333333333333,H
962f69f4f853235b9c8808d7d8dc8f13ec29c5de91cf91b4ce00fd9fd36bde7e,2024-25,2024-09-16T20:00:00+03:00,expanding_league_hda,2451,2451,2024-09-15T20:00:00+00:00,0.450020399837,0.259077927377,0.290901672787,H
a583db97770ef38b240547925d6cf8223ce67c383fb189cc937b378ddfc3cd83,2024-25,2024-09-17T20:00:00+03:00,uniform_hda,2452,0,2024-09-16T20:00:00+00:00,0.333333333333,0.333333333333,0.333333333333,H
a583db97770ef38b240547925d6cf8223ce67c383fb189cc937b378ddfc3cd83,2024-25,2024-09-17T20:00:00+03:00,expanding_league_hda,2452,2452,2024-09-16T20:00:00+00:00,0.450244698206,0.258972267537,0.290783034258,H
6cb7226f29039d77c2a41cd939e718e9a6b516036ea93e39056736c0362e764c,2024-25,2024-09-18T20:00:00+03:00,uniform_hda,2453,0,2024-09-17T20:00:00+00:00,0.333333333333,0.333333333333,0.333333333333,H
6cb7226f29039d77c2a41cd939e718e9a6b516036ea93e39056736c0362e764c,2024-25,2024-09-18T20:00:00+03:00,expanding_league_hda,2453,2453,2024-09-17T20:00:00+00:00,0.450468813698,0.258866693844,0.290664492458,H
a473e37db6241418459fc02e24a60ec42efeee0368212c67adbe2949c7d2f91d,2024-25,2024-09-19T20:00:00+03:00,uniform_hda,2454,0,2024-09-18T20:00:00+00:00,0.333333333333,0.333333333333,0.333333333333,D
a473e37db6241418459fc02e24a60ec42efeee0368212c67adbe2949c7d2f91d,2024-25,2024-09-19T20:00:00+03:00,expanding_league_hda,2454,2454,2024-09-18T20:00:00+00:00,0.450692746536,0.258761206194,0.290546047270,D
2877ba5756d5b42f59d8fa74208c2709e7a2e8d8d9d433962454ba4e6100276c,2024-25,2024-09-20T20:00:00+03:00,uniform_hda,2455,0,2024-09-19T20:00:00+00:00,0.333333333333,0.333333333333,0.333333333333,A
2877ba5756d5b42f59d8fa74208c2709e7a2e8d8d9d433962454ba4e6100276c,2024-25,2024-09-20T20:00:00+03:00,expanding_league_hda,2455,2455,2024-09-19T20:00:00+00:00,0.450509164969,0.259063136456,0.290427698574,A
5df8a39689d7b94e2f83ba1a64aa758417ab62395fa291a7e1cfd4e0f59025b0,2024-25,2024-09-21T17:00:00+03:00,uniform_hda,2456,0,2024-09-20T20:00:00+00:00,0.333333333333,0.333333333333,0.333333333333,D
5df8a39689d7b94e2f83ba1a64aa758417ab62395fa291a7e1cfd4e0f59025b0,2024-25,2024-09-21T17:00:00+03:00,expanding_league_hda,2456,2456,2024-09-20T20:00:00+00:00,0.450325732899,0.258957654723,0.290716612378,D
71bcde2ce03e8947fd7dfe7ea32fc8b82bb8c7d67f609b00c8bf11bc014f1f66,2024-25,2024-09-21T20:00:00+03:00,uniform_hda,2456,0,2024-09-20T20:00:00+00:00,0.333333333333,0.333333333333,0.333333333333,A
71bcde2ce03e8947fd7dfe7ea32fc8b82bb8c7d67f609b00c8bf11bc014f1f66,2024-25,2024-09-21T20:00:00+03:00,expanding_league_hda,2456,2456,2024-09-20T20:00:00+00:00,0.450325732899,0.258957654723,0.290716612378,A
9baed7e1e38cda15ae2c335155e99a24ccd850f1be0e980e073a05239921279e,2024-25,2024-09-22T17:00:00+03:00,uniform_hda,2458,0,2024-09-21T20:00:00+00:00,0.333333333333,0.333333333333,0.333333333333,A
9baed7e1e38cda15ae2c335155e99a24ccd850f1be0e980e073a05239921279e,2024-25,2024-09-22T17:00:00+03:00,expanding_league_hda,2458,2458,2024-09-21T20:00:00+00:00,0.449959316517,0.259153783564,0.290886899919,A
c49b551195b4be2c279c880a8b2bf49014b7b28a93eb15009a18602b350e73d9,2024-25,2024-09-22T17:00:00+03:00,uniform_hda,2458,0,2024-09-21T20:00:00+00:00,0.333333333333,0.333333333333,0.333333333333,D
c49b551195b4be2c279c880a8b2bf49014b7b28a93eb15009a18602b350e73d9,2024-25,2024-09-22T17:00:00+03:00,expanding_league_hda,2458,2458,2024-09-21T20:00:00+00:00,0.449959316517,0.259153783564,0.290886899919,D
3a860dbc9201cbe80d95a50576a07c795356495c8461c6521caf3ffd8cc2754d,2024-25,2024-09-22T20:00:00+03:00,uniform_hda,2458,0,2024-09-21T20:00:00+00:00,0.333333333333,0.333333333333,0.333333333333,H
3a860dbc9201cbe80d95a50576a07c795356495c8461c6521caf3ffd8cc2754d,2024-25,2024-09-22T20:00:00+03:00,expanding_league_hda,2458,2458,2024-09-21T20:00:00+00:00,0.449959316517,0.259153783564,0.290886899919,H
68ecbb13e31bd3bfab1793f8fbba757fa6a05de5b5736186cab2f15fcccd747c,2024-25,2024-09-22T20:00:00+03:00,uniform_hda,2458,0,2024-09-21T20:00:00+00:00,0.333333333333,0.333333333333,0.333333333333,A
68ecbb13e31bd3bfab1793f8fbba757fa6a05de5b5736186cab2f15fcccd747c,2024-25,2024-09-22T20:00:00+03:00,expanding_league_hda,2458,2458,2024-09-21T20:00:00+00:00,0.449959316517,0.259153783564,0.290886899919,A
52935908f4d490be1a31b54e9e05a2a76ec3005a18eb7da695b9dc5bbc83d82e,2024-25,2024-09-23T20:00:00+03:00,uniform_hda,2462,0,2024-09-22T20:00:00+00:00,0.333333333333,0.333333333333,0.333333333333,H
52935908f4d490be1a31b54e9e05a2a76ec3005a18eb7da695b9dc5bbc83d82e,2024-25,2024-09-23T20:00:00+03:00,expanding_league_hda,2462,2462,2024-09-22T20:00:00+00:00,0.449634443542,0.259138911454,0.291226645004,H
74674999ca7abcc350b5fc117cad6664486af65f0144901f604157f8eaa3e12e,2024-25,2024-09-23T20:00:00+03:00,uniform_hda,2462,0,2024-09-22T20:00:00+00:00,0.333333333333,0.333333333333,0.333333333333,D
74674999ca7abcc350b5fc117cad6664486af65f0144901f604157f8eaa3e12e,2024-25,2024-09-23T20:00:00+03:00,expanding_league_hda,2462,2462,2024-09-22T20:00:00+00:00,0.449634443542,0.259138911454,0.291226645004,D
de4f7ed90a454f7cc4040ddeefb8bff080ca1edb57c6d3bf53b709ef09cee0c8,2024-25,2024-09-27T20:00:00+03:00,uniform_hda,2464,0,2024-09-23T20:00:00+00:00,0.333333333333,0.333333333333,0.333333333333,A
de4f7ed90a454f7cc4040ddeefb8bff080ca1edb57c6d3bf53b709ef09cee0c8,2024-25,2024-09-27T20:00:00+03:00,expanding_league_hda,2464,2464,2024-09-23T20:00:00+00:00,0.449675324675,0.259334415584,0.290990259740,A
6578e141e6ac9cc2336d1cf398df201cf7d63459fc0027327671dc3e35936f49,2024-25,2024-09-28T16:00:00+03:00,uniform_hda,2465,0,2024-09-27T20:00:00+00:00,0.333333333333,0.333333333333,0.333333333333,H
6578e141e6ac9cc2336d1cf398df201cf7d63459fc0027327671dc3e35936f49,2024-25,2024-09-28T16:00:00+03:00,expanding_league_hda,2465,2465,2024-09-27T20:00:00+00:00,0.449492900609,0.259229208925,0.291277890467,H
7630044dd5e7f8d965f9b4cafb8c8a4b25fb2bc71d08c01e39d0c7eb9745921f,2024-25,2024-09-28T19:00:00+03:00,uniform_hda,2465,0,2024-09-27T20:00:00+00:00,0.333333333333,0.333333333333,0.333333333333,H
7630044dd5e7f8d965f9b4cafb8c8a4b25fb2bc71d08c01e39d0c7eb9745921f,2024-25,2024-09-28T19:00:00+03:00,expanding_league_hda,2465,2465,2024-09-27T20:00:00+00:00,0.449492900609,0.259229208925,0.291277890467,H
b0a45f4536cbadde5905e690d772caf148c75d5ebaabf0c193bf81ffc253d50e,2024-25,2024-09-28T19:00:00+03:00,uniform_hda,2465,0,2024-09-27T20:00:00+00:00,0.333333333333,0.333333333333,0.333333333333,D
b0a45f4536cbadde5905e690d772caf148c75d5ebaabf0c193bf81ffc253d50e,2024-25,2024-09-28T19:00:00+03:00,expanding_league_hda,2465,2465,2024-09-27T20:00:00+00:00,0.449492900609,0.259229208925,0.291277890467,D
85d5600fa4bc434ba67f90de054c26415d0e1a34830d3b36904e7c730e4ec985,2024-25,2024-09-29T16:00:00+03:00,uniform_hda,2468,0,2024-09-28T19:00:00+00:00,0.333333333333,0.333333333333,0.333333333333,H
85d5600fa4bc434ba67f90de054c26415d0e1a34830d3b36904e7c730e4ec985,2024-25,2024-09-29T16:00:00+03:00,expanding_league_hda,2468,2468,2024-09-28T19:00:00+00:00,0.449756888169,0.259319286872,0.290923824959,H
dd6870daffa4f0adf27a647a49e7c44696fe1a904442ebf022824ba5a8ae2f97,2024-25,2024-09-29T16:00:00+03:00,uniform_hda,2468,0,2024-09-28T19:00:00+00:00,0.333333333333,0.333333333333,0.333333333333,H
dd6870daffa4f0adf27a647a49e7c44696fe1a904442ebf022824ba5a8ae2f97,2024-25,2024-09-29T16:00:00+03:00,expanding_league_hda,2468,2468,2024-09-28T19:00:00+00:00,0.449756888169,0.259319286872,0.290923824959,H
40fe4bf3e5a25b1c1ef219ae9a5a12a2b68b84b3544b5a509eb1daa5da3ee8aa,2024-25,2024-09-29T19:00:00+03:00,uniform_hda,2468,0,2024-09-28T19:00:00+00:00,0.333333333333,0.333333333333,0.333333333333,A
40fe4bf3e5a25b1c1ef219ae9a5a12a2b68b84b3544b5a509eb1daa5da3ee8aa,2024-25,2024-09-29T19:00:00+03:00,expanding_league_hda,2468,2468,2024-09-28T19:00:00+00:00,0.449756888169,0.259319286872,0.290923824959,A
5b55b4b80af0e3a159611b50e3a0a0395a87678ee2ee619c76c57e155857af29,2024-25,2024-09-29T19:00:00+03:00,uniform_hda,2468,0,2024-09-28T19:00:00+00:00,0.333333333333,0.333333333333,0.333333333333,H
5b55b4b80af0e3a159611b50e3a0a0395a87678ee2ee619c76c57e155857af29,2024-25,2024-09-29T19:00:00+03:00,expanding_league_hda,2468,2468,2024-09-28T19:00:00+00:00,0.449756888169,0.259319286872,0.290923824959,H
31fde70f72989875540788445a7e0ffba0c9784cd56b29fe9acd96949c37318e,2024-25,2024-09-30T20:00:00+03:00,uniform_hda,2472,0,2024-09-29T19:00:00+00:00,0.333333333333,0.333333333333,0.333333333333,A
31fde70f72989875540788445a7e0ffba0c9784cd56b29fe9acd96949c37318e,2024-25,2024-09-30T20:00:00+03:00,expanding_league_hda,2472,2472,2024-09-29T19:00:00+00:00,0.450242718447,0.258899676375,0.290857605178,A
c2ee12e99602bf38614e3b502132a05ac1aed21926357545a45fca5ec59ccbb8,2024-25,2024-10-04T20:00:00+03:00,uniform_hda,2473,0,2024-09-30T20:00:00+00:00,0.333333333333,0.333333333333,0.333333333333,H
c2ee12e99602bf38614e3b502132a05ac1aed21926357545a45fca5ec59ccbb8,2024-25,2024-10-04T20:00:00+03:00,expanding_league_hda,2473,2473,2024-09-30T20:00:00+00:00,0.450060655075,0.258794985847,0.291144359078,H
3fd2753d4c9f914fe93e21eb9532eaf84906d168b14419da272c4af1947e9c91,2024-25,2024-10-05T13:30:00+03:00,uniform_hda,2474,0,2024-10-04T20:00:00+00:00,0.333333333333,0.333333333333,0.333333333333,D
3fd2753d4c9f914fe93e21eb9532eaf84906d168b14419da272c4af1947e9c91,2024-25,2024-10-05T13:30:00+03:00,expanding_league_hda,2474,2474,2024-10-04T20:00:00+00:00,0.450282942603,0.258690379951,0.291026677445,D
7bec5bbadfdef4ce0ae74574fce7625915fef6a052b903b779e05a111132736d,2024-25,2024-10-05T16:00:00+03:00,uniform_hda,2474,0,2024-10-04T20:00:00+00:00,0.333333333333,0.333333333333,0.333333333333,H
7bec5bbadfdef4ce0ae74574fce7625915fef6a052b903b779e05a111132736d,2024-25,2024-10-05T16:00:00+03:00,expanding_league_hda,2474,2474,2024-10-04T20:00:00+00:00,0.450282942603,0.258690379951,0.291026677445,H
7c97431e5e56bcb8e2b90990e397e2956a3fa241650919857c24f093fea783da,2024-25,2024-10-05T19:00:00+03:00,uniform_hda,2475,0,2024-10-05T13:30:00+00:00,0.333333333333,0.333333333333,0.333333333333,D
7c97431e5e56bcb8e2b90990e397e2956a3fa241650919857c24f093fea783da,2024-25,2024-10-05T19:00:00+03:00,expanding_league_hda,2475,2475,2024-10-05T13:30:00+00:00,0.450101010101,0.258989898990,0.290909090909,D
9e2a8c09c3a83cf18286c3c51eac3bcc212ea6d1ddc838995bed8c68c5b5fc21,2024-25,2024-10-05T19:00:00+03:00,uniform_hda,2475,0,2024-10-05T13:30:00+00:00,0.333333333333,0.333333333333,0.333333333333,D
9e2a8c09c3a83cf18286c3c51eac3bcc212ea6d1ddc838995bed8c68c5b5fc21,2024-25,2024-10-05T19:00:00+03:00,expanding_league_hda,2475,2475,2024-10-05T13:30:00+00:00,0.450101010101,0.258989898990,0.290909090909,D
e004474b205b360d8cd9488fccbcd03c6de8cb34db41dccfbe59ccf63530bc42,2024-25,2024-10-06T13:30:00+03:00,uniform_hda,2478,0,2024-10-05T19:00:00+00:00,0.333333333333,0.333333333333,0.333333333333,H
e004474b205b360d8cd9488fccbcd03c6de8cb34db41dccfbe59ccf63530bc42,2024-25,2024-10-06T13:30:00+03:00,expanding_league_hda,2478,2478,2024-10-05T19:00:00+00:00,0.449959644875,0.259483454399,0.290556900726,H
30a9b5b6835d722bfac6cbd7bc4c4da05e19c0cff374ff22235d6267e8cc9f3d,2024-25,2024-10-06T16:00:00+03:00,uniform_hda,2478,0,2024-10-05T19:00:00+00:00,0.333333333333,0.333333333333,0.333333333333,A
30a9b5b6835d722bfac6cbd7bc4c4da05e19c0cff374ff22235d6267e8cc9f3d,2024-25,2024-10-06T16:00:00+03:00,expanding_league_hda,2478,2478,2024-10-05T19:00:00+00:00,0.449959644875,0.259483454399,0.290556900726,A
908ff9a62b4c0e217dd67e591582757ffec6ec90adb9353ed2df0bb21225ef37,2024-25,2024-10-06T19:00:00+03:00,uniform_hda,2479,0,2024-10-06T13:30:00+00:00,0.333333333333,0.333333333333,0.333333333333,D
908ff9a62b4c0e217dd67e591582757ffec6ec90adb9353ed2df0bb21225ef37,2024-25,2024-10-06T19:00:00+03:00,expanding_league_hda,2479,2479,2024-10-06T13:30:00+00:00,0.450181524808,0.259378781767,0.290439693425,D
b27d948c4f367c248122e2fb006ecfc0810c5c16f76a9d73885722cf73b7cde0,2024-25,2024-10-06T19:00:00+03:00,uniform_hda,2479,0,2024-10-06T13:30:00+00:00,0.333333333333,0.333333333333,0.333333333333,H
b27d948c4f367c248122e2fb006ecfc0810c5c16f76a9d73885722cf73b7cde0,2024-25,2024-10-06T19:00:00+03:00,expanding_league_hda,2479,2479,2024-10-06T13:30:00+00:00,0.450181524808,0.259378781767,0.290439693425,H
4089784f8775c4eb473937a7bb8054e23a57edc3cf64628184ec51b222decce1,2024-25,2024-10-19T13:30:00+03:00,uniform_hda,2482,0,2024-10-06T19:00:00+00:00,0.333333333333,0.333333333333,0.333333333333,D
4089784f8775c4eb473937a7bb8054e23a57edc3cf64628184ec51b222decce1,2024-25,2024-10-19T13:30:00+03:00,expanding_league_hda,2482,2482,2024-10-06T19:00:00+00:00,0.450040290089,0.259468170830,0.290491539081,D
8a28b48a5320a4b0b2958d7e14bef638e427c4e18075b466027c92661cdb7e2a,2024-25,2024-10-19T16:00:00+03:00,uniform_hda,2482,0,2024-10-06T19:00:00+00:00,0.333333333333,0.333333333333,0.333333333333,H
8a28b48a5320a4b0b2958d7e14bef638e427c4e18075b466027c92661cdb7e2a,2024-25,2024-10-19T16:00:00+03:00,expanding_league_hda,2482,2482,2024-10-06T19:00:00+00:00,0.450040290089,0.259468170830,0.290491539081,H
5b8d88dcd6de33052023ce9a9a0110655fdb8ef2c80734626a8e62070cb5a7e7,2024-25,2024-10-19T19:00:00+03:00,uniform_hda,2483,0,2024-10-19T13:30:00+00:00,0.333333333333,0.333333333333,0.333333333333,H
5b8d88dcd6de33052023ce9a9a0110655fdb8ef2c80734626a8e62070cb5a7e7,2024-25,2024-10-19T19:00:00+03:00,expanding_league_hda,2483,2483,2024-10-19T13:30:00+00:00,0.449859041482,0.259766411599,0.290374546919,H
919753059cf922a564716d9b5a91c281f92d9e39be8fa85121d4b255bd761c76,2024-25,2024-10-19T19:00:00+03:00,uniform_hda,2483,0,2024-10-19T13:30:00+00:00,0.333333333333,0.333333333333,0.333333333333,A
919753059cf922a564716d9b5a91c281f92d9e39be8fa85121d4b255bd761c76,2024-25,2024-10-19T19:00:00+03:00,expanding_league_hda,2483,2483,2024-10-19T13:30:00+00:00,0.449859041482,0.259766411599,0.290374546919,A
b843fbfcf83c6d884287818807360b63b87a96a264f42324faafe1cf7bb66a5e,2024-25,2024-10-20T13:30:00+03:00,uniform_hda,2486,0,2024-10-19T19:00:00+00:00,0.333333333333,0.333333333333,0.333333333333,H
b843fbfcf83c6d884287818807360b63b87a96a264f42324faafe1cf7bb66a5e,2024-25,2024-10-20T13:30:00+03:00,expanding_league_hda,2486,2486,2024-10-19T19:00:00+00:00,0.450120675784,0.259452936444,0.290426387772,H
41d07830e8996f99b96d434740ee4a8ad4a5f980f42051b66cc60a4ec32ec731,2024-25,2024-10-20T16:00:00+03:00,uniform_hda,2486,0,2024-10-19T19:00:00+00:00,0.333333333333,0.333333333333,0.333333333333,H
41d07830e8996f99b96d434740ee4a8ad4a5f980f42051b66cc60a4ec32ec731,2024-25,2024-10-20T16:00:00+03:00,expanding_league_hda,2486,2486,2024-10-19T19:00:00+00:00,0.450120675784,0.259452936444,0.290426387772,H
0cc7de9a7afdc2f0ba298c32844c5e2e1d575b1a4c5a344ef4350d2641cc9f6f,2024-25,2024-10-20T19:00:00+03:00,uniform_hda,2487,0,2024-10-20T13:30:00+00:00,0.333333333333,0.333333333333,0.333333333333,D
0cc7de9a7afdc2f0ba298c32844c5e2e1d575b1a4c5a344ef4350d2641cc9f6f,2024-25,2024-10-20T19:00:00+03:00,expanding_league_hda,2487,2487,2024-10-20T13:30:00+00:00,0.450341777242,0.259348612786,0.290309609972,D
28e01048a07b55166b4956c72bef89f3348f7b837a0eee8391884472209553eb,2024-25,2024-10-20T19:00:00+03:00,uniform_hda,2487,0,2024-10-20T13:30:00+00:00,0.333333333333,0.333333333333,0.333333333333,A
28e01048a07b55166b4956c72bef89f3348f7b837a0eee8391884472209553eb,2024-25,2024-10-20T19:00:00+03:00,expanding_league_hda,2487,2487,2024-10-20T13:30:00+00:00,0.450341777242,0.259348612786,0.290309609972,A
4bdd7af60b8f6d421926506de3c5964d98f8c7ff429637a47aa959ca55a4432d,2024-25,2024-10-21T20:00:00+03:00,uniform_hda,2490,0,2024-10-20T19:00:00+00:00,0.333333333333,0.333333333333,0.333333333333,A
4bdd7af60b8f6d421926506de3c5964d98f8c7ff429637a47aa959ca55a4432d,2024-25,2024-10-21T20:00:00+03:00,expanding_league_hda,2490,2490,2024-10-20T19:00:00+00:00,0.450200803213,0.259437751004,0.290361445783,A
75ffb34bbc4e79bd191e34b8c17dcec59c70f32aadedda8d68a8cbadfd4f1810,2024-25,2024-10-25T20:00:00+03:00,uniform_hda,2491,0,2024-10-21T20:00:00+00:00,0.333333333333,0.333333333333,0.333333333333,A
75ffb34bbc4e79bd191e34b8c17dcec59c70f32aadedda8d68a8cbadfd4f1810,2024-25,2024-10-25T20:00:00+03:00,expanding_league_hda,2491,2491,2024-10-21T20:00:00+00:00,0.450020072260,0.259333600963,0.290646326776,A
0c7be22ef40904a50e40234e3880aaf243cf6ec057dd988b334c5e57724df5bb,2024-25,2024-10-26T13:30:00+03:00,uniform_hda,2492,0,2024-10-25T20:00:00+00:00,0.333333333333,0.333333333333,0.333333333333,A
0c7be22ef40904a50e40234e3880aaf243cf6ec057dd988b334c5e57724df5bb,2024-25,2024-10-26T13:30:00+03:00,expanding_league_hda,2492,2492,2024-10-25T20:00:00+00:00,0.449839486356,0.259229534510,0.290930979133,A
69815a2e7fa742f64bc23107a3856a9c679b58943d3e39faef108b9e7c570d76,2024-25,2024-10-26T16:00:00+03:00,uniform_hda,2492,0,2024-10-25T20:00:00+00:00,0.333333333333,0.333333333333,0.333333333333,A
69815a2e7fa742f64bc23107a3856a9c679b58943d3e39faef108b9e7c570d76,2024-25,2024-10-26T16:00:00+03:00,expanding_league_hda,2492,2492,2024-10-25T20:00:00+00:00,0.449839486356,0.259229534510,0.290930979133,A
e9e780fc064598c534c38abc16b726602c0e97bcb742add0fa5d6bb6ea2bc099,2024-25,2024-10-26T19:00:00+03:00,uniform_hda,2493,0,2024-10-26T13:30:00+00:00,0.333333333333,0.333333333333,0.333333333333,H
e9e780fc064598c534c38abc16b726602c0e97bcb742add0fa5d6bb6ea2bc099,2024-25,2024-10-26T19:00:00+03:00,expanding_league_hda,2493,2493,2024-10-26T13:30:00+00:00,0.449659045327,0.259125551544,0.291215403129,H
f954b4ae09c8c46160b1443df57ee1d6c74a0cd38fbbc0a32f01d043f30dba63,2024-25,2024-10-27T13:30:00+03:00,uniform_hda,2495,0,2024-10-26T19:00:00+00:00,0.333333333333,0.333333333333,0.333333333333,H
f954b4ae09c8c46160b1443df57ee1d6c74a0cd38fbbc0a32f01d043f30dba63,2024-25,2024-10-27T13:30:00+03:00,expanding_league_hda,2495,2495,2024-10-26T19:00:00+00:00,0.449699398798,0.258917835671,0.291382765531,H
ddcaadb460995a7b11da981e66aebbeff7f2777eba61f96fb6734da05c57f2a6,2024-25,2024-10-27T16:00:00+03:00,uniform_hda,2495,0,2024-10-26T19:00:00+00:00,0.333333333333,0.333333333333,0.333333333333,A
ddcaadb460995a7b11da981e66aebbeff7f2777eba61f96fb6734da05c57f2a6,2024-25,2024-10-27T16:00:00+03:00,expanding_league_hda,2495,2495,2024-10-26T19:00:00+00:00,0.449699398798,0.258917835671,0.291382765531,A
11a87053b5b4edf1837cf9919817b002f8e403345c94e79f97b41b0f1a8af2c6,2024-25,2024-10-27T19:00:00+03:00,uniform_hda,2496,0,2024-10-27T13:30:00+00:00,0.333333333333,0.333333333333,0.333333333333,H
11a87053b5b4edf1837cf9919817b002f8e403345c94e79f97b41b0f1a8af2c6,2024-25,2024-10-27T19:00:00+03:00,expanding_league_hda,2496,2496,2024-10-27T13:30:00+00:00,0.449919871795,0.258814102564,0.291266025641,H
6b9fb466e5ea8fdf6a675476b21db5900d59d4a71ae0ecfe5c5cf3ad843f3cd2,2024-25,2024-10-28T17:00:00+03:00,uniform_hda,2498,0,2024-10-27T19:00:00+00:00,0.333333333333,0.333333333333,0.333333333333,D
6b9fb466e5ea8fdf6a675476b21db5900d59d4a71ae0ecfe5c5cf3ad843f3cd2,2024-25,2024-10-28T17:00:00+03:00,expanding_league_hda,2498,2498,2024-10-27T19:00:00+00:00,0.449959967974,0.258606885508,0.291433146517,D
6c3634a1593efabaf10bacd2ef45ffb2e065af0e1541c130ff43b8ec68bb9216,2024-25,2024-10-28T20:00:00+03:00,uniform_hda,2498,0,2024-10-27T19:00:00+00:00,0.333333333333,0.333333333333,0.333333333333,H
6c3634a1593efabaf10bacd2ef45ffb2e065af0e1541c130ff43b8ec68bb9216,2024-25,2024-10-28T20:00:00+03:00,expanding_league_hda,2498,2498,2024-10-27T19:00:00+00:00,0.449959967974,0.258606885508,0.291433146517,H
6890bc697499bfbeff698456a5f4cdda990bcb795b3aa91a3fdd11d9755afd49,2024-25,2024-11-01T20:00:00+03:00,uniform_hda,2500,0,2024-10-28T20:00:00+00:00,0.333333333333,0.333333333333,0.333333333333,H
6890bc697499bfbeff698456a5f4cdda990bcb795b3aa91a3fdd11d9755afd49,2024-25,2024-11-01T20:00:00+03:00,expanding_league_hda,2500,2500,2024-10-28T20:00:00+00:00,0.450000000000,0.258800000000,0.291200000000,H
29678ffee320cc4a96e48ab5a93a96e6f5556e5c59ca552292eb72cef44037e5,2024-25,2024-11-02T13:30:00+03:00,uniform_hda,2501,0,2024-11-01T20:00:00+00:00,0.333333333333,0.333333333333,0.333333333333,H
29678ffee320cc4a96e48ab5a93a96e6f5556e5c59ca552292eb72cef44037e5,2024-25,2024-11-02T13:30:00+03:00,expanding_league_hda,2501,2501,2024-11-01T20:00:00+00:00,0.450219912035,0.258696521391,0.291083566573,H
dd763da0c4957bb8ea94863691660a40a1b1ab38391931817cfcbb924555ae80,2024-25,2024-11-02T16:00:00+03:00,uniform_hda,2501,0,2024-11-01T20:00:00+00:00,0.333333333333,0.333333333333,0.333333333333,D
dd763da0c4957bb8ea94863691660a40a1b1ab38391931817cfcbb924555ae80,2024-25,2024-11-02T16:00:00+03:00,expanding_league_hda,2501,2501,2024-11-01T20:00:00+00:00,0.450219912035,0.258696521391,0.291083566573,D
4722e840f1724a43ec210c93f921f6abaa40dc06a29d4f3f5af610091b60fbb8,2024-25,2024-11-02T19:00:00+03:00,uniform_hda,2502,0,2024-11-02T13:30:00+00:00,0.333333333333,0.333333333333,0.333333333333,A
4722e840f1724a43ec210c93f921f6abaa40dc06a29d4f3f5af610091b60fbb8,2024-25,2024-11-02T19:00:00+03:00,expanding_league_hda,2502,2502,2024-11-02T13:30:00+00:00,0.450439648281,0.258593125500,0.290967226219,A
efe22c854d1a9f3cb9ea0cf123d3654e685f4b5d64dcb2d56a7154dcb1f3907b,2024-25,2024-11-03T13:30:00+03:00,uniform_hda,2504,0,2024-11-02T19:00:00+00:00,0.333333333333,0.333333333333,0.333333333333,H
efe22c854d1a9f3cb9ea0cf123d3654e685f4b5d64dcb2d56a7154dcb1f3907b,2024-25,2024-11-03T13:30:00+03:00,expanding_league_hda,2504,2504,2024-11-02T19:00:00+00:00,0.450079872204,0.258785942492,0.291134185304,H
88abfeea0f8c807ac6897f18f35a2d8e9cfab26da2643a88f9f23695e04957d2,2024-25,2024-11-03T16:00:00+03:00,uniform_hda,2504,0,2024-11-02T19:00:00+00:00,0.333333333333,0.333333333333,0.333333333333,D
88abfeea0f8c807ac6897f18f35a2d8e9cfab26da2643a88f9f23695e04957d2,2024-25,2024-11-03T16:00:00+03:00,expanding_league_hda,2504,2504,2024-11-02T19:00:00+00:00,0.450079872204,0.258785942492,0.291134185304,D
9963b6e3efbaa46b455cd68864f315af22433e75a2accbe2793c5b8bafa404ca,2024-25,2024-11-03T16:00:00+03:00,uniform_hda,2504,0,2024-11-02T19:00:00+00:00,0.333333333333,0.333333333333,0.333333333333,H
9963b6e3efbaa46b455cd68864f315af22433e75a2accbe2793c5b8bafa404ca,2024-25,2024-11-03T16:00:00+03:00,expanding_league_hda,2504,2504,2024-11-02T19:00:00+00:00,0.450079872204,0.258785942492,0.291134185304,H
2c1a457a94cfc5032e29ed7c9af8186b9c115abea54f9097458567f526e8e917,2024-25,2024-11-03T19:00:00+03:00,uniform_hda,2505,0,2024-11-03T13:30:00+00:00,0.333333333333,0.333333333333,0.333333333333,A
2c1a457a94cfc5032e29ed7c9af8186b9c115abea54f9097458567f526e8e917,2024-25,2024-11-03T19:00:00+03:00,expanding_league_hda,2505,2505,2024-11-03T13:30:00+00:00,0.450299401198,0.258682634731,0.291017964072,A
f550bb7782a7199bc0e90340249c52719fe8e76e5528a7a04387111439ec2e95,2024-25,2024-11-04T20:00:00+03:00,uniform_hda,2508,0,2024-11-03T19:00:00+00:00,0.333333333333,0.333333333333,0.333333333333,H
f550bb7782a7199bc0e90340249c52719fe8e76e5528a7a04387111439ec2e95,2024-25,2024-11-04T20:00:00+03:00,expanding_league_hda,2508,2508,2024-11-03T19:00:00+00:00,0.450159489633,0.258771929825,0.291068580542,H
4be556f1c396c1519b1bb60a291b06d2f2d7b89016d4ca875100a246dea4a15e,2024-25,2024-11-08T20:00:00+03:00,uniform_hda,2509,0,2024-11-04T20:00:00+00:00,0.333333333333,0.333333333333,0.333333333333,A
4be556f1c396c1519b1bb60a291b06d2f2d7b89016d4ca875100a246dea4a15e,2024-25,2024-11-08T20:00:00+03:00,expanding_league_hda,2509,2509,2024-11-04T20:00:00+00:00,0.450378636907,0.258668792348,0.290952570745,A
2be3af5f2cab1a7b9d1f5d72a213754c4d6e157528c0d431a2be9f4a6d9f2aa5,2024-25,2024-11-09T13:30:00+03:00,uniform_hda,2510,0,2024-11-08T20:00:00+00:00,0.333333333333,0.333333333333,0.333333333333,H
2be3af5f2cab1a7b9d1f5d72a213754c4d6e157528c0d431a2be9f4a6d9f2aa5,2024-25,2024-11-09T13:30:00+03:00,expanding_league_hda,2510,2510,2024-11-08T20:00:00+00:00,0.450199203187,0.258565737052,0.291235059761,H
90642659963cb33324223146c04d0d576e9348a2559f83ef5e51d9c851b8f749,2024-25,2024-11-09T16:00:00+03:00,uniform_hda,2510,0,2024-11-08T20:00:00+00:00,0.333333333333,0.333333333333,0.333333333333,H
90642659963cb33324223146c04d0d576e9348a2559f83ef5e51d9c851b8f749,2024-25,2024-11-09T16:00:00+03:00,expanding_league_hda,2510,2510,2024-11-08T20:00:00+00:00,0.450199203187,0.258565737052,0.291235059761,H
1989e17d6682f26b718572c89330b2f7e5f5977c52b39aeaf36857ef9077cd0f,2024-25,2024-11-09T19:00:00+03:00,uniform_hda,2511,0,2024-11-09T13:30:00+00:00,0.333333333333,0.333333333333,0.333333333333,H
1989e17d6682f26b718572c89330b2f7e5f5977c52b39aeaf36857ef9077cd0f,2024-25,2024-11-09T19:00:00+03:00,expanding_league_hda,2511,2511,2024-11-09T13:30:00+00:00,0.450418160096,0.258462763839,0.291119076065,H
a012e4574509f0e9e5b17adedf1f0e602b0adf9ade61b0b772a0aadbb1f9ca57,2024-25,2024-11-09T19:00:00+03:00,uniform_hda,2511,0,2024-11-09T13:30:00+00:00,0.333333333333,0.333333333333,0.333333333333,A
a012e4574509f0e9e5b17adedf1f0e602b0adf9ade61b0b772a0aadbb1f9ca57,2024-25,2024-11-09T19:00:00+03:00,expanding_league_hda,2511,2511,2024-11-09T13:30:00+00:00,0.450418160096,0.258462763839,0.291119076065,A
eaf3462862a8cb496d5ce020c50cecb95174e1c0b5ba6eacdd8ccf0541585d44,2024-25,2024-11-10T13:30:00+03:00,uniform_hda,2514,0,2024-11-09T19:00:00+00:00,0.333333333333,0.333333333333,0.333333333333,H
eaf3462862a8cb496d5ce020c50cecb95174e1c0b5ba6eacdd8ccf0541585d44,2024-25,2024-11-10T13:30:00+03:00,expanding_league_hda,2514,2514,2024-11-09T19:00:00+00:00,0.450676213206,0.258154335720,0.291169451074,H
cf4e212f1b52bb57a8c7d02ae5f89311ca00058dac30519a4086b88272682ba0,2024-25,2024-11-10T16:00:00+03:00,uniform_hda,2514,0,2024-11-09T19:00:00+00:00,0.333333333333,0.333333333333,0.333333333333,H
cf4e212f1b52bb57a8c7d02ae5f89311ca00058dac30519a4086b88272682ba0,2024-25,2024-11-10T16:00:00+03:00,expanding_league_hda,2514,2514,2024-11-09T19:00:00+00:00,0.450676213206,0.258154335720,0.291169451074,H
417c732d3f2264300bb868b1dd72a08a5381ef05aa0d02dcff3f49a332fef36a,2024-25,2024-11-10T19:00:00+03:00,uniform_hda,2515,0,2024-11-10T13:30:00+00:00,0.333333333333,0.333333333333,0.333333333333,H
417c732d3f2264300bb868b1dd72a08a5381ef05aa0d02dcff3f49a332fef36a,2024-25,2024-11-10T19:00:00+03:00,expanding_league_hda,2515,2515,2024-11-10T13:30:00+00:00,0.450894632207,0.258051689861,0.291053677932,H
fe5a1e069a47f368121e8085e22b34ab877ba574aed25d1d72080f8c7743bfe0,2024-25,2024-11-10T19:00:00+03:00,uniform_hda,2515,0,2024-11-10T13:30:00+00:00,0.333333333333,0.333333333333,0.333333333333,D
fe5a1e069a47f368121e8085e22b34ab877ba574aed25d1d72080f8c7743bfe0,2024-25,2024-11-10T19:00:00+03:00,expanding_league_hda,2515,2515,2024-11-10T13:30:00+00:00,0.450894632207,0.258051689861,0.291053677932,D
aa2a620fe5c951cabfec0496c90ea98a635b02bd9be9bead8c9511abd4c11197,2024-25,2024-11-23T13:30:00+03:00,uniform_hda,2518,0,2024-11-10T19:00:00+00:00,0.333333333333,0.333333333333,0.333333333333,A
aa2a620fe5c951cabfec0496c90ea98a635b02bd9be9bead8c9511abd4c11197,2024-25,2024-11-23T13:30:00+03:00,expanding_league_hda,2518,2518,2024-11-10T19:00:00+00:00,0.451151707705,0.258141382049,0.290706910246,A
29af19f6312c661b622471cd8e1ee602f268bdeb90ad4f9fe82eece7bdcfceab,2024-25,2024-11-23T16:00:00+03:00,uniform_hda,2518,0,2024-11-10T19:00:00+00:00,0.333333333333,0.333333333333,0.333333333333,A
29af19f6312c661b622471cd8e1ee602f268bdeb90ad4f9fe82eece7bdcfceab,2024-25,2024-11-23T16:00:00+03:00,expanding_league_hda,2518,2518,2024-11-10T19:00:00+00:00,0.451151707705,0.258141382049,0.290706910246,A
a3dd58ca48ff25c14e5e69ec0f5966f0a9e1aa87e8824e7250e5eae6e72e7c63,2024-25,2024-11-23T16:00:00+03:00,uniform_hda,2518,0,2024-11-10T19:00:00+00:00,0.333333333333,0.333333333333,0.333333333333,H
a3dd58ca48ff25c14e5e69ec0f5966f0a9e1aa87e8824e7250e5eae6e72e7c63,2024-25,2024-11-23T16:00:00+03:00,expanding_league_hda,2518,2518,2024-11-10T19:00:00+00:00,0.451151707705,0.258141382049,0.290706910246,H
3b9003381a7220dcfa6777c923371d8e1423b2bc677f87026580594fc2c47df2,2024-25,2024-11-23T19:00:00+03:00,uniform_hda,2519,0,2024-11-23T13:30:00+00:00,0.333333333333,0.333333333333,0.333333333333,A
3b9003381a7220dcfa6777c923371d8e1423b2bc677f87026580594fc2c47df2,2024-25,2024-11-23T19:00:00+03:00,expanding_league_hda,2519,2519,2024-11-23T13:30:00+00:00,0.450972608178,0.258038904327,0.290988487495,A
3bcd45253858609b9e2176b7bbd068167f9878f1c68bfab78ff49f9645d240a0,2024-25,2024-11-24T13:30:00+03:00,uniform_hda,2522,0,2024-11-23T19:00:00+00:00,0.333333333333,0.333333333333,0.333333333333,D
3bcd45253858609b9e2176b7bbd068167f9878f1c68bfab78ff49f9645d240a0,2024-25,2024-11-24T13:30:00+03:00,expanding_league_hda,2522,2522,2024-11-23T19:00:00+00:00,0.450832672482,0.257731958763,0.291435368755,D
38636e65278f684c0fedb2d7869990644fe2ede983dcc4e477a11a7dcd49eaac,2024-25,2024-11-24T16:00:00+03:00,uniform_hda,2522,0,2024-11-23T19:00:00+00:00,0.333333333333,0.333333333333,0.333333333333,D
38636e65278f684c0fedb2d7869990644fe2ede983dcc4e477a11a7dcd49eaac,2024-25,2024-11-24T16:00:00+03:00,expanding_league_hda,2522,2522,2024-11-23T19:00:00+00:00,0.450832672482,0.257731958763,0.291435368755,D
a0c59379fcc09bfa29ea9812764919592ca1000b41bb8d6985e29a99c061903f,2024-25,2024-11-24T16:00:00+03:00,uniform_hda,2522,0,2024-11-23T19:00:00+00:00,0.333333333333,0.333333333333,0.333333333333,D
a0c59379fcc09bfa29ea9812764919592ca1000b41bb8d6985e29a99c061903f,2024-25,2024-11-24T16:00:00+03:00,expanding_league_hda,2522,2522,2024-11-23T19:00:00+00:00,0.450832672482,0.257731958763,0.291435368755,D
699c89b302f585f877b125a8aed3081f8ec538b845f272500f918a8c025b4c7d,2024-25,2024-11-24T19:00:00+03:00,uniform_hda,2523,0,2024-11-24T13:30:00+00:00,0.333333333333,0.333333333333,0.333333333333,A
699c89b302f585f877b125a8aed3081f8ec538b845f272500f918a8c025b4c7d,2024-25,2024-11-24T19:00:00+03:00,expanding_league_hda,2523,2523,2024-11-24T13:30:00+00:00,0.450653983353,0.258026159334,0.291319857313,A
f45d4cf417fd80156f0b9fa5462f009d5de956e3cd6e435c01e1b8000b75f0af,2024-25,2024-11-25T20:00:00+03:00,uniform_hda,2526,0,2024-11-24T19:00:00+00:00,0.333333333333,0.333333333333,0.333333333333,H
f45d4cf417fd80156f0b9fa5462f009d5de956e3cd6e435c01e1b8000b75f0af,2024-25,2024-11-25T20:00:00+03:00,expanding_league_hda,2526,2526,2024-11-24T19:00:00+00:00,0.450118764846,0.258511480602,0.291369754553,H
791301f3061039057188d481402668683d97c8323bce3d22106c523846a37513,2024-25,2024-11-29T20:00:00+03:00,uniform_hda,2527,0,2024-11-25T20:00:00+00:00,0.333333333333,0.333333333333,0.333333333333,H
791301f3061039057188d481402668683d97c8323bce3d22106c523846a37513,2024-25,2024-11-29T20:00:00+03:00,expanding_league_hda,2527,2527,2024-11-25T20:00:00+00:00,0.450336367234,0.258409180847,0.291254451919,H
2f435e7455aae0cd86a68142651671d6ba7ebacb08e05bd1549878309a775b8e,2024-25,2024-11-30T13:30:00+03:00,uniform_hda,2528,0,2024-11-29T20:00:00+00:00,0.333333333333,0.333333333333,0.333333333333,H
2f435e7455aae0cd86a68142651671d6ba7ebacb08e05bd1549878309a775b8e,2024-25,2024-11-30T13:30:00+03:00,expanding_league_hda,2528,2528,2024-11-29T20:00:00+00:00,0.450553797468,0.258306962025,0.291139240506,H
cab8be4736f78560080062e034c3f8c46a7c6632cc96e7bdcb209228b61a5941,2024-25,2024-11-30T16:00:00+03:00,uniform_hda,2528,0,2024-11-29T20:00:00+00:00,0.333333333333,0.333333333333,0.333333333333,A
cab8be4736f78560080062e034c3f8c46a7c6632cc96e7bdcb209228b61a5941,2024-25,2024-11-30T16:00:00+03:00,expanding_league_hda,2528,2528,2024-11-29T20:00:00+00:00,0.450553797468,0.258306962025,0.291139240506,A
08d090521d451276dc7cb85a69826113c3668bbf6ce9a8c0dee6d1f5f30f065f,2024-25,2024-11-30T19:00:00+03:00,uniform_hda,2529,0,2024-11-30T13:30:00+00:00,0.333333333333,0.333333333333,0.333333333333,H
08d090521d451276dc7cb85a69826113c3668bbf6ce9a8c0dee6d1f5f30f065f,2024-25,2024-11-30T19:00:00+03:00,expanding_league_hda,2529,2529,2024-11-30T13:30:00+00:00,0.450771055753,0.258204824041,0.291024120206,H
0bb11ac7087204ab4a83574d0061ff95de817df8495b4082b0b82c347f5d2736,2024-25,2024-11-30T19:00:00+03:00,uniform_hda,2529,0,2024-11-30T13:30:00+00:00,0.333333333333,0.333333333333,0.333333333333,H
0bb11ac7087204ab4a83574d0061ff95de817df8495b4082b0b82c347f5d2736,2024-25,2024-11-30T19:00:00+03:00,expanding_league_hda,2529,2529,2024-11-30T13:30:00+00:00,0.450771055753,0.258204824041,0.291024120206,H
82965a6b6210a5f19f4e000676d4247c648339b8244caa59e82408d8f84b1779,2024-25,2024-12-01T16:00:00+03:00,uniform_hda,2532,0,2024-11-30T19:00:00+00:00,0.333333333333,0.333333333333,0.333333333333,H
82965a6b6210a5f19f4e000676d4247c648339b8244caa59e82408d8f84b1779,2024-25,2024-12-01T16:00:00+03:00,expanding_league_hda,2532,2532,2024-11-30T19:00:00+00:00,0.451026856240,0.257898894155,0.291074249605,H
f1ef3fe46df095dbf83efeffc4fb199b6029d635c63bbb5f82a45d413ad85eb7,2024-25,2024-12-01T19:00:00+03:00,uniform_hda,2532,0,2024-11-30T19:00:00+00:00,0.333333333333,0.333333333333,0.333333333333,D
f1ef3fe46df095dbf83efeffc4fb199b6029d635c63bbb5f82a45d413ad85eb7,2024-25,2024-12-01T19:00:00+03:00,expanding_league_hda,2532,2532,2024-11-30T19:00:00+00:00,0.451026856240,0.257898894155,0.291074249605,D
94d355b71392e7fbcd759fda05fcd381640b6aff4b61adae0788d38069b107a5,2024-25,2024-12-02T20:00:00+03:00,uniform_hda,2534,0,2024-12-01T19:00:00+00:00,0.333333333333,0.333333333333,0.333333333333,D
94d355b71392e7fbcd759fda05fcd381640b6aff4b61adae0788d38069b107a5,2024-25,2024-12-02T20:00:00+03:00,expanding_league_hda,2534,2534,2024-12-01T19:00:00+00:00,0.451065509077,0.258089976322,0.290844514601,D
a80b6b444fb77c93c81d7d7b90ae1582350f18df78b8af996f9f64e33cabec16,2024-25,2024-12-02T20:00:00+03:00,uniform_hda,2534,0,2024-12-01T19:00:00+00:00,0.333333333333,0.333333333333,0.333333333333,H
a80b6b444fb77c93c81d7d7b90ae1582350f18df78b8af996f9f64e33cabec16,2024-25,2024-12-02T20:00:00+03:00,expanding_league_hda,2534,2534,2024-12-01T19:00:00+00:00,0.451065509077,0.258089976322,0.290844514601,H
1f94edcd8a8c00b838b71464b2c77f7011f78f566d55f335c23d2b9841748530,2024-25,2024-12-06T20:00:00+03:00,uniform_hda,2536,0,2024-12-02T20:00:00+00:00,0.333333333333,0.333333333333,0.333333333333,D
1f94edcd8a8c00b838b71464b2c77f7011f78f566d55f335c23d2b9841748530,2024-25,2024-12-06T20:00:00+03:00,expanding_league_hda,2536,2536,2024-12-02T20:00:00+00:00,0.451104100946,0.258280757098,0.290615141956,D
a3c1008c9559117921fc4b50630a0609421730043a4327466545eeda4c0946ae,2024-25,2024-12-07T13:30:00+03:00,uniform_hda,2537,0,2024-12-06T20:00:00+00:00,0.333333333333,0.333333333333,0.333333333333,D
a3c1008c9559117921fc4b50630a0609421730043a4327466545eeda4c0946ae,2024-25,2024-12-07T13:30:00+03:00,expanding_league_hda,2537,2537,2024-12-06T20:00:00+00:00,0.450926290895,0.258573117856,0.290500591250,D
58f64b76c868be6aa4c061eae3d5b573951f9aa1cbe60d0f90e7de3c0e24fc51,2024-25,2024-12-07T16:00:00+03:00,uniform_hda,2537,0,2024-12-06T20:00:00+00:00,0.333333333333,0.333333333333,0.333333333333,H
58f64b76c868be6aa4c061eae3d5b573951f9aa1cbe60d0f90e7de3c0e24fc51,2024-25,2024-12-07T16:00:00+03:00,expanding_league_hda,2537,2537,2024-12-06T20:00:00+00:00,0.450926290895,0.258573117856,0.290500591250,H
725021c24231af418269a9844f8af034540db345bb12853540cc7ce6bd1176ed,2024-25,2024-12-07T19:00:00+03:00,uniform_hda,2538,0,2024-12-07T13:30:00+00:00,0.333333333333,0.333333333333,0.333333333333,H
725021c24231af418269a9844f8af034540db345bb12853540cc7ce6bd1176ed,2024-25,2024-12-07T19:00:00+03:00,expanding_league_hda,2538,2538,2024-12-07T13:30:00+00:00,0.450748620961,0.258865248227,0.290386130812,H
75d35e118eba87d743bb04b6ee46e3d55996dc03baea6d3ab90249edd7c6eb62,2024-25,2024-12-08T13:30:00+03:00,uniform_hda,2540,0,2024-12-07T19:00:00+00:00,0.333333333333,0.333333333333,0.333333333333,H
75d35e118eba87d743bb04b6ee46e3d55996dc03baea6d3ab90249edd7c6eb62,2024-25,2024-12-08T13:30:00+03:00,expanding_league_hda,2540,2540,2024-12-07T19:00:00+00:00,0.451181102362,0.258661417323,0.290157480315,H
2ae04254cb7f16442a972e674a46106911621a9d77dc22abbe1b283f4adfca34,2024-25,2024-12-08T16:00:00+03:00,uniform_hda,2540,0,2024-12-07T19:00:00+00:00,0.333333333333,0.333333333333,0.333333333333,A
2ae04254cb7f16442a972e674a46106911621a9d77dc22abbe1b283f4adfca34,2024-25,2024-12-08T16:00:00+03:00,expanding_league_hda,2540,2540,2024-12-07T19:00:00+00:00,0.451181102362,0.258661417323,0.290157480315,A
ebc884d254ec279a68a9703b2d6cb12146910362b417b9bf7a8a1d48f43600b6,2024-25,2024-12-08T16:00:00+03:00,uniform_hda,2540,0,2024-12-07T19:00:00+00:00,0.333333333333,0.333333333333,0.333333333333,H
ebc884d254ec279a68a9703b2d6cb12146910362b417b9bf7a8a1d48f43600b6,2024-25,2024-12-08T16:00:00+03:00,expanding_league_hda,2540,2540,2024-12-07T19:00:00+00:00,0.451181102362,0.258661417323,0.290157480315,H
22e5cc41a9ca06474112ce1d08612aefb81fa4b773242917d44425decce401d4,2024-25,2024-12-08T19:00:00+03:00,uniform_hda,2541,0,2024-12-08T13:30:00+00:00,0.333333333333,0.333333333333,0.333333333333,H
22e5cc41a9ca06474112ce1d08612aefb81fa4b773242917d44425decce401d4,2024-25,2024-12-08T19:00:00+03:00,expanding_league_hda,2541,2541,2024-12-08T13:30:00+00:00,0.451397087761,0.258559622196,0.290043290043,H
f9184ffa45dfca5cd6a7326cf6ba299a735d4a2cdc2442a3c0a600c5c693c3fe,2024-25,2024-12-09T20:00:00+03:00,uniform_hda,2544,0,2024-12-08T19:00:00+00:00,0.333333333333,0.333333333333,0.333333333333,H
f9184ffa45dfca5cd6a7326cf6ba299a735d4a2cdc2442a3c0a600c5c693c3fe,2024-25,2024-12-09T20:00:00+03:00,expanding_league_hda,2544,2544,2024-12-08T19:00:00+00:00,0.451650943396,0.258254716981,0.290094339623,H
0f825a631790bdca9fa05e9f1eff62216b11def99529c430cd03426e472bea82,2024-25,2024-12-13T20:00:00+03:00,uniform_hda,2545,0,2024-12-09T20:00:00+00:00,0.333333333333,0.333333333333,0.333333333333,H
0f825a631790bdca9fa05e9f1eff62216b11def99529c430cd03426e472bea82,2024-25,2024-12-13T20:00:00+03:00,expanding_league_hda,2545,2545,2024-12-09T20:00:00+00:00,0.451866404715,0.258153241650,0.289980353635,H
97fdf528d3de7c334fb92a0ab880188d52dcc989383614f66d787a14b9f4453b,2024-25,2024-12-13T20:00:00+03:00,uniform_hda,2545,0,2024-12-09T20:00:00+00:00,0.333333333333,0.333333333333,0.333333333333,H
97fdf528d3de7c334fb92a0ab880188d52dcc989383614f66d787a14b9f4453b,2024-25,2024-12-13T20:00:00+03:00,expanding_league_hda,2545,2545,2024-12-09T20:00:00+00:00,0.451866404715,0.258153241650,0.289980353635,H
559616cf98fd9be0d81d9416f91190f10337ca5e0e15a38b645c57cffb6453d7,2024-25,2024-12-14T16:00:00+03:00,uniform_hda,2547,0,2024-12-13T20:00:00+00:00,0.333333333333,0.333333333333,0.333333333333,D
559616cf98fd9be0d81d9416f91190f10337ca5e0e15a38b645c57cffb6453d7,2024-25,2024-12-14T16:00:00+03:00,expanding_league_hda,2547,2547,2024-12-13T20:00:00+00:00,0.452296819788,0.257950530035,0.289752650177,D
e9037d4de6728d065b84280ab96d571b923a177f79073f1415825d3343e7d814,2024-25,2024-12-14T19:00:00+03:00,uniform_hda,2547,0,2024-12-13T20:00:00+00:00,0.333333333333,0.333333333333,0.333333333333,H
e9037d4de6728d065b84280ab96d571b923a177f79073f1415825d3343e7d814,2024-25,2024-12-14T19:00:00+03:00,expanding_league_hda,2547,2547,2024-12-13T20:00:00+00:00,0.452296819788,0.257950530035,0.289752650177,H
44128532888ba1f9a297377d8d3a729db1c2c82cd6f949426c1fadcfc7f7d0e4,2024-25,2024-12-15T13:30:00+03:00,uniform_hda,2549,0,2024-12-14T19:00:00+00:00,0.333333333333,0.333333333333,0.333333333333,D
44128532888ba1f9a297377d8d3a729db1c2c82cd6f949426c1fadcfc7f7d0e4,2024-25,2024-12-15T13:30:00+03:00,expanding_league_hda,2549,2549,2024-12-14T19:00:00+00:00,0.452334248725,0.258140447234,0.289525304041,D
7b4e27c0d5763588a92e5831336b82e10258ae5fc32184b2fbf2ea9bd232597f,2024-25,2024-12-15T16:00:00+03:00,uniform_hda,2549,0,2024-12-14T19:00:00+00:00,0.333333333333,0.333333333333,0.333333333333,H
7b4e27c0d5763588a92e5831336b82e10258ae5fc32184b2fbf2ea9bd232597f,2024-25,2024-12-15T16:00:00+03:00,expanding_league_hda,2549,2549,2024-12-14T19:00:00+00:00,0.452334248725,0.258140447234,0.289525304041,H
0c375159720bc66f6f91380477758f0741f4af180559220424b154dfc8001fb2,2024-25,2024-12-15T19:00:00+03:00,uniform_hda,2550,0,2024-12-15T13:30:00+00:00,0.333333333333,0.333333333333,0.333333333333,H
0c375159720bc66f6f91380477758f0741f4af180559220424b154dfc8001fb2,2024-25,2024-12-15T19:00:00+03:00,expanding_league_hda,2550,2550,2024-12-15T13:30:00+00:00,0.452156862745,0.258431372549,0.289411764706,H
c98ff3bd0f9ba0ad24a0ca2734daf6a69609165cea4152369c9ce9769b4d91a1,2024-25,2024-12-16T19:00:00+03:00,uniform_hda,2552,0,2024-12-15T19:00:00+00:00,0.333333333333,0.333333333333,0.333333333333,H
c98ff3bd0f9ba0ad24a0ca2734daf6a69609165cea4152369c9ce9769b4d91a1,2024-25,2024-12-16T19:00:00+03:00,expanding_league_hda,2552,2552,2024-12-15T19:00:00+00:00,0.452586206897,0.258228840125,0.289184952978,H
ee1867e90a9e9881a0b6744c8b04f2897d8d8614af5e28c942e1ab0af9a2e6cd,2024-25,2024-12-16T21:00:00+03:00,uniform_hda,2552,0,2024-12-15T19:00:00+00:00,0.333333333333,0.333333333333,0.333333333333,H
ee1867e90a9e9881a0b6744c8b04f2897d8d8614af5e28c942e1ab0af9a2e6cd,2024-25,2024-12-16T21:00:00+03:00,expanding_league_hda,2552,2552,2024-12-15T19:00:00+00:00,0.452586206897,0.258228840125,0.289184952978,H
cc4f06d953edd3cd788a08bd5dd7351e3ae408e5a0b9220184ac672c812dd6f3,2024-25,2024-12-20T20:00:00+03:00,uniform_hda,2554,0,2024-12-16T21:00:00+00:00,0.333333333333,0.333333333333,0.333333333333,D
cc4f06d953edd3cd788a08bd5dd7351e3ae408e5a0b9220184ac672c812dd6f3,2024-25,2024-12-20T20:00:00+03:00,expanding_league_hda,2554,2554,2024-12-16T21:00:00+00:00,0.453014878622,0.258026624902,0.288958496476,D
81235c0e91f1f30204d476a4be8b084b96d933dc50b4035e29d8815d8eddb53e,2024-25,2024-12-21T16:00:00+03:00,uniform_hda,2555,0,2024-12-20T20:00:00+00:00,0.333333333333,0.333333333333,0.333333333333,D
81235c0e91f1f30204d476a4be8b084b96d933dc50b4035e29d8815d8eddb53e,2024-25,2024-12-21T16:00:00+03:00,expanding_league_hda,2555,2555,2024-12-20T20:00:00+00:00,0.452837573386,0.258317025440,0.288845401174,D
43fd808437702b480b664c2466d6f440479f33aead66936535a88764dec9b94c,2024-25,2024-12-21T19:00:00+03:00,uniform_hda,2555,0,2024-12-20T20:00:00+00:00,0.333333333333,0.333333333333,0.333333333333,D
43fd808437702b480b664c2466d6f440479f33aead66936535a88764dec9b94c,2024-25,2024-12-21T19:00:00+03:00,expanding_league_hda,2555,2555,2024-12-20T20:00:00+00:00,0.452837573386,0.258317025440,0.288845401174,D
9084ad4efe3b0ddf7c38a7afe7abac2252d8c5eb4edc552a74bac9ba1737d09b,2024-25,2024-12-22T13:30:00+03:00,uniform_hda,2557,0,2024-12-21T19:00:00+00:00,0.333333333333,0.333333333333,0.333333333333,H
9084ad4efe3b0ddf7c38a7afe7abac2252d8c5eb4edc552a74bac9ba1737d09b,2024-25,2024-12-22T13:30:00+03:00,expanding_league_hda,2557,2557,2024-12-21T19:00:00+00:00,0.452483378960,0.258897145092,0.288619475948,H
55bca32bbcd2ee77273aa12753c2e6c0f6abb23343c94b35d5abf4759e3514db,2024-25,2024-12-22T16:00:00+03:00,uniform_hda,2557,0,2024-12-21T19:00:00+00:00,0.333333333333,0.333333333333,0.333333333333,A
55bca32bbcd2ee77273aa12753c2e6c0f6abb23343c94b35d5abf4759e3514db,2024-25,2024-12-22T16:00:00+03:00,expanding_league_hda,2557,2557,2024-12-21T19:00:00+00:00,0.452483378960,0.258897145092,0.288619475948,A
d1b1d918ff22fe1a805616188ec2e3bde95b7aab953f4daa812c38bdece2cc8b,2024-25,2024-12-22T16:00:00+03:00,uniform_hda,2557,0,2024-12-21T19:00:00+00:00,0.333333333333,0.333333333333,0.333333333333,H
d1b1d918ff22fe1a805616188ec2e3bde95b7aab953f4daa812c38bdece2cc8b,2024-25,2024-12-22T16:00:00+03:00,expanding_league_hda,2557,2557,2024-12-21T19:00:00+00:00,0.452483378960,0.258897145092,0.288619475948,H
51092dcee3a72b287279fafa6f56ea2433d845309f411a3367e409dc6f0af271,2024-25,2024-12-22T19:00:00+03:00,uniform_hda,2558,0,2024-12-22T13:30:00+00:00,0.333333333333,0.333333333333,0.333333333333,H
51092dcee3a72b287279fafa6f56ea2433d845309f411a3367e409dc6f0af271,2024-25,2024-12-22T19:00:00+03:00,expanding_league_hda,2558,2558,2024-12-22T13:30:00+00:00,0.452697419859,0.258795934324,0.288506645817,H
41d695d4d07debf36c41ec101b1112b971c7574d6c7673db722186ac01df18dd,2024-25,2024-12-23T20:00:00+03:00,uniform_hda,2561,0,2024-12-22T19:00:00+00:00,0.333333333333,0.333333333333,0.333333333333,A
41d695d4d07debf36c41ec101b1112b971c7574d6c7673db722186ac01df18dd,2024-25,2024-12-23T20:00:00+03:00,expanding_league_hda,2561,2561,2024-12-22T19:00:00+00:00,0.452948067161,0.258492776259,0.288559156579,A
b0cdb30358df9d4d414cb6708b1f12406f33a2a6398c3d3eb47ce25d26f13434,2024-25,2024-12-23T20:00:00+03:00,uniform_hda,2561,0,2024-12-22T19:00:00+00:00,0.333333333333,0.333333333333,0.333333333333,D
b0cdb30358df9d4d414cb6708b1f12406f33a2a6398c3d3eb47ce25d26f13434,2024-25,2024-12-23T20:00:00+03:00,expanding_league_hda,2561,2561,2024-12-22T19:00:00+00:00,0.452948067161,0.258492776259,0.288559156579,D
3f8b607eb7eca1e08dcb86cda4685fe996024f1c56307fe37dfd33c49fec0d1d,2024-25,2025-01-03T20:00:00+03:00,uniform_hda,2563,0,2024-12-23T20:00:00+00:00,0.333333333333,0.333333333333,0.333333333333,H
3f8b607eb7eca1e08dcb86cda4685fe996024f1c56307fe37dfd33c49fec0d1d,2024-25,2025-01-03T20:00:00+03:00,expanding_league_hda,2563,2563,2024-12-23T20:00:00+00:00,0.452594615685,0.258681232930,0.288724151385,H
769f97587158a35512867eff6ed24843354f32d3a96951fc7683c93a8d61f52a,2024-25,2025-01-03T20:00:00+03:00,uniform_hda,2563,0,2024-12-23T20:00:00+00:00,0.333333333333,0.333333333333,0.333333333333,D
769f97587158a35512867eff6ed24843354f32d3a96951fc7683c93a8d61f52a,2024-25,2025-01-03T20:00:00+03:00,expanding_league_hda,2563,2563,2024-12-23T20:00:00+00:00,0.452594615685,0.258681232930,0.288724151385,D
481bab5d92535d5722d92070544a4662a3d2cc7acccd0e08607b717f9ea981f2,2024-25,2025-01-04T13:30:00+03:00,uniform_hda,2565,0,2025-01-03T20:00:00+00:00,0.333333333333,0.333333333333,0.333333333333,A
481bab5d92535d5722d92070544a4662a3d2cc7acccd0e08607b717f9ea981f2,2024-25,2025-01-04T13:30:00+03:00,expanding_league_hda,2565,2565,2025-01-03T20:00:00+00:00,0.452631578947,0.258869395712,0.288499025341,A
718300688d736b37c238672f3de2a2c1902a32a688b985c12c704b8dca73830e,2024-25,2025-01-04T16:00:00+03:00,uniform_hda,2565,0,2025-01-03T20:00:00+00:00,0.333333333333,0.333333333333,0.333333333333,A
718300688d736b37c238672f3de2a2c1902a32a688b985c12c704b8dca73830e,2024-25,2025-01-04T16:00:00+03:00,expanding_league_hda,2565,2565,2025-01-03T20:00:00+00:00,0.452631578947,0.258869395712,0.288499025341,A
ec6e7c4397d3d077b78f6105e35b14c1f5711d5d4f03d34c3b126c253a0278b9,2024-25,2025-01-04T19:00:00+03:00,uniform_hda,2566,0,2025-01-04T13:30:00+00:00,0.333333333333,0.333333333333,0.333333333333,H
ec6e7c4397d3d077b78f6105e35b14c1f5711d5d4f03d34c3b126c253a0278b9,2024-25,2025-01-04T19:00:00+03:00,expanding_league_hda,2566,2566,2025-01-04T13:30:00+00:00,0.452455183164,0.258768511302,0.288776305534,H
3f125fea9933145de4645095b8fef2d617b1e25f881364c9e2f88746ac73f48b,2024-25,2025-01-04T20:00:00+03:00,uniform_hda,2567,0,2025-01-04T16:00:00+00:00,0.333333333333,0.333333333333,0.333333333333,H
3f125fea9933145de4645095b8fef2d617b1e25f881364c9e2f88746ac73f48b,2024-25,2025-01-04T20:00:00+03:00,expanding_league_hda,2567,2567,2025-01-04T16:00:00+00:00,0.452278924815,0.258667705493,0.289053369692,H
7cde52d2b61919fa4f42b357e1d160d960f1463732465928a28fb9f9772bcee8,2024-25,2025-01-05T13:30:00+03:00,uniform_hda,2569,0,2025-01-04T20:00:00+00:00,0.333333333333,0.333333333333,0.333333333333,D
7cde52d2b61919fa4f42b357e1d160d960f1463732465928a28fb9f9772bcee8,2024-25,2025-01-05T13:30:00+03:00,expanding_league_hda,2569,2569,2025-01-04T20:00:00+00:00,0.452705332814,0.258466329311,0.288828337875,D
c21c9816ad145c7edc5fcad8a1c1281dd4e1995c46bdf3263b5aa90e7bf15270,2024-25,2025-01-05T16:00:00+03:00,uniform_hda,2569,0,2025-01-04T20:00:00+00:00,0.333333333333,0.333333333333,0.333333333333,D
c21c9816ad145c7edc5fcad8a1c1281dd4e1995c46bdf3263b5aa90e7bf15270,2024-25,2025-01-05T16:00:00+03:00,expanding_league_hda,2569,2569,2025-01-04T20:00:00+00:00,0.452705332814,0.258466329311,0.288828337875,D
e9fc55b4403dc2ce7514f4e0223cbd450cc300ef0abbd99410efee6c470efa0d,2024-25,2025-01-05T19:00:00+03:00,uniform_hda,2570,0,2025-01-05T13:30:00+00:00,0.333333333333,0.333333333333,0.333333333333,H
e9fc55b4403dc2ce7514f4e0223cbd450cc300ef0abbd99410efee6c470efa0d,2024-25,2025-01-05T19:00:00+03:00,expanding_league_hda,2570,2570,2025-01-05T13:30:00+00:00,0.452529182879,0.258754863813,0.288715953307,H
0038afba08c82ec86406e8652b2d82359025e58a8520a299e8120bb24100a2ad,2024-25,2025-01-11T13:30:00+03:00,uniform_hda,2572,0,2025-01-05T19:00:00+00:00,0.333333333333,0.333333333333,0.333333333333,A
0038afba08c82ec86406e8652b2d82359025e58a8520a299e8120bb24100a2ad,2024-25,2025-01-11T13:30:00+03:00,expanding_league_hda,2572,2572,2025-01-05T19:00:00+00:00,0.452566096423,0.258942457232,0.288491446345,A
682cb84269812218f6f0a34fb6533d3690ea78b03a39a9da102f8d870f40bec9,2024-25,2025-01-11T16:00:00+03:00,uniform_hda,2572,0,2025-01-05T19:00:00+00:00,0.333333333333,0.333333333333,0.333333333333,A
682cb84269812218f6f0a34fb6533d3690ea78b03a39a9da102f8d870f40bec9,2024-25,2025-01-11T16:00:00+03:00,expanding_league_hda,2572,2572,2025-01-05T19:00:00+00:00,0.452566096423,0.258942457232,0.288491446345,A
df767bd2c01a884db8fb03bea89883ee43a11cff47a9972b85f2920afdc5cf02,2024-25,2025-01-11T19:00:00+03:00,uniform_hda,2573,0,2025-01-11T13:30:00+00:00,0.333333333333,0.333333333333,0.333333333333,H
df767bd2c01a884db8fb03bea89883ee43a11cff47a9972b85f2920afdc5cf02,2024-25,2025-01-11T19:00:00+03:00,expanding_league_hda,2573,2573,2025-01-11T13:30:00+00:00,0.452390205985,0.258841818888,0.288767975126,H
65d9e2b72f3c5196451b05c226c47f901188716a1ded507535535981abd34983,2024-25,2025-01-12T13:30:00+03:00,uniform_hda,2575,0,2025-01-11T19:00:00+00:00,0.333333333333,0.333333333333,0.333333333333,D
65d9e2b72f3c5196451b05c226c47f901188716a1ded507535535981abd34983,2024-25,2025-01-12T13:30:00+03:00,expanding_league_hda,2575,2575,2025-01-11T19:00:00+00:00,0.452427184466,0.258640776699,0.288932038835,D
f1f64dff50e29994990ac00ba29ff1fa99d1902892ef01e4ac894281401f7371,2024-25,2025-01-12T16:00:00+03:00,uniform_hda,2575,0,2025-01-11T19:00:00+00:00,0.333333333333,0.333333333333,0.333333333333,H
f1f64dff50e29994990ac00ba29ff1fa99d1902892ef01e4ac894281401f7371,2024-25,2025-01-12T16:00:00+03:00,expanding_league_hda,2575,2575,2025-01-11T19:00:00+00:00,0.452427184466,0.258640776699,0.288932038835,H
b1159f77638ef1a3a729debbac0047e7086eae3582bb99e49a1cb388353b261b,2024-25,2025-01-12T19:00:00+03:00,uniform_hda,2576,0,2025-01-12T13:30:00+00:00,0.333333333333,0.333333333333,0.333333333333,H
b1159f77638ef1a3a729debbac0047e7086eae3582bb99e49a1cb388353b261b,2024-25,2025-01-12T19:00:00+03:00,expanding_league_hda,2576,2576,2025-01-12T13:30:00+00:00,0.452251552795,0.258928571429,0.288819875776,H
ef738bf51d0c34a55d4a16ededa2edfe3f9e5349d950d01ec0d0438f0a50147d,2024-25,2025-01-12T19:00:00+03:00,uniform_hda,2576,0,2025-01-12T13:30:00+00:00,0.333333333333,0.333333333333,0.333333333333,A
ef738bf51d0c34a55d4a16ededa2edfe3f9e5349d950d01ec0d0438f0a50147d,2024-25,2025-01-12T19:00:00+03:00,expanding_league_hda,2576,2576,2025-01-12T13:30:00+00:00,0.452251552795,0.258928571429,0.288819875776,A
67cac8681b38e0e6e9e5ba4b6196023bc3f16df8a638a6aee38b7cb6c4285fe1,2024-25,2025-01-13T20:00:00+03:00,uniform_hda,2579,0,2025-01-12T19:00:00+00:00,0.333333333333,0.333333333333,0.333333333333,H
67cac8681b38e0e6e9e5ba4b6196023bc3f16df8a638a6aee38b7cb6c4285fe1,2024-25,2025-01-13T20:00:00+03:00,expanding_league_hda,2579,2579,2025-01-12T19:00:00+00:00,0.452500969368,0.258627374952,0.288871655680,H
b3e248f855c705a84bf0c057fffe7ffee32232e4a0d77dc7e640f3dbef17fb8e,2024-25,2025-01-13T20:00:00+03:00,uniform_hda,2579,0,2025-01-12T19:00:00+00:00,0.333333333333,0.333333333333,0.333333333333,A
b3e248f855c705a84bf0c057fffe7ffee32232e4a0d77dc7e640f3dbef17fb8e,2024-25,2025-01-13T20:00:00+03:00,expanding_league_hda,2579,2579,2025-01-12T19:00:00+00:00,0.452500969368,0.258627374952,0.288871655680,A
5aa8984e8bc07a1156cfce19e7058f27327cd17ebb710b643159b0c35841af67,2024-25,2025-01-17T20:00:00+03:00,uniform_hda,2581,0,2025-01-13T20:00:00+00:00,0.333333333333,0.333333333333,0.333333333333,D
5aa8984e8bc07a1156cfce19e7058f27327cd17ebb710b643159b0c35841af67,2024-25,2025-01-17T20:00:00+03:00,expanding_league_hda,2581,2581,2025-01-13T20:00:00+00:00,0.452537776056,0.258426966292,0.289035257652,D
56ec3521bfeb4f28a53ecc2ebeb2f6eaa361c5ab5337fc46c38dbb40ea6fd6f4,2024-25,2025-01-18T13:30:00+03:00,uniform_hda,2582,0,2025-01-17T20:00:00+00:00,0.333333333333,0.333333333333,0.333333333333,H
56ec3521bfeb4f28a53ecc2ebeb2f6eaa361c5ab5337fc46c38dbb40ea6fd6f4,2024-25,2025-01-18T13:30:00+03:00,expanding_league_hda,2582,2582,2025-01-17T20:00:00+00:00,0.452362509682,0.258714175058,0.288923315259,H
b039c56973a14a1afdd27f45b265780b94fa2e82b47f26347dd3bb19062f00ef,2024-25,2025-01-18T16:00:00+03:00,uniform_hda,2582,0,2025-01-17T20:00:00+00:00,0.333333333333,0.333333333333,0.333333333333,D
b039c56973a14a1afdd27f45b265780b94fa2e82b47f26347dd3bb19062f00ef,2024-25,2025-01-18T16:00:00+03:00,expanding_league_hda,2582,2582,2025-01-17T20:00:00+00:00,0.452362509682,0.258714175058,0.288923315259,D
4a93ac4b26f3565ba263fa07b314bd47bb904db4cc3c49062c7d71fdd4a34117,2024-25,2025-01-18T19:00:00+03:00,uniform_hda,2583,0,2025-01-18T13:30:00+00:00,0.333333333333,0.333333333333,0.333333333333,D
4a93ac4b26f3565ba263fa07b314bd47bb904db4cc3c49062c7d71fdd4a34117,2024-25,2025-01-18T19:00:00+03:00,expanding_league_hda,2583,2583,2025-01-18T13:30:00+00:00,0.452574525745,0.258614014712,0.288811459543,D
89c141ce22bb4dece78d52793e5a96737faf2d89675b9ebd72555442e1952a23,2024-25,2025-01-19T13:30:00+03:00,uniform_hda,2585,0,2025-01-18T19:00:00+00:00,0.333333333333,0.333333333333,0.333333333333,H
89c141ce22bb4dece78d52793e5a96737faf2d89675b9ebd72555442e1952a23,2024-25,2025-01-19T13:30:00+03:00,expanding_league_hda,2585,2585,2025-01-18T19:00:00+00:00,0.452224371373,0.259187620890,0.288588007737,H
196d322cde710dc9c153c6b1d94506797561b5afa389e63920df3239600a1ea2,2024-25,2025-01-19T16:00:00+03:00,uniform_hda,2585,0,2025-01-18T19:00:00+00:00,0.333333333333,0.333333333333,0.333333333333,D
196d322cde710dc9c153c6b1d94506797561b5afa389e63920df3239600a1ea2,2024-25,2025-01-19T16:00:00+03:00,expanding_league_hda,2585,2585,2025-01-18T19:00:00+00:00,0.452224371373,0.259187620890,0.288588007737,D
99725747f95812ebf6599cde944da026f41aa1327816f082bba245c089e6dd48,2024-25,2025-01-19T19:00:00+03:00,uniform_hda,2586,0,2025-01-19T13:30:00+00:00,0.333333333333,0.333333333333,0.333333333333,A
99725747f95812ebf6599cde944da026f41aa1327816f082bba245c089e6dd48,2024-25,2025-01-19T19:00:00+03:00,expanding_league_hda,2586,2586,2025-01-19T13:30:00+00:00,0.452436194896,0.259087393658,0.288476411446,A
eb36793f4fbf710f31985799d71dc777945aa85cedecb247a08f61372a074b34,2024-25,2025-01-19T19:00:00+03:00,uniform_hda,2586,0,2025-01-19T13:30:00+00:00,0.333333333333,0.333333333333,0.333333333333,H
eb36793f4fbf710f31985799d71dc777945aa85cedecb247a08f61372a074b34,2024-25,2025-01-19T19:00:00+03:00,expanding_league_hda,2586,2586,2025-01-19T13:30:00+00:00,0.452436194896,0.259087393658,0.288476411446,H
363a18a9d6c4ae71bca4ed0e62086e1955cc6a516fea15e9516391d36dc22edd,2024-25,2025-01-20T20:00:00+03:00,uniform_hda,2589,0,2025-01-19T19:00:00+00:00,0.333333333333,0.333333333333,0.333333333333,H
363a18a9d6c4ae71bca4ed0e62086e1955cc6a516fea15e9516391d36dc22edd,2024-25,2025-01-20T20:00:00+03:00,expanding_league_hda,2589,2589,2025-01-19T19:00:00+00:00,0.452298184627,0.259173426033,0.288528389340,H
200b2efecf5a5d62a5cabd887e4d85597c8f26d568693d97250caaee7d99f0f1,2024-25,2025-01-24T20:00:00+03:00,uniform_hda,2590,0,2025-01-20T20:00:00+00:00,0.333333333333,0.333333333333,0.333333333333,H
200b2efecf5a5d62a5cabd887e4d85597c8f26d568693d97250caaee7d99f0f1,2024-25,2025-01-24T20:00:00+03:00,expanding_league_hda,2590,2590,2025-01-20T20:00:00+00:00,0.452509652510,0.259073359073,0.288416988417,H
d19ccb2d45a42f9ca2307b5d181d037e5912bacc96f9c97322b228caf0d7ad69,2024-25,2025-01-25T13:30:00+03:00,uniform_hda,2591,0,2025-01-24T20:00:00+00:00,0.333333333333,0.333333333333,0.333333333333,H
d19ccb2d45a42f9ca2307b5d181d037e5912bacc96f9c97322b228caf0d7ad69,2024-25,2025-01-25T13:30:00+03:00,expanding_league_hda,2591,2591,2025-01-24T20:00:00+00:00,0.452720957159,0.258973369355,0.288305673485,H
404e0bc2e56931bd648fb01283f5103ab42bd63ee7e913cc4bd920dae4abb9e3,2024-25,2025-01-25T16:00:00+03:00,uniform_hda,2591,0,2025-01-24T20:00:00+00:00,0.333333333333,0.333333333333,0.333333333333,H
404e0bc2e56931bd648fb01283f5103ab42bd63ee7e913cc4bd920dae4abb9e3,2024-25,2025-01-25T16:00:00+03:00,expanding_league_hda,2591,2591,2025-01-24T20:00:00+00:00,0.452720957159,0.258973369355,0.288305673485,H
6c66d1078531e22c570c56aeccdc7fdeac9b303f9e4430014dd0c131c90dc82e,2024-25,2025-01-25T19:00:00+03:00,uniform_hda,2592,0,2025-01-25T13:30:00+00:00,0.333333333333,0.333333333333,0.333333333333,H
6c66d1078531e22c570c56aeccdc7fdeac9b303f9e4430014dd0c131c90dc82e,2024-25,2025-01-25T19:00:00+03:00,expanding_league_hda,2592,2592,2025-01-25T13:30:00+00:00,0.452932098765,0.258873456790,0.288194444444,H
ca6758c64515fcec3465c93f7e994794e404cba90d761f603287f57aebe0129a,2024-25,2025-01-26T13:30:00+03:00,uniform_hda,2594,0,2025-01-25T19:00:00+00:00,0.333333333333,0.333333333333,0.333333333333,H
ca6758c64515fcec3465c93f7e994794e404cba90d761f603287f57aebe0129a,2024-25,2025-01-26T13:30:00+03:00,expanding_league_hda,2594,2594,2025-01-25T19:00:00+00:00,0.453353893601,0.258673862760,0.287972243639,H
0cd9a46c670db8af3a4eb5f6986b76f342f96a7830a4175a878a3398a5d382b0,2024-25,2025-01-26T16:00:00+03:00,uniform_hda,2594,0,2025-01-25T19:00:00+00:00,0.333333333333,0.333333333333,0.333333333333,D
0cd9a46c670db8af3a4eb5f6986b76f342f96a7830a4175a878a3398a5d382b0,2024-25,2025-01-26T16:00:00+03:00,expanding_league_hda,2594,2594,2025-01-25T19:00:00+00:00,0.453353893601,0.258673862760,0.287972243639,D
7905996dab50c1588db62901050083b5939244ccdd8c3933ea99a25f9a2fcf28,2024-25,2025-01-26T16:00:00+03:00,uniform_hda,2594,0,2025-01-25T19:00:00+00:00,0.333333333333,0.333333333333,0.333333333333,A
7905996dab50c1588db62901050083b5939244ccdd8c3933ea99a25f9a2fcf28,2024-25,2025-01-26T16:00:00+03:00,expanding_league_hda,2594,2594,2025-01-25T19:00:00+00:00,0.453353893601,0.258673862760,0.287972243639,A
d4bde93f36ef41470f2ff32f23846815d760c3d0f4cac5058bfc8d9465e5ea5a,2024-25,2025-01-26T19:00:00+03:00,uniform_hda,2595,0,2025-01-26T13:30:00+00:00,0.333333333333,0.333333333333,0.333333333333,H
d4bde93f36ef41470f2ff32f23846815d760c3d0f4cac5058bfc8d9465e5ea5a,2024-25,2025-01-26T19:00:00+03:00,expanding_league_hda,2595,2595,2025-01-26T13:30:00+00:00,0.453564547206,0.258574181118,0.287861271676,H
91a3cc284627f9bf0d8811067dd1ddc0249bdc269c6474f0bac4271ce23d1c5c,2024-25,2025-01-27T20:00:00+03:00,uniform_hda,2598,0,2025-01-26T19:00:00+00:00,0.333333333333,0.333333333333,0.333333333333,H
91a3cc284627f9bf0d8811067dd1ddc0249bdc269c6474f0bac4271ce23d1c5c,2024-25,2025-01-27T20:00:00+03:00,expanding_league_hda,2598,2598,2025-01-26T19:00:00+00:00,0.453425712086,0.258660508083,0.287913779831,H
5ef3a26a28c7cb2ee2588cafbc25d6f1852f1925ffa52adaaef068c3f4b79e96,2024-25,2025-01-31T20:00:00+03:00,uniform_hda,2599,0,2025-01-27T20:00:00+00:00,0.333333333333,0.333333333333,0.333333333333,H
5ef3a26a28c7cb2ee2588cafbc25d6f1852f1925ffa52adaaef068c3f4b79e96,2024-25,2025-01-31T20:00:00+03:00,expanding_league_hda,2599,2599,2025-01-27T20:00:00+00:00,0.453636013851,0.258560984994,0.287803001154,H
f1aa9880ee977e2d75fecc6f29ed02941f4feb4a930f5cbd7da3db721b8cc753,2024-25,2025-01-31T20:00:00+03:00,uniform_hda,2599,0,2025-01-27T20:00:00+00:00,0.333333333333,0.333333333333,0.333333333333,H
f1aa9880ee977e2d75fecc6f29ed02941f4feb4a930f5cbd7da3db721b8cc753,2024-25,2025-01-31T20:00:00+03:00,expanding_league_hda,2599,2599,2025-01-27T20:00:00+00:00,0.453636013851,0.258560984994,0.287803001154,H
b8cf3a836e83524e304332e8e9cbfabb04dbb7700d4a48cf93afff3b8398d772,2024-25,2025-02-01T13:30:00+03:00,uniform_hda,2601,0,2025-01-31T20:00:00+00:00,0.333333333333,0.333333333333,0.333333333333,A
b8cf3a836e83524e304332e8e9cbfabb04dbb7700d4a48cf93afff3b8398d772,2024-25,2025-02-01T13:30:00+03:00,expanding_league_hda,2601,2601,2025-01-31T20:00:00+00:00,0.454056132257,0.258362168397,0.287581699346,A
261fb6716eb5b4a0390e862b80790677ca721493bf2db0897dcda89b57c6994b,2024-25,2025-02-01T16:00:00+03:00,uniform_hda,2601,0,2025-01-31T20:00:00+00:00,0.333333333333,0.333333333333,0.333333333333,D
261fb6716eb5b4a0390e862b80790677ca721493bf2db0897dcda89b57c6994b,2024-25,2025-02-01T16:00:00+03:00,expanding_league_hda,2601,2601,2025-01-31T20:00:00+00:00,0.454056132257,0.258362168397,0.287581699346,D
dc2c9620bd4bc41980feace26180ad6d2678e60a228f84e99ebaaaa59b1da88e,2024-25,2025-02-01T19:00:00+03:00,uniform_hda,2602,0,2025-02-01T13:30:00+00:00,0.333333333333,0.333333333333,0.333333333333,H
dc2c9620bd4bc41980feace26180ad6d2678e60a228f84e99ebaaaa59b1da88e,2024-25,2025-02-01T19:00:00+03:00,expanding_league_hda,2602,2602,2025-02-01T13:30:00+00:00,0.453881629516,0.258262874712,0.287855495772,H
ff3196813bb79e05ce2c1b1f280f893f9c77b9f749d82df58f33aaa528b34c43,2024-25,2025-02-02T13:30:00+03:00,uniform_hda,2604,0,2025-02-01T19:00:00+00:00,0.333333333333,0.333333333333,0.333333333333,A
ff3196813bb79e05ce2c1b1f280f893f9c77b9f749d82df58f33aaa528b34c43,2024-25,2025-02-02T13:30:00+03:00,expanding_league_hda,2604,2604,2025-02-01T19:00:00+00:00,0.453917050691,0.258448540707,0.287634408602,A
90a2facfe23e88adc391317a3e77b5c11a84e435dac55ff803bd3f65e0317f64,2024-25,2025-02-02T16:00:00+03:00,uniform_hda,2604,0,2025-02-01T19:00:00+00:00,0.333333333333,0.333333333333,0.333333333333,A
90a2facfe23e88adc391317a3e77b5c11a84e435dac55ff803bd3f65e0317f64,2024-25,2025-02-02T16:00:00+03:00,expanding_league_hda,2604,2604,2025-02-01T19:00:00+00:00,0.453917050691,0.258448540707,0.287634408602,A
7b45fb7e9f27ccb3a3e34cf591d6f1e430aa9e73e1ec56c89767b37014c3ba57,2024-25,2025-02-02T19:00:00+03:00,uniform_hda,2605,0,2025-02-02T13:30:00+00:00,0.333333333333,0.333333333333,0.333333333333,H
7b45fb7e9f27ccb3a3e34cf591d6f1e430aa9e73e1ec56c89767b37014c3ba57,2024-25,2025-02-02T19:00:00+03:00,expanding_league_hda,2605,2605,2025-02-02T13:30:00+00:00,0.453742802303,0.258349328215,0.287907869482,H
edeadb66ee8aae1ac496980cdfb168f0cfcb0dab351cdf59a357f4f382d07f53,2024-25,2025-02-03T20:00:00+03:00,uniform_hda,2607,0,2025-02-02T19:00:00+00:00,0.333333333333,0.333333333333,0.333333333333,A
edeadb66ee8aae1ac496980cdfb168f0cfcb0dab351cdf59a357f4f382d07f53,2024-25,2025-02-03T20:00:00+03:00,expanding_league_hda,2607,2607,2025-02-02T19:00:00+00:00,0.453778289221,0.258151131569,0.288070579210,A
19e50ef8c8242f44da1c220784d3503484d52bcc2558097c18dfb55a9f9b27ed,2024-25,2025-02-07T20:00:00+03:00,uniform_hda,2608,0,2025-02-03T20:00:00+00:00,0.333333333333,0.333333333333,0.333333333333,H
19e50ef8c8242f44da1c220784d3503484d52bcc2558097c18dfb55a9f9b27ed,2024-25,2025-02-07T20:00:00+03:00,expanding_league_hda,2608,2608,2025-02-03T20:00:00+00:00,0.453604294479,0.258052147239,0.288343558282,H
40eccf1598ae303d8b61232473445417f480cd579ff581c07bdda1ad6b2743b7,2024-25,2025-02-08T16:00:00+03:00,uniform_hda,2609,0,2025-02-07T20:00:00+00:00,0.333333333333,0.333333333333,0.333333333333,H
40eccf1598ae303d8b61232473445417f480cd579ff581c07bdda1ad6b2743b7,2024-25,2025-02-08T16:00:00+03:00,expanding_league_hda,2609,2609,2025-02-07T20:00:00+00:00,0.453813721732,0.257953238789,0.288233039479,H
868f88166ad8fb33b285418c074367017a08f4bd174dcf0d6870283696848682,2024-25,2025-02-08T19:00:00+03:00,uniform_hda,2609,0,2025-02-07T20:00:00+00:00,0.333333333333,0.333333333333,0.333333333333,A
868f88166ad8fb33b285418c074367017a08f4bd174dcf0d6870283696848682,2024-25,2025-02-08T19:00:00+03:00,expanding_league_hda,2609,2609,2025-02-07T20:00:00+00:00,0.453813721732,0.257953238789,0.288233039479,A
b7da0d906dd22bd3b1fdea4908c763db4485c1f3a3e99bba480465a490e76b13,2024-25,2025-02-09T13:30:00+03:00,uniform_hda,2611,0,2025-02-08T19:00:00+00:00,0.333333333333,0.333333333333,0.333333333333,H
b7da0d906dd22bd3b1fdea4908c763db4485c1f3a3e99bba480465a490e76b13,2024-25,2025-02-09T13:30:00+03:00,expanding_league_hda,2611,2611,2025-02-08T19:00:00+00:00,0.453849099962,0.257755649177,0.288395250862,H
735c46afcb12e63df5d1145ed71e77d3662197c644f86babfc1cb6fb6b4e09ca,2024-25,2025-02-09T16:00:00+03:00,uniform_hda,2611,0,2025-02-08T19:00:00+00:00,0.333333333333,0.333333333333,0.333333333333,A
735c46afcb12e63df5d1145ed71e77d3662197c644f86babfc1cb6fb6b4e09ca,2024-25,2025-02-09T16:00:00+03:00,expanding_league_hda,2611,2611,2025-02-08T19:00:00+00:00,0.453849099962,0.257755649177,0.288395250862,A
f8811401c06495c1b5fa2422aea9561d1509860109cb0a91a10d2f38717f8337,2024-25,2025-02-09T19:00:00+03:00,uniform_hda,2612,0,2025-02-09T13:30:00+00:00,0.333333333333,0.333333333333,0.333333333333,D
f8811401c06495c1b5fa2422aea9561d1509860109cb0a91a10d2f38717f8337,2024-25,2025-02-09T19:00:00+03:00,expanding_league_hda,2612,2612,2025-02-09T13:30:00+00:00,0.454058192956,0.257656967841,0.288284839204,D
3d5a5363771ccebaede57bf4c7a1daca87600d08cf0e8428e9707b2e39121098,2024-25,2025-02-10T20:00:00+03:00,uniform_hda,2614,0,2025-02-09T19:00:00+00:00,0.333333333333,0.333333333333,0.333333333333,D
3d5a5363771ccebaede57bf4c7a1daca87600d08cf0e8428e9707b2e39121098,2024-25,2025-02-10T20:00:00+03:00,expanding_league_hda,2614,2614,2025-02-09T19:00:00+00:00,0.453710788064,0.257842387146,0.288446824790,D
7cba9c46b3522396de9b3365182547fc009d1e40b141e4ea392375912376d922,2024-25,2025-02-10T20:00:00+03:00,uniform_hda,2614,0,2025-02-09T19:00:00+00:00,0.333333333333,0.333333333333,0.333333333333,H
7cba9c46b3522396de9b3365182547fc009d1e40b141e4ea392375912376d922,2024-25,2025-02-10T20:00:00+03:00,expanding_league_hda,2614,2614,2025-02-09T19:00:00+00:00,0.453710788064,0.257842387146,0.288446824790,H
d4015080bbdd4e36ba3d0266015c9fd2f4ad37521208141f93d639044ff32d15,2024-25,2025-02-14T20:00:00+03:00,uniform_hda,2616,0,2025-02-10T20:00:00+00:00,0.333333333333,0.333333333333,0.333333333333,D
d4015080bbdd4e36ba3d0266015c9fd2f4ad37521208141f93d639044ff32d15,2024-25,2025-02-14T20:00:00+03:00,expanding_league_hda,2616,2616,2025-02-10T20:00:00+00:00,0.453746177370,0.258027522936,0.288226299694,D
cdc8437717940e2fdef278cba69c3bd2241223bf92a88689bb2b274a6724b6e6,2024-25,2025-02-15T13:30:00+03:00,uniform_hda,2617,0,2025-02-14T20:00:00+00:00,0.333333333333,0.333333333333,0.333333333333,H
cdc8437717940e2fdef278cba69c3bd2241223bf92a88689bb2b274a6724b6e6,2024-25,2025-02-15T13:30:00+03:00,expanding_league_hda,2617,2617,2025-02-14T20:00:00+00:00,0.453572793275,0.258311043179,0.288116163546,H
73b5b5b215bde4f65b22b292a3b554a5a200e5873edb2edb207722d44360c452,2024-25,2025-02-15T16:00:00+03:00,uniform_hda,2617,0,2025-02-14T20:00:00+00:00,0.333333333333,0.333333333333,0.333333333333,A
73b5b5b215bde4f65b22b292a3b554a5a200e5873edb2edb207722d44360c452,2024-25,2025-02-15T16:00:00+03:00,expanding_league_hda,2617,2617,2025-02-14T20:00:00+00:00,0.453572793275,0.258311043179,0.288116163546,A
cff96e6fba11368998c63e2bc3e0a6cfe971023e8fea5fcafeef029490281282,2024-25,2025-02-15T19:00:00+03:00,uniform_hda,2618,0,2025-02-15T13:30:00+00:00,0.333333333333,0.333333333333,0.333333333333,H
cff96e6fba11368998c63e2bc3e0a6cfe971023e8fea5fcafeef029490281282,2024-25,2025-02-15T19:00:00+03:00,expanding_league_hda,2618,2618,2025-02-15T13:30:00+00:00,0.453781512605,0.258212375859,0.288006111536,H
2c79f281fc3630b271205a2399a3a328ff7698b16dd2ce3f7f4de8667ae11d89,2024-25,2025-02-16T13:30:00+03:00,uniform_hda,2620,0,2025-02-15T19:00:00+00:00,0.333333333333,0.333333333333,0.333333333333,H
2c79f281fc3630b271205a2399a3a328ff7698b16dd2ce3f7f4de8667ae11d89,2024-25,2025-02-16T13:30:00+03:00,expanding_league_hda,2620,2620,2025-02-15T19:00:00+00:00,0.453816793893,0.258015267176,0.288167938931,H
08ae778603d80e1bc67aaec7dc12a8412460ab17c213f32277bf149278c5493e,2024-25,2025-02-16T16:00:00+03:00,uniform_hda,2620,0,2025-02-15T19:00:00+00:00,0.333333333333,0.333333333333,0.333333333333,D
08ae778603d80e1bc67aaec7dc12a8412460ab17c213f32277bf149278c5493e,2024-25,2025-02-16T16:00:00+03:00,expanding_league_hda,2620,2620,2025-02-15T19:00:00+00:00,0.453816793893,0.258015267176,0.288167938931,D
a5761acd0254f6d6df60e003f1d342174165d7f4b70daddcf616ed88619994b1,2024-25,2025-02-16T16:00:00+03:00,uniform_hda,2620,0,2025-02-15T19:00:00+00:00,0.333333333333,0.333333333333,0.333333333333,A
a5761acd0254f6d6df60e003f1d342174165d7f4b70daddcf616ed88619994b1,2024-25,2025-02-16T16:00:00+03:00,expanding_league_hda,2620,2620,2025-02-15T19:00:00+00:00,0.453816793893,0.258015267176,0.288167938931,A
e681864086969df9d2eea25ac367346304fcd83f770a6c30cead93d46c32f4a7,2024-25,2025-02-16T19:00:00+03:00,uniform_hda,2621,0,2025-02-16T13:30:00+00:00,0.333333333333,0.333333333333,0.333333333333,H
e681864086969df9d2eea25ac367346304fcd83f770a6c30cead93d46c32f4a7,2024-25,2025-02-16T19:00:00+03:00,expanding_league_hda,2621,2621,2025-02-16T13:30:00+00:00,0.454025181229,0.257916825639,0.288057993132,H
aad0d7c599b98378fc924bc8bf492b864032e6d74163acb52f22a3ac42dafb4e,2024-25,2025-02-17T20:00:00+03:00,uniform_hda,2624,0,2025-02-16T19:00:00+00:00,0.333333333333,0.333333333333,0.333333333333,A
aad0d7c599b98378fc924bc8bf492b864032e6d74163acb52f22a3ac42dafb4e,2024-25,2025-02-17T20:00:00+03:00,expanding_league_hda,2624,2624,2025-02-16T19:00:00+00:00,0.453887195122,0.258003048780,0.288109756098,A
38b72200beee8d8d7b9b4fcdb54cebc87bcbf247940cd1ce11cf892e87dece9e,2024-25,2025-02-21T20:00:00+03:00,uniform_hda,2625,0,2025-02-17T20:00:00+00:00,0.333333333333,0.333333333333,0.333333333333,A
38b72200beee8d8d7b9b4fcdb54cebc87bcbf247940cd1ce11cf892e87dece9e,2024-25,2025-02-21T20:00:00+03:00,expanding_league_hda,2625,2625,2025-02-17T20:00:00+00:00,0.453714285714,0.257904761905,0.288380952381,A
462ee65ff8fee05b12825a4e757bbc2c9b263042e0c46ca1a49c89c3932e5b77,2024-25,2025-02-21T20:00:00+03:00,uniform_hda,2625,0,2025-02-17T20:00:00+00:00,0.333333333333,0.333333333333,0.333333333333,H
462ee65ff8fee05b12825a4e757bbc2c9b263042e0c46ca1a49c89c3932e5b77,2024-25,2025-02-21T20:00:00+03:00,expanding_league_hda,2625,2625,2025-02-17T20:00:00+00:00,0.453714285714,0.257904761905,0.288380952381,H
5c6d2978750d38987d19683b29227312365d338f10091ffc36eb837e45592a9a,2024-25,2025-02-22T13:30:00+03:00,uniform_hda,2627,0,2025-02-21T20:00:00+00:00,0.333333333333,0.333333333333,0.333333333333,D
5c6d2978750d38987d19683b29227312365d338f10091ffc36eb837e45592a9a,2024-25,2025-02-22T13:30:00+03:00,expanding_league_hda,2627,2627,2025-02-21T20:00:00+00:00,0.453749524172,0.257708412638,0.288542063190,D
723d993a8fa9bab2e24e4908fa1da238afe2dc229028c1bab81f12d8f7adb99d,2024-25,2025-02-22T16:00:00+03:00,uniform_hda,2627,0,2025-02-21T20:00:00+00:00,0.333333333333,0.333333333333,0.333333333333,H
723d993a8fa9bab2e24e4908fa1da238afe2dc229028c1bab81f12d8f7adb99d,2024-25,2025-02-22T16:00:00+03:00,expanding_league_hda,2627,2627,2025-02-21T20:00:00+00:00,0.453749524172,0.257708412638,0.288542063190,H
6696e314789248bf6bd01bd7bae3660c9de04485e0966f32a00a30e8e8dd8dc3,2024-25,2025-02-22T19:00:00+03:00,uniform_hda,2628,0,2025-02-22T13:30:00+00:00,0.333333333333,0.333333333333,0.333333333333,A
6696e314789248bf6bd01bd7bae3660c9de04485e0966f32a00a30e8e8dd8dc3,2024-25,2025-02-22T19:00:00+03:00,expanding_league_hda,2628,2628,2025-02-22T13:30:00+00:00,0.453576864536,0.257990867580,0.288432267884,A
d1064eb93f64686cabe983dd1229b24f0d07311f3ef7d028b72b8edac7121a3a,2024-25,2025-02-23T13:30:00+03:00,uniform_hda,2630,0,2025-02-22T19:00:00+00:00,0.333333333333,0.333333333333,0.333333333333,H
d1064eb93f64686cabe983dd1229b24f0d07311f3ef7d028b72b8edac7121a3a,2024-25,2025-02-23T13:30:00+03:00,expanding_league_hda,2630,2630,2025-02-22T19:00:00+00:00,0.453612167300,0.257794676806,0.288593155894,H
d8b0537fa5248c73a4fbb798406fe11445920e171eca836d856800e6b33d16c3,2024-25,2025-02-23T16:00:00+03:00,uniform_hda,2630,0,2025-02-22T19:00:00+00:00,0.333333333333,0.333333333333,0.333333333333,H
d8b0537fa5248c73a4fbb798406fe11445920e171eca836d856800e6b33d16c3,2024-25,2025-02-23T16:00:00+03:00,expanding_league_hda,2630,2630,2025-02-22T19:00:00+00:00,0.453612167300,0.257794676806,0.288593155894,H
d2ed12d8e308ae2f624606e6178b2498db18e0507e64c9ed5b4fd38618795556,2024-25,2025-02-23T19:00:00+03:00,uniform_hda,2631,0,2025-02-23T13:30:00+00:00,0.333333333333,0.333333333333,0.333333333333,H
d2ed12d8e308ae2f624606e6178b2498db18e0507e64c9ed5b4fd38618795556,2024-25,2025-02-23T19:00:00+03:00,expanding_league_hda,2631,2631,2025-02-23T13:30:00+00:00,0.453819840365,0.257696693273,0.288483466363,H
5ad9b11df614ad04f972311cb68c90521914dcfacb82af569400732f189c6006,2024-25,2025-02-24T20:00:00+03:00,uniform_hda,2633,0,2025-02-23T19:00:00+00:00,0.333333333333,0.333333333333,0.333333333333,D
5ad9b11df614ad04f972311cb68c90521914dcfacb82af569400732f189c6006,2024-25,2025-02-24T20:00:00+03:00,expanding_league_hda,2633,2633,2025-02-23T19:00:00+00:00,0.454234713255,0.257500949487,0.288264337258,D
c89dbdbe835cd540a31396792492ec42b74e0e213372f91b01312d175d01b299,2024-25,2025-03-01T16:00:00+03:00,uniform_hda,2634,0,2025-02-24T20:00:00+00:00,0.333333333333,0.333333333333,0.333333333333,D
c89dbdbe835cd540a31396792492ec42b74e0e213372f91b01312d175d01b299,2024-25,2025-03-01T16:00:00+03:00,expanding_league_hda,2634,2634,2025-02-24T20:00:00+00:00,0.454062262718,0.257782839787,0.288154897494,D
d82f25968897754e3b68a2b543073228e518184e64374c89b85f500706a3a7c4,2024-25,2025-03-01T20:30:00+03:00,uniform_hda,2635,0,2025-03-01T16:00:00+00:00,0.333333333333,0.333333333333,0.333333333333,H
d82f25968897754e3b68a2b543073228e518184e64374c89b85f500706a3a7c4,2024-25,2025-03-01T20:30:00+03:00,expanding_league_hda,2635,2635,2025-03-01T16:00:00+00:00,0.453889943074,0.258064516129,0.288045540797,H
9dd4734e87a1821e48598d6f61ea1953c885677149b179aef435207c106a5ad2,2024-25,2025-03-02T13:30:00+03:00,uniform_hda,2636,0,2025-03-01T20:30:00+00:00,0.333333333333,0.333333333333,0.333333333333,H
9dd4734e87a1821e48598d6f61ea1953c885677149b179aef435207c106a5ad2,2024-25,2025-03-02T13:30:00+03:00,expanding_league_hda,2636,2636,2025-03-01T20:30:00+00:00,0.454097116844,0.257966616085,0.287936267071,H
174b5b7dc2c36bd3399e7b7c97bbaf54ae4029840737248d5c42747da2a41f05,2024-25,2025-03-02T16:00:00+03:00,uniform_hda,2636,0,2025-03-01T20:30:00+00:00,0.333333333333,0.333333333333,0.333333333333,D
174b5b7dc2c36bd3399e7b7c97bbaf54ae4029840737248d5c42747da2a41f05,2024-25,2025-03-02T16:00:00+03:00,expanding_league_hda,2636,2636,2025-03-01T20:30:00+00:00,0.454097116844,0.257966616085,0.287936267071,D
e7e448852afa75937bb84629ba94dcd525be3be71155950025c17cfc4dce5de3,2024-25,2025-03-02T20:30:00+03:00,uniform_hda,2638,0,2025-03-02T16:00:00+00:00,0.333333333333,0.333333333333,0.333333333333,H
e7e448852afa75937bb84629ba94dcd525be3be71155950025c17cfc4dce5de3,2024-25,2025-03-02T20:30:00+03:00,expanding_league_hda,2638,2638,2025-03-02T16:00:00+00:00,0.454131918120,0.258150113723,0.287717968158,H
318d95ef02002d9dce8a3d9c8ca0743c1823d8c7dcdaacb23fb765e23d0fafab,2024-25,2025-03-03T16:00:00+03:00,uniform_hda,2639,0,2025-03-02T20:30:00+00:00,0.333333333333,0.333333333333,0.333333333333,H
318d95ef02002d9dce8a3d9c8ca0743c1823d8c7dcdaacb23fb765e23d0fafab,2024-25,2025-03-03T16:00:00+03:00,expanding_league_hda,2639,2639,2025-03-02T20:30:00+00:00,0.454338764684,0.258052292535,0.287608942781,H
320f07000c3623272d88f0f5982927924755e522f811613d5c7e4c88de843e31,2024-25,2025-03-03T16:00:00+03:00,uniform_hda,2639,0,2025-03-02T20:30:00+00:00,0.333333333333,0.333333333333,0.333333333333,H
320f07000c3623272d88f0f5982927924755e522f811613d5c7e4c88de843e31,2024-25,2025-03-03T16:00:00+03:00,expanding_league_hda,2639,2639,2025-03-02T20:30:00+00:00,0.454338764684,0.258052292535,0.287608942781,H
021170ca61cc5081b58af2240434622a5524d73ca4cf40d8aff557bde438155c,2024-25,2025-03-03T20:30:00+03:00,uniform_hda,2641,0,2025-03-03T16:00:00+00:00,0.333333333333,0.333333333333,0.333333333333,H
021170ca61cc5081b58af2240434622a5524d73ca4cf40d8aff557bde438155c,2024-25,2025-03-03T20:30:00+03:00,expanding_league_hda,2641,2641,2025-03-03T16:00:00+00:00,0.454751987883,0.257856872397,0.287391139720,H
e53524c7f73c62cf0d4d587e054428d70ac13e8aec0d874def4b4edbb2e08e61,2024-25,2025-03-03T20:30:00+03:00,uniform_hda,2641,0,2025-03-03T16:00:00+00:00,0.333333333333,0.333333333333,0.333333333333,D
e53524c7f73c62cf0d4d587e054428d70ac13e8aec0d874def4b4edbb2e08e61,2024-25,2025-03-03T20:30:00+03:00,expanding_league_hda,2641,2641,2025-03-03T16:00:00+00:00,0.454751987883,0.257856872397,0.287391139720,D
c6f7521bcf66730581c86afbcb10d88f7c5cd68d99a0efe36c0ff82a896b3f7f,2024-25,2025-03-07T20:30:00+03:00,uniform_hda,2643,0,2025-03-03T20:30:00+00:00,0.333333333333,0.333333333333,0.333333333333,H
c6f7521bcf66730581c86afbcb10d88f7c5cd68d99a0efe36c0ff82a896b3f7f,2024-25,2025-03-07T20:30:00+03:00,expanding_league_hda,2643,2643,2025-03-03T20:30:00+00:00,0.454786227771,0.258040105940,0.287173666288,H
9ec0a1bcbbfaabe4b37d03e2ae048ceb7913061faa47bba1ef42f8062e0aae78,2024-25,2025-03-08T13:30:00+03:00,uniform_hda,2644,0,2025-03-07T20:30:00+00:00,0.333333333333,0.333333333333,0.333333333333,H
9ec0a1bcbbfaabe4b37d03e2ae048ceb7913061faa47bba1ef42f8062e0aae78,2024-25,2025-03-08T13:30:00+03:00,expanding_league_hda,2644,2644,2025-03-07T20:30:00+00:00,0.454992435703,0.257942511346,0.287065052950,H
6d2cb37ec1df87334a9ca89c7652075cefe6337e6dd9735aa6854a8f8c32c440,2024-25,2025-03-08T16:00:00+03:00,uniform_hda,2644,0,2025-03-07T20:30:00+00:00,0.333333333333,0.333333333333,0.333333333333,H
6d2cb37ec1df87334a9ca89c7652075cefe6337e6dd9735aa6854a8f8c32c440,2024-25,2025-03-08T16:00:00+03:00,expanding_league_hda,2644,2644,2025-03-07T20:30:00+00:00,0.454992435703,0.257942511346,0.287065052950,H
b06322195170a71d03108ff15c2ce27b5c5e53cea0a098264bfd3b31f2beda73,2024-25,2025-03-08T20:30:00+03:00,uniform_hda,2646,0,2025-03-08T16:00:00+00:00,0.333333333333,0.333333333333,0.333333333333,A
b06322195170a71d03108ff15c2ce27b5c5e53cea0a098264bfd3b31f2beda73,2024-25,2025-03-08T20:30:00+03:00,expanding_league_hda,2646,2646,2025-03-08T16:00:00+00:00,0.455404383976,0.257747543462,0.286848072562,A
9851d0a83e81d3cb6628e1d31a44bc87b4e509f8654d06872bf797c772f4a641,2024-25,2025-03-09T13:30:00+03:00,uniform_hda,2647,0,2025-03-08T20:30:00+00:00,0.333333333333,0.333333333333,0.333333333333,H
9851d0a83e81d3cb6628e1d31a44bc87b4e509f8654d06872bf797c772f4a641,2024-25,2025-03-09T13:30:00+03:00,expanding_league_hda,2647,2647,2025-03-08T20:30:00+00:00,0.455232338496,0.257650170004,0.287117491500,H
11fc834f402e01064ab190d9b0b38970db0cce760a1eb171fc400545d1727b36,2024-25,2025-03-09T16:00:00+03:00,uniform_hda,2647,0,2025-03-08T20:30:00+00:00,0.333333333333,0.333333333333,0.333333333333,H
11fc834f402e01064ab190d9b0b38970db0cce760a1eb171fc400545d1727b36,2024-25,2025-03-09T16:00:00+03:00,expanding_league_hda,2647,2647,2025-03-08T20:30:00+00:00,0.455232338496,0.257650170004,0.287117491500,H
73b94b3a52ff89924cfed93e145d123cf097630fe23694034ac8f1d8c3429b75,2024-25,2025-03-09T16:00:00+03:00,uniform_hda,2647,0,2025-03-08T20:30:00+00:00,0.333333333333,0.333333333333,0.333333333333,H
73b94b3a52ff89924cfed93e145d123cf097630fe23694034ac8f1d8c3429b75,2024-25,2025-03-09T16:00:00+03:00,expanding_league_hda,2647,2647,2025-03-08T20:30:00+00:00,0.455232338496,0.257650170004,0.287117491500,H
a9bce1fbe82cbfb07ed5a77b6a5b5b0c1a034e401020a1c1f33c6afccfccdf03,2024-25,2025-03-09T20:30:00+03:00,uniform_hda,2650,0,2025-03-09T16:00:00+00:00,0.333333333333,0.333333333333,0.333333333333,A
a9bce1fbe82cbfb07ed5a77b6a5b5b0c1a034e401020a1c1f33c6afccfccdf03,2024-25,2025-03-09T20:30:00+03:00,expanding_league_hda,2650,2650,2025-03-09T16:00:00+00:00,0.455849056604,0.257358490566,0.286792452830,A
658f5192dcecfe6b6cad5639f78d088d8012e75b4386ed816e751a7915f2929f,2024-25,2025-03-10T20:30:00+03:00,uniform_hda,2651,0,2025-03-09T20:30:00+00:00,0.333333333333,0.333333333333,0.333333333333,A
658f5192dcecfe6b6cad5639f78d088d8012e75b4386ed816e751a7915f2929f,2024-25,2025-03-10T20:30:00+03:00,expanding_league_hda,2651,2651,2025-03-09T20:30:00+00:00,0.455677102980,0.257261410788,0.287061486232,A
aff24afc9ce25af462249aaf942c5b6216a7b26e366258554b91f959d3207db3,2024-25,2025-03-14T20:30:00+03:00,uniform_hda,2652,0,2025-03-10T20:30:00+00:00,0.333333333333,0.333333333333,0.333333333333,H
aff24afc9ce25af462249aaf942c5b6216a7b26e366258554b91f959d3207db3,2024-25,2025-03-14T20:30:00+03:00,expanding_league_hda,2652,2652,2025-03-10T20:30:00+00:00,0.455505279035,0.257164404223,0.287330316742,H
206efda4e13106a011a0989a899d4e1102458868df5ec0c1391496450bc1f9b7,2024-25,2025-03-15T13:30:00+03:00,uniform_hda,2653,0,2025-03-14T20:30:00+00:00,0.333333333333,0.333333333333,0.333333333333,H
206efda4e13106a011a0989a899d4e1102458868df5ec0c1391496450bc1f9b7,2024-25,2025-03-15T13:30:00+03:00,expanding_league_hda,2653,2653,2025-03-14T20:30:00+00:00,0.455710516397,0.257067470788,0.287222012816,H
f63a7ecdb9e1a25b82b5ef47dd7101b7801c8d5c83aea997e2e333578cc0702d,2024-25,2025-03-15T16:00:00+03:00,uniform_hda,2653,0,2025-03-14T20:30:00+00:00,0.333333333333,0.333333333333,0.333333333333,H
f63a7ecdb9e1a25b82b5ef47dd7101b7801c8d5c83aea997e2e333578cc0702d,2024-25,2025-03-15T16:00:00+03:00,expanding_league_hda,2653,2653,2025-03-14T20:30:00+00:00,0.455710516397,0.257067470788,0.287222012816,H
663c015e0266f7b4e7e63448b496336e451355a316316cfb26c538c8ab3f7ac1,2024-25,2025-03-15T20:30:00+03:00,uniform_hda,2655,0,2025-03-15T16:00:00+00:00,0.333333333333,0.333333333333,0.333333333333,A
663c015e0266f7b4e7e63448b496336e451355a316316cfb26c538c8ab3f7ac1,2024-25,2025-03-15T20:30:00+03:00,expanding_league_hda,2655,2655,2025-03-15T16:00:00+00:00,0.456120527307,0.256873822976,0.287005649718,A
b15fb81d5e036d2110bb365f430999f1bef4be18845946b828e90cd3b502c5d0,2024-25,2025-03-15T20:30:00+03:00,uniform_hda,2655,0,2025-03-15T16:00:00+00:00,0.333333333333,0.333333333333,0.333333333333,H
b15fb81d5e036d2110bb365f430999f1bef4be18845946b828e90cd3b502c5d0,2024-25,2025-03-15T20:30:00+03:00,expanding_league_hda,2655,2655,2025-03-15T16:00:00+00:00,0.456120527307,0.256873822976,0.287005649718,H
04e7af5dab91b8d6dad53af3e73fd0b5945a8c707e2d9e2918cd71ab81e5384f,2024-25,2025-03-16T13:30:00+03:00,uniform_hda,2657,0,2025-03-15T20:30:00+00:00,0.333333333333,0.333333333333,0.333333333333,A
04e7af5dab91b8d6dad53af3e73fd0b5945a8c707e2d9e2918cd71ab81e5384f,2024-25,2025-03-16T13:30:00+03:00,expanding_league_hda,2657,2657,2025-03-15T20:30:00+00:00,0.456153556643,0.256680466692,0.287165976665,A
4d198c9cfdbf33c6b6cc077f01908d23fae4cf827dc33f41e4d312b59a0522c5,2024-25,2025-03-16T16:00:00+03:00,uniform_hda,2657,0,2025-03-15T20:30:00+00:00,0.333333333333,0.333333333333,0.333333333333,H
4d198c9cfdbf33c6b6cc077f01908d23fae4cf827dc33f41e4d312b59a0522c5,2024-25,2025-03-16T16:00:00+03:00,expanding_league_hda,2657,2657,2025-03-15T20:30:00+00:00,0.456153556643,0.256680466692,0.287165976665,H
ed1c22a83a1f30193e25c8a5504154a0e123aa777ce12395635f47c10181d53a,2024-25,2025-03-16T16:00:00+03:00,uniform_hda,2657,0,2025-03-15T20:30:00+00:00,0.333333333333,0.333333333333,0.333333333333,D
ed1c22a83a1f30193e25c8a5504154a0e123aa777ce12395635f47c10181d53a,2024-25,2025-03-16T16:00:00+03:00,expanding_league_hda,2657,2657,2025-03-15T20:30:00+00:00,0.456153556643,0.256680466692,0.287165976665,D
83d867c27e6da1de728bff3099d3acf96daef56d340bf542c02f98d41711cded,2024-25,2025-03-16T20:30:00+03:00,uniform_hda,2660,0,2025-03-16T16:00:00+00:00,0.333333333333,0.333333333333,0.333333333333,D
83d867c27e6da1de728bff3099d3acf96daef56d340bf542c02f98d41711cded,2024-25,2025-03-16T20:30:00+03:00,expanding_league_hda,2660,2660,2025-03-16T16:00:00+00:00,0.456015037594,0.256766917293,0.287218045113,D
71ba165680940fa40ab730c537d0e40f775a6657668ce17303ef89a7b80485d5,2024-25,2025-03-28T16:00:00+03:00,uniform_hda,2661,0,2025-03-16T20:30:00+00:00,0.333333333333,0.333333333333,0.333333333333,H
71ba165680940fa40ab730c537d0e40f775a6657668ce17303ef89a7b80485d5,2024-25,2025-03-28T16:00:00+03:00,expanding_league_hda,2661,2661,2025-03-16T20:30:00+00:00,0.455843667794,0.257046223224,0.287110108982,H
875b1ce0e45d2330dd954e9675f9e7d644fcad9db189da09e862a8b022b65fe2,2024-25,2025-03-28T16:00:00+03:00,uniform_hda,2661,0,2025-03-16T20:30:00+00:00,0.333333333333,0.333333333333,0.333333333333,H
875b1ce0e45d2330dd954e9675f9e7d644fcad9db189da09e862a8b022b65fe2,2024-25,2025-03-28T16:00:00+03:00,expanding_league_hda,2661,2661,2025-03-16T20:30:00+00:00,0.455843667794,0.257046223224,0.287110108982,H
bf4c42c79a435821c7f2499ca70caf955f891629a3cbf0f279422102607d03c2,2024-25,2025-03-28T20:30:00+03:00,uniform_hda,2663,0,2025-03-28T16:00:00+00:00,0.333333333333,0.333333333333,0.333333333333,H
bf4c42c79a435821c7f2499ca70caf955f891629a3cbf0f279422102607d03c2,2024-25,2025-03-28T20:30:00+03:00,expanding_league_hda,2663,2663,2025-03-28T16:00:00+00:00,0.456252346977,0.256853173113,0.286894479910,H
ce980558a4b247aa6a92c80175d59483537fc032b1ada1ab63eeaa5dce0fe9f3,2024-25,2025-03-28T20:30:00+03:00,uniform_hda,2663,0,2025-03-28T16:00:00+00:00,0.333333333333,0.333333333333,0.333333333333,A
ce980558a4b247aa6a92c80175d59483537fc032b1ada1ab63eeaa5dce0fe9f3,2024-25,2025-03-28T20:30:00+03:00,expanding_league_hda,2663,2663,2025-03-28T16:00:00+00:00,0.456252346977,0.256853173113,0.286894479910,A
75ecf3353842efa275c4273b9883394812cfaac2b00579b54d61ffe3a1750423,2024-25,2025-03-29T13:30:00+03:00,uniform_hda,2665,0,2025-03-28T20:30:00+00:00,0.333333333333,0.333333333333,0.333333333333,H
75ecf3353842efa275c4273b9883394812cfaac2b00579b54d61ffe3a1750423,2024-25,2025-03-29T13:30:00+03:00,expanding_league_hda,2665,2665,2025-03-28T20:30:00+00:00,0.456285178236,0.256660412758,0.287054409006,H
4c715b12a76d11a05c2551733f00c42f8b9a78e0c458abe555765c5145f5ec58,2024-25,2025-03-29T16:00:00+03:00,uniform_hda,2665,0,2025-03-28T20:30:00+00:00,0.333333333333,0.333333333333,0.333333333333,D
4c715b12a76d11a05c2551733f00c42f8b9a78e0c458abe555765c5145f5ec58,2024-25,2025-03-29T16:00:00+03:00,expanding_league_hda,2665,2665,2025-03-28T20:30:00+00:00,0.456285178236,0.256660412758,0.287054409006,D
c2e919e9ecfe84cb78439208517913d30cc5966ec21d48e013cc7736143162a8,2024-25,2025-03-29T16:00:00+03:00,uniform_hda,2665,0,2025-03-28T20:30:00+00:00,0.333333333333,0.333333333333,0.333333333333,A
c2e919e9ecfe84cb78439208517913d30cc5966ec21d48e013cc7736143162a8,2024-25,2025-03-29T16:00:00+03:00,expanding_league_hda,2665,2665,2025-03-28T20:30:00+00:00,0.456285178236,0.256660412758,0.287054409006,A
e0b8a9483d1294e7beb1c17c0b5ea3ac5898fd0ada03015c028cd43df7cd6dfd,2024-25,2025-03-29T20:30:00+03:00,uniform_hda,2668,0,2025-03-29T16:00:00+00:00,0.333333333333,0.333333333333,0.333333333333,H
e0b8a9483d1294e7beb1c17c0b5ea3ac5898fd0ada03015c028cd43df7cd6dfd,2024-25,2025-03-29T20:30:00+03:00,expanding_league_hda,2668,2668,2025-03-29T16:00:00+00:00,0.456146926537,0.256746626687,0.287106446777,H
01faf5419045f543d6da11feb004a2c8e290aaabfc0f64523a8469206141cc8d,2024-25,2025-03-31T20:00:00+03:00,uniform_hda,2669,0,2025-03-29T20:30:00+00:00,0.333333333333,0.333333333333,0.333333333333,A
01faf5419045f543d6da11feb004a2c8e290aaabfc0f64523a8469206141cc8d,2024-25,2025-03-31T20:00:00+03:00,expanding_league_hda,2669,2669,2025-03-29T20:30:00+00:00,0.456350693143,0.256650430873,0.286998875984,A
5d2575ee918d2be0f43c5a0f2e11b61b377993893a38639bb5d66ee30a10d7f0,2024-25,2025-04-04T20:00:00+03:00,uniform_hda,2670,0,2025-03-31T20:00:00+00:00,0.333333333333,0.333333333333,0.333333333333,A
5d2575ee918d2be0f43c5a0f2e11b61b377993893a38639bb5d66ee30a10d7f0,2024-25,2025-04-04T20:00:00+03:00,expanding_league_hda,2670,2670,2025-03-31T20:00:00+00:00,0.456179775281,0.256554307116,0.287265917603,A
fb8e2a0606813a96fdc5db21ef15d7ad96adeebfef73365713f8e9750e24cd45,2024-25,2025-04-05T13:30:00+03:00,uniform_hda,2671,0,2025-04-04T20:00:00+00:00,0.333333333333,0.333333333333,0.333333333333,D
fb8e2a0606813a96fdc5db21ef15d7ad96adeebfef73365713f8e9750e24cd45,2024-25,2025-04-05T13:30:00+03:00,expanding_league_hda,2671,2671,2025-04-04T20:00:00+00:00,0.456008985399,0.256458255335,0.287532759266,D
72edfa60d03836ddb8d2788dad720927f3ccfa0aeb148828463c9ac28d3a4172,2024-25,2025-04-05T16:00:00+03:00,uniform_hda,2671,0,2025-04-04T20:00:00+00:00,0.333333333333,0.333333333333,0.333333333333,H
72edfa60d03836ddb8d2788dad720927f3ccfa0aeb148828463c9ac28d3a4172,2024-25,2025-04-05T16:00:00+03:00,expanding_league_hda,2671,2671,2025-04-04T20:00:00+00:00,0.456008985399,0.256458255335,0.287532759266,H
2098b0713811edbbb21bdccd03a82f4cd86438ca603ef061dec090b04db2751b,2024-25,2025-04-05T19:00:00+03:00,uniform_hda,2672,0,2025-04-05T13:30:00+00:00,0.333333333333,0.333333333333,0.333333333333,H
2098b0713811edbbb21bdccd03a82f4cd86438ca603ef061dec090b04db2751b,2024-25,2025-04-05T19:00:00+03:00,expanding_league_hda,2672,2672,2025-04-05T13:30:00+00:00,0.455838323353,0.256736526946,0.287425149701,H
21d40c27f834b2d7f7b4b23482e15aa5af3cd6c9ba7fe9b9ed13e41fc288104d,2024-25,2025-04-06T13:30:00+03:00,uniform_hda,2674,0,2025-04-05T19:00:00+00:00,0.333333333333,0.333333333333,0.333333333333,A
21d40c27f834b2d7f7b4b23482e15aa5af3cd6c9ba7fe9b9ed13e41fc288104d,2024-25,2025-04-06T13:30:00+03:00,expanding_league_hda,2674,2674,2025-04-05T19:00:00+00:00,0.456245325355,0.256544502618,0.287210172027,A
f4104543e2785748a10277f70e394f6c566d9f179c52e2656d24dc9f4d963fbd,2024-25,2025-04-06T16:00:00+03:00,uniform_hda,2674,0,2025-04-05T19:00:00+00:00,0.333333333333,0.333333333333,0.333333333333,A
f4104543e2785748a10277f70e394f6c566d9f179c52e2656d24dc9f4d963fbd,2024-25,2025-04-06T16:00:00+03:00,expanding_league_hda,2674,2674,2025-04-05T19:00:00+00:00,0.456245325355,0.256544502618,0.287210172027,A
a9275cd09c7c559841677657d8042d60867f25bb391b2feea16c0020c048cb70,2024-25,2025-04-06T19:00:00+03:00,uniform_hda,2675,0,2025-04-06T13:30:00+00:00,0.333333333333,0.333333333333,0.333333333333,H
a9275cd09c7c559841677657d8042d60867f25bb391b2feea16c0020c048cb70,2024-25,2025-04-06T19:00:00+03:00,expanding_league_hda,2675,2675,2025-04-06T13:30:00+00:00,0.456074766355,0.256448598131,0.287476635514,H
b77415c80e550f3203a6cb9cceea160b21e9c7fc824dbc8914c5fa88baf17fe4,2024-25,2025-04-07T20:00:00+03:00,uniform_hda,2677,0,2025-04-06T19:00:00+00:00,0.333333333333,0.333333333333,0.333333333333,D
b77415c80e550f3203a6cb9cceea160b21e9c7fc824dbc8914c5fa88baf17fe4,2024-25,2025-04-07T20:00:00+03:00,expanding_league_hda,2677,2677,2025-04-06T19:00:00+00:00,0.456107583115,0.256257004109,0.287635412775,D
cdbd3c7dff06783ff2c1b2395ff09b59ff0ba110bdff3a5494d9e75fe7888a38,2024-25,2025-04-07T20:00:00+03:00,uniform_hda,2677,0,2025-04-06T19:00:00+00:00,0.333333333333,0.333333333333,0.333333333333,D
cdbd3c7dff06783ff2c1b2395ff09b59ff0ba110bdff3a5494d9e75fe7888a38,2024-25,2025-04-07T20:00:00+03:00,expanding_league_hda,2677,2677,2025-04-06T19:00:00+00:00,0.456107583115,0.256257004109,0.287635412775,D
28271cafa67301c0fe69895b40d4b74ef2148e75de9f555e0284776b9416d066,2024-25,2025-04-11T20:00:00+03:00,uniform_hda,2679,0,2025-04-07T20:00:00+00:00,0.333333333333,0.333333333333,0.333333333333,A
28271cafa67301c0fe69895b40d4b74ef2148e75de9f555e0284776b9416d066,2024-25,2025-04-11T20:00:00+03:00,expanding_league_hda,2679,2679,2025-04-07T20:00:00+00:00,0.455767077268,0.256812243374,0.287420679358,A
24c38153b8104c506772b0a95d78e0edf15ab36067831669af7e9f68659b590a,2024-25,2025-04-12T16:00:00+03:00,uniform_hda,2680,0,2025-04-11T20:00:00+00:00,0.333333333333,0.333333333333,0.333333333333,H
24c38153b8104c506772b0a95d78e0edf15ab36067831669af7e9f68659b590a,2024-25,2025-04-12T16:00:00+03:00,expanding_league_hda,2680,2680,2025-04-11T20:00:00+00:00,0.455597014925,0.256716417910,0.287686567164,H
15958149f6f634951107dcd7e91ac9eac1652d7b72c5cf18433556c8e6f84798,2024-25,2025-04-12T19:00:00+03:00,uniform_hda,2680,0,2025-04-11T20:00:00+00:00,0.333333333333,0.333333333333,0.333333333333,A
15958149f6f634951107dcd7e91ac9eac1652d7b72c5cf18433556c8e6f84798,2024-25,2025-04-12T19:00:00+03:00,expanding_league_hda,2680,2680,2025-04-11T20:00:00+00:00,0.455597014925,0.256716417910,0.287686567164,A
7e7a5856df876315bcd092b6af87c6d60ed6a65e0d34a721e1f62e9441dc07d7,2024-25,2025-04-12T19:00:00+03:00,uniform_hda,2680,0,2025-04-11T20:00:00+00:00,0.333333333333,0.333333333333,0.333333333333,D
7e7a5856df876315bcd092b6af87c6d60ed6a65e0d34a721e1f62e9441dc07d7,2024-25,2025-04-12T19:00:00+03:00,expanding_league_hda,2680,2680,2025-04-11T20:00:00+00:00,0.455597014925,0.256716417910,0.287686567164,D
26ba9cddcc2f2369b2a2a3db0bf099696f08131c2904e67adf85deec21e72225,2024-25,2025-04-13T16:00:00+03:00,uniform_hda,2683,0,2025-04-12T19:00:00+00:00,0.333333333333,0.333333333333,0.333333333333,H
26ba9cddcc2f2369b2a2a3db0bf099696f08131c2904e67adf85deec21e72225,2024-25,2025-04-13T16:00:00+03:00,expanding_league_hda,2683,2683,2025-04-12T19:00:00+00:00,0.455460305628,0.256802087216,0.287737607156,H
6d78d7cae0ed440af277e68af134039f54139fac51bc1cf095df076e42b384e3,2024-25,2025-04-13T16:00:00+03:00,uniform_hda,2683,0,2025-04-12T19:00:00+00:00,0.333333333333,0.333333333333,0.333333333333,H
6d78d7cae0ed440af277e68af134039f54139fac51bc1cf095df076e42b384e3,2024-25,2025-04-13T16:00:00+03:00,expanding_league_hda,2683,2683,2025-04-12T19:00:00+00:00,0.455460305628,0.256802087216,0.287737607156,H
78cfa6f8fb369658a6b62560a031cf5fc725fa5292743e8b1371a9dbddac3cc2,2024-25,2025-04-13T19:00:00+03:00,uniform_hda,2683,0,2025-04-12T19:00:00+00:00,0.333333333333,0.333333333333,0.333333333333,H
78cfa6f8fb369658a6b62560a031cf5fc725fa5292743e8b1371a9dbddac3cc2,2024-25,2025-04-13T19:00:00+03:00,expanding_league_hda,2683,2683,2025-04-12T19:00:00+00:00,0.455460305628,0.256802087216,0.287737607156,H
c9e04ef890458ad86182d625708d8d37e7a585d6f97f9140ae82c147a2ba3760,2024-25,2025-04-13T19:00:00+03:00,uniform_hda,2683,0,2025-04-12T19:00:00+00:00,0.333333333333,0.333333333333,0.333333333333,A
c9e04ef890458ad86182d625708d8d37e7a585d6f97f9140ae82c147a2ba3760,2024-25,2025-04-13T19:00:00+03:00,expanding_league_hda,2683,2683,2025-04-12T19:00:00+00:00,0.455460305628,0.256802087216,0.287737607156,A
f2be6f7c411bcb1862826df1cb743d1afa2615a1d2eff0eb0ea9c012fb8a4aef,2024-25,2025-04-14T20:00:00+03:00,uniform_hda,2687,0,2025-04-13T19:00:00+00:00,0.333333333333,0.333333333333,0.333333333333,H
f2be6f7c411bcb1862826df1cb743d1afa2615a1d2eff0eb0ea9c012fb8a4aef,2024-25,2025-04-14T20:00:00+03:00,expanding_league_hda,2687,2687,2025-04-13T19:00:00+00:00,0.455898771865,0.256419799032,0.287681429103,H
49aa57112ac69a9e30c9f58a860be0589f57fefc52a5a4f5cf9b39195ef6e6c2,2024-25,2025-04-18T20:00:00+03:00,uniform_hda,2688,0,2025-04-14T20:00:00+00:00,0.333333333333,0.333333333333,0.333333333333,H
49aa57112ac69a9e30c9f58a860be0589f57fefc52a5a4f5cf9b39195ef6e6c2,2024-25,2025-04-18T20:00:00+03:00,expanding_league_hda,2688,2688,2025-04-14T20:00:00+00:00,0.456101190476,0.256324404762,0.287574404762,H
76754db1e031cc12020e6bc7768def2c8d97818a3de7c60a9c646a34e56e877f,2024-25,2025-04-18T20:00:00+03:00,uniform_hda,2688,0,2025-04-14T20:00:00+00:00,0.333333333333,0.333333333333,0.333333333333,A
76754db1e031cc12020e6bc7768def2c8d97818a3de7c60a9c646a34e56e877f,2024-25,2025-04-18T20:00:00+03:00,expanding_league_hda,2688,2688,2025-04-14T20:00:00+00:00,0.456101190476,0.256324404762,0.287574404762,A
fef629c2338d7db4d1107f77e925663b61716f2a51fcf23167c66530f3e28e3c,2024-25,2025-04-19T13:30:00+03:00,uniform_hda,2690,0,2025-04-18T20:00:00+00:00,0.333333333333,0.333333333333,0.333333333333,H
fef629c2338d7db4d1107f77e925663b61716f2a51fcf23167c66530f3e28e3c,2024-25,2025-04-19T13:30:00+03:00,expanding_league_hda,2690,2690,2025-04-18T20:00:00+00:00,0.456133828996,0.256133828996,0.287732342007,H
c60c5ed53be3cfb96559189cc6e5b811b7d4e97c66c89d08bc82efdf3e2c3cd9,2024-25,2025-04-19T16:00:00+03:00,uniform_hda,2690,0,2025-04-18T20:00:00+00:00,0.333333333333,0.333333333333,0.333333333333,A
c60c5ed53be3cfb96559189cc6e5b811b7d4e97c66c89d08bc82efdf3e2c3cd9,2024-25,2025-04-19T16:00:00+03:00,expanding_league_hda,2690,2690,2025-04-18T20:00:00+00:00,0.456133828996,0.256133828996,0.287732342007,A
3239eaf6a8e7b4d75f9142cfe6f44da3c9ae526147c19a31744ea2251a17dd7f,2024-25,2025-04-19T19:00:00+03:00,uniform_hda,2691,0,2025-04-19T13:30:00+00:00,0.333333333333,0.333333333333,0.333333333333,D
3239eaf6a8e7b4d75f9142cfe6f44da3c9ae526147c19a31744ea2251a17dd7f,2024-25,2025-04-19T19:00:00+03:00,expanding_league_hda,2691,2691,2025-04-19T13:30:00+00:00,0.456335934597,0.256038647343,0.287625418060,D
54b0d504cd0db27f4ee971f6ce0e3310cf392f24f09103e80849f035e935f4c5,2024-25,2025-04-20T13:30:00+03:00,uniform_hda,2693,0,2025-04-19T19:00:00+00:00,0.333333333333,0.333333333333,0.333333333333,H
54b0d504cd0db27f4ee971f6ce0e3310cf392f24f09103e80849f035e935f4c5,2024-25,2025-04-20T13:30:00+03:00,expanding_league_hda,2693,2693,2025-04-19T19:00:00+00:00,0.455997029335,0.256219829187,0.287783141478,H
5c9dd134199d7ac3606a721bf9ad76a60f54d157dcf99bf6d09ca2230e7342de,2024-25,2025-04-20T16:00:00+03:00,uniform_hda,2693,0,2025-04-19T19:00:00+00:00,0.333333333333,0.333333333333,0.333333333333,H
5c9dd134199d7ac3606a721bf9ad76a60f54d157dcf99bf6d09ca2230e7342de,2024-25,2025-04-20T16:00:00+03:00,expanding_league_hda,2693,2693,2025-04-19T19:00:00+00:00,0.455997029335,0.256219829187,0.287783141478,H
3c0e56ab55215476df5f7f4ef833e9b28ebe09b64808e0b053a6aea2ff39b0e6,2024-25,2025-04-20T19:00:00+03:00,uniform_hda,2694,0,2025-04-20T13:30:00+00:00,0.333333333333,0.333333333333,0.333333333333,D
3c0e56ab55215476df5f7f4ef833e9b28ebe09b64808e0b053a6aea2ff39b0e6,2024-25,2025-04-20T19:00:00+03:00,expanding_league_hda,2694,2694,2025-04-20T13:30:00+00:00,0.456198960653,0.256124721604,0.287676317743,D
97c05bc58343fa8c222d34db498ecfdbda8c89d73a24bdc361ebdcd5e43ad32b,2024-25,2025-04-21T20:00:00+03:00,uniform_hda,2696,0,2025-04-20T19:00:00+00:00,0.333333333333,0.333333333333,0.333333333333,H
97c05bc58343fa8c222d34db498ecfdbda8c89d73a24bdc361ebdcd5e43ad32b,2024-25,2025-04-21T20:00:00+03:00,expanding_league_hda,2696,2696,2025-04-20T19:00:00+00:00,0.456231454006,0.256305637982,0.287462908012,H
c9b3c71876333d001957b9b24be4294a75c294b4fa9ed04431d2a6d08cabb45f,2024-25,2025-04-25T20:00:00+03:00,uniform_hda,2697,0,2025-04-21T20:00:00+00:00,0.333333333333,0.333333333333,0.333333333333,H
c9b3c71876333d001957b9b24be4294a75c294b4fa9ed04431d2a6d08cabb45f,2024-25,2025-04-25T20:00:00+03:00,expanding_league_hda,2697,2697,2025-04-21T20:00:00+00:00,0.456433073786,0.256210604375,0.287356321839,H
ac61204910ac9ac706ebf69d470e8a1621b53c29102a9836c169aa57802df14b,2024-25,2025-04-26T16:00:00+03:00,uniform_hda,2698,0,2025-04-25T20:00:00+00:00,0.333333333333,0.333333333333,0.333333333333,H
ac61204910ac9ac706ebf69d470e8a1621b53c29102a9836c169aa57802df14b,2024-25,2025-04-26T16:00:00+03:00,expanding_league_hda,2698,2698,2025-04-25T20:00:00+00:00,0.456634544107,0.256115641216,0.287249814678,H
50e5c95a78278658f91e6acb64f4dc75f42b074d9b617b95163e2d8c7c9ce3b9,2024-25,2025-04-26T19:00:00+03:00,uniform_hda,2698,0,2025-04-25T20:00:00+00:00,0.333333333333,0.333333333333,0.333333333333,A
50e5c95a78278658f91e6acb64f4dc75f42b074d9b617b95163e2d8c7c9ce3b9,2024-25,2025-04-26T19:00:00+03:00,expanding_league_hda,2698,2698,2025-04-25T20:00:00+00:00,0.456634544107,0.256115641216,0.287249814678,A
b1b2dc438859ba715dd5724652f91b6a87264d2d13eb6adb39e59b33b98b0e9b,2024-25,2025-04-26T19:00:00+03:00,uniform_hda,2698,0,2025-04-25T20:00:00+00:00,0.333333333333,0.333333333333,0.333333333333,A
b1b2dc438859ba715dd5724652f91b6a87264d2d13eb6adb39e59b33b98b0e9b,2024-25,2025-04-26T19:00:00+03:00,expanding_league_hda,2698,2698,2025-04-25T20:00:00+00:00,0.456634544107,0.256115641216,0.287249814678,A
5bcbcf616aa83442e30c4ac0c1d54a07cf5dfa4d4d7ef8a419ce9f67d1b63c17,2024-25,2025-04-27T16:00:00+03:00,uniform_hda,2701,0,2025-04-26T19:00:00+00:00,0.333333333333,0.333333333333,0.333333333333,H
5bcbcf616aa83442e30c4ac0c1d54a07cf5dfa4d4d7ef8a419ce9f67d1b63c17,2024-25,2025-04-27T16:00:00+03:00,expanding_league_hda,2701,2701,2025-04-26T19:00:00+00:00,0.456497593484,0.255831173639,0.287671232877,H
a65c07e7e82975abded280fe760278c98072e0770bc03e68bea1f4539011ef90,2024-25,2025-04-27T16:00:00+03:00,uniform_hda,2701,0,2025-04-26T19:00:00+00:00,0.333333333333,0.333333333333,0.333333333333,H
a65c07e7e82975abded280fe760278c98072e0770bc03e68bea1f4539011ef90,2024-25,2025-04-27T16:00:00+03:00,expanding_league_hda,2701,2701,2025-04-26T19:00:00+00:00,0.456497593484,0.255831173639,0.287671232877,H
6657e8353df26d07c005dcab0c833caed277834a9956a0ee69386afb4386be35,2024-25,2025-04-27T19:00:00+03:00,uniform_hda,2701,0,2025-04-26T19:00:00+00:00,0.333333333333,0.333333333333,0.333333333333,H
6657e8353df26d07c005dcab0c833caed277834a9956a0ee69386afb4386be35,2024-25,2025-04-27T19:00:00+03:00,expanding_league_hda,2701,2701,2025-04-26T19:00:00+00:00,0.456497593484,0.255831173639,0.287671232877,H
98b99dc907c40e7175b9ae38146b2f71a5e9015f5e19d7b91cd55520447f9bec,2024-25,2025-04-27T19:00:00+03:00,uniform_hda,2701,0,2025-04-26T19:00:00+00:00,0.333333333333,0.333333333333,0.333333333333,A
98b99dc907c40e7175b9ae38146b2f71a5e9015f5e19d7b91cd55520447f9bec,2024-25,2025-04-27T19:00:00+03:00,expanding_league_hda,2701,2701,2025-04-26T19:00:00+00:00,0.456497593484,0.255831173639,0.287671232877,A
84409731317c615322ac0bee56288a451cf75093cf10fb10134f4f03853d00aa,2024-25,2025-04-28T20:00:00+03:00,uniform_hda,2705,0,2025-04-27T19:00:00+00:00,0.333333333333,0.333333333333,0.333333333333,H
84409731317c615322ac0bee56288a451cf75093cf10fb10134f4f03853d00aa,2024-25,2025-04-28T20:00:00+03:00,expanding_league_hda,2705,2705,2025-04-27T19:00:00+00:00,0.456931608133,0.255452865065,0.287615526802,H
29912beeb83506a21effdccd6638ed9d349701f9bd460d8ec5e6a996482811ca,2024-25,2025-05-02T20:00:00+03:00,uniform_hda,2706,0,2025-04-28T20:00:00+00:00,0.333333333333,0.333333333333,0.333333333333,H
29912beeb83506a21effdccd6638ed9d349701f9bd460d8ec5e6a996482811ca,2024-25,2025-05-02T20:00:00+03:00,expanding_league_hda,2706,2706,2025-04-28T20:00:00+00:00,0.457132298596,0.255358462676,0.287509238729,H
97c404e58fc266c503949593e446d8e9b50da2f274fc87f97aeb03be17437290,2024-25,2025-05-03T16:00:00+03:00,uniform_hda,2707,0,2025-05-02T20:00:00+00:00,0.333333333333,0.333333333333,0.333333333333,D
97c404e58fc266c503949593e446d8e9b50da2f274fc87f97aeb03be17437290,2024-25,2025-05-03T16:00:00+03:00,expanding_league_hda,2707,2707,2025-05-02T20:00:00+00:00,0.457332840783,0.255264130033,0.287403029184,D
c0a662bfd533e7c61515996fc4a2f3e1fa2b61d2534982c17b972483c67a7781,2024-25,2025-05-03T16:00:00+03:00,uniform_hda,2707,0,2025-05-02T20:00:00+00:00,0.333333333333,0.333333333333,0.333333333333,H
c0a662bfd533e7c61515996fc4a2f3e1fa2b61d2534982c17b972483c67a7781,2024-25,2025-05-03T16:00:00+03:00,expanding_league_hda,2707,2707,2025-05-02T20:00:00+00:00,0.457332840783,0.255264130033,0.287403029184,H
6c0ebad4f0ac0e40e8b84ed01b2e33a7f1377818575c6a145d528c4c6223456a,2024-25,2025-05-03T19:00:00+03:00,uniform_hda,2707,0,2025-05-02T20:00:00+00:00,0.333333333333,0.333333333333,0.333333333333,A
6c0ebad4f0ac0e40e8b84ed01b2e33a7f1377818575c6a145d528c4c6223456a,2024-25,2025-05-03T19:00:00+03:00,expanding_league_hda,2707,2707,2025-05-02T20:00:00+00:00,0.457332840783,0.255264130033,0.287403029184,A
8235b15312e0525d0d6c8c9c81b6810216d024d048b08010a4106cc6487ae90b,2024-25,2025-05-03T19:00:00+03:00,uniform_hda,2707,0,2025-05-02T20:00:00+00:00,0.333333333333,0.333333333333,0.333333333333,H
8235b15312e0525d0d6c8c9c81b6810216d024d048b08010a4106cc6487ae90b,2024-25,2025-05-03T19:00:00+03:00,expanding_league_hda,2707,2707,2025-05-02T20:00:00+00:00,0.457332840783,0.255264130033,0.287403029184,H
878d3760faf886290eac6da107f9b8befe026a78724ae9abbbf7b1fb47133627,2024-25,2025-05-04T16:00:00+03:00,uniform_hda,2711,0,2025-05-03T19:00:00+00:00,0.333333333333,0.333333333333,0.333333333333,H
878d3760faf886290eac6da107f9b8befe026a78724ae9abbbf7b1fb47133627,2024-25,2025-05-04T16:00:00+03:00,expanding_league_hda,2711,2711,2025-05-03T19:00:00+00:00,0.457395794910,0.255256362966,0.287347842125,H
3c82149fe6ee571bb6abf2c3ccef6ddaaf3618b49054f8d49fda2c19dea01665,2024-25,2025-05-04T19:00:00+03:00,uniform_hda,2711,0,2025-05-03T19:00:00+00:00,0.333333333333,0.333333333333,0.333333333333,A
3c82149fe6ee571bb6abf2c3ccef6ddaaf3618b49054f8d49fda2c19dea01665,2024-25,2025-05-04T19:00:00+03:00,expanding_league_hda,2711,2711,2025-05-03T19:00:00+00:00,0.457395794910,0.255256362966,0.287347842125,A
70dd380fef6e31b0cfcbeb01e3f1b3b2848bdb3c34d92cd9988ca54e7030a607,2024-25,2025-05-04T19:00:00+03:00,uniform_hda,2711,0,2025-05-03T19:00:00+00:00,0.333333333333,0.333333333333,0.333333333333,A
70dd380fef6e31b0cfcbeb01e3f1b3b2848bdb3c34d92cd9988ca54e7030a607,2024-25,2025-05-04T19:00:00+03:00,expanding_league_hda,2711,2711,2025-05-03T19:00:00+00:00,0.457395794910,0.255256362966,0.287347842125,A
a0752203b2e739070ea74e11b229fe56633018bdf2a268c0f208ed931860fb0a,2024-25,2025-05-05T20:00:00+03:00,uniform_hda,2714,0,2025-05-04T19:00:00+00:00,0.333333333333,0.333333333333,0.333333333333,D
a0752203b2e739070ea74e11b229fe56633018bdf2a268c0f208ed931860fb0a,2024-25,2025-05-05T20:00:00+03:00,expanding_league_hda,2714,2714,2025-05-04T19:00:00+00:00,0.457258658806,0.254974207811,0.287767133382,D
299b45e439ce454e84f4b5a9e61dbc9ef3939f2972b90df723ffcd072c1aae60,2024-25,2025-05-09T20:00:00+03:00,uniform_hda,2715,0,2025-05-05T20:00:00+00:00,0.333333333333,0.333333333333,0.333333333333,A
299b45e439ce454e84f4b5a9e61dbc9ef3939f2972b90df723ffcd072c1aae60,2024-25,2025-05-09T20:00:00+03:00,expanding_league_hda,2715,2715,2025-05-05T20:00:00+00:00,0.457090239411,0.255248618785,0.287661141805,A
90cc14b0fce171f28ba0d0198a0b5d7942f2bbb8819fe7f11dea419228fa87a0,2024-25,2025-05-09T20:00:00+03:00,uniform_hda,2715,0,2025-05-05T20:00:00+00:00,0.333333333333,0.333333333333,0.333333333333,A
90cc14b0fce171f28ba0d0198a0b5d7942f2bbb8819fe7f11dea419228fa87a0,2024-25,2025-05-09T20:00:00+03:00,expanding_league_hda,2715,2715,2025-05-05T20:00:00+00:00,0.457090239411,0.255248618785,0.287661141805,A
38ae81c7602c4fcfb4ce2535cc33f7a6b39a63452a687ae5288fe9f905c4e6dc,2024-25,2025-05-10T16:00:00+03:00,uniform_hda,2717,0,2025-05-09T20:00:00+00:00,0.333333333333,0.333333333333,0.333333333333,H
38ae81c7602c4fcfb4ce2535cc33f7a6b39a63452a687ae5288fe9f905c4e6dc,2024-25,2025-05-10T16:00:00+03:00,expanding_league_hda,2717,2717,2025-05-09T20:00:00+00:00,0.456753772543,0.255060728745,0.288185498712,H
6c842c80c33ef594b9bd600e7290d47ab58d04fbcb4388c8bd2e4c5be73fe9d6,2024-25,2025-05-10T16:00:00+03:00,uniform_hda,2717,0,2025-05-09T20:00:00+00:00,0.333333333333,0.333333333333,0.333333333333,A
6c842c80c33ef594b9bd600e7290d47ab58d04fbcb4388c8bd2e4c5be73fe9d6,2024-25,2025-05-10T16:00:00+03:00,expanding_league_hda,2717,2717,2025-05-09T20:00:00+00:00,0.456753772543,0.255060728745,0.288185498712,A
067f8306360628489133a99f2e5dfb2948fd80febe9640f82c2c23743902630c,2024-25,2025-05-10T19:00:00+03:00,uniform_hda,2717,0,2025-05-09T20:00:00+00:00,0.333333333333,0.333333333333,0.333333333333,A
067f8306360628489133a99f2e5dfb2948fd80febe9640f82c2c23743902630c,2024-25,2025-05-10T19:00:00+03:00,expanding_league_hda,2717,2717,2025-05-09T20:00:00+00:00,0.456753772543,0.255060728745,0.288185498712,A
cb09686eff0a2591ad08995f21e29ff10b0b3b4a2ff5840649bb662ec2ac30fc,2024-25,2025-05-11T16:00:00+03:00,uniform_hda,2720,0,2025-05-10T19:00:00+00:00,0.333333333333,0.333333333333,0.333333333333,D
cb09686eff0a2591ad08995f21e29ff10b0b3b4a2ff5840649bb662ec2ac30fc,2024-25,2025-05-11T16:00:00+03:00,expanding_league_hda,2720,2720,2025-05-10T19:00:00+00:00,0.456617647059,0.254779411765,0.288602941176,D
233bcd688e557e4f8a22da26a9965adb849fbbc617bca02ec2a0ea9a700e5e31,2024-25,2025-05-11T19:00:00+03:00,uniform_hda,2720,0,2025-05-10T19:00:00+00:00,0.333333333333,0.333333333333,0.333333333333,D
233bcd688e557e4f8a22da26a9965adb849fbbc617bca02ec2a0ea9a700e5e31,2024-25,2025-05-11T19:00:00+03:00,expanding_league_hda,2720,2720,2025-05-10T19:00:00+00:00,0.456617647059,0.254779411765,0.288602941176,D
2d86f8e409044353def1ab13ded8a3252b171adc7e7fd57235bb45a0d219c308,2024-25,2025-05-11T19:00:00+03:00,uniform_hda,2720,0,2025-05-10T19:00:00+00:00,0.333333333333,0.333333333333,0.333333333333,H
2d86f8e409044353def1ab13ded8a3252b171adc7e7fd57235bb45a0d219c308,2024-25,2025-05-11T19:00:00+03:00,expanding_league_hda,2720,2720,2025-05-10T19:00:00+00:00,0.456617647059,0.254779411765,0.288602941176,H
c844011a40c67be7875152910e82f6655e6f3f53591714f85278eaf523af1174,2024-25,2025-05-12T20:00:00+03:00,uniform_hda,2723,0,2025-05-11T19:00:00+00:00,0.333333333333,0.333333333333,0.333333333333,H
c844011a40c67be7875152910e82f6655e6f3f53591714f85278eaf523af1174,2024-25,2025-05-12T20:00:00+03:00,expanding_league_hda,2723,2723,2025-05-11T19:00:00+00:00,0.456481821520,0.255233198678,0.288284979802,H
312dc67404d9f901b0931e9bf61303cd2233e1cea6a51440614604d3c2650ab3,2024-25,2025-05-17T19:00:00+03:00,uniform_hda,2724,0,2025-05-12T20:00:00+00:00,0.333333333333,0.333333333333,0.333333333333,A
312dc67404d9f901b0931e9bf61303cd2233e1cea6a51440614604d3c2650ab3,2024-25,2025-05-17T19:00:00+03:00,expanding_league_hda,2724,2724,2025-05-12T20:00:00+00:00,0.456681350954,0.255139500734,0.288179148311,A
1b5641adb776dc2acd0fe930914c769d2ef423eb63635a2ef7112baac56dc961,2024-25,2025-05-18T19:00:00+03:00,uniform_hda,2725,0,2025-05-17T19:00:00+00:00,0.333333333333,0.333333333333,0.333333333333,H
1b5641adb776dc2acd0fe930914c769d2ef423eb63635a2ef7112baac56dc961,2024-25,2025-05-18T19:00:00+03:00,expanding_league_hda,2725,2725,2025-05-17T19:00:00+00:00,0.456513761468,0.255045871560,0.288440366972,H
43f69c154724663a6ac95dac8ef9bf9315a88d0cd90f51c0efb906bf1a2d4cac,2024-25,2025-05-18T19:00:00+03:00,uniform_hda,2725,0,2025-05-17T19:00:00+00:00,0.333333333333,0.333333333333,0.333333333333,H
43f69c154724663a6ac95dac8ef9bf9315a88d0cd90f51c0efb906bf1a2d4cac,2024-25,2025-05-18T19:00:00+03:00,expanding_league_hda,2725,2725,2025-05-17T19:00:00+00:00,0.456513761468,0.255045871560,0.288440366972,H
445bc8d261f91ed32c3c83f2f9eea82e18d4669bef0c3823cb381e5364ce2079,2024-25,2025-05-18T19:00:00+03:00,uniform_hda,2725,0,2025-05-17T19:00:00+00:00,0.333333333333,0.333333333333,0.333333333333,D
445bc8d261f91ed32c3c83f2f9eea82e18d4669bef0c3823cb381e5364ce2079,2024-25,2025-05-18T19:00:00+03:00,expanding_league_hda,2725,2725,2025-05-17T19:00:00+00:00,0.456513761468,0.255045871560,0.288440366972,D
521e831a0e56e554b3968fd383e24e9792fa6aedc2c39b94e834b6f749e77065,2024-25,2025-05-18T19:00:00+03:00,uniform_hda,2725,0,2025-05-17T19:00:00+00:00,0.333333333333,0.333333333333,0.333333333333,A
521e831a0e56e554b3968fd383e24e9792fa6aedc2c39b94e834b6f749e77065,2024-25,2025-05-18T19:00:00+03:00,expanding_league_hda,2725,2725,2025-05-17T19:00:00+00:00,0.456513761468,0.255045871560,0.288440366972,A
62595484e5c8501aeb03134fa952d3aa550cf84617f9b095a5daeaaef4d3ee5d,2024-25,2025-05-18T19:00:00+03:00,uniform_hda,2725,0,2025-05-17T19:00:00+00:00,0.333333333333,0.333333333333,0.333333333333,D
62595484e5c8501aeb03134fa952d3aa550cf84617f9b095a5daeaaef4d3ee5d,2024-25,2025-05-18T19:00:00+03:00,expanding_league_hda,2725,2725,2025-05-17T19:00:00+00:00,0.456513761468,0.255045871560,0.288440366972,D
8a47534bdbfa91ef7dd3394bb17be8ac87a47d7b2af7ad2f7109cec4f72a671a,2024-25,2025-05-18T19:00:00+03:00,uniform_hda,2725,0,2025-05-17T19:00:00+00:00,0.333333333333,0.333333333333,0.333333333333,H
8a47534bdbfa91ef7dd3394bb17be8ac87a47d7b2af7ad2f7109cec4f72a671a,2024-25,2025-05-18T19:00:00+03:00,expanding_league_hda,2725,2725,2025-05-17T19:00:00+00:00,0.456513761468,0.255045871560,0.288440366972,H
a02c97efcdd971719d72eefec721b136f7d7af477d04b2520fe132109c12dd1a,2024-25,2025-05-18T19:00:00+03:00,uniform_hda,2725,0,2025-05-17T19:00:00+00:00,0.333333333333,0.333333333333,0.333333333333,D
a02c97efcdd971719d72eefec721b136f7d7af477d04b2520fe132109c12dd1a,2024-25,2025-05-18T19:00:00+03:00,expanding_league_hda,2725,2725,2025-05-17T19:00:00+00:00,0.456513761468,0.255045871560,0.288440366972,D
f8f84912a55e7e3525083a89dfa88f09a0f514d46a10cc7ab4fa7312c414064f,2024-25,2025-05-18T19:00:00+03:00,uniform_hda,2725,0,2025-05-17T19:00:00+00:00,0.333333333333,0.333333333333,0.333333333333,H
f8f84912a55e7e3525083a89dfa88f09a0f514d46a10cc7ab4fa7312c414064f,2024-25,2025-05-18T19:00:00+03:00,expanding_league_hda,2725,2725,2025-05-17T19:00:00+00:00,0.456513761468,0.255045871560,0.288440366972,H
6b3e9dadc64e0a20b2cf919ba2df5f8b946ed9e57a7bf876f081c37877441509,2024-25,2025-05-24T16:00:00+03:00,uniform_hda,2733,0,2025-05-18T19:00:00+00:00,0.333333333333,0.333333333333,0.333333333333,H
6b3e9dadc64e0a20b2cf919ba2df5f8b946ed9e57a7bf876f081c37877441509,2024-25,2025-05-24T16:00:00+03:00,expanding_league_hda,2733,2733,2025-05-18T19:00:00+00:00,0.456641053787,0.255396999634,0.287961946579,H
1af9f2602def691d035831c646394b943eb519a013365e2794ac1c4f63f1325a,2024-25,2025-05-24T19:00:00+03:00,uniform_hda,2733,0,2025-05-18T19:00:00+00:00,0.333333333333,0.333333333333,0.333333333333,D
1af9f2602def691d035831c646394b943eb519a013365e2794ac1c4f63f1325a,2024-25,2025-05-24T19:00:00+03:00,expanding_league_hda,2733,2733,2025-05-18T19:00:00+00:00,0.456641053787,0.255396999634,0.287961946579,D
b95be3b5aa706655cb509c476177859a13df729f220d8df5667fdacc6a116117,2024-25,2025-05-24T19:00:00+03:00,uniform_hda,2733,0,2025-05-18T19:00:00+00:00,0.333333333333,0.333333333333,0.333333333333,A
b95be3b5aa706655cb509c476177859a13df729f220d8df5667fdacc6a116117,2024-25,2025-05-24T19:00:00+03:00,expanding_league_hda,2733,2733,2025-05-18T19:00:00+00:00,0.456641053787,0.255396999634,0.287961946579,A
56f700ca3ea7b504c4224ba583dcca1cc6b65d6600830f1bc8b218cb0e8cb878,2024-25,2025-05-25T19:00:00+03:00,uniform_hda,2736,0,2025-05-24T19:00:00+00:00,0.333333333333,0.333333333333,0.333333333333,D
56f700ca3ea7b504c4224ba583dcca1cc6b65d6600830f1bc8b218cb0e8cb878,2024-25,2025-05-25T19:00:00+03:00,expanding_league_hda,2736,2736,2025-05-24T19:00:00+00:00,0.456505847953,0.255482456140,0.288011695906,D
91de8ed9f104d0590daf4cdcb7f03c7dee6e93fa855e05c2a2bfbff5f77bdbc5,2024-25,2025-05-25T19:00:00+03:00,uniform_hda,2736,0,2025-05-24T19:00:00+00:00,0.333333333333,0.333333333333,0.333333333333,D
91de8ed9f104d0590daf4cdcb7f03c7dee6e93fa855e05c2a2bfbff5f77bdbc5,2024-25,2025-05-25T19:00:00+03:00,expanding_league_hda,2736,2736,2025-05-24T19:00:00+00:00,0.456505847953,0.255482456140,0.288011695906,D
b4d31cfb8b9a8856be3a322d6c33f7e18d71a9477888cff889a7b5de93ec0942,2024-25,2025-05-25T19:00:00+03:00,uniform_hda,2736,0,2025-05-24T19:00:00+00:00,0.333333333333,0.333333333333,0.333333333333,A
b4d31cfb8b9a8856be3a322d6c33f7e18d71a9477888cff889a7b5de93ec0942,2024-25,2025-05-25T19:00:00+03:00,expanding_league_hda,2736,2736,2025-05-24T19:00:00+00:00,0.456505847953,0.255482456140,0.288011695906,A
cc7153b5e81f1b088e09d13a34adc786b6a40dcf5e176a564bda68f878e00d76,2024-25,2025-05-25T19:00:00+03:00,uniform_hda,2736,0,2025-05-24T19:00:00+00:00,0.333333333333,0.333333333333,0.333333333333,A
cc7153b5e81f1b088e09d13a34adc786b6a40dcf5e176a564bda68f878e00d76,2024-25,2025-05-25T19:00:00+03:00,expanding_league_hda,2736,2736,2025-05-24T19:00:00+00:00,0.456505847953,0.255482456140,0.288011695906,A
e56f1e42bcb1f1b3efeccf80dd72423ca603816f321e5e0358d68a2cf8c6fc3d,2024-25,2025-05-25T19:00:00+03:00,uniform_hda,2736,0,2025-05-24T19:00:00+00:00,0.333333333333,0.333333333333,0.333333333333,A
e56f1e42bcb1f1b3efeccf80dd72423ca603816f321e5e0358d68a2cf8c6fc3d,2024-25,2025-05-25T19:00:00+03:00,expanding_league_hda,2736,2736,2025-05-24T19:00:00+00:00,0.456505847953,0.255482456140,0.288011695906,A
bab7744a0d21da08c1acfb21c3b71404d7fd832b2db8813f4e7a343df4070f5a,2024-25,2025-05-26T20:00:00+03:00,uniform_hda,2741,0,2025-05-25T19:00:00+00:00,0.333333333333,0.333333333333,0.333333333333,H
bab7744a0d21da08c1acfb21c3b71404d7fd832b2db8813f4e7a343df4070f5a,2024-25,2025-05-26T20:00:00+03:00,expanding_league_hda,2741,2741,2025-05-25T19:00:00+00:00,0.455673112003,0.255746078074,0.288580809923,H
5036c4504461b5cb9bb191c1084fb00b57f3297c9e1af53493a0e2e2ef484ec6,2024-25,2025-05-30T20:00:00+03:00,uniform_hda,2742,0,2025-05-26T20:00:00+00:00,0.333333333333,0.333333333333,0.333333333333,A
5036c4504461b5cb9bb191c1084fb00b57f3297c9e1af53493a0e2e2ef484ec6,2024-25,2025-05-30T20:00:00+03:00,expanding_league_hda,2742,2742,2025-05-26T20:00:00+00:00,0.455871626550,0.255652808169,0.288475565281,A
83894d6f64b874bbf213afd8c6708bfd63d2d1943d5bfeeddb6104e60e817b8a,2024-25,2025-05-30T20:00:00+03:00,uniform_hda,2742,0,2025-05-26T20:00:00+00:00,0.333333333333,0.333333333333,0.333333333333,H
83894d6f64b874bbf213afd8c6708bfd63d2d1943d5bfeeddb6104e60e817b8a,2024-25,2025-05-30T20:00:00+03:00,expanding_league_hda,2742,2742,2025-05-26T20:00:00+00:00,0.455871626550,0.255652808169,0.288475565281,H
a44a84bf4b678605301cd5d3350ce498c913ed186630efd98af819514af03349,2024-25,2025-05-30T20:00:00+03:00,uniform_hda,2742,0,2025-05-26T20:00:00+00:00,0.333333333333,0.333333333333,0.333333333333,A
a44a84bf4b678605301cd5d3350ce498c913ed186630efd98af819514af03349,2024-25,2025-05-30T20:00:00+03:00,expanding_league_hda,2742,2742,2025-05-26T20:00:00+00:00,0.455871626550,0.255652808169,0.288475565281,A
06bfb0d391a316ff9f75b7e3522b6822e4afb55c8a7a1e6ffb1a4c26a64c4c55,2024-25,2025-05-31T16:00:00+03:00,uniform_hda,2745,0,2025-05-30T20:00:00+00:00,0.333333333333,0.333333333333,0.333333333333,H
06bfb0d391a316ff9f75b7e3522b6822e4afb55c8a7a1e6ffb1a4c26a64c4c55,2024-25,2025-05-31T16:00:00+03:00,expanding_league_hda,2745,2745,2025-05-30T20:00:00+00:00,0.455737704918,0.255373406193,0.288888888889,H
efeb880a02ad1480380f2aa9cae0942bceb3c0421e3c57f66a78992161dd4356,2024-25,2025-05-31T16:00:00+03:00,uniform_hda,2745,0,2025-05-30T20:00:00+00:00,0.333333333333,0.333333333333,0.333333333333,H
efeb880a02ad1480380f2aa9cae0942bceb3c0421e3c57f66a78992161dd4356,2024-25,2025-05-31T16:00:00+03:00,expanding_league_hda,2745,2745,2025-05-30T20:00:00+00:00,0.455737704918,0.255373406193,0.288888888889,H
3982c19278516bdb8b05562da059d6308586bf01bfa4383dd10c84e770c98120,2024-25,2025-05-31T19:00:00+03:00,uniform_hda,2745,0,2025-05-30T20:00:00+00:00,0.333333333333,0.333333333333,0.333333333333,D
3982c19278516bdb8b05562da059d6308586bf01bfa4383dd10c84e770c98120,2024-25,2025-05-31T19:00:00+03:00,expanding_league_hda,2745,2745,2025-05-30T20:00:00+00:00,0.455737704918,0.255373406193,0.288888888889,D
604c7a5f5ac5264ccbbd72e9b10de4d5c63f746c106309d04ad639e5b2c3292b,2024-25,2025-05-31T19:00:00+03:00,uniform_hda,2745,0,2025-05-30T20:00:00+00:00,0.333333333333,0.333333333333,0.333333333333,H
604c7a5f5ac5264ccbbd72e9b10de4d5c63f746c106309d04ad639e5b2c3292b,2024-25,2025-05-31T19:00:00+03:00,expanding_league_hda,2745,2745,2025-05-30T20:00:00+00:00,0.455737704918,0.255373406193,0.288888888889,H
412c3343039deb89e95f8356493e7111d156296ade3a4d2d122d0140f633bd9a,2024-25,2025-06-01T19:00:00+03:00,uniform_hda,2749,0,2025-05-31T19:00:00+00:00,0.333333333333,0.333333333333,0.333333333333,H
412c3343039deb89e95f8356493e7111d156296ade3a4d2d122d0140f633bd9a,2024-25,2025-06-01T19:00:00+03:00,expanding_league_hda,2749,2749,2025-05-31T19:00:00+00:00,0.456165878501,0.255365587486,0.288468534012,H
97ea251b86c8db4da122e1ddd9c08934bd32b128b5c653f9a72003595c5f515d,2024-25,2025-06-01T19:00:00+03:00,uniform_hda,2749,0,2025-05-31T19:00:00+00:00,0.333333333333,0.333333333333,0.333333333333,A
97ea251b86c8db4da122e1ddd9c08934bd32b128b5c653f9a72003595c5f515d,2024-25,2025-06-01T19:00:00+03:00,expanding_league_hda,2749,2749,2025-05-31T19:00:00+00:00,0.456165878501,0.255365587486,0.288468534012,A
