match_id,season,prediction_time,model,available_history_rows,training_rows_used,latest_result_available_at,home_team,away_team,home_team_history_matches,away_team_history_matches,expected_home_goals,expected_away_goals,p_home,p_draw,p_away,p_observed_score,actual_home_goals,actual_away_goals,actual_result
c2f04bc747ff1d023e407373513729ba7a412b4632ccf00ac511c7fe336418e5,2021-22,2021-08-13T20:30:00+03:00,independent_poisson,1338,1338,2021-05-15T20:30:00+00:00,Besiktas,Rizespor,142,108,2.633411338,0.952366766,0.732270767,0.155058531,0.112670702,0.084357016,3,0,H
9142f04f7a59f531b335541ce73a679d11e8f6a46eaa48d358a380053fb1adba,2021-22,2021-08-14T19:15:00+03:00,independent_poisson,1339,1339,2021-08-13T20:30:00+00:00,Fatih Karagumruk,Gaziantep FK,40,74,1.760091374,1.185625535,0.508406766,0.234635410,0.256957824,0.033574603,3,2,H
b58de098ee74b08f6f22dd5f6697c9a340707797b177d6f35a11ab9116f50b56,2021-22,2021-08-14T21:45:00+03:00,independent_poisson,1339,1339,2021-08-13T20:30:00+00:00,Altay,Kayserispor,0,142,1.692630845,0.969927923,0.543522379,0.240840222,0.215637399,0.056389848,3,0,H
baeef85507b1fda090d10cafc662b957c18b566de3b31e07e0658ed8640bb971,2021-22,2021-08-14T21:45:00+03:00,independent_poisson,1339,1339,2021-08-13T20:30:00+00:00,Hatayspor,Kasimpasa,40,142,2.088461469,1.230888235,0.570910254,0.209056575,0.220033171,0.092997190,1,1,D
9782c293b3a1902f93a3457b45dd56f80ea92fcd8a8c56086c1c91f5c008d126,2021-22,2021-08-15T19:15:00+03:00,independent_poisson,1342,1342,2021-08-14T21:45:00+00:00,Istanbul Basaksehir,Alanyaspor,142,142,1.601170667,0.948041699,0.526468375,0.250136586,0.223395039,0.074083003,0,1,A
774a0ec5fa39dacae0f1747c06a41c25a92adc61bb47adec022f19c276bc44dc,2021-22,2021-08-15T21:45:00+03:00,independent_poisson,1342,1342,2021-08-14T21:45:00+00:00,Adana Demirspor,Fenerbahce,0,142,1.291030013,1.525107233,0.322157906,0.250024938,0.427817156,0.091257279,0,1,A
8effd716914f63bdf61f160014c21c292a7712f8b1ca6d805d0fd52d99ad6686,2021-22,2021-08-15T21:45:00+03:00,independent_poisson,1342,1342,2021-08-14T21:45:00+00:00,Antalyaspor,Goztepe,142,142,1.299755826,1.277518593,0.372603975,0.265251441,0.362144584,0.126163272,1,1,D
212ddd83c0e2cc62aebd7a3b6de7dc40f271d43c2c43bd2f5a9e122ae3e447a5,2021-22,2021-08-16T19:15:00+03:00,independent_poisson,1345,1345,2021-08-15T21:45:00+00:00,Yeni Malatyaspor,Trabzonspor,142,142,1.278618538,1.507784368,0.322217626,0.251627143,0.426155231,0.005118427,1,5,A
c5a640c7d7ee186fc273438ee13038ceaf12737849c1cf8e0f34c0df7f7f4a4f,2021-22,2021-08-16T19:15:00+03:00,independent_poisson,1345,1345,2021-08-15T21:45:00+00:00,Sivasspor,Konyaspor,142,142,1.450628530,0.944998271,0.488378885,0.265937266,0.245683849,0.086104037,0,1,A
8190027b0c092b7fa65187abc06490bbeac57edaae8b85bf1c0e5e53131fc56f,2021-22,2021-08-16T21:45:00+03:00,independent_poisson,1345,1345,2021-08-15T21:45:00+00:00,Giresunspor,Galatasaray,0,142,1.079918597,1.681274174,0.243859684,0.241887374,0.514252943,0.089346245,0,2,A
d14669974a12784bbd837e96ef1fdc8c36e729b8774d0450aaddbd510d99d557,2021-22,2021-08-20T20:30:00+03:00,independent_poisson,1348,1348,2021-08-16T21:45:00+00:00,Kayserispor,Adana Demirspor,143,1,0.981311552,0.665564983,0.418594244,0.340574394,0.240831362,0.125825303,1,1,D
3290162cd290f46699a5078f6bc5d2cb99016062521c12645c6acca76d2aa700,2021-22,2021-08-21T19:15:00+03:00,independent_poisson,1349,1349,2021-08-20T20:30:00+00:00,Rizespor,Fatih Karagumruk,109,41,1.391292187,1.645903387,0.324847775,0.239214697,0.435937528,0.047969227,0,0,D
96d3438d2d6c643f83c9628fd52c1ba299e37ff14509ec9dd282f6c116c34e59,2021-22,2021-08-21T19:15:00+03:00,independent_poisson,1349,1349,2021-08-20T20:30:00+00:00,Kasimpasa,Giresunspor,143,1,1.868115445,0.733440795,0.643532866,0.216348680,0.140118455,0.129400486,2,0,H
4413d5ceb9479688e7dc293c5cd4a322f09ab1ff5c224c8d3870efd08b10568a,2021-22,2021-08-21T21:45:00+03:00,independent_poisson,1349,1349,2021-08-20T20:30:00+00:00,Gaziantep FK,Besiktas,75,143,1.380874319,1.729044440,0.307851877,0.234307868,0.457840255,0.044604579,0,0,D
6ce964c3f81689cf4a0b28a452756681a9ffa3e8d84316520472068fe7a7fb3d,2021-22,2021-08-21T21:45:00+03:00,independent_poisson,1349,1349,2021-08-20T20:30:00+00:00,Alanyaspor,Altay,143,1,0.960011693,1.596754316,0.227042183,0.250550106,0.522407711,0.020166397,1,4,A
c5360703dc49a19b6c48f3489192854c489d895e79caaf3e80d9e383e2142e6c,2021-22,2021-08-22T19:15:00+03:00,independent_poisson,1353,1353,2021-08-21T21:45:00+00:00,Konyaspor,Istanbul Basaksehir,143,143,0.951856202,1.175470828,0.295680575,0.294743566,0.409575859,0.063450954,2,1,H
7031812d75cf0a2189ceb8560dfefdfcfe4c0e77880ab3c147d257e3eff92f79,2021-22,2021-08-22T21:45:00+03:00,independent_poisson,1353,1353,2021-08-21T21:45:00+00:00,Goztepe,Yeni Malatyaspor,143,143,1.496750951,1.098785491,0.463688746,0.257981781,0.278329473,0.081975818,0,1,A
70daba066f83713bbe9e917a8718a8020e1156673b537744b698ebc290317ac5,2021-22,2021-08-22T21:45:00+03:00,independent_poisson,1353,1353,2021-08-21T21:45:00+00:00,Fenerbahce,Antalyaspor,143,143,2.188789095,0.848087536,0.679766923,0.187985935,0.132247142,0.114942086,2,0,H
c6d77aaeff86754ef298efa86096ded153a88372e961a3fa75e3e3280c88105d,2021-22,2021-08-23T19:15:00+03:00,independent_poisson,1356,1356,2021-08-22T21:45:00+00:00,Trabzonspor,Sivasspor,143,143,1.928551814,1.114988212,0.563115786,0.220357796,0.216526418,0.098834886,2,1,H
c09c78f9df6abd008bc0ea426556c611a638646c70c8915dde91b8b57d6e2e90,2021-22,2021-08-23T21:45:00+03:00,independent_poisson,1356,1356,2021-08-22T21:45:00+00:00,Galatasaray,Hatayspor,143,41,2.084903565,0.976755268,0.628844439,0.203166491,0.167989070,0.099372490,2,1,H
6e77d4044d5a1cf97f743f4fbca3925b812725cbeacf6296172df7f3218e60b2,2021-22,2021-08-27T20:30:00+03:00,independent_poisson,1358,1358,2021-08-23T21:45:00+00:00,Antalyaspor,Rizespor,144,110,1.472844112,1.241087335,0.425460138,0.255412852,0.319127010,0.027179930,3,2,H
0488b8c9d1e786ff4f0d272e60f361e149d1c3a5ebfb66702d0806632dfecc31,2021-22,2021-08-27T21:45:00+03:00,independent_poisson,1358,1358,2021-08-23T21:45:00+00:00,Adana Demirspor,Konyaspor,2,144,0.777517149,0.803717540,0.314563270,0.355810931,0.329625799,0.128555873,1,1,D
c0efcc1e88376cc234a49bf6e7007bef46e07ec778c18ce1c1f180610cf8e491,2021-22,2021-08-28T19:15:00+03:00,independent_poisson,1360,1360,2021-08-27T21:45:00+00:00,Istanbul Basaksehir,Kayserispor,144,144,1.939566248,0.706168488,0.665663137,0.206933891,0.127402972,0.050104916,0,1,A
eb3659d3715b5e621955c85a2a70ca818a5d92f532d2b2ace4ba793d5b32879b,2021-22,2021-08-28T19:15:00+03:00,independent_poisson,1360,1360,2021-08-27T21:45:00+00:00,Yeni Malatyaspor,Gaziantep FK,144,76,1.369616940,1.256572300,0.395414839,0.261879141,0.342706021,0.067862327,2,0,H
95cfd5a2d44644667c6144da336b490d127fd9b31873c97d5fa2b85d440b2cc1,2021-22,2021-08-28T21:45:00+03:00,independent_poisson,1360,1360,2021-08-27T21:45:00+00:00,Hatayspor,Alanyaspor,42,144,1.609486415,1.216409919,0.465205406,0.246034925,0.288759669,0.005333154,5,0,H
b52e4ff3fe7e08fdd712d25876d05d478979ada2aea96be8a588c2ffdf160510,2021-22,2021-08-28T21:45:00+03:00,independent_poisson,1360,1360,2021-08-27T21:45:00+00:00,Besiktas,Fatih Karagumruk,144,42,2.089329914,1.141792785,0.591290512,0.207341898,0.201367590,0.082555928,1,0,H
ac64827bf629f12fcb3d3811ac0e0b57e31d56be218e9302eb14bbe4ad6699b4,2021-22,2021-08-29T19:15:00+03:00,independent_poisson,1364,1364,2021-08-28T21:45:00+00:00,Kasimpasa,Galatasaray,144,144,1.238565405,2.013577934,0.231793222,0.214895772,0.553311006,0.060162639,2,2,D
d65723b7c22196e081bbd0c540784946ce28632a9a6b85994e2845ebc708ac2a,2021-22,2021-08-29T19:15:00+03:00,independent_poisson,1364,1364,2021-08-28T21:45:00+00:00,Sivasspor,Goztepe,144,144,1.608995712,1.093522544,0.493329785,0.248207969,0.258462246,0.051881975,2,2,D
8140826af66908ef758e791abc9bd22b027a2ca7b6378b3cfbe2bd4d4b897fd2,2021-22,2021-08-29T21:45:00+03:00,independent_poisson,1364,1364,2021-08-28T21:45:00+00:00,Giresunspor,Trabzonspor,2,144,0.513335240,1.781313534,0.100342327,0.216304429,0.683353244,0.179550685,0,1,A
9e738ccaf4a03090f9128f860811b485f0de17fb77baadaabf747cec3495dbb4,2021-22,2021-08-29T21:45:00+03:00,independent_poisson,1364,1364,2021-08-28T21:45:00+00:00,Altay,Fenerbahce,2,144,2.814644517,0.893676712,0.770913827,0.137703284,0.091382888,0.009791009,0,2,A
03c496c94753d593432c07d77adfc53d8ab18b89bb63d9f254379113db658792,2021-22,2021-09-11T17:00:00+03:00,independent_poisson,1368,1368,2021-08-29T21:45:00+00:00,Konyaspor,Altay,145,3,1.017946107,1.648664612,0.233681850,0.245180975,0.521137175,0.020140076,3,1,H
70593ad07be8138c1f733470e6c0e9713a8ef072ccc9912f403d86bf7de984ca,2021-22,2021-09-11T17:00:00+03:00,independent_poisson,1368,1368,2021-08-29T21:45:00+00:00,Fatih Karagumruk,Adana Demirspor,43,3,1.488987951,0.648005877,0.575995082,0.262468026,0.161536892,0.024169567,4,0,H
91db016a8bd4af0c4cdba572fb101d8bb79dba1af6bf329aa8bb0a5e9eb829fb,2021-22,2021-09-11T20:00:00+03:00,independent_poisson,1368,1368,2021-08-29T21:45:00+00:00,Besiktas,Yeni Malatyaspor,145,145,2.218182321,0.893374849,0.674581337,0.187415751,0.138002912,0.081004353,3,0,H
98eb3a177e4be48c47c1972ce22118632de70cc600a1c3ee74b5ac56e5daf063,2021-22,2021-09-11T20:00:00+03:00,independent_poisson,1368,1368,2021-08-29T21:45:00+00:00,Kayserispor,Kasimpasa,145,145,1.458969232,1.483149114,0.371786692,0.245698910,0.382514399,0.056145701,2,0,H
c20da57dc912b5c38d715b6d47fa91d8e042b3d6ad545e1b505210d8743f5966,2021-22,2021-09-12T17:00:00+03:00,independent_poisson,1372,1372,2021-09-11T20:00:00+00:00,Fenerbahce,Sivasspor,145,145,1.897714967,1.034705914,0.575239754,0.221900202,0.202860044,0.104595670,1,1,D
e58dcd3fc3d420c66ba26c3fd56b32afcffe1222cb8eec5b711680b5629aaf22,2021-22,2021-09-12T17:00:00+03:00,independent_poisson,1372,1372,2021-09-11T20:00:00+00:00,Rizespor,Hatayspor,111,43,1.359497923,1.616313922,0.322491306,0.241945527,0.435563166,0.066625851,0,2,A
41ce5ae215ecbe6a7c40c821ee12cdf02433116f9f2a5ac14ace2ac1773e5da7,2021-22,2021-09-12T20:00:00+03:00,independent_poisson,1372,1372,2021-09-11T20:00:00+00:00,Goztepe,Istanbul Basaksehir,145,145,1.117453505,1.308398930,0.317314811,0.273316913,0.409368276,0.072216225,2,1,H
5a968eef3cdc73e3a50d52fe638a7e670245ad7ade0f09931ca763f6fbab1bea,2021-22,2021-09-12T20:00:00+03:00,independent_poisson,1372,1372,2021-09-11T20:00:00+00:00,Trabzonspor,Galatasaray,145,145,1.496658560,1.530537513,0.371721336,0.241717205,0.386561459,0.063559267,2,2,D
18aafc83f24ab7359b2e7b3a77413781e8229e52b1b7ed1aa902fcaedd3c152f,2021-22,2021-09-13T20:00:00+03:00,independent_poisson,1376,1376,2021-09-12T20:00:00+00:00,Alanyaspor,Giresunspor,145,3,1.683081953,0.328276563,0.714556820,0.218598200,0.066844981,0.225207764,1,0,H
b39ffd361c88b6caf1b9b19efa54f420d2f9c2b1c94977b0c02e410d5e6396c6,2021-22,2021-09-13T20:00:00+03:00,independent_poisson,1376,1376,2021-09-12T20:00:00+00:00,Gaziantep FK,Antalyaspor,77,145,1.807515738,0.969234028,0.570703733,0.229425570,0.199870697,0.101673337,2,0,H
d5acecc791efb5488e7f4a944a8341487c28ddb820f0ed814192cbf614ab78ba,2021-22,2021-09-17T20:00:00+03:00,independent_poisson,1378,1378,2021-09-13T20:00:00+00:00,Yeni Malatyaspor,Fatih Karagumruk,146,44,1.267841542,1.379648613,0.343694221,0.260663129,0.395642651,0.003631751,3,4,A
d9ac54f7db4202de0632d259f2c247e80ec80afcd746b9a5cfecc04f32ca70fe,2021-22,2021-09-17T20:00:00+03:00,independent_poisson,1378,1378,2021-09-13T20:00:00+00:00,Altay,Goztepe,4,146,2.241922524,1.263482670,0.594897778,0.198090768,0.207011454,0.095367931,2,1,H
ff5d134ff5c133cb97df3ec9cc35729c8fe575cfd9babc75997025209d2cdf4e,2021-22,2021-09-18T13:30:00+03:00,independent_poisson,1380,1380,2021-09-17T20:00:00+00:00,Sivasspor,Gaziantep FK,146,78,1.546304211,1.193709731,0.454596639,0.251435574,0.293967788,0.119184763,1,1,D
977c0baa81008e24d067e169f3694baa71281a9bef03b1b49a63fda625fda86d,2021-22,2021-09-18T16:00:00+03:00,independent_poisson,1380,1380,2021-09-17T20:00:00+00:00,Kasimpasa,Trabzonspor,146,146,1.523200198,1.850026572,0.319870423,0.224444664,0.455684913,0.063416781,0,1,A
966054b7015cf2d3d0682b92a357e48b833be283d13e70a82b26192a2e216ad1,2021-22,2021-09-18T19:00:00+03:00,independent_poisson,1381,1381,2021-09-18T13:30:00+00:00,Adana Demirspor,Rizespor,4,112,0.906834528,1.353207639,0.251200463,0.277463336,0.471336201,0.017549853,3,1,H
a89e4f9bb8ff01f0b20a81ec839d075e91eb18a7100374dad0815064baf5d487,2021-22,2021-09-18T19:00:00+03:00,independent_poisson,1381,1381,2021-09-18T13:30:00+00:00,Antalyaspor,Besiktas,146,146,1.046479626,1.924435005,0.201995365,0.219668852,0.578335783,0.033337899,2,3,A
6eb41b819d1f8306a14dabee49beb4bcd2fbb2d910e3c74d666f8014095d4db1,2021-22,2021-09-19T13:30:00+03:00,independent_poisson,1384,1384,2021-09-18T19:00:00+00:00,Giresunspor,Konyaspor,4,146,0.350314419,0.931832883,0.135250206,0.375671801,0.489077994,0.277440911,0,0,D
786fc608b08579875e9d12313413c159d6edbf136a626d32b7db52c355abb0a8,2021-22,2021-09-19T16:00:00+03:00,independent_poisson,1384,1384,2021-09-18T19:00:00+00:00,Galatasaray,Alanyaspor,146,146,2.112962242,0.942643342,0.642586918,0.199334286,0.158078796,0.044393027,0,1,A
2b4cdbaca8e071d385b89e008c584ef3f7c834266e66c0d548a339bbad2d2fb4,2021-22,2021-09-19T19:00:00+03:00,independent_poisson,1385,1385,2021-09-19T13:30:00+00:00,Istanbul Basaksehir,Fenerbahce,146,146,1.416333540,1.135783652,0.434218754,0.263640476,0.302140770,0.078150304,2,0,H
6690c81223f72a82ef5c2f29d6f41ee844258c053c5d4a412c347b849d3b0d10,2021-22,2021-09-19T19:00:00+03:00,independent_poisson,1385,1385,2021-09-19T13:30:00+00:00,Hatayspor,Kayserispor,44,146,2.058670092,0.853376162,0.653193343,0.200974324,0.145832332,0.098310160,2,1,H
b9fc9566f12d8c344a2042be36931b0b800e4a9e0cb6785faf3aaaf11d1b7603,2021-22,2021-09-21T17:00:00+03:00,independent_poisson,1388,1388,2021-09-19T19:00:00+00:00,Fatih Karagumruk,Antalyaspor,45,147,2.102186316,0.914725771,0.647093466,0.199259954,0.153646580,0.048952145,0,0,D
d96d97078e2eecb221912e9353cbbdd183509c9bb3e281074474929f577392ff,2021-22,2021-09-21T17:00:00+03:00,independent_poisson,1388,1388,2021-09-19T19:00:00+00:00,Rizespor,Altay,113,5,1.538075171,1.963081972,0.304412072,0.217966225,0.477621703,0.089390467,1,2,A
484bef3773affb9888e7f4dca57c9cff2f20a167f762ad767a1c2a9afc7e7c9a,2021-22,2021-09-21T20:00:00+03:00,independent_poisson,1388,1388,2021-09-19T19:00:00+00:00,Besiktas,Adana Demirspor,147,5,2.646558731,0.729457254,0.781383291,0.139750441,0.078866268,0.006832137,3,3,D
df8050fffb132493a99b67f61e33cefc87f688aeab5359b112a3a54a1e9469cd,2021-22,2021-09-21T20:00:00+03:00,independent_poisson,1388,1388,2021-09-19T19:00:00+00:00,Yeni Malatyaspor,Sivasspor,147,147,1.358536166,1.228821497,0.398432469,0.264000722,0.337566809,0.092430147,0,1,A
07a2afbbcad4d9c7e920b4499f996e5f184e69e0741b84e0135348ac97f9a6f7,2021-22,2021-09-22T17:00:00+03:00,independent_poisson,1392,1392,2021-09-21T20:00:00+00:00,Gaziantep FK,Istanbul Basaksehir,79,147,1.213208142,1.251999659,0.354590590,0.272218315,0.373191095,0.103111991,1,0,H
2b7e44b0730f474f34576dc4343edf4a98647724bc465770ecb1e5ea883c6ace,2021-22,2021-09-22T20:00:00+03:00,independent_poisson,1392,1392,2021-09-21T20:00:00+00:00,Goztepe,Hatayspor,147,45,1.363846101,1.411928412,0.362058993,0.253992722,0.383948285,0.062100029,0,2,A
e3be172b573b1bf3489fcade01219eddc0fa3fd8c0c6ea70f5433ca4c3727067,2021-22,2021-09-22T20:00:00+03:00,independent_poisson,1392,1392,2021-09-21T20:00:00+00:00,Kayserispor,Galatasaray,147,147,0.915285048,1.912358356,0.174773855,0.217841934,0.607384211,0.007559410,3,0,H
eb422cd7bfb821c5b55d64425052e525df37f10721964946cdf75e9448ca5a92,2021-22,2021-09-23T17:00:00+03:00,independent_poisson,1395,1395,2021-09-22T20:00:00+00:00,Konyaspor,Trabzonspor,147,147,1.172468390,1.383758237,0.317847915,0.264756347,0.417395737,0.051063151,2,2,D
14e68c8153a0e4923008785a076e29152533adb2f01cd43e37669f983ee1f331,2021-22,2021-09-23T20:00:00+03:00,independent_poisson,1395,1395,2021-09-22T20:00:00+00:00,Fenerbahce,Giresunspor,147,5,1.614213191,0.221108073,0.731519858,0.221800167,0.046679976,0.045964918,2,1,H
adcb9e522d97621fc9e7e17c5b214e40a389b989915e758d1566bd60877eea1d,2021-22,2021-09-23T20:00:00+03:00,independent_poisson,1395,1395,2021-09-22T20:00:00+00:00,Alanyaspor,Kasimpasa,147,147,1.965360769,1.215280415,0.548124613,0.218409971,0.233465416,0.080263788,2,0,H
44e5529e8c663ef2d73e1d16e2a6364323a05a163b8ec6eeca6887254d6944c8,2021-22,2021-09-24T20:00:00+03:00,independent_poisson,1398,1398,2021-09-23T20:00:00+00:00,Altay,Besiktas,6,148,1.821019139,1.741809422,0.405887000,0.220447688,0.373665312,0.081899807,2,1,H
7a1283d273a01334acf6bdf9acb5b6d15ca9be1bf5d58dea4fc8760dea911bc2,2021-22,2021-09-25T13:30:00+03:00,independent_poisson,1399,1399,2021-09-24T20:00:00+00:00,Sivasspor,Fatih Karagumruk,148,46,1.442017451,1.333632022,0.397833219,0.253657559,0.348509223,0.011225910,4,0,H
7a3d30ee0fa41e9b7285de8129feea8d688145d9125c8e1648063b3cca19e4a7,2021-22,2021-09-25T16:00:00+03:00,independent_poisson,1399,1399,2021-09-24T20:00:00+00:00,Antalyaspor,Yeni Malatyaspor,148,148,1.289351311,1.201944911,0.385713055,0.270283590,0.344003355,0.106761598,1,0,H
cc90630a37b4774a303315564228f7474342abc17f49b26ed6db4b5381df3db9,2021-22,2021-09-25T19:00:00+03:00,independent_poisson,1400,1400,2021-09-25T13:30:00+00:00,Adana Demirspor,Gaziantep FK,6,80,1.473402967,1.506375806,0.370775385,0.243903566,0.385321049,0.009976391,4,0,H
295cbdd8694a00d54900f3eae933e7cc0558d6e9d7c6057f422bc30df77fcdfe,2021-22,2021-09-26T13:30:00+03:00,independent_poisson,1402,1402,2021-09-25T19:00:00+00:00,Giresunspor,Kayserispor,6,148,0.505281818,0.819263275,0.210247395,0.387935537,0.401817067,0.110081549,1,1,D
3834efb016d8703c73d75d1f5e5ab5644f088449bea2f256a7d9cbbaae2e3d3f,2021-22,2021-09-26T16:00:00+03:00,independent_poisson,1402,1402,2021-09-25T19:00:00+00:00,Hatayspor,Fenerbahce,46,148,1.551077483,1.340497407,0.423669586,0.246647227,0.329683188,0.077328651,1,2,A
e5f104b1663eeee62afd712dadad29571e6ba8417d8e611d55235a0c366e8a70,2021-22,2021-09-26T16:00:00+03:00,independent_poisson,1402,1402,2021-09-25T19:00:00+00:00,Istanbul Basaksehir,Rizespor,148,114,1.972139932,0.825922263,0.642228055,0.208690881,0.149081064,0.077889508,3,0,H
ac7666a4ddad6f9763c5aed5f70c96dd582335293c87b43276f1029eddd6a9f5,2021-22,2021-09-26T19:00:00+03:00,independent_poisson,1403,1403,2021-09-26T13:30:00+00:00,Galatasaray,Goztepe,148,148,2.218406291,0.861342805,0.682163147,0.185832974,0.132003879,0.097433919,2,1,H
470144b3b09a8adb82c6b9531297995b1d0dd3949300ebf8bfaf155f1a1f0c5f,2021-22,2021-09-27T20:00:00+03:00,independent_poisson,1406,1406,2021-09-26T19:00:00+00:00,Trabzonspor,Alanyaspor,148,148,1.907603382,1.144736048,0.551562112,0.222456109,0.225981779,0.103176139,1,1,D
65fa67925a3da9aebabaa3ce5b64120b30cddb2e87f75ee9547a484a6b1dc0ed,2021-22,2021-09-27T20:00:00+03:00,independent_poisson,1406,1406,2021-09-26T19:00:00+00:00,Kasimpasa,Konyaspor,148,148,1.487124124,1.190261746,0.440352006,0.256115331,0.303532663,0.053845013,2,2,D
1f7892dc22c117d1e44fc18eed9d54ae239da7240fad4addaa811dcaf1fa0936,2021-22,2021-10-01T20:00:00+03:00,independent_poisson,1408,1408,2021-09-27T20:00:00+00:00,Antalyaspor,Adana Demirspor,149,7,1.379827765,1.619039764,0.326912535,0.241179674,0.431907791,0.090140154,1,2,A
9f1f33dca4fca656d01f7582b14c6f0cf68185585742a6d8ef517b80dcf02523,2021-22,2021-10-01T20:00:00+03:00,independent_poisson,1408,1408,2021-09-27T20:00:00+00:00,Fatih Karagumruk,Istanbul Basaksehir,47,149,1.340862579,1.213717539,0.396998065,0.265997588,0.337004347,0.037903485,3,1,H
098efe87e8c6c7030fa6e3c07dd853c197cdde258d885d8d1032a157ad07bbb5,2021-22,2021-10-02T13:30:00+03:00,independent_poisson,1410,1410,2021-10-01T20:00:00+00:00,Konyaspor,Alanyaspor,149,149,1.234176030,1.132500046,0.385566388,0.278464385,0.335969227,0.131093445,1,1,D
bf94a2de069ba0f19c5abd4284a3c07bb7da0d51bac3b541351f8883121cf2ff,2021-22,2021-10-02T16:00:00+03:00,independent_poisson,1410,1410,2021-10-01T20:00:00+00:00,Goztepe,Giresunspor,149,7,1.305836619,0.396270470,0.598505132,0.289560609,0.111934259,0.072239710,0,1,A
f75b1c4eab82000746084dd886f6bde490d379f21b23987cbf4f83ae12148768,2021-22,2021-10-02T16:00:00+03:00,independent_poisson,1410,1410,2021-10-01T20:00:00+00:00,Kayserispor,Trabzonspor,149,149,1.130154239,1.735294671,0.247675065,0.236944083,0.515380852,0.096918244,1,2,A
646f63adfd36534d62d9964b37ab270b69ddfd3e24d7df384c98634b68c8cd7a,2021-22,2021-10-02T19:00:00+03:00,independent_poisson,1411,1411,2021-10-02T13:30:00+00:00,Besiktas,Sivasspor,149,149,2.142209780,1.025674791,0.628890441,0.199646858,0.171462701,0.099062411,2,1,H
89e5e47fde7654f36812bb8e8e55a7c674cd8a93d4b3d6963fc5260f3c2e514a,2021-22,2021-10-03T13:30:00+03:00,independent_poisson,1414,1414,2021-10-02T19:00:00+00:00,Yeni Malatyaspor,Hatayspor,149,47,1.263276262,1.395457916,0.339439623,0.259832490,0.400727887,0.068191447,0,2,A
4803ac9b5bba70ab1fded6d6c2f57bb7166e68510c457a27258153e7c4bbb432,2021-22,2021-10-03T16:00:00+03:00,independent_poisson,1414,1414,2021-10-02T19:00:00+00:00,Fenerbahce,Kasimpasa,149,149,2.354545582,1.075578586,0.658148719,0.183489540,0.158361741,0.096547795,2,1,H
ccba4a98eadd08a8c1c21a07547f235dcbf0d7d287460744f5262a5b29550c8c,2021-22,2021-10-03T16:00:00+03:00,independent_poisson,1414,1414,2021-10-02T19:00:00+00:00,Gaziantep FK,Altay,81,7,1.496106920,1.652239956,0.348590572,0.235681695,0.415727733,0.014804806,4,1,H
52bbb629fd60a31a5ed7b10d19bab7b4aa09320f56dd9b39207acf50957e1ac8,2021-22,2021-10-03T19:00:00+03:00,independent_poisson,1415,1415,2021-10-03T13:30:00+00:00,Rizespor,Galatasaray,115,149,1.087176934,1.971466928,0.204789451,0.216224171,0.578986377,0.035435254,2,3,A
7b752ad252bb6e18af935e330296a7fbf6689e441fc73f8e3d67e7e50faa6b7f,2021-22,2021-10-15T20:00:00+03:00,independent_poisson,1418,1418,2021-10-03T19:00:00+00:00,Istanbul Basaksehir,Besiktas,150,150,1.403901396,1.298347857,0.395484605,0.257637873,0.346877522,0.026063862,3,2,H
2c46242594d2cb0e8d3a97f7eda302724e711dfa890060774f10daa55d784a00,2021-22,2021-10-16T13:30:00+03:00,independent_poisson,1419,1419,2021-10-15T20:00:00+00:00,Giresunspor,Rizespor,8,116,0.690721721,0.857439484,0.272516167,0.358494243,0.368989589,0.050724569,2,0,H
75545c75468916c013ab61c0cf34119fcdf2048ce3a5a348be1033868ae61952,2021-22,2021-10-16T16:00:00+03:00,independent_poisson,1419,1419,2021-10-15T20:00:00+00:00,Sivasspor,Antalyaspor,150,150,1.779819843,0.921789583,0.576005625,0.231461651,0.192532724,0.045150402,2,2,D
9be4c410ec326e4acc78974f9486f2b1bb64aa76a7acdc5828a7e6882f842403,2021-22,2021-10-16T19:00:00+03:00,independent_poisson,1420,1420,2021-10-16T13:30:00+00:00,Adana Demirspor,Yeni Malatyaspor,8,150,1.981848573,1.108973319,0.576138272,0.215711778,0.208149950,0.027956661,0,2,A
9aea92e3f4c1326bd999d4fe171baf238046a4b8eceaae0f38320066a51c2b8b,2021-22,2021-10-17T13:30:00+03:00,independent_poisson,1422,1422,2021-10-16T19:00:00+00:00,Kasimpasa,Goztepe,150,150,1.691065614,1.348807978,0.455773665,0.237423592,0.306802743,0.073591963,1,2,A
0bf7f2918d656e7813cdbaf68b197164cf068a79aa44e5ea9c8adf25d2546690,2021-22,2021-10-17T16:00:00+03:00,independent_poisson,1422,1422,2021-10-16T19:00:00+00:00,Altay,Fatih Karagumruk,8,48,1.996794765,1.597863915,0.472663345,0.215444382,0.311892274,0.043893414,0,1,A
6a16de4a90c78f88c0f72943782f0be7b69a2b200c09a81916c0fead2aa4ee0d,2021-22,2021-10-17T16:00:00+03:00,independent_poisson,1422,1422,2021-10-16T19:00:00+00:00,Galatasaray,Konyaspor,150,150,1.963759394,0.762139428,0.656450670,0.206876708,0.136672623,0.128601330,1,0,H
01c7b64faf02221ebe06efc68671d62a96d8798c37fd988a8ffe51cb253406a7,2021-22,2021-10-17T19:00:00+03:00,independent_poisson,1423,1423,2021-10-17T13:30:00+00:00,Trabzonspor,Fenerbahce,150,150,1.702887540,1.358945371,0.456390376,0.236437240,0.307172384,0.052344555,3,1,H
0a86b71e718cb47de5a2e4f312bc15a789fb6caa08d2c8e1124db9b02d86c785,2021-22,2021-10-18T20:00:00+03:00,independent_poisson,1426,1426,2021-10-17T19:00:00+00:00,Hatayspor,Gaziantep FK,48,82,1.779807750,1.102129664,0.532408439,0.233125871,0.234465689,0.097800115,2,1,H
100570bd94179e0b497cb22668f0cae89874670e752a9e0c97ad36b601a4a639,2021-22,2021-10-18T20:00:00+03:00,independent_poisson,1426,1426,2021-10-17T19:00:00+00:00,Alanyaspor,Kayserispor,150,150,1.861497112,0.892974061,0.601698960,0.222419465,0.175881575,0.000436471,6,3,H
6d42e224431a67b7a24d8b5a7e3d14ab505dfd6dbfd332979253175b3095f3e2,2021-22,2021-10-22T20:00:00+03:00,independent_poisson,1428,1428,2021-10-18T20:00:00+00:00,Yeni Malatyaspor,Altay,151,9,1.522575338,1.436163801,0.396775823,0.244679287,0.358544890,0.086370907,2,1,H
fe4ae60bf1cab4a8caff10fd74893efdcbb8443ae9036da1cdf90aa9b3a7c527,2021-22,2021-10-23T13:30:00+03:00,independent_poisson,1429,1429,2021-10-22T20:00:00+00:00,Rizespor,Kasimpasa,117,151,1.711845432,1.515459916,0.425731124,0.232001677,0.342267199,0.088072972,2,1,H
4624d5ae4b30fb9a1539cc16ab215eea68af0e999cfbb32998aa2154628134a9,2021-22,2021-10-23T16:00:00+03:00,independent_poisson,1429,1429,2021-10-22T20:00:00+00:00,Gaziantep FK,Giresunspor,83,9,1.167134369,0.534732400,0.515417788,0.315180257,0.169401956,0.113800982,1,1,D
4e3b6cde503daacff583c7252bcae2eb95a891074c2ce7254c77c58b7d2c0617,2021-22,2021-10-23T16:00:00+03:00,independent_poisson,1429,1429,2021-10-22T20:00:00+00:00,Konyaspor,Kayserispor,151,151,1.497998798,0.860720071,0.521994615,0.261838114,0.216167272,0.106075319,2,0,H
0fd95b44e1f8e1a4afce64851d4f5404571976f46ef35ab33dfe86660eece8dc,2021-22,2021-10-23T19:00:00+03:00,independent_poisson,1430,1430,2021-10-23T13:30:00+00:00,Goztepe,Trabzonspor,151,151,1.338503288,1.568910780,0.325932209,0.245584565,0.428483226,0.085688859,0,1,A
980df54c991b52bf3c7b9c975061efb4dc1f06f92b5b375c8360647058e8dcdf,2021-22,2021-10-24T13:30:00+03:00,independent_poisson,1433,1433,2021-10-23T19:00:00+00:00,Fatih Karagumruk,Hatayspor,49,49,1.607213980,1.281367016,0.450231370,0.244678202,0.305090428,0.114617902,1,1,D
4329dcf6df9307f560a2b45384e7b2eed2c481cb54c2cc11187a08d41ed446b1,2021-22,2021-10-24T16:00:00+03:00,independent_poisson,1433,1433,2021-10-23T19:00:00+00:00,Sivasspor,Adana Demirspor,151,9,1.785992035,1.257376121,0.498195649,0.232142727,0.269661624,0.107059874,1,1,D
a7f0c9ca17bdecba10287a13f55662f6af6b63dd1a487fcfc3c65eea60ffd447,2021-22,2021-10-24T16:00:00+03:00,independent_poisson,1433,1433,2021-10-23T19:00:00+00:00,Antalyaspor,Istanbul Basaksehir,151,151,0.968579884,1.433896715,0.254685570,0.267165224,0.478149206,0.090107068,1,2,A
b3b608be68c43f6d721bde67b41881fde7d01c4589d8e5ee57a7ef01ca6b92e0,2021-22,2021-10-24T19:00:00+03:00,independent_poisson,1434,1434,2021-10-24T13:30:00+00:00,Fenerbahce,Alanyaspor,151,151,1.861975961,1.092915451,0.553435634,0.225873941,0.220690425,0.057919416,1,2,A
2c877c1edf38fb393a45ed623e496507ae30fdd651331ea7d4a847f6ffeadc7e,2021-22,2021-10-25T20:00:00+03:00,independent_poisson,1437,1437,2021-10-24T19:00:00+00:00,Besiktas,Galatasaray,151,151,1.710651888,1.406815181,0.448002870,0.234886076,0.317111054,0.091123751,2,1,H
6d1ce22f9ba4e3bdcf913292c5cc9d1575d96486f34a6fade528eac379f2fa4d,2021-22,2021-10-29T20:00:00+03:00,independent_poisson,1438,1438,2021-10-25T20:00:00+00:00,Trabzonspor,Rizespor,152,118,2.411194579,0.984353549,0.688675653,0.174781200,0.136543147,0.095921910,2,1,H
0880eabd932c688df68f3e95cfe6d3ece1811c1765b42bf2c377f11b479da5d1,2021-22,2021-10-30T13:30:00+03:00,independent_poisson,1439,1439,2021-10-29T20:00:00+00:00,Kasimpasa,Yeni Malatyaspor,152,152,1.649715110,1.279312327,0.461019692,0.241734472,0.297245835,0.072732322,2,0,H
0074a70991d201ec2e254a0afb0e901c86a39c74a7a626fe85fda2dea9b27eac,2021-22,2021-10-30T16:00:00+03:00,independent_poisson,1439,1439,2021-10-29T20:00:00+00:00,Altay,Sivasspor,10,152,1.740183308,1.376533853,0.461377043,0.233684357,0.304938599,0.106122832,1,1,D
1a2ec9e0942eb3e1a8c8cf5db8fab78d27d7ad250d24fd211a1621b5db7f7ffb,2021-22,2021-10-30T16:00:00+03:00,independent_poisson,1439,1439,2021-10-29T20:00:00+00:00,Hatayspor,Besiktas,50,152,1.536272839,1.511920879,0.384923796,0.240786610,0.374289594,0.072887766,1,0,H
64955a74cfd83512090ddc38a9e1833a3aa8ec761271088cb176a5614a703bf8,2021-22,2021-10-30T19:00:00+03:00,independent_poisson,1440,1440,2021-10-30T13:30:00+00:00,Konyaspor,Fenerbahce,152,152,1.120207651,1.331048441,0.313764681,0.271315986,0.414919333,0.071977033,2,1,H
3b5989a079261b5f681b6b0c51d036395bea7e5ff9b10ad81aeaf0dce2748ee1,2021-22,2021-10-31T13:30:00+03:00,independent_poisson,1443,1443,2021-10-30T19:00:00+00:00,Kayserispor,Fatih Karagumruk,152,50,1.149026402,1.597764833,0.274069546,0.248299170,0.477631283,0.067643583,2,1,H
b35c55fd235aeed9df70b98dde3442daa90fd25cef42b3fee7948c016fd14289,2021-22,2021-10-31T16:00:00+03:00,independent_poisson,1443,1443,2021-10-30T19:00:00+00:00,Alanyaspor,Goztepe,152,152,1.708115972,1.064803364,0.524303174,0.239508781,0.236188044,0.051671370,2,2,D
5db6e6734cf8cf0eb38cdaf9579ae7f844380362fb9dbc10de204d70dcc29d0c,2021-22,2021-10-31T19:00:00+03:00,independent_poisson,1444,1444,2021-10-31T13:30:00+00:00,Galatasaray,Gaziantep FK,152,84,2.138868891,0.942852388,0.647670302,0.196932753,0.155396945,0.104945492,2,0,H
2f7a4ca1240f89f2f6ca8fccf7dc82375f078d18d84ecf7772b71ab9c52df111,2021-22,2021-11-01T20:00:00+03:00,independent_poisson,1446,1446,2021-10-31T19:00:00+00:00,Istanbul Basaksehir,Adana Demirspor,152,10,1.800483734,0.981524816,0.566087949,0.230288363,0.203623688,0.098500567,2,1,H
9065ec7af3f0e59decfaef12c82e95e779fff2cb0b02a1d5c52396e5398fb2c2,2021-22,2021-11-01T20:00:00+03:00,independent_poisson,1446,1446,2021-10-31T19:00:00+00:00,Giresunspor,Antalyaspor,10,152,0.850898806,0.691858664,0.366367217,0.359430391,0.274202392,0.043538316,1,2,A
149aa4ab8f6539081b0b2b3a13c09d0d6e45305b671a7d204bb398c41598cdcf,2021-22,2021-11-05T20:00:00+03:00,independent_poisson,1448,1448,2021-11-01T20:00:00+00:00,Rizespor,Alanyaspor,119,153,1.365968505,1.536980619,0.338574466,0.246611839,0.414813695,0.051181922,2,0,H
b4189846f932552f030afb479e7ebf58ae9991c16fdc629cfd307c2028ab91da,2021-22,2021-11-05T20:00:00+03:00,independent_poisson,1448,1448,2021-11-01T20:00:00+00:00,Gaziantep FK,Kasimpasa,85,153,1.922236368,1.238493622,0.533378979,0.221887092,0.244733929,0.078324204,2,0,H
f65b947a20d07780b95cc1b1f0691817226c2ac06689531d649c95411d3e817b,2021-22,2021-11-06T13:30:00+03:00,independent_poisson,1450,1450,2021-11-05T20:00:00+00:00,Sivasspor,Giresunspor,153,11,1.256672337,0.561947853,0.535112220,0.298715089,0.166172691,0.162249470,0,0,D
5027ea1fb94a33259f01a5c78d0a87bd37d4ed7a965268321ca97fcd0c2ba651,2021-22,2021-11-06T16:00:00+03:00,independent_poisson,1450,1450,2021-11-05T20:00:00+00:00,Yeni Malatyaspor,Istanbul Basaksehir,153,153,1.053265741,1.295373380,0.302094155,0.277582984,0.420322860,0.036439348,1,3,A
b6ce6081da9f8488b21c05a78713846117aaa36d4c448762acd4cd0c8b41dc1f,2021-22,2021-11-06T16:00:00+03:00,independent_poisson,1450,1450,2021-11-05T20:00:00+00:00,Antalyaspor,Altay,153,11,1.426893731,1.494792955,0.361621385,0.246543957,0.391834659,0.076827946,1,0,H
0a92f74d8b885c1fe6d3f27360e4306df0f6211a515909b16a07dab0e4f881a3,2021-22,2021-11-06T19:00:00+03:00,independent_poisson,1451,1451,2021-11-06T13:30:00+00:00,Besiktas,Trabzonspor,153,153,2.023286570,1.293012132,0.543234734,0.214637977,0.242127288,0.061373710,1,2,A
539547c5909900d5368583c8a04ac8b0a285e138493f2dc01616bb2559503a30,2021-22,2021-11-07T13:30:00+03:00,independent_poisson,1454,1454,2021-11-06T19:00:00+00:00,Goztepe,Konyaspor,153,153,1.319365740,1.018814918,0.434968023,0.276901051,0.288130926,0.050084303,0,2,A
4e089992ad01679d3fb92339eb1eb842bce0d3a479e439e8f8163a1830c57650,2021-22,2021-11-07T16:00:00+03:00,independent_poisson,1454,1454,2021-11-06T19:00:00+00:00,Adana Demirspor,Hatayspor,11,51,1.455120586,1.482454693,0.370976957,0.245910683,0.383112360,0.077112761,1,0,H
88f4274e20ef74bcae194685d1c90abf9beeedd1a148a85fe387b9870ca12013,2021-22,2021-11-07T16:00:00+03:00,independent_poisson,1454,1454,2021-11-06T19:00:00+00:00,Fatih Karagumruk,Galatasaray,51,153,1.360003934,1.541420302,0.336277403,0.246560539,0.417162058,0.115183084,1,1,D
50c8f3b9df60718d999b92f14a9cddd357a108cadb158595e3dc1efa19a23005,2021-22,2021-11-07T19:00:00+03:00,independent_poisson,1455,1455,2021-11-07T13:30:00+00:00,Fenerbahce,Kayserispor,153,153,2.252965944,0.831270163,0.695583076,0.181009808,0.123407117,0.040129794,2,2,D
e205a91c6e0b60884ae6e82f05c98e3759d800244aed3c6b266de738233f2a36,2021-22,2021-11-20T13:30:00+03:00,independent_poisson,1458,1458,2021-11-07T19:00:00+00:00,Hatayspor,Antalyaspor,52,154,1.974771555,0.835347748,0.640437906,0.208788482,0.150773612,0.064542731,3,1,H
79236d905d78f4662c9f18b79b1b8a74b0b377c5b35409441bd20d15ec09859a,2021-22,2021-11-20T16:00:00+03:00,independent_poisson,1458,1458,2021-11-07T19:00:00+00:00,Giresunspor,Yeni Malatyaspor,12,154,0.737393240,0.761415275,0.309169818,0.367568361,0.323261821,0.164730829,1,0,H
a5245fa65b42170423f732e0ed76636bd8168616a0e3eb49113d15506424f51a,2021-22,2021-11-20T16:00:00+03:00,independent_poisson,1458,1458,2021-11-07T19:00:00+00:00,Istanbul Basaksehir,Sivasspor,154,154,1.616026773,0.919958817,0.537154714,0.248597986,0.214247300,0.095119804,2,1,H
991963f50e7d00dcdd304a0e774c75f1d41b70e9d944583ff7414f4fd943d025,2021-22,2021-11-20T19:00:00+03:00,independent_poisson,1459,1459,2021-11-20T13:30:00+00:00,Alanyaspor,Besiktas,154,154,1.416056355,1.636364187,0.332484351,0.239062839,0.428452810,0.047367633,2,0,H
bfdbc3ab59fcd6cebf1f1edd3eccd2ccff43502ed089123e3d7ccb2141324f5f,2021-22,2021-11-21T13:30:00+03:00,independent_poisson,1462,1462,2021-11-20T19:00:00+00:00,Kasimpasa,Fatih Karagumruk,154,52,1.518940496,1.632553569,0.357622925,0.235901378,0.406475697,0.047131944,1,3,A
5f4cdf409621550e06bbb28a8e62047293f80f1da84d7f2f4d9f930721be1557,2021-22,2021-11-21T16:00:00+03:00,independent_poisson,1462,1462,2021-11-20T19:00:00+00:00,Altay,Adana Demirspor,12,12,1.606713831,1.366396345,0.431772227,0.242340201,0.325887572,0.034939124,1,3,A
de41bcbff90b0aabf5c2a15ad77a16f0fd8e1993c9c0f4b7aae0498b7d51dc0b,2021-22,2021-11-21T16:00:00+03:00,independent_poisson,1462,1462,2021-11-20T19:00:00+00:00,Konyaspor,Rizespor,154,120,1.569055116,0.974801765,0.511796837,0.253276777,0.234926386,0.050580177,3,0,H
60ab5df71cba999816ea4682768319a29cb245e842b8deefba37022232be5257,2021-22,2021-11-21T19:00:00+03:00,independent_poisson,1463,1463,2021-11-21T13:30:00+00:00,Galatasaray,Fenerbahce,154,154,1.886076620,1.122429428,0.551941263,0.224066720,0.223992017,0.058650248,1,2,A
2a31ee940aa17ef66075c94bc9f1399959421399c67ac9acdf2aad6f07ca39de,2021-22,2021-11-22T20:00:00+03:00,independent_poisson,1466,1466,2021-11-21T19:00:00+00:00,Kayserispor,Goztepe,154,154,1.297333923,1.293043917,0.368764032,0.264485343,0.366750625,0.125799307,1,1,D
4a27d613912c928e0fd03a723988066944b219936ea06f14c5b103616b95a6ca,2021-22,2021-11-22T20:00:00+03:00,independent_poisson,1466,1466,2021-11-21T19:00:00+00:00,Trabzonspor,Gaziantep FK,154,86,1.962043669,1.101673929,0.573552727,0.217288879,0.209158394,0.058805658,3,0,H
6b6e84e818fdf3672839acccd3e1138edba9fa146077e16693433942a5186991,2021-22,2021-11-26T20:00:00+03:00,independent_poisson,1468,1468,2021-11-22T20:00:00+00:00,Adana Demirspor,Kasimpasa,13,155,2.148701549,1.205740377,0.588997792,0.203942212,0.207059996,0.034928858,0,0,D
b7b7ca56c3f3c4bf73ff3200b380e8a318804490a4354efe02de5be9505cd437,2021-22,2021-11-26T20:00:00+03:00,independent_poisson,1468,1468,2021-11-22T20:00:00+00:00,Istanbul Basaksehir,Altay,155,13,1.986905690,0.909379364,0.624784858,0.210241796,0.164973347,0.055228009,0,0,D
3c890caccb2f6c1c76f677cb01fbfd7065f681e702b3b4337e299255d1d75334,2021-22,2021-11-27T13:30:00+03:00,independent_poisson,1470,1470,2021-11-26T20:00:00+00:00,Antalyaspor,Alanyaspor,155,155,1.223968728,1.429179549,0.322827220,0.259206988,0.417965792,0.021523459,3,0,H
8c9feee9043baa150632a41f2e914e1b3bc0ee47a804f985e357cd7835da7b6a,2021-22,2021-11-27T16:00:00+03:00,independent_poisson,1470,1470,2021-11-26T20:00:00+00:00,Rizespor,Kayserispor,121,155,1.654935150,1.159033561,0.489383316,0.243425931,0.267190753,0.099240718,1,0,H
efeae5476b8a9142b69a6472f8004d39e3c10d096b755a7fad34a580d13ac27f,2021-22,2021-11-27T19:00:00+03:00,independent_poisson,1471,1471,2021-11-27T13:30:00+00:00,Besiktas,Giresunspor,155,13,1.518725477,0.484989121,0.629781167,0.254002588,0.116216245,0.000310824,0,4,A
17fb753142f88f411d0188ab6690d824a1d38ba32e5414bb164199428593dbd5,2021-22,2021-11-28T13:30:00+03:00,independent_poisson,1473,1473,2021-11-27T19:00:00+00:00,Gaziantep FK,Konyaspor,87,155,1.415479497,0.996820189,0.466393077,0.268290043,0.265316880,0.021043342,3,2,H
519b08ef23a1377de1ef922d76cddb9c30f9a36a8a8ead03a437252bbc49e433,2021-22,2021-11-28T16:00:00+03:00,independent_poisson,1473,1473,2021-11-27T19:00:00+00:00,Sivasspor,Hatayspor,155,53,1.357288564,1.305195763,0.381985146,0.260183457,0.357831396,0.009866776,4,0,H
c68def705b0ac481d6e99824042f2ef86b94a8077ed54288db4b9c64fc475cde,2021-22,2021-11-28T16:00:00+03:00,independent_poisson,1473,1473,2021-11-27T19:00:00+00:00,Fatih Karagumruk,Trabzonspor,53,155,1.622151329,1.420685623,0.424084608,0.239741923,0.336173469,0.048136962,0,2,A
c2d627e9d7ed9fef5de878bc4f2d060401d72196e7c292b3b775fe83f8138a40,2021-22,2021-11-28T19:00:00+03:00,independent_poisson,1474,1474,2021-11-28T13:30:00+00:00,Yeni Malatyaspor,Galatasaray,155,155,1.048211550,1.669847501,0.237898727,0.243071182,0.519030091,0.066002738,0,0,D
53da2159ca8f80038f3243eedfbe310448022ffee54ef6d84a1e8a7913d47bff,2021-22,2021-11-29T20:00:00+03:00,independent_poisson,1477,1477,2021-11-28T19:00:00+00:00,Goztepe,Fenerbahce,155,155,1.272724466,1.526530710,0.317317082,0.250541662,0.432141256,0.118233042,1,1,D
1220180b080cb957c681220abcb4aadcec9f1b841037866f950f849867501e05,2021-22,2021-12-03T20:00:00+03:00,independent_poisson,1478,1478,2021-11-29T20:00:00+00:00,Kasimpasa,Besiktas,156,156,1.413600479,2.020256107,0.268498537,0.215239571,0.516261892,0.092135744,1,1,D
a1d879878afcdaefebea96a9c932519e3be74443f03671a011ae294e7246d7d5,2021-22,2021-12-04T13:30:00+03:00,independent_poisson,1479,1479,2021-12-03T20:00:00+00:00,Alanyaspor,Sivasspor,156,156,1.577040855,1.174715604,0.466594292,0.249470916,0.283934793,0.074965267,0,1,A
90638d3039315864d9e71db4d0769d852ac57a3d8cfdf9335942b737bac925cb,2021-22,2021-12-04T16:00:00+03:00,independent_poisson,1479,1479,2021-12-03T20:00:00+00:00,Trabzonspor,Adana Demirspor,156,14,1.848174070,1.093716490,0.550121134,0.227091746,0.222787120,0.090117454,2,0,H
53c084bb99b7fb1340ccc0e05e09372cdfbd061835969b297b99d3b8ff120ae5,2021-22,2021-12-04T19:00:00+03:00,independent_poisson,1480,1480,2021-12-04T13:30:00+00:00,Galatasaray,Altay,156,14,2.305975906,0.864208195,0.697416082,0.177862381,0.124721537,0.041695851,2,2,D
e204cdaa3319c446b315cb37effc3775bb4b41983cb0925bce3acd5cc5cb91cd,2021-22,2021-12-05T13:30:00+03:00,independent_poisson,1482,1482,2021-12-04T19:00:00+00:00,Kayserispor,Antalyaspor,156,156,1.399537308,1.142868035,0.428182291,0.264737435,0.307080274,0.077052432,2,0,H
1c7eb2184f8fc4af527c27f5f544904d0de033cdb1875583ff7a628191a328bf,2021-22,2021-12-05T16:00:00+03:00,independent_poisson,1482,1482,2021-12-04T19:00:00+00:00,Giresunspor,Fatih Karagumruk,14,54,0.941254404,0.833548845,0.364086833,0.330993106,0.304920062,0.019638740,3,1,H
e4a1f1eca8df6d8aba5c0f36eed6c8f4cddee93b93ed152618dc8e390b37f142,2021-22,2021-12-05T16:00:00+03:00,independent_poisson,1482,1482,2021-12-04T19:00:00+00:00,Hatayspor,Istanbul Basaksehir,54,156,1.341122511,1.151478393,0.410668021,0.269028545,0.320303434,0.021042305,0,3,A
45a6f6e65985506ab256e1640c9e733281383a1667c55cfcb2a60af69e3dc6c5,2021-22,2021-12-05T19:00:00+03:00,independent_poisson,1483,1483,2021-12-05T13:30:00+00:00,Fenerbahce,Rizespor,156,122,2.332766910,0.942852315,0.684146020,0.179475278,0.136378702,0.046632724,4,0,H
156edd386fcd83e052b1c23dce3a8f0978201146ff7e72bea938e8d893f6dce8,2021-22,2021-12-06T20:00:00+03:00,independent_poisson,1486,1486,2021-12-05T19:00:00+00:00,Konyaspor,Yeni Malatyaspor,156,156,1.346356025,0.933416515,0.462897075,0.277379027,0.259723898,0.102307475,0,0,D
9fd60b60fed7be26d2a0b10266ce54f9ad233c518bd0f58c47b86c3f1da5fbda,2021-22,2021-12-06T20:00:00+03:00,independent_poisson,1486,1486,2021-12-05T19:00:00+00:00,Goztepe,Gaziantep FK,156,88,1.455546454,1.260283063,0.416865754,0.255888344,0.327245901,0.088312153,2,1,H
b0b18d3a5271b3d605cc904aa4c73b0ddc78ed37644a9dff5311e1a487e13b02,2021-22,2021-12-10T20:00:00+03:00,independent_poisson,1488,1488,2021-12-06T20:00:00+00:00,Altay,Hatayspor,15,55,1.452733874,1.413237041,0.384171496,0.249385365,0.366443139,0.082586819,1,2,A
947abda0f4873145ba11ab34d92ed23fe303883aebb9823b0f53acc8dccd32e8,2021-22,2021-12-11T13:30:00+03:00,independent_poisson,1489,1489,2021-12-10T20:00:00+00:00,Fatih Karagumruk,Konyaspor,55,157,1.587226576,0.965947095,0.518555508,0.251494226,0.229950266,0.004481380,1,4,A
1742dc7e1427a4b5866dc794260e72d80b44d56a5f4ca3d0c255d8b261b1b8f4,2021-22,2021-12-11T16:00:00+03:00,independent_poisson,1489,1489,2021-12-10T20:00:00+00:00,Rizespor,Goztepe,123,157,1.446157675,1.345365687,0.396436614,0.252882678,0.350680708,0.041590376,3,1,H
cf0d0796b962092e7a0986a498acb90dff124c7bcb7092d6251ac81189830a3b,2021-22,2021-12-11T16:00:00+03:00,independent_poisson,1489,1489,2021-12-10T20:00:00+00:00,Istanbul Basaksehir,Kasimpasa,157,157,2.030454949,0.931121663,0.628594472,0.206734790,0.164670738,0.099304006,2,1,H
583d785727515dc97f55d60cb89e506ecd42f2e11ea02aa48ec9d3c9b6daea39,2021-22,2021-12-11T19:00:00+03:00,independent_poisson,1490,1490,2021-12-11T13:30:00+00:00,Antalyaspor,Trabzonspor,157,157,1.134225778,1.721669649,0.250721310,0.238082524,0.511196166,0.063682372,2,1,H
7250fac521d58bbb590f6f8f0c627e0494ae5d6e5638c3681b8e5f4bff6a2cc8,2021-22,2021-12-12T13:30:00+03:00,independent_poisson,1493,1493,2021-12-11T19:00:00+00:00,Adana Demirspor,Giresunspor,15,15,0.952508642,0.807941796,0.373788903,0.332055271,0.294155826,0.163800421,1,0,H
47e7ec2648d401584be94f1776a28110685de57c318be5a74c6674ccc5b1dfa8,2021-22,2021-12-12T16:00:00+03:00,independent_poisson,1493,1493,2021-12-11T19:00:00+00:00,Yeni Malatyaspor,Alanyaspor,157,157,1.307993858,1.261789897,0.378060264,0.265637792,0.356301945,0.000367053,2,6,A
901ac390eba7fa34febdd09db1cd70f32de1e9099694cde2ff17b1ae609e2aa7,2021-22,2021-12-12T19:00:00+03:00,independent_poisson,1494,1494,2021-12-12T13:30:00+00:00,Besiktas,Kayserispor,157,157,2.539568265,0.831601775,0.743655941,0.155473540,0.100870519,0.020584892,4,2,H
f39e05536e78f920706a9eb9136744f536b8f394a348e45b732b9fc36376f49f,2021-22,2021-12-13T18:00:00+03:00,independent_poisson,1496,1496,2021-12-12T19:00:00+00:00,Sivasspor,Galatasaray,157,157,1.215284710,1.531539625,0.301986678,0.251965339,0.446047983,0.077937664,1,0,H
50845828217e187517023e04176b728b54f2e6034dcfb98170972fe9b6e12955,2021-22,2021-12-13T20:30:00+03:00,independent_poisson,1496,1496,2021-12-12T19:00:00+00:00,Gaziantep FK,Fenerbahce,89,157,1.391208465,1.493443988,0.353054613,0.248150428,0.398794959,0.027963055,3,2,H
213d745455df6e9bad0447d10010c808d91b7b39ac98e0f22d9cbc00762737e8,2021-22,2021-12-17T20:00:00+03:00,independent_poisson,1498,1498,2021-12-13T20:30:00+00:00,Giresunspor,Altay,16,16,1.194496145,0.733429460,0.469452864,0.303654327,0.226892809,0.030302182,3,1,H
85e5d65c804d286b5ef9aa7335cc0d1175289c7c61374e571389dcc9ced9fcf4,2021-22,2021-12-18T13:30:00+03:00,independent_poisson,1499,1499,2021-12-17T20:00:00+00:00,Kasimpasa,Sivasspor,158,158,1.511131614,1.448008292,0.391576550,0.244776597,0.363646853,0.039657566,1,3,A
75ca8fb160b51a1bf5dee4164ba8c6f0fdda713e643843a1838ab3a008810d85,2021-22,2021-12-18T16:00:00+03:00,independent_poisson,1499,1499,2021-12-17T20:00:00+00:00,Trabzonspor,Hatayspor,158,56,1.834503628,1.173841992,0.528350722,0.228640469,0.243008810,0.083080529,2,0,H
f73df3cde856a69ac237fac19b08600b738520f01e798f2dbed18b238eb027ef,2021-22,2021-12-18T16:00:00+03:00,independent_poisson,1499,1499,2021-12-17T20:00:00+00:00,Konyaspor,Antalyaspor,158,158,1.493285216,0.872877643,0.517668939,0.262283337,0.220047724,0.140130055,1,0,H
5c6289d14b26519663d1581dfa02470d21411e13d7369a2777df8b9938108ceb,2021-22,2021-12-18T19:00:00+03:00,independent_poisson,1500,1500,2021-12-18T13:30:00+00:00,Alanyaspor,Adana Demirspor,158,16,1.485107190,1.121379838,0.455458514,0.258374046,0.286167441,0.025756203,1,3,A
ff0f6c8bcaac596d7f5c17868cc0c1573857c63c82d72a54412c962b5a678788,2021-22,2021-12-18T19:00:00+03:00,independent_poisson,1500,1500,2021-12-18T13:30:00+00:00,Galatasaray,Istanbul Basaksehir,158,158,1.597186307,0.983023996,0.516869678,0.250388663,0.232741659,0.118945660,1,1,D
6231951db1ba7a65b5db46a5e8c2d6168d817f9a7354780f84a34781e1ac38ca,2021-22,2021-12-19T13:30:00+03:00,independent_poisson,1504,1504,2021-12-18T19:00:00+00:00,Rizespor,Yeni Malatyaspor,124,158,1.457372316,1.254137084,0.418663350,0.256004928,0.325331721,0.096822646,1,0,H
6856c8bd1108fda05f37290195197cf8767d49b92bbd15ceb7c8ff529b9f3b07,2021-22,2021-12-19T16:00:00+03:00,independent_poisson,1504,1504,2021-12-18T19:00:00+00:00,Goztepe,Fatih Karagumruk,158,56,1.450966590,1.389463114,0.388560053,0.250593489,0.360846458,0.081145432,0,1,A
d27eaa57671d79cbf4e5a2231a01bf329c581b14d403d23d4289fb960f86062a,2021-22,2021-12-19T16:00:00+03:00,independent_poisson,1504,1504,2021-12-18T19:00:00+00:00,Kayserispor,Gaziantep FK,158,90,1.269093424,1.436390832,0.333112266,0.256829923,0.410057811,0.066837949,0,0,D
cbb4d2d777787ff5637c7d53c84de1b71bf1da17e95e73a27e0bb06814786cd6,2021-22,2021-12-19T19:00:00+03:00,independent_poisson,1505,1505,2021-12-19T13:30:00+00:00,Fenerbahce,Besiktas,158,158,1.711507215,1.473693782,0.434215699,0.233171075,0.332613226,0.065795587,2,2,D
e60ffa354d8656b45f98e84461824483406fdf2cac4713e65c4a0893ed46bdf9,2021-22,2021-12-21T17:00:00+03:00,independent_poisson,1508,1508,2021-12-19T19:00:00+00:00,Antalyaspor,Kasimpasa,159,159,1.541060856,1.371260626,0.414709361,0.246173065,0.339117574,0.114850964,1,1,D
f168cfbfe173f237fafc23d27302d14a4976be358b11505df57c58906b53b624,2021-22,2021-12-21T17:00:00+03:00,independent_poisson,1508,1508,2021-12-19T19:00:00+00:00,Istanbul Basaksehir,Giresunspor,159,17,1.069979057,0.692791930,0.441001321,0.324350571,0.234648108,0.024266978,3,1,H
61f6eb0bebdda05a3d5309a2def2d063bd42f3d1f277c51ef443bdca71409b3a,2021-22,2021-12-21T20:00:00+03:00,independent_poisson,1508,1508,2021-12-19T19:00:00+00:00,Altay,Trabzonspor,17,159,1.379990850,1.774760053,0.299917938,0.231406889,0.468675174,0.092690365,1,2,A
f0705fd16b737cb5eea4bb51a74f27bd8e0f1fdb6eb44c279c5f95e9a37a11c9,2021-22,2021-12-21T20:00:00+03:00,independent_poisson,1508,1508,2021-12-19T19:00:00+00:00,Adana Demirspor,Galatasaray,17,159,1.257443999,1.400293846,0.336992844,0.259776846,0.403230310,0.055425093,2,0,H
1efd86022baf5a4564ac6343577c3dcf9fa523f98c0db87e6d8db1b49012039f,2021-22,2021-12-22T17:00:00+03:00,independent_poisson,1512,1512,2021-12-21T20:00:00+00:00,Hatayspor,Konyaspor,57,159,1.522852715,0.931444737,0.510668798,0.258473014,0.230858188,0.017623416,1,3,A
3b2219ae6d317b9445e6cbcca886b669e36b9d839b197815f0b7781a4dd220e2,2021-22,2021-12-22T17:00:00+03:00,independent_poisson,1512,1512,2021-12-21T20:00:00+00:00,Sivasspor,Rizespor,159,125,1.922950855,1.008666951,0.587034322,0.219076519,0.193889160,0.103402381,1,1,D
7cb02756422f3448e5d6c45a807d4bf20beca0c5140ffc83adba26725a147b0b,2021-22,2021-12-22T20:00:00+03:00,independent_poisson,1512,1512,2021-12-21T20:00:00+00:00,Fatih Karagumruk,Fenerbahce,57,159,1.543569206,1.462346762,0.396585657,0.242511865,0.360902478,0.111718155,1,1,D
7cc3d5cc6301fde02f3839e99877feb6e6dd12f20680ee75a439310ba70b06e3,2021-22,2021-12-22T20:00:00+03:00,independent_poisson,1512,1512,2021-12-21T20:00:00+00:00,Gaziantep FK,Alanyaspor,91,159,1.567236978,1.272579228,0.442314137,0.247713895,0.309971969,0.091328782,2,1,H
14c98e50c4d1c0ac854b80f872f62adaba1561c2c0616b0c0cbeeb2d8be7effe,2021-22,2021-12-23T17:00:00+03:00,independent_poisson,1516,1516,2021-12-22T20:00:00+00:00,Yeni Malatyaspor,Kayserispor,159,159,1.561776307,0.979378341,0.508831108,0.253970284,0.237198609,0.046075411,2,2,D
d58b166aed8aebef758cfe79a42672397a1aa5dbe8f7fdaf3eb756ad7eefa5aa,2021-22,2021-12-23T20:00:00+03:00,independent_poisson,1516,1516,2021-12-22T20:00:00+00:00,Besiktas,Goztepe,159,159,2.281078197,0.967252261,0.669139021,0.185136524,0.145724455,0.097736799,2,1,H
693ed8db43f8957b0ba01e353081373453599f8268fe3a8db37394c622f097c9,2021-22,2021-12-25T13:30:00+03:00,independent_poisson,1518,1518,2021-12-23T20:00:00+00:00,Kasimpasa,Altay,160,18,1.873833016,1.408721252,0.485099424,0.224688525,0.290212050,0.065892589,2,0,H
4a34bc61dadbedac8edfe00b7cbc92cb5237263d21dd4362265f9ee654395074,2021-22,2021-12-25T16:00:00+03:00,independent_poisson,1518,1518,2021-12-23T20:00:00+00:00,Giresunspor,Hatayspor,18,58,1.155466596,0.914762597,0.412391816,0.299160933,0.288447251,0.115403581,0,1,A
8a121adcaae90d18878b6403104006ed2ebb6e8c33027515948d5c0a06829e04,2021-22,2021-12-25T16:00:00+03:00,independent_poisson,1518,1518,2021-12-23T20:00:00+00:00,Galatasaray,Antalyaspor,160,160,2.339959989,0.746595375,0.730530370,0.167818375,0.101651256,0.125000832,2,0,H
e0abf0670c6dfa87c57fdf7f0a5288b15165260e75a7349c4d0cef58fac718d1,2021-22,2021-12-25T19:00:00+03:00,independent_poisson,1519,1519,2021-12-25T13:30:00+00:00,Trabzonspor,Istanbul Basaksehir,160,160,1.516347658,1.146109361,0.457808265,0.255087267,0.287104467,0.069776569,0,0,D
676eb6e13ef0d555306a8472922bd57221582a6d62bc578c5db7634b0582c6d4,2021-22,2021-12-26T13:30:00+03:00,independent_poisson,1522,1522,2021-12-25T19:00:00+00:00,Rizespor,Gaziantep FK,126,92,1.410803823,1.470226856,0.362411850,0.248568122,0.389020028,0.082445817,0,1,A
3fca3eda582dbce17ed0e9db9644c2d2d879160870499fbc764d93cffc75ab52,2021-22,2021-12-26T16:00:00+03:00,independent_poisson,1522,1522,2021-12-25T19:00:00+00:00,Alanyaspor,Fatih Karagumruk,160,58,1.633088885,1.303039171,0.451794069,0.242349970,0.305855961,0.112933576,1,1,D
e55e72ec019e25147be82ee7cae34f197d273282c392a6fd257c27f545137100,2021-22,2021-12-26T16:00:00+03:00,independent_poisson,1522,1522,2021-12-25T19:00:00+00:00,Goztepe,Adana Demirspor,160,18,1.188185325,1.327152300,0.332853842,0.268287134,0.398859024,0.127469915,1,1,D
ac9364d5046c5545a45432b637bd4ee2374473747a2edccd3baf6fe50c2c3ee3,2021-22,2021-12-26T19:00:00+03:00,independent_poisson,1523,1523,2021-12-26T13:30:00+00:00,Fenerbahce,Yeni Malatyaspor,160,160,2.015529636,0.908541548,0.630965797,0.207397529,0.161636674,0.109103932,2,0,H
86cff7325ce21cef4da2157084cf518b5221e82a1c693a1b27ab631097ec6a87,2021-22,2021-12-27T20:00:00+03:00,independent_poisson,1526,1526,2021-12-26T19:00:00+00:00,Konyaspor,Besiktas,160,160,1.186089244,1.493965688,0.301243194,0.255719264,0.443037542,0.081317553,1,0,H
d0d0d34a8ffe67dc6e1b514c6ec1b66e2afdea942cbe0bd48feca2e930d2bacc,2021-22,2021-12-27T20:00:00+03:00,independent_poisson,1526,1526,2021-12-26T19:00:00+00:00,Kayserispor,Sivasspor,160,160,1.179580258,1.410188962,0.314789464,0.262424690,0.422785846,0.020526209,3,0,H
9f2730f2bd3426408d6b3d5135fa9f62e1212dbfc1a813cc5292bf29fad59eab,2021-22,2022-01-07T20:00:00+03:00,independent_poisson,1528,1528,2021-12-27T20:00:00+00:00,Trabzonspor,Yeni Malatyaspor,161,161,2.064954875,0.902757563,0.642491395,0.202365540,0.155143064,0.106181640,1,0,H
372a2667facd691f6f9fe669d7d41043cf2e40e10d487072f2b3fbb2964f0abd,2021-22,2022-01-08T13:30:00+03:00,independent_poisson,1529,1529,2022-01-07T20:00:00+00:00,Gaziantep FK,Fatih Karagumruk,93,59,1.560248616,1.310135809,0.432430192,0.247053449,0.320516358,0.047006116,3,1,H
72c35ec9951b8d366dee1a31598e016a75eb79e2a21b57aa2df8cb8e35c9d9b8,2021-22,2022-01-08T16:00:00+03:00,independent_poisson,1529,1529,2022-01-07T20:00:00+00:00,Alanyaspor,Istanbul Basaksehir,161,161,1.251889761,1.266543007,0.362081371,0.268875348,0.369043281,0.127774613,1,1,D
8ee93b05003eb3cbb8d6b291447f71f3d46432de2fe3cefca6d02c737cc24590,2021-22,2022-01-08T16:00:00+03:00,independent_poisson,1529,1529,2022-01-07T20:00:00+00:00,Kasimpasa,Hatayspor,161,59,1.500946004,1.560072960,0.367055718,0.240120026,0.392824256,0.041181790,3,1,H
37386dd578f8ac06599029974e543ffe5a3eabd3e9c886c29f5a4da98b653f01,2021-22,2022-01-08T19:00:00+03:00,independent_poisson,1530,1530,2022-01-08T13:30:00+00:00,Galatasaray,Giresunspor,161,19,1.488279820,0.675669138,0.568231253,0.262879008,0.168889740,0.077614523,0,1,A
d382be0080a450c6ddfd2987900028f35109ec15cafd9bdc8bddd4ef13a03171,2021-22,2022-01-09T13:30:00+03:00,independent_poisson,1533,1533,2022-01-08T19:00:00+00:00,Konyaspor,Sivasspor,161,161,1.274442603,1.063003311,0.412272112,0.278983621,0.308744267,0.102658462,0,1,A
77aa80ced50ddb96e292fc9d7c3ac4125370e78da458eaccb58072c39fad1272,2021-22,2022-01-09T16:00:00+03:00,independent_poisson,1533,1533,2022-01-08T19:00:00+00:00,Kayserispor,Altay,161,19,1.496574226,1.278693713,0.423313942,0.252386283,0.324299774,0.093285622,1,0,H
aadd192bfcbd6d0fd37caeba8b96581d45bd44aa45fd4b0583e328cc5c7442e5,2021-22,2022-01-09T16:00:00+03:00,independent_poisson,1533,1533,2022-01-08T19:00:00+00:00,Goztepe,Antalyaspor,161,161,1.611188958,0.999867742,0.516260739,0.248901562,0.234837699,0.020625626,4,0,H
fa8737f04802618c0bb3787f653dbf2c22cc480ad315ef29fd6f03696d5521dd,2021-22,2022-01-09T19:00:00+03:00,independent_poisson,1534,1534,2022-01-09T13:30:00+00:00,Rizespor,Besiktas,127,161,1.234877314,2.003788297,0.232356250,0.215609712,0.552034038,0.060028391,2,2,D
d238eb8a35ca4546a1097d623837f63b4c4e73ece1ec9ac83f48707adff715bf,2021-22,2022-01-10T20:00:00+03:00,independent_poisson,1537,1537,2022-01-09T19:00:00+00:00,Fenerbahce,Adana Demirspor,161,19,1.602858675,1.111781995,0.487528905,0.248487141,0.263983954,0.065607131,1,2,A
5b8c1516c667db2a63720ab6c782da71feff4b0531e6b333beac96bcc356e7c0,2021-22,2022-01-14T20:00:00+03:00,independent_poisson,1538,1538,2022-01-10T20:00:00+00:00,Yeni Malatyaspor,Goztepe,162,162,1.384686546,1.141690527,0.424506165,0.265986695,0.309507140,0.072148391,1,2,A
7ba3b5f84743845a992e0b8a4610db32b245b402da0602c878fa5523f965c1fa,2021-22,2022-01-14T20:00:00+03:00,independent_poisson,1538,1538,2022-01-10T20:00:00+00:00,Besiktas,Gaziantep FK,162,94,2.174485344,1.089927368,0.620477526,0.198909487,0.180612987,0.083107469,1,0,H
9a242736a343fd7bfa9dc5233811ad450c647af60af5f74c4005b2fa182b688b,2021-22,2022-01-15T13:30:00+03:00,independent_poisson,1540,1540,2022-01-14T20:00:00+00:00,Adana Demirspor,Kayserispor,20,162,1.982516157,0.771564470,0.657946308,0.205271581,0.136782111,0.097388334,1,1,D
14484bab34e8f85102f5e8e2fa0ce457905addfd58c4c6b74610376bd950830e,2021-22,2022-01-15T16:00:00+03:00,independent_poisson,1540,1540,2022-01-14T20:00:00+00:00,Fatih Karagumruk,Rizespor,60,128,2.079648533,1.060460211,0.608084712,0.206185218,0.185730070,0.093587531,2,0,H
88134e720fe7f887c92ce1c7fe48258c7060cd50855be88f1d03b029cc4c9386,2021-22,2022-01-15T16:00:00+03:00,independent_poisson,1540,1540,2022-01-14T20:00:00+00:00,Sivasspor,Trabzonspor,162,162,1.387354547,1.424280751,0.365565375,0.252153277,0.382281348,0.118769621,1,1,D
2bf346a438f7856a471b33904695c3e2470082b0f4b41d9cb198a09f338faf7a,2021-22,2022-01-15T19:00:00+03:00,independent_poisson,1541,1541,2022-01-15T13:30:00+00:00,Antalyaspor,Fenerbahce,162,162,1.114629339,1.671346662,0.253796949,0.242525547,0.503677505,0.114884914,1,1,D
d138cb7cac58d6e8a011e95bf04652ea1a6fb9deb7b5b54df52bffa246eff345,2021-22,2022-01-16T13:30:00+03:00,independent_poisson,1544,1544,2022-01-15T19:00:00+00:00,Altay,Alanyaspor,20,162,1.357492076,1.470237123,0.349094891,0.250924400,0.399980709,0.063926008,0,2,A
a38a97e1ed71f299cf582575ea9b6781ae827a85e13c5e36cda5349a89a912c1,2021-22,2022-01-16T16:00:00+03:00,independent_poisson,1544,1544,2022-01-15T19:00:00+00:00,Giresunspor,Kasimpasa,20,162,1.413498476,0.815121264,0.511132226,0.272394650,0.216473124,0.035771504,0,2,A
1acaa9bcddc6099e36da7366ff8020d0466fd580ae1bb4f284348df80f36d2db,2021-22,2022-01-16T19:00:00+03:00,independent_poisson,1545,1545,2022-01-16T13:30:00+00:00,Hatayspor,Galatasaray,60,162,1.306853338,1.515382921,0.327901806,0.250115844,0.421982350,0.008299068,4,2,H
41de053c48fd39a102eb3aa040fae408b35633bec1dfea806c53c77e732e437a,2021-22,2022-01-18T20:00:00+03:00,independent_poisson,1547,1547,2022-01-16T19:00:00+00:00,Fatih Karagumruk,Besiktas,61,163,1.523927323,1.631697079,0.358959023,0.235766837,0.405274140,0.069529526,0,1,A
ec80ffa3a9320f7fb3d71ef6ba827867cd8c671c1dc139bc72017f37362a7e38,2021-22,2022-01-18T20:00:00+03:00,independent_poisson,1547,1547,2022-01-16T19:00:00+00:00,Konyaspor,Adana Demirspor,162,21,1.084422318,1.116013787,0.346432035,0.291234694,0.362333271,0.120105028,1,0,H
8325f3b3d439e7b8476958ddfda766f4c20645bf6f36f63652d7737395b19d9c,2021-22,2022-01-19T17:00:00+03:00,independent_poisson,1549,1549,2022-01-18T20:00:00+00:00,Kayserispor,Istanbul Basaksehir,163,162,0.953073502,1.481212688,0.242948790,0.262576111,0.494475099,0.083546707,1,0,H
a0a88bfb7bbb5bc0cdc8ed1e5e21b54cc54b3bc1db805d477bd1a462a3539acc,2021-22,2022-01-19T17:00:00+03:00,independent_poisson,1549,1549,2022-01-18T20:00:00+00:00,Goztepe,Sivasspor,163,163,1.377982439,1.238954197,0.401372001,0.262162136,0.336465863,0.085899667,2,1,H
1e2cf91a43bbcc702b89ef87ce089b8606f8dedc0bdcc2e1b661a35037bc6571,2021-22,2022-01-19T20:00:00+03:00,independent_poisson,1549,1549,2022-01-18T20:00:00+00:00,Trabzonspor,Giresunspor,163,21,1.393610189,0.733691923,0.527058729,0.275913293,0.197027978,0.121837080,1,1,D
ddb5b2e18e90f6c85a67a219165fe574c597da63942aef73be5fef7f01a93782,2021-22,2022-01-19T20:00:00+03:00,independent_poisson,1549,1549,2022-01-18T20:00:00+00:00,Fenerbahce,Altay,163,21,2.300313113,0.875836747,0.693716190,0.178992656,0.127291154,0.096734796,2,1,H
660d04e160d5ee8af5b868cccfda88af8eedc83ad8643edc9bbc19d36ac4c4bd,2021-22,2022-01-20T17:00:00+03:00,independent_poisson,1553,1553,2022-01-19T20:00:00+00:00,Rizespor,Antalyaspor,129,163,1.576657761,1.154102885,0.471206835,0.249940920,0.278852245,0.093483533,2,1,H
e9405a8cb52d150f786c0f3897213502b868bfe861bdd3ad83d839633cebf561,2021-22,2022-01-20T17:00:00+03:00,independent_poisson,1553,1553,2022-01-19T20:00:00+00:00,Alanyaspor,Hatayspor,163,61,1.604008052,1.298220654,0.445765564,0.244459509,0.309774927,0.001298628,6,0,H
a06aea697ade5590f16385a5de95b489f961c1eb4e51fb8db1295557b3812d69,2021-22,2022-01-20T20:00:00+03:00,independent_poisson,1553,1553,2022-01-19T20:00:00+00:00,Galatasaray,Kasimpasa,163,163,2.499194027,0.964939298,0.707985612,0.166511983,0.125502405,0.011713717,1,3,A
0647ea1a74d4d599cf5608d472db33e8e65d5351455855f3f7dcfb162e9f51f9,2021-22,2022-01-22T13:30:00+03:00,independent_poisson,1556,1556,2022-01-20T20:00:00+00:00,Yeni Malatyaspor,Besiktas,163,164,1.172793038,1.718851673,0.260340396,0.238054739,0.501604865,0.111849601,1,1,D
11604361de1fb70ce320bd97ea4f7d6e534cbb07073719c3f452dc1eeeaed4f4,2021-22,2022-01-22T16:00:00+03:00,independent_poisson,1556,1556,2022-01-20T20:00:00+00:00,Adana Demirspor,Fatih Karagumruk,22,62,1.562119371,1.045365202,0.492983453,0.253138558,0.253877989,0.005714440,5,0,H
3f82af278c7f118d577bb32eb16e58c97ca7441240fcae9ce2aeff04568f27b2,2021-22,2022-01-22T16:00:00+03:00,independent_poisson,1556,1556,2022-01-20T20:00:00+00:00,Sivasspor,Fenerbahce,164,164,1.393101279,1.391669294,0.373524413,0.253602209,0.372873378,0.119703884,1,1,D
c27d968f64b29e085786c2f82ed9c789f4e1fcc1e492d5424d6a6816c402a719,2021-22,2022-01-22T19:00:00+03:00,independent_poisson,1557,1557,2022-01-22T13:30:00+00:00,Istanbul Basaksehir,Goztepe,163,164,1.735645640,0.837589361,0.586891608,0.234638555,0.178469838,0.046446352,1,2,A
0ab77c1c1eac7ec284abfe9c714090354cc88dc0c027127846f16e3e5b105df1,2021-22,2022-01-23T13:30:00+03:00,independent_poisson,1560,1560,2022-01-22T19:00:00+00:00,Kasimpasa,Kayserispor,164,164,1.871241973,1.141526118,0.544162891,0.225472562,0.230364547,0.061276774,3,1,H
abbc81bbda7b27693f3190e924c7f3d0f545a6b0a62aa0bf459106fd34f8b72b,2021-22,2022-01-23T13:30:00+03:00,independent_poisson,1560,1560,2022-01-22T19:00:00+00:00,Hatayspor,Rizespor,62,130,2.072740212,1.074328876,0.603425845,0.207150385,0.189423770,0.042977907,0,0,D
6a060d574176cbaf01061ee47fc137400721cd175842bfdeea693d1b479c957e,2021-22,2022-01-23T16:00:00+03:00,independent_poisson,1560,1560,2022-01-22T19:00:00+00:00,Antalyaspor,Gaziantep FK,164,95,1.241734203,1.373978939,0.337969094,0.262305161,0.399725744,0.073115628,0,0,D
70fdbaf63ba03e857f5f574dd87cbb65891952cdcea0f15187d7336836f98daf,2021-22,2022-01-23T16:00:00+03:00,independent_poisson,1560,1560,2022-01-22T19:00:00+00:00,Altay,Konyaspor,22,163,1.153353699,1.185575253,0.351682397,0.280831537,0.367486066,0.114326047,0,1,A
fb99057057d918bf7e3f4bdfa5d80e28c5fc5f92be8757a9ea67a467deb4e77d,2021-22,2022-01-23T16:00:00+03:00,independent_poisson,1560,1560,2022-01-22T19:00:00+00:00,Giresunspor,Alanyaspor,22,164,1.083312501,0.884759743,0.397556056,0.309369997,0.293073947,0.017472524,1,3,A
b2b16b1f5f28a369697eac1cfa8a7603bbe7931aaf2dfacedb755f644050f800,2021-22,2022-01-23T19:00:00+03:00,independent_poisson,1562,1562,2022-01-23T13:30:00+00:00,Galatasaray,Trabzonspor,164,164,1.827057432,1.188399817,0.523303304,0.229251870,0.247444826,0.063248599,1,2,A
d281b23ca02ca0b08596346bf594c945b2c1061258024aa7c9f64fd3bb412fa2,2021-22,2022-02-04T20:00:00+03:00,independent_poisson,1566,1566,2022-01-23T19:00:00+00:00,Konyaspor,Giresunspor,164,23,0.999731418,0.737342047,0.406585078,0.331762926,0.261651996,0.175987540,1,0,H
ff4c08a803125d445e17e73212a18d58d5fd5485d779bccb7b842d3493b04839,2021-22,2022-02-04T20:00:00+03:00,independent_poisson,1566,1566,2022-01-23T19:00:00+00:00,Kayserispor,Hatayspor,165,63,1.266896279,1.472499228,0.325770656,0.254467128,0.419762216,0.003690308,4,3,H
d5cd55f302b642a9956021b6c78832c1e6290b27106c740898d210f5ae44969d,2021-22,2022-02-05T13:30:00+03:00,independent_poisson,1568,1568,2022-02-04T20:00:00+00:00,Gaziantep FK,Sivasspor,96,165,1.496855956,1.164662171,0.448605362,0.256147292,0.295247346,0.005093733,5,1,H
bdb75518a9f80d73a687312e1f774a7c5cdf6595105cb624cd75fc847d760418,2021-22,2022-02-05T16:00:00+03:00,independent_poisson,1568,1568,2022-02-04T20:00:00+00:00,Fatih Karagumruk,Yeni Malatyaspor,63,164,1.738313649,1.028387266,0.540214277,0.236660927,0.223124796,0.109286168,1,0,H
cdbf066e3ece71ff4400401ce066256a47917b47daa4f731de055a701839a668,2021-22,2022-02-05T16:00:00+03:00,independent_poisson,1568,1568,2022-02-04T20:00:00+00:00,Trabzonspor,Kasimpasa,165,165,2.358986693,1.089068737,0.655955063,0.183661637,0.160383300,0.075033300,1,0,H
65a00560877200b9190455fb95b952d7d9968ed031ee26823170974765afad13,2021-22,2022-02-05T19:00:00+03:00,independent_poisson,1569,1569,2022-02-05T13:30:00+00:00,Fenerbahce,Istanbul Basaksehir,165,164,1.467263095,1.120245173,0.451095025,0.259918227,0.288986748,0.084250506,0,1,A
88f1fead905f91ec50b9d9c111ef759f7a184261b2962f24c69907ca4329d564,2021-22,2022-02-06T16:00:00+03:00,independent_poisson,1572,1572,2022-02-05T19:00:00+00:00,Alanyaspor,Galatasaray,165,165,1.358679950,1.532055785,0.337693382,0.247177808,0.415128810,0.115600887,1,1,D
921995074fc11dc4867221f762ea29c209d561e7a73b7abe22112a30e4a40d16,2021-22,2022-02-06T16:00:00+03:00,independent_poisson,1572,1572,2022-02-05T19:00:00+00:00,Rizespor,Adana Demirspor,131,23,1.089404567,1.593443446,0.259929594,0.249643801,0.490426605,0.050222903,1,3,A
2dcfc89e0519d98b9300dd4d150ae1272d837681eab8f5ec40faa4c1f2861a6b,2021-22,2022-02-06T19:00:00+03:00,independent_poisson,1572,1572,2022-02-05T19:00:00+00:00,Besiktas,Antalyaspor,165,165,2.450360829,0.832529610,0.729240445,0.163168653,0.107590901,0.037519652,0,0,D
6f514a610dd562c37755f4a45b8a52c8d1c53378ee9be482296156e5b65cba21,2021-22,2022-02-06T19:00:00+03:00,independent_poisson,1572,1572,2022-02-05T19:00:00+00:00,Goztepe,Altay,165,23,1.721496141,0.975778423,0.548998645,0.237996885,0.213004470,0.032081965,0,2,A
3e18e997adef70bd25510253104762900814921b91623e947e23d49e3f23a14f,2021-22,2022-02-11T20:00:00+03:00,independent_poisson,1576,1576,2022-02-06T19:00:00+00:00,Altay,Rizespor,24,132,1.557583935,1.179519464,0.460635378,0.250909337,0.288455285,0.064757653,0,0,D
3c74e15366f290011f0954acaaa536567c11c56b70136c6f9a7118471d35a5f7,2021-22,2022-02-12T16:00:00+03:00,independent_poisson,1577,1577,2022-02-11T20:00:00+00:00,Giresunspor,Fenerbahce,24,166,0.952023442,1.097748957,0.310833265,0.302853281,0.386313454,0.073861627,1,2,A
f02c5f0820bf975fde3a2c6eeb650a876e1d1933598fc329fcfe7f40f8f90594,2021-22,2022-02-12T16:00:00+03:00,independent_poisson,1577,1577,2022-02-11T20:00:00+00:00,Istanbul Basaksehir,Gaziantep FK,165,97,1.635683883,0.930470090,0.539400231,0.246539419,0.214060350,0.102778492,2,0,H
bb4d77fcd83a5d7a02eae0dccf59e8b53ca8fd0d530ea59be541cb8bac2de89f,2021-22,2022-02-12T19:00:00+03:00,independent_poisson,1577,1577,2022-02-11T20:00:00+00:00,Galatasaray,Kayserispor,166,166,2.398304456,0.775508225,0.733579311,0.164271827,0.102148862,0.077825405,1,1,D
5ccefdd5dee1e4fc74f0dd7cb46cfff139284b5429304103c36d25601ccb7f81,2021-22,2022-02-13T13:30:00+03:00,independent_poisson,1580,1580,2022-02-12T19:00:00+00:00,Sivasspor,Yeni Malatyaspor,166,165,1.626661780,0.972133422,0.526874310,0.247473068,0.225652622,0.095641854,2,1,H
17b48d56a171f75bab04f929fec1ba7ec0fee5416a54dc1f66eaebb5d6ad40f2,2021-22,2022-02-13T16:00:00+03:00,independent_poisson,1580,1580,2022-02-12T19:00:00+00:00,Antalyaspor,Fatih Karagumruk,166,64,1.248666670,1.413718360,0.332147484,0.259253371,0.408599146,0.022642750,3,0,H
cc542c86a6a0d6a481239d9f46c28a9349f9f27c6068426700545e0e79a762c2,2021-22,2022-02-13T19:00:00+03:00,independent_poisson,1581,1581,2022-02-13T13:30:00+00:00,Trabzonspor,Konyaspor,166,165,1.721081687,0.881044940,0.572438798,0.237006640,0.190554562,0.096712319,2,1,H
e551e980721ae4818e8bfa80e908c6227067cec55a52661e28d60973a097409e,2021-22,2022-02-13T19:00:00+03:00,independent_poisson,1581,1581,2022-02-13T13:30:00+00:00,Kasimpasa,Alanyaspor,166,166,1.588909907,1.534754225,0.392996335,0.237395886,0.369607779,0.065407287,2,2,D
18ca1430b94c4848d1e830ad4ccf989406fec7360e7b11b491d59da1fdd908b8,2021-22,2022-02-14T20:00:00+03:00,independent_poisson,1584,1584,2022-02-13T19:00:00+00:00,Hatayspor,Goztepe,64,166,1.773744599,1.147474986,0.520399559,0.233654177,0.245946264,0.097235725,2,1,H
9c0ffe6ce62be5915ebf0e873965511e8acb664620090481c30a3fbd523ddf69,2021-22,2022-02-14T20:00:00+03:00,independent_poisson,1584,1584,2022-02-13T19:00:00+00:00,Adana Demirspor,Besiktas,24,166,1.597749371,1.284124994,0.447308913,0.245266148,0.307424940,0.114956576,1,1,D
74a949ebaafc01065c22b36fd768a97a8670957d810af99afecea21b99eb4b21,2021-22,2022-02-18T20:00:00+03:00,independent_poisson,1586,1586,2022-02-14T20:00:00+00:00,Konyaspor,Kasimpasa,166,167,1.582553348,1.085372278,0.488651027,0.250673685,0.260675288,0.001048722,4,4,D
a6dbd5d9ed08a61885d7359ff721b9ab09c300dc50afc54e42721c658dd8ef9b,2021-22,2022-02-18T20:00:00+03:00,independent_poisson,1586,1586,2022-02-14T20:00:00+00:00,Rizespor,Istanbul Basaksehir,133,166,1.032660477,1.518543241,0.257653652,0.257453634,0.484892714,0.089918827,0,2,A
3bd2ae4f87f623635be4d37c38c79d0f7e696b750e5be27bf144658c32606665,2021-22,2022-02-19T13:30:00+03:00,independent_poisson,1588,1588,2022-02-18T20:00:00+00:00,Yeni Malatyaspor,Antalyaspor,166,167,1.475083386,0.987972026,0.484348367,0.262557079,0.253094554,0.061317508,1,2,A
b0fd8b54f74073e77d0c4b1db1f186665dfdeada5f36f8b5835fb03a0bfb8719,2021-22,2022-02-19T16:00:00+03:00,independent_poisson,1588,1588,2022-02-18T20:00:00+00:00,Kayserispor,Giresunspor,167,25,0.994426087,0.944832792,0.356059333,0.314183881,0.329756786,0.067183179,2,1,H
ec9f7251ed67c25dcbbc68e79ae4cc3f7858b36db9bdc830dd9c86812702d9be,2021-22,2022-02-19T19:00:00+03:00,independent_poisson,1589,1589,2022-02-19T13:30:00+00:00,Besiktas,Altay,167,25,2.339697762,0.809994785,0.715832439,0.171730854,0.112436707,0.100291856,1,0,H
018629ccad7dafe9a8657325975f526a7476f92291b9dba33d5fd94f9cea2540,2021-22,2022-02-20T13:30:00+03:00,independent_poisson,1591,1591,2022-02-19T19:00:00+00:00,Gaziantep FK,Adana Demirspor,98,25,1.252373576,1.339135130,0.347590067,0.264121289,0.388288643,0.029980856,0,3,A
94e248fa4b52d1a4b24faa76e4e43a75153f5d2761a5dee18dba8e8a7bf59a94,2021-22,2022-02-20T16:00:00+03:00,independent_poisson,1591,1591,2022-02-19T19:00:00+00:00,Alanyaspor,Trabzonspor,167,167,1.485215259,1.460585270,0.382699389,0.245522518,0.371778093,0.009966703,0,4,A
fd80062d10aa9ba15b5ea4ef8f7260e9a1ed217143f5851c3a39bf210a5b075e,2021-22,2022-02-20T16:00:00+03:00,independent_poisson,1591,1591,2022-02-19T19:00:00+00:00,Fatih Karagumruk,Sivasspor,65,167,1.578343281,1.222757273,0.456086326,0.248245892,0.295667782,0.095873582,1,0,H
5f305b07852e908ff7f47cc399f078e77f71ed2f42531031f7f200db31b25d31,2021-22,2022-02-20T19:00:00+03:00,independent_poisson,1592,1592,2022-02-20T13:30:00+00:00,Fenerbahce,Hatayspor,167,65,1.991526895,1.151002008,0.568494191,0.215567075,0.215938735,0.085616879,2,0,H
6cc4c6fb3999d90bd879e250a68cf8c1e078bdc1533e6502db23441595e54720,2021-22,2022-02-21T20:00:00+03:00,independent_poisson,1595,1595,2022-02-20T19:00:00+00:00,Goztepe,Galatasaray,167,167,1.160080683,1.622388485,0.272742720,0.246080672,0.481176608,0.029637987,2,3,A
331a5451472fbd969c1bea90a5d43edc372290a8690b2f288cf45049b977545d,2021-22,2022-02-22T20:00:00+03:00,independent_poisson,1596,1596,2022-02-21T20:00:00+00:00,Istanbul Basaksehir,Konyaspor,167,167,1.486474287,0.763901666,0.544081243,0.263563819,0.192354938,0.088919376,2,1,H
2faab3846d0472f0eda9f2a3e52bd9833e74add9b230791a3f04142d59f73452,2021-22,2022-02-23T17:00:00+03:00,independent_poisson,1597,1597,2022-02-22T20:00:00+00:00,Gaziantep FK,Yeni Malatyaspor,99,167,1.660574253,0.999252474,0.528583001,0.244068338,0.227348661,0.069960343,0,0,D
7de6f905cd77f0bef173fa7c47223095347203eae2502005931fff76236aaec7,2021-22,2022-02-25T20:00:00+03:00,independent_poisson,1598,1598,2022-02-23T17:00:00+00:00,Adana Demirspor,Antalyaspor,26,168,2.075081277,0.716299388,0.690162560,0.192530832,0.117306608,0.061336470,0,0,D
c16f9d16ab2f83a56636baa540d5afac76d022cee8f87d6b5b5cc26799f87e2c,2021-22,2022-02-25T20:00:00+03:00,independent_poisson,1598,1598,2022-02-23T17:00:00+00:00,Trabzonspor,Kayserispor,168,168,2.289013271,0.850049291,0.697675836,0.178659052,0.123665112,0.031287752,3,2,H
7eee208b6371903953a3267e185bbc8c71d42054b027a6a4b96300ac02b49cd2,2021-22,2022-02-26T16:00:00+03:00,independent_poisson,1600,1600,2022-02-25T20:00:00+00:00,Istanbul Basaksehir,Fatih Karagumruk,168,66,1.695995109,0.927823711,0.554737130,0.240219014,0.205043856,0.052943847,1,2,A
62283ee6f24b77b9954e3ef41bec82823c83dcf9ed8fae09a1f65b95f7052b98,2021-22,2022-02-26T19:00:00+03:00,independent_poisson,1600,1600,2022-02-25T20:00:00+00:00,Sivasspor,Besiktas,168,168,1.355646310,1.567497885,0.330396182,0.245110739,0.424493079,0.031712249,2,3,A
12d4ade8885080eae6757ec1252bc30e59ec6834750e4bf7e793ae3a418dde53,2021-22,2022-02-27T13:30:00+03:00,independent_poisson,1602,1602,2022-02-26T19:00:00+00:00,Giresunspor,Goztepe,26,168,1.127187166,0.894153553,0.408773368,0.303657292,0.287569340,0.028274299,3,1,H
a40b869b672ae7a73272b64f682728e467a8f1024f2a678c1f7f902b411d0356,2021-22,2022-02-27T13:30:00+03:00,independent_poisson,1602,1602,2022-02-26T19:00:00+00:00,Altay,Gaziantep FK,26,100,1.167322127,1.267605825,0.338916021,0.273843087,0.387240892,0.018658795,3,2,H
79ddfb6eeae26fc265f70be448ee69a8fe111c32e8a0c583286afb5004cf5ff2,2021-22,2022-02-27T16:00:00+03:00,independent_poisson,1602,1602,2022-02-26T19:00:00+00:00,Hatayspor,Yeni Malatyaspor,66,168,1.746195840,1.037964735,0.539774056,0.235961787,0.224264158,0.004502701,5,2,H
f3cf3c555048540f836e1ed5313469bcafa61774bd4532dda2524eef06e1f06e,2021-22,2022-02-27T16:00:00+03:00,independent_poisson,1602,1602,2022-02-26T19:00:00+00:00,Alanyaspor,Konyaspor,168,168,1.504767025,1.013452991,0.485939319,0.259132929,0.254927752,0.005251939,5,1,H
747294314efe9977ec7ec0dce3254ab9f7342043cf3522019935e2c7d84aae31,2021-22,2022-02-27T19:00:00+03:00,independent_poisson,1604,1604,2022-02-27T13:30:00+00:00,Galatasaray,Rizespor,168,134,2.460844377,0.832396660,0.730975891,0.162248416,0.106775693,0.019657107,4,2,H
b2d27e17b8d788c573a204c7a967bea9baca9c0e2f4df7e70171f61cc27210f0,2021-22,2022-02-28T20:00:00+03:00,independent_poisson,1607,1607,2022-02-27T19:00:00+00:00,Kasimpasa,Fenerbahce,168,168,1.443525715,1.752186834,0.318466894,0.231580873,0.449952232,0.090714149,1,2,A
bb591b1bc54b908e0536ef572a7bd5f01013ed85b3728fdfea90a9edb6807176,2021-22,2022-03-04T20:00:00+03:00,independent_poisson,1608,1608,2022-02-28T20:00:00+00:00,Yeni Malatyaspor,Adana Demirspor,169,27,0.955004955,1.416309083,0.253937785,0.269321478,0.476740736,0.089157324,1,0,H
3915853467a04b23c8d7ebc60b6fd092d3a984ee9036bb5316d6fbb6bcf7a5f7,2021-22,2022-03-05T16:00:00+03:00,independent_poisson,1609,1609,2022-03-04T20:00:00+00:00,Rizespor,Giresunspor,135,27,1.103735290,1.058049852,0.364438828,0.294288392,0.341272780,0.071120669,1,2,A
d5e732816e983a2950d6869ac74920b0b77dc7a22d276e7ab03a74b3477aacd4,2021-22,2022-03-05T16:00:00+03:00,independent_poisson,1609,1609,2022-03-04T20:00:00+00:00,Goztepe,Kasimpasa,169,169,1.751238857,1.313232417,0.477704120,0.234010778,0.288285102,0.027017885,2,3,A
ef6b5c407f857e769c336d8ce556667117892d18c1a3beb59db4b36f583fc02f,2021-22,2022-03-05T19:00:00+03:00,independent_poisson,1609,1609,2022-03-04T20:00:00+00:00,Konyaspor,Galatasaray,169,169,1.082506074,1.423731893,0.286736559,0.264883661,0.448379780,0.047795319,2,0,H
75504bb5ce575bc3c738a927816f2f9623a6959b2e08973ce4680f40832d5f69,2021-22,2022-03-06T16:00:00+03:00,independent_poisson,1612,1612,2022-03-05T19:00:00+00:00,Fatih Karagumruk,Altay,67,27,1.754718665,0.960569935,0.560579374,0.234549616,0.204871011,0.066185849,0,0,D
89ac43fec34215a24eb761636ff84edfc0537221461d5045bdad2ca633cebce4,2021-22,2022-03-06T19:00:00+03:00,independent_poisson,1612,1612,2022-03-05T19:00:00+00:00,Fenerbahce,Trabzonspor,169,169,1.671970962,1.320944935,0.457257926,0.239297181,0.303444893,0.110740527,1,1,D
ab40fafcc314b219971b805157fc7ab1b614d0ad2fa447e0a28f48f00841e9a7,2021-22,2022-03-06T19:00:00+03:00,independent_poisson,1612,1612,2022-03-05T19:00:00+00:00,Antalyaspor,Sivasspor,169,169,1.208676651,1.309670480,0.341782383,0.268472082,0.389745536,0.097410522,1,0,H
87570e35ed13974947ed3dd3b4cd2e71559b19d3a8a1d09f1b7000dbd8a7dec7,2021-22,2022-03-07T20:00:00+03:00,independent_poisson,1615,1615,2022-03-06T19:00:00+00:00,Gaziantep FK,Hatayspor,101,67,1.655969893,1.324150883,0.452724541,0.240299421,0.306976038,0.061047773,2,2,D
a931cc2ca9d772662b5f159fee3276cc01e1b87fc89f10f1ebf84cf5a0764208,2021-22,2022-03-07T20:00:00+03:00,independent_poisson,1615,1615,2022-03-06T19:00:00+00:00,Besiktas,Istanbul Basaksehir,169,169,1.612332832,1.107100606,0.490973435,0.247731923,0.261294642,0.052503547,2,2,D
e4d26b7ef84fe00d099c6642b2902351c4b594225bb4301b039c7fae1633cfb0,2021-22,2022-03-07T20:00:00+03:00,independent_poisson,1615,1615,2022-03-06T19:00:00+00:00,Kayserispor,Alanyaspor,169,169,1.275644539,1.507707752,0.321483177,0.251736841,0.426779981,0.089647766,1,2,A
87f340be7af8de32ee2d402f2afa63cb765a7fd5edf638571216ba5db5b254d5,2021-22,2022-03-12T13:30:00+03:00,independent_poisson,1618,1618,2022-03-07T20:00:00+00:00,Hatayspor,Fatih Karagumruk,68,68,1.738720740,1.288437279,0.480231265,0.235244742,0.284523993,0.042448293,3,0,H
d82a7af611e5d4195f4d725f514e0b968144a9bf1ec9a9bf03203372d8d0abb0,2021-22,2022-03-12T16:00:00+03:00,independent_poisson,1618,1618,2022-03-07T20:00:00+00:00,Kasimpasa,Rizespor,170,136,1.999154012,1.255027635,0.546505544,0.216140428,0.237354028,0.064530891,3,1,H
ed8d5eb80b7711d539679d901fcb2abac8d71d487f5c752c0f5fc3e0ac68d85c,2021-22,2022-03-12T16:00:00+03:00,independent_poisson,1618,1618,2022-03-07T20:00:00+00:00,Altay,Yeni Malatyaspor,28,170,1.270242419,1.031187736,0.418386679,0.280984913,0.300628408,0.127171032,1,0,H
de6598baf6be259dba665b50be6f2ce6e6cf796dc45caceb58394bac37c65923,2021-22,2022-03-12T19:00:00+03:00,independent_poisson,1619,1619,2022-03-12T13:30:00+00:00,Trabzonspor,Goztepe,170,170,2.094614926,0.965056046,0.633585546,0.201864655,0.164549800,0.017517914,4,2,H
c0622c9ea1db078f7436c206c4b289b8608cc8986e341c4892fe86d35e27e49e,2021-22,2022-03-13T13:30:00+03:00,independent_poisson,1622,1622,2022-03-12T19:00:00+00:00,Kayserispor,Konyaspor,170,170,1.160681552,1.189255442,0.352976486,0.280060392,0.366963122,0.018009667,2,3,A
d9ea8dd009baa9a9a8816f266fdcf0f55387bdf1c12209699e2c9c80f2673f71,2021-22,2022-03-13T16:00:00+03:00,independent_poisson,1622,1622,2022-03-12T19:00:00+00:00,Adana Demirspor,Sivasspor,28,170,1.663186422,0.858008334,0.564379490,0.243057884,0.192562626,0.011701301,2,3,A
52feea37fd8db2e8712726d9d4b3fcbe99442eb6aadad9ccc209bab39d7a8062,2021-22,2022-03-13T19:00:00+03:00,independent_poisson,1623,1623,2022-03-13T13:30:00+00:00,Alanyaspor,Fenerbahce,170,170,1.497382603,1.435494789,0.390730251,0.246031826,0.363237922,0.003032005,2,5,A
316c06f1200bb6a44e7857b19a71e5ad6b92fec4f289eaad40ed86d134173519,2021-22,2022-03-14T16:00:00+03:00,independent_poisson,1625,1625,2022-03-13T19:00:00+00:00,Istanbul Basaksehir,Antalyaspor,170,170,1.829138759,0.714631495,0.639901093,0.220129459,0.139969449,0.056148320,0,1,A
bc01beac1ea8d27a0a0579bb443264dcd6c37bd652a066a0df305a20d416ee04,2021-22,2022-03-14T20:00:00+03:00,independent_poisson,1626,1626,2022-03-14T16:00:00+00:00,Giresunspor,Gaziantep FK,28,102,1.191353369,0.968019691,0.410453954,0.292137327,0.297408718,0.079274149,2,1,H
c0d4b7d3f148c6ee22b1fed5812cc7dce304d32da77739a23a50c6472f8716b3,2021-22,2022-03-14T20:00:00+03:00,independent_poisson,1626,1626,2022-03-14T16:00:00+00:00,Galatasaray,Besiktas,170,170,1.794430662,1.320978796,0.486043879,0.230915343,0.283040778,0.094343955,2,1,H
29f480e8f89247619c5edc7b31cf64a1c443e5f0443e59b5f5bbbc2b7c9e5d94,2021-22,2022-03-18T20:00:00+03:00,independent_poisson,1628,1628,2022-03-14T20:00:00+00:00,Rizespor,Trabzonspor,137,171,1.191141758,1.839298077,0.246252701,0.228271744,0.525475554,0.023009651,3,2,H
3657307d387b21a51c7f594044b0d641a45d6be701f47f8c77e7d7954794d042,2021-22,2022-03-18T20:00:00+03:00,independent_poisson,1628,1628,2022-03-14T20:00:00+00:00,Fatih Karagumruk,Kayserispor,69,171,1.853412418,0.990093782,0.576062233,0.225302191,0.198635576,0.061779715,3,0,H
aa2beb7af1296745e8db1665e4ae1f03945417c655ed14c93e5bff629cdfb233,2021-22,2022-03-19T13:30:00+03:00,independent_poisson,1630,1630,2022-03-18T20:00:00+00:00,Yeni Malatyaspor,Kasimpasa,171,171,1.570042743,1.310027140,0.434870132,0.246407676,0.318722193,0.048165063,0,2,A
257a73d380bb09bda65fc12179b1362c106b57e5febf332006bd47994661fd6c,2021-22,2022-03-19T16:00:00+03:00,independent_poisson,1630,1630,2022-03-18T20:00:00+00:00,Adana Demirspor,Istanbul Basaksehir,29,171,1.305916474,0.981139113,0.440119074,0.279818538,0.280062388,0.084971987,2,1,H
b74dac0c3277c98055eaeec32a568c0d5a05969fc485500da751c36b93e36572,2021-22,2022-03-19T16:00:00+03:00,independent_poisson,1630,1630,2022-03-18T20:00:00+00:00,Goztepe,Alanyaspor,171,171,1.466002763,1.390905914,0.392026261,0.249696997,0.358276742,0.055568137,0,2,A
b136652d0b9c822d704a5b63caedd2317c848c62d9f91cbb4bb94c33a8cb8bd1,2021-22,2022-03-19T19:00:00+03:00,independent_poisson,1631,1631,2022-03-19T13:30:00+00:00,Besiktas,Hatayspor,171,69,2.214357662,1.179315810,0.608131112,0.198179563,0.193689325,0.087704975,1,1,D
24dc9fa7cba585881170e304524186ac4ec6af126a6d34e679d5ab52d7d839ac,2021-22,2022-03-20T13:30:00+03:00,independent_poisson,1634,1634,2022-03-19T19:00:00+00:00,Sivasspor,Altay,171,29,1.564040238,0.887373282,0.532271261,0.254251291,0.213477448,0.093526963,2,1,H
67eb0c80dc4c61d029393beff52ed338165ec22195bc1abb6dea3ad85716ba03,2021-22,2022-03-20T13:30:00+03:00,independent_poisson,1634,1634,2022-03-19T19:00:00+00:00,Antalyaspor,Giresunspor,171,29,0.999401697,1.011708374,0.343049791,0.307469174,0.349481035,0.005628471,4,1,H
469d54e32e2eb1d4cd3314566d61cb92e708c69badd7d862a8466d5e88f58955,2021-22,2022-03-20T16:00:00+03:00,independent_poisson,1634,1634,2022-03-19T19:00:00+00:00,Gaziantep FK,Galatasaray,103,171,1.278623686,1.578164787,0.309527534,0.246778716,0.443693750,0.031589435,3,1,H
c7d6bc46f0b354128086ff0a1d2a43a5d3579782e262b81885e3fea6a48a932e,2021-22,2022-03-20T19:00:00+03:00,independent_poisson,1636,1636,2022-03-20T13:30:00+00:00,Fenerbahce,Konyaspor,171,171,1.745624637,0.906166463,0.571924363,0.234770194,0.193305443,0.097369171,2,1,H
187173e4d813b8f7547ea4d63aaa5a7c0fa0abdfb48d4662879512821e1ff1c4,2021-22,2022-04-02T13:30:00+03:00,independent_poisson,1638,1638,2022-03-20T19:00:00+00:00,Giresunspor,Sivasspor,30,172,1.179217935,1.036612937,0.391201890,0.289099845,0.319698264,0.040741620,2,2,D
57f71c9907bf41751cf259539909953e2d319bddc8dddd2df998516876a04711,2021-22,2022-04-02T16:00:00+03:00,independent_poisson,1638,1638,2022-03-20T19:00:00+00:00,Altay,Antalyaspor,30,172,1.312741089,0.973767218,0.443784564,0.279428802,0.276786634,0.063247220,1,2,A
b45c55812602d80d9866dbee2dab3bba66c88db9c106764d5581196ac08c4476,2021-22,2022-04-02T16:00:00+03:00,independent_poisson,1638,1638,2022-03-20T19:00:00+00:00,Kayserispor,Fenerbahce,172,172,1.127909181,1.725644536,0.248610573,0.237775533,0.513613894,0.021296660,0,4,A
7868f05a5ea9b1f3cf2e9fd1bcb3f1a023a18d4dc191d12b4a1efba0b94d084b,2021-22,2022-04-02T20:30:00+03:00,independent_poisson,1641,1641,2022-04-02T16:00:00+00:00,Galatasaray,Fatih Karagumruk,172,70,2.033071551,0.995932098,0.613621056,0.208546258,0.177832686,0.099952983,2,0,H
18df39d5648edd05c9e2b2713bb9a9de35b02330d8540732aad2e2952f5bd9da,2021-22,2022-04-03T13:30:00+03:00,independent_poisson,1642,1642,2022-04-02T20:30:00+00:00,Kasimpasa,Gaziantep FK,172,104,1.663017091,1.454231245,0.426853746,0.236406238,0.336740016,0.089041640,2,1,H
c92287e1a633e5692f91e0547e2ca90c3912456229b896c6a1f032671e227fe6,2021-22,2022-04-03T16:00:00+03:00,independent_poisson,1642,1642,2022-04-02T20:30:00+00:00,Konyaspor,Goztepe,172,172,1.447571284,1.001476270,0.473831435,0.264991172,0.261177393,0.043667747,3,0,H
f8c5da3c0c80238a1f6ae4497671eda80bc42d49ce127dca2db637f7c722488c,2021-22,2022-04-03T16:00:00+03:00,independent_poisson,1642,1642,2022-04-02T20:30:00+00:00,Alanyaspor,Rizespor,172,138,2.082285824,1.044919839,0.612257388,0.205523232,0.182219379,0.099312863,2,1,H
7a1f400dc7d21668df53859a5475030717836ad9e081351bfb7dcb5a752df94b,2021-22,2022-04-03T20:30:00+03:00,independent_poisson,1645,1645,2022-04-03T16:00:00+00:00,Trabzonspor,Besiktas,172,172,1.736389315,1.426995703,0.449759848,0.232878374,0.317361778,0.104768111,1,1,D
5b03f521d2d199f6ab8e15793637575c853096905c82ada363bd936a975c9e08,2021-22,2022-04-04T20:30:00+03:00,independent_poisson,1646,1646,2022-04-03T20:30:00+00:00,Istanbul Basaksehir,Yeni Malatyaspor,172,172,1.727645980,0.747737515,0.608236045,0.233379201,0.158384754,0.145348101,1,0,H
c105c922de74124d4a6773c8579caec0d739e429e4902d3ad54a9faa3bab9106,2021-22,2022-04-04T20:30:00+03:00,independent_poisson,1646,1646,2022-04-03T20:30:00+00:00,Hatayspor,Adana Demirspor,70,30,1.369741976,1.364941320,0.372961890,0.256276340,0.370761770,0.064914563,0,0,D
ac3c8938a1284312941f14a940331d086fefdb8376fb364c621fe02bbd317415,2021-22,2022-04-09T13:30:00+03:00,independent_poisson,1648,1648,2022-04-04T20:30:00+00:00,Fatih Karagumruk,Kasimpasa,71,173,1.896572535,1.257557114,0.523368928,0.223873274,0.252757798,0.038367320,3,2,H
04eefecd8c137d42a5d3da732a0824580839828408ac07a88276fb717f8221dd,2021-22,2022-04-09T16:00:00+03:00,independent_poisson,1648,1648,2022-04-04T20:30:00+00:00,Rizespor,Konyaspor,139,173,1.242284238,1.264993627,0.359812680,0.269564514,0.370622806,0.079543253,2,1,H
7c21daa51e0f87050ef1597779c90d9d3062e0d74bf4bad8b7cb989238544478,2021-22,2022-04-09T16:00:00+03:00,independent_poisson,1648,1648,2022-04-04T20:30:00+00:00,Goztepe,Kayserispor,173,173,1.711547365,1.046915738,0.529395705,0.239203781,0.231400514,0.059456190,1,2,A
08831d3a0f87b5a24aa2a42809ed472f79eca558d0cc100afe66a7914621c367,2021-22,2022-04-09T20:30:00+03:00,independent_poisson,1651,1651,2022-04-09T16:00:00+00:00,Gaziantep FK,Trabzonspor,105,173,1.400775846,1.519620668,0.350421728,0.246283428,0.403294843,0.053912306,0,0,D
435bbbc4d0cb734a9ebd95d34331fb7cd175cb9e6339334b39c0d8670a7d1611,2021-22,2022-04-09T20:30:00+03:00,independent_poisson,1651,1651,2022-04-09T16:00:00+00:00,Besiktas,Alanyaspor,173,173,2.115406849,1.137882669,0.597562814,0.205110491,0.197326694,0.036692405,4,1,H
98ff29ec6766525a4b08c233e69bd4f0944c465189a726b1105f5aa10f3b0eb8,2021-22,2022-04-10T13:30:00+03:00,independent_poisson,1653,1653,2022-04-09T20:30:00+00:00,Yeni Malatyaspor,Giresunspor,173,31,1.154988235,0.987160779,0.395356745,0.294608441,0.310034814,0.115894919,0,1,A
1d91cd9747dbf16150aaab1af860658e4fa277889295f7a96b187ba9575826ec,2021-22,2022-04-10T16:00:00+03:00,independent_poisson,1653,1653,2022-04-09T20:30:00+00:00,Sivasspor,Istanbul Basaksehir,173,173,1.184823155,1.222429992,0.352856705,0.276068184,0.371075112,0.067291660,0,2,A
a13a14d347786758c53b37fceb9524f5028c0055334f8f319d11dd8cea519870,2021-22,2022-04-10T16:00:00+03:00,independent_poisson,1653,1653,2022-04-09T20:30:00+00:00,Adana Demirspor,Altay,31,31,1.762383813,0.678982095,0.634359507,0.226825775,0.138814718,0.053918378,3,1,H
fce39ec59d84c754dd676c017495ee78e89272a9bac96f321455373956213605,2021-22,2022-04-10T20:30:00+03:00,independent_poisson,1656,1656,2022-04-10T16:00:00+00:00,Fenerbahce,Galatasaray,173,173,1.579595823,1.361582225,0.426195855,0.244167493,0.329636652,0.065875597,2,0,H
e161edc09ce7d16561c365c59b663695b65c0239fe8e644f80c433c96258e504,2021-22,2022-04-11T20:30:00+03:00,independent_poisson,1657,1657,2022-04-10T20:30:00+00:00,Antalyaspor,Hatayspor,173,71,1.283805331,1.441790181,0.335858817,0.255847052,0.408294131,0.010689969,4,1,H
a7b559a5560db807855203cbcd7c79a3f33a2084d2c989edcea53bbd479af406,2021-22,2022-04-15T20:30:00+03:00,independent_poisson,1658,1658,2022-04-11T20:30:00+00:00,Kayserispor,Rizespor,174,140,1.560610995,1.241020964,0.447614782,0.249080230,0.303304988,0.117581902,1,1,D
ec4a995bac256d42428733215e84dc60073279858183ddaddaf067547d1214dc,2021-22,2022-04-15T20:30:00+03:00,independent_poisson,1658,1658,2022-04-11T20:30:00+00:00,Trabzonspor,Fatih Karagumruk,174,72,1.977394122,1.065220470,0.585421201,0.215285318,0.199293481,0.100494435,1,1,D
79ad77b9dc67bc035472e9693a9b14595acdabb71fbe2ea349daeadd6a3bcfba,2021-22,2022-04-16T13:30:00+03:00,independent_poisson,1660,1660,2022-04-15T20:30:00+00:00,Hatayspor,Sivasspor,72,174,1.692623217,1.233386709,0.481567766,0.239418058,0.279014175,0.111920487,1,1,D
1bac69bc1aec79379079609dc1d06f8d2572e4ac244fea2ad0e471bb3e97422c,2021-22,2022-04-16T16:00:00+03:00,independent_poisson,1660,1660,2022-04-15T20:30:00+00:00,Alanyaspor,Antalyaspor,174,174,1.864119777,0.983304629,0.580114222,0.224153730,0.195732047,0.017130345,1,3,A
6187e40f2dbc0b6ea3664f77a5cdc5595c932e79630dd589654640bfad496c68,2021-22,2022-04-16T16:00:00+03:00,independent_poisson,1660,1660,2022-04-15T20:30:00+00:00,Altay,Istanbul Basaksehir,32,174,0.904122276,1.336944097,0.253153760,0.279367077,0.467479163,0.128545731,1,1,D
b6eba1186645d6b6c1250d8f29342c13e5101b0bb69b35b94c9395045f7969bc,2021-22,2022-04-16T20:30:00+03:00,independent_poisson,1663,1663,2022-04-16T16:00:00+00:00,Fenerbahce,Goztepe,174,174,2.104912008,0.953793627,0.638329793,0.200502755,0.161167452,0.104006125,2,0,H
be513ae76f4490d0ff2ec952cbe416e1a7ed5901094068801b70597c621b2c87,2021-22,2022-04-17T13:30:00+03:00,independent_poisson,1664,1664,2022-04-16T20:30:00+00:00,Konyaspor,Gaziantep FK,174,106,1.360789705,1.087023091,0.430496740,0.270254059,0.299249201,0.013431360,4,1,H
711cc03febb6aa7c2f1e71225ac33b490d7f2043bf5c76d131135042ed93a947,2021-22,2022-04-17T16:00:00+03:00,independent_poisson,1664,1664,2022-04-16T20:30:00+00:00,Kasimpasa,Adana Demirspor,174,32,1.255480719,1.591999972,0.301389282,0.246417829,0.452192889,0.006003214,4,0,H
7f387a5ce9d9d758fcafb73738e7fcf138200d863060582af39a8505a8aeb180,2021-22,2022-04-17T20:30:00+03:00,independent_poisson,1666,1666,2022-04-17T16:00:00+00:00,Giresunspor,Besiktas,32,174,1.086184062,1.410554855,0.290046009,0.265922604,0.444031387,0.082353122,0,0,D
eb177d2ebfa0d17553c132d01ff2c02c70bb43b2581180256739cfb229f98f4a,2021-22,2022-04-18T20:30:00+03:00,independent_poisson,1667,1667,2022-04-17T20:30:00+00:00,Galatasaray,Yeni Malatyaspor,174,174,2.123557964,0.793571074,0.680490303,0.191641456,0.127868241,0.121956570,2,0,H
5432c94a5043efe03d69af49e50230d8c21bef10af1d06a50a38ba092be49080,2021-22,2022-04-22T20:30:00+03:00,independent_poisson,1668,1668,2022-04-18T20:30:00+00:00,Rizespor,Fenerbahce,141,175,1.196135102,1.795037053,0.254051630,0.231796628,0.514151742,0.002333772,0,6,A
5477d31031168f9fdc38874ae4882afb7828fd701f303901faea412d04577fbf,2021-22,2022-04-23T16:00:00+03:00,independent_poisson,1669,1669,2022-04-22T20:30:00+00:00,Fatih Karagumruk,Giresunspor,73,33,1.344174409,0.913227084,0.467247143,0.278270545,0.254482313,0.086314353,2,1,H
dd6f24475c51980f012a46054b16c0785177fd5286aca8743544d327235afbf2,2021-22,2022-04-23T16:00:00+03:00,independent_poisson,1669,1669,2022-04-22T20:30:00+00:00,Gaziantep FK,Goztepe,107,175,1.703074220,1.110612991,0.512269953,0.239802961,0.247927085,0.113456007,1,1,D
9eb7429dde45bac87458390a8c3ea18321a0590de06ddb64e4a2ef37eec40ad9,2021-22,2022-04-23T20:30:00+03:00,independent_poisson,1671,1671,2022-04-23T16:00:00+00:00,Adana Demirspor,Trabzonspor,33,175,1.474728300,1.214342687,0.431820969,0.256239119,0.311939911,0.029904453,1,3,A
07889f446d30cd4319d9836e82e566d27de4467cf7425093145351d0967be2f5,2021-22,2022-04-24T16:00:00+03:00,independent_poisson,1672,1672,2022-04-23T20:30:00+00:00,Istanbul Basaksehir,Hatayspor,175,73,1.712732570,0.980677858,0.545709984,0.238895486,0.215394530,0.056647941,3,0,H
ea8d497755e3db9ec2743a9390088f2044057a6d66fe4cf21bd61fa10cb87b81,2021-22,2022-04-24T16:00:00+03:00,independent_poisson,1672,1672,2022-04-23T20:30:00+00:00,Yeni Malatyaspor,Konyaspor,175,175,1.156907130,1.091394968,0.372655832,0.287359848,0.339984320,0.015308632,2,3,A
1dc8d3da72dcf0ffd20636984616d7b5d1abab9c950eaedddaf501cef94f3231,2021-22,2022-04-24T20:30:00+03:00,independent_poisson,1674,1674,2022-04-24T16:00:00+00:00,Antalyaspor,Kayserispor,175,175,1.530586939,1.055112819,0.482638835,0.255907679,0.261453487,0.121675115,1,1,D
bcd117d0fbac5eb1f09b54c348905dd654f8120e4d0bcd379bc6a69d24edb079,2021-22,2022-04-24T20:30:00+03:00,independent_poisson,1674,1674,2022-04-24T16:00:00+00:00,Altay,Galatasaray,33,175,0.971474896,1.637019744,0.223975965,0.246430175,0.529593860,0.120558848,0,1,A
40c85250a38b58954b3c2d03c2a538e003d887dd1f1b88a389baae69f7802bcf,2021-22,2022-04-25T20:30:00+03:00,independent_poisson,1676,1676,2022-04-24T20:30:00+00:00,Besiktas,Kasimpasa,175,175,2.534882045,1.108374857,0.682874874,0.170621245,0.146503881,0.005938303,0,3,A
cea43d34f91c2688a2bedcf4ceb6b03409d61bb5112ff901c1d44a4653a3f441,2021-22,2022-04-25T20:30:00+03:00,independent_poisson,1676,1676,2022-04-24T20:30:00+00:00,Sivasspor,Alanyaspor,175,175,1.578661532,1.263979866,0.447027521,0.247149189,0.305823290,0.091991045,1,0,H
5a3979129cf3e9b3c87b4ff15c2eb6b910f7fafee41fe6d82a3d2b6b0cf17ac6,2021-22,2022-04-29T20:30:00+03:00,independent_poisson,1678,1678,2022-04-25T20:30:00+00:00,Giresunspor,Adana Demirspor,34,34,1.027951094,1.088264674,0.335573824,0.297997201,0.366428974,0.063658160,2,0,H
f183a389489b42b1b3e380323fa7796e0d3a6bd92de45184ba44894c914db8ce,2021-22,2022-04-29T20:30:00+03:00,independent_poisson,1678,1678,2022-04-25T20:30:00+00:00,Fenerbahce,Gaziantep FK,176,108,2.002940903,1.028018460,0.599667197,0.212163849,0.188168953,0.034158285,3,2,H
4502fa375e4e40d9e1ccd967ba6a653a2d7003e65c2537dc2ce653d86e3430d9,2021-22,2022-04-30T16:00:00+03:00,independent_poisson,1680,1680,2022-04-29T20:30:00+00:00,Konyaspor,Fatih Karagumruk,176,74,1.387312360,1.112352477,0.431837955,0.266955475,0.301206570,0.070475549,1,2,A
ee75ffd517e38606dae8fdc797624bc6737f73f265cd8acf25408d72d5c7fc03,2021-22,2022-04-30T16:00:00+03:00,independent_poisson,1680,1680,2022-04-29T20:30:00+00:00,Kasimpasa,Istanbul Basaksehir,176,176,1.260310389,1.494489492,0.320036324,0.253191178,0.426772498,0.028109816,2,3,A
3bf1e62491589f1fbd64cd8def21b893fb14819e5077359848147a23a8e3affb,2021-22,2022-04-30T20:30:00+03:00,independent_poisson,1682,1682,2022-04-30T16:00:00+00:00,Trabzonspor,Antalyaspor,176,176,2.137861389,0.858994045,0.667449904,0.193423330,0.139126766,0.042107710,2,2,D
69136cfab7db4c299829bd1afe5f225a395ba2def788d2b049f68383d68d9045,2021-22,2022-04-30T20:30:00+03:00,independent_poisson,1682,1682,2022-04-30T16:00:00+00:00,Hatayspor,Altay,74,34,1.776707904,0.931644817,0.572842183,0.231939705,0.195218112,0.062090868,0,1,A
0093018eee8778c627f1715985bdd6f8ac49343381767e360fcc708b775f369b,2021-22,2022-05-01T16:00:00+03:00,independent_poisson,1684,1684,2022-04-30T20:30:00+00:00,Kayserispor,Besiktas,176,176,1.116983413,1.892670328,0.221861339,0.223450848,0.554687814,0.034758507,2,3,A
58d8079a9a72a23f5796e5b43b5d399e8b5b287c06f3fca0c013f0b5dac502d9,2021-22,2022-05-01T16:00:00+03:00,independent_poisson,1684,1684,2022-04-30T20:30:00+00:00,Alanyaspor,Yeni Malatyaspor,176,176,1.778076634,0.987711909,0.559395448,0.232545514,0.208059038,0.098250449,2,1,H
0c87a46b68bce4dff045fff343b81dafa57dcbcb97a86e88bf3918c1c801f72a,2021-22,2022-05-01T20:30:00+03:00,independent_poisson,1686,1686,2022-05-01T16:00:00+00:00,Galatasaray,Sivasspor,176,176,1.960338215,0.954582633,0.608167625,0.214217405,0.177614971,0.015100360,2,3,A
519ff92841dc02f3c07275dd7320d3d76881d1524aa5389822f52fb19e8eed0f,2021-22,2022-05-01T20:30:00+03:00,independent_poisson,1686,1686,2022-05-01T16:00:00+00:00,Goztepe,Rizespor,176,142,1.768050677,1.124500942,0.524416242,0.234161005,0.241422753,0.000044214,1,7,A
1b9849eed479ae9ab187a49b394a97d0b0ecd3f439d1e8478a3e4d536d3fe9ed,2021-22,2022-05-06T20:00:00+03:00,independent_poisson,1688,1688,2022-05-01T20:30:00+00:00,Gaziantep FK,Kayserispor,109,177,1.854824306,1.000927403,0.573759558,0.225347165,0.200893277,0.106774648,1,1,D
424f035ad7ed6fb9682c2dfe6c978d8f3713d1c3cb96fb52ee27323408a58224,2021-22,2022-05-06T20:00:00+03:00,independent_poisson,1688,1688,2022-05-01T20:30:00+00:00,Hatayspor,Trabzonspor,75,177,1.460203922,1.576514430,0.354130947,0.240886202,0.404982851,0.110479433,1,1,D
06779d85602546e84db525c24be2cb157b6df79835d77b3ca5eaca51edb7c3a1,2021-22,2022-05-07T16:00:00+03:00,independent_poisson,1690,1690,2022-05-06T20:00:00+00:00,Sivasspor,Kasimpasa,177,177,1.854613385,1.250782707,0.515431065,0.227035091,0.257533844,0.027101377,1,3,A
87c441f5d5ac87afb3faa854a30c7dd485254c32596d0d214b859f8543864831,2021-22,2022-05-07T16:00:00+03:00,independent_poisson,1690,1690,2022-05-06T20:00:00+00:00,Fatih Karagumruk,Goztepe,75,177,1.775926046,1.086268568,0.535243641,0.233427275,0.231329084,0.057946241,3,1,H
2a6039dd5adf1e2dd6b4a2b70d4b1bfc9bfe0cdae13a6106bd743424b628427f,2021-22,2022-05-07T19:00:00+03:00,independent_poisson,1690,1690,2022-05-06T20:00:00+00:00,Istanbul Basaksehir,Galatasaray,177,177,1.351761474,1.161676867,0.411265459,0.267717277,0.321017265,0.080989291,0,0,D
7afd061f4c266498b0d27108a283c00801ee8b646da2f1af0116ff5a03f51c37,2021-22,2022-05-07T19:00:00+03:00,independent_poisson,1690,1690,2022-05-06T20:00:00+00:00,Adana Demirspor,Alanyaspor,35,177,1.650329391,1.128048087,0.495431622,0.244194736,0.260373641,0.065247197,1,2,A
2129000d3d603b5a5e19d79aef6536336d060a03867113538734cddb8640d0f4,2021-22,2022-05-08T16:00:00+03:00,independent_poisson,1694,1694,2022-05-07T19:00:00+00:00,Altay,Giresunspor,35,35,0.966172345,0.953896129,0.345162556,0.316212912,0.338624532,0.135107838,1,1,D
851bab2d2876c8b6269738124538437a9c81b93e5db0afc25b92a6d3f9dc573c,2021-22,2022-05-08T16:00:00+03:00,independent_poisson,1694,1694,2022-05-07T19:00:00+00:00,Yeni Malatyaspor,Rizespor,177,143,1.573226389,1.135309946,0.474671912,0.250605415,0.274722673,0.025567067,1,3,A
75577b061aa3d58a6b4f49b4289a19d4d11872b500cc14c6050eaf337d229159,2021-22,2022-05-08T19:00:00+03:00,independent_poisson,1694,1694,2022-05-07T19:00:00+00:00,Besiktas,Fenerbahce,177,177,1.820418924,1.327791877,0.490525682,0.229045160,0.280429158,0.103764971,1,1,D
c8a2d914e2028c9f1e9400dad2088223829a3947a121d38cacf926996a5c1d3c,2021-22,2022-05-09T20:00:00+03:00,independent_poisson,1697,1697,2022-05-08T19:00:00+00:00,Antalyaspor,Konyaspor,177,177,1.180398187,1.150441187,0.366649459,0.281415912,0.351934629,0.017634474,3,2,H
6cf2d57d2e78bf921db3cf1197f6e87f74d57de36375442fa33b95c11fd46d00,2021-22,2022-05-14T19:00:00+03:00,independent_poisson,1698,1698,2022-05-09T20:00:00+00:00,Kayserispor,Yeni Malatyaspor,178,178,1.346916100,1.151702624,0.412175581,0.268561595,0.319262824,0.033476038,3,0,H
8be3145dd184a4ee0acc1bca6ecce352992259966df936065c0a8fd9f5e2a942,2021-22,2022-05-15T16:00:00+03:00,independent_poisson,1699,1699,2022-05-14T19:00:00+00:00,Goztepe,Besiktas,178,178,1.248961569,1.781206422,0.268460731,0.232567983,0.498971287,0.076632549,0,2,A
9faacc3f1f76f648ad8c9c0fe2b440586cd72fae386c208fe794b908709c58be,2021-22,2022-05-15T16:00:00+03:00,independent_poisson,1699,1699,2022-05-14T19:00:00+00:00,Trabzonspor,Altay,178,36,1.976741767,0.778285917,0.655073071,0.206195247,0.138731682,0.096719876,2,1,H
0ea906418a3dbf570e2816d320fa0c05249314878bff75c1a8c392578afef395,2021-22,2022-05-15T19:00:00+03:00,independent_poisson,1699,1699,2022-05-14T19:00:00+00:00,Giresunspor,Istanbul Basaksehir,36,178,0.916129711,1.054981939,0.308362627,0.310181442,0.381455931,0.134635343,1,1,D
21dd93fe3666b78fec24e43d1a63753fe4122357ec3afdf4303704214ed0c8df,2021-22,2022-05-15T19:00:00+03:00,independent_poisson,1699,1699,2022-05-14T19:00:00+00:00,Alanyaspor,Gaziantep FK,178,110,1.732889834,1.205646112,0.497426393,0.236646790,0.265926817,0.045916805,3,0,H
6b9c753dcbe30703e7be97f714f959477bc8626601e9144ab22dbecba0e18042,2021-22,2022-05-15T19:00:00+03:00,independent_poisson,1699,1699,2022-05-14T19:00:00+00:00,Kasimpasa,Antalyaspor,178,178,1.843279612,1.188397557,0.527012229,0.227950223,0.245037548,0.006810007,2,4,A
6c78f91b2a7c4abdcf114ea49b27f9edfa2b48b08cc096c5bab2840f0d525c4f,2021-22,2022-05-15T19:00:00+03:00,independent_poisson,1699,1699,2022-05-14T19:00:00+00:00,Fenerbahce,Fatih Karagumruk,178,76,1.951116143,1.076790585,0.577007891,0.217821347,0.205170762,0.048416882,0,0,D
75cd25185268441c7a7ad0711fa59262ec30c6db8e4920b8d17f462a62a9100e,2021-22,2022-05-15T19:00:00+03:00,independent_poisson,1699,1699,2022-05-14T19:00:00+00:00,Konyaspor,Hatayspor,178,76,1.445037063,1.171731148,0.433639267,0.260020442,0.306340291,0.043039349,3,1,H
502fb5e9f387d650494a139ebdd05c5f550f52b73e782562180ce8068b6bde68,2021-22,2022-05-16T20:00:00+03:00,independent_poisson,1706,1706,2022-05-15T19:00:00+00:00,Rizespor,Sivasspor,144,178,1.387047318,1.466767154,0.357164622,0.249827400,0.393007979,0.085978083,1,2,A
c5dc707c531d7ce997020687cf9abba692687d96322eaad439875fc4df7739c9,2021-22,2022-05-16T20:00:00+03:00,independent_poisson,1706,1706,2022-05-15T19:00:00+00:00,Galatasaray,Adana Demirspor,178,36,1.782098151,1.000934839,0.557116901,0.232296637,0.210586462,0.029225998,3,2,H
17161e9b591fc73846434624ca265219455c1a2de921bf06bdc7f5afb4de1d3c,2021-22,2022-05-20T20:00:00+03:00,independent_poisson,1708,1708,2022-05-16T20:00:00+00:00,Antalyaspor,Galatasaray,179,179,1.073880113,1.688900802,0.241245558,0.241227682,0.517526760,0.114472044,1,1,D
61f08f86677ff2ff985249b0c764cd657dce9168e845cbbc88a5db12df8ad865,2021-22,2022-05-20T20:00:00+03:00,independent_poisson,1708,1708,2022-05-16T20:00:00+00:00,Gaziantep FK,Rizespor,111,145,1.905927325,1.123119433,0.556211555,0.222383107,0.221405338,0.087838394,2,0,H
a21804e6a869b7a22bb56651fc9312c8e49941f695cb86a1476ca0e88a53f2e6,2021-22,2022-05-21T16:00:00+03:00,independent_poisson,1710,1710,2022-05-20T20:00:00+00:00,Altay,Kasimpasa,37,179,1.397258763,1.315716336,0.390138208,0.257215257,0.352646536,0.008085956,2,4,A
c787da33377597422cd7df11cef9db09d664b3188a44e8dfe0a2b27618a150be,2021-22,2022-05-21T16:00:00+03:00,independent_poisson,1710,1710,2022-05-20T20:00:00+00:00,Sivasspor,Kayserispor,179,179,1.826301433,0.960383213,0.577159557,0.227431236,0.195409207,0.098700129,2,1,H
e196377c5495298d82bd8352ed973e543b168258bb1d3ccbffcf2f779f1a70cc,2021-22,2022-05-21T19:00:00+03:00,independent_poisson,1710,1710,2022-05-20T20:00:00+00:00,Besiktas,Konyaspor,179,179,1.930100397,0.934069618,0.606639429,0.216596825,0.176763746,0.102817233,1,1,D
eaa113cf2d0dda7e9a004a0f7c52cb775404265511364886cbb1d5474058320e,2021-22,2022-05-21T19:00:00+03:00,independent_poisson,1710,1710,2022-05-20T20:00:00+00:00,Yeni Malatyaspor,Fenerbahce,179,179,1.083519517,1.591292422,0.258805111,0.249920160,0.491274728,0.005860203,0,5,A
5d79c37c605b9580792ba9d9c95f381af4e2e8472f20685d17ad66778bf21ea8,2021-22,2022-05-22T16:00:00+03:00,independent_poisson,1714,1714,2022-05-21T19:00:00+00:00,Fatih Karagumruk,Alanyaspor,77,179,1.609083399,1.274973144,0.452092178,0.244708053,0.303199769,0.071280575,0,1,A
b362f66c100ec22c04b58531cc2df244da2f5d6d701e10b523e24962c6afe3bd,2021-22,2022-05-22T16:00:00+03:00,independent_poisson,1714,1714,2022-05-21T19:00:00+00:00,Istanbul Basaksehir,Trabzonspor,179,179,1.437898607,1.118860044,0.443743010,0.262444903,0.293812087,0.042995512,3,1,H
50e5f1e7412ba080e3995d55cdbe8dd8388eac8b80bf35062395f53d9bc3c039,2021-22,2022-05-22T19:00:00+03:00,independent_poisson,1714,1714,2022-05-21T19:00:00+00:00,Hatayspor,Giresunspor,77,37,1.373432386,0.999238175,0.454447598,0.272380909,0.273171493,0.013811765,4,1,H
ee46dc4e61062e0e565c58b33d806cea6ac1822eb3b2d0fe17836c8477a3b8a6,2021-22,2022-05-22T19:00:00+03:00,independent_poisson,1714,1714,2022-05-21T19:00:00+00:00,Adana Demirspor,Goztepe,37,179,1.809697799,0.988758146,0.566445940,0.229491220,0.204062839,0.000768171,7,0,H
51e1eab522d2772122c4dad42d4dff1fb8b9d40466970f67bf40db25793fd713,2022-23,2022-08-05T21:00:00+03:00,independent_poisson,1718,1718,2022-05-22T19:00:00+00:00,Istanbulspor,Trabzonspor,0,180,1.253916665,1.567122939,0.305364144,0.248250694,0.446385162,0.073116300,0,2,A
45e27b075533447860ccafaebd518382c86a808e1491a72ce1fe55ced433370f,2022-23,2022-08-06T19:15:00+03:00,independent_poisson,1719,1719,2022-08-05T21:00:00+00:00,Sivasspor,Gaziantep FK,180,112,1.588381472,1.154349721,0.474074771,0.248973036,0.276952193,0.118069899,1,1,D
73878914872b964fe026da3d68d8cd217d231465b93da12c2084790d1be55801,2022-23,2022-08-06T21:45:00+03:00,independent_poisson,1719,1719,2022-08-05T21:00:00+00:00,Besiktas,Kayserispor,180,180,2.452584737,0.858828655,0.723730185,0.164540957,0.111728858,0.089432518,1,0,H
677b2c311dad7055a04df23738259e8c829b878ad2d28699ddcdef61b9356bbb,2022-23,2022-08-07T19:15:00+03:00,independent_poisson,1721,1721,2022-08-06T21:45:00+00:00,Fatih Karagumruk,Alanyaspor,78,180,1.576197380,1.263916961,0.446432122,0.247326000,0.306241879,0.007716283,2,4,A
c16c5bb79ec56fea3a3385c2e88e20f451c97466d0bffe16c7d9802b70ecf2fb,2022-23,2022-08-07T19:15:00+03:00,independent_poisson,1721,1721,2022-08-06T21:45:00+00:00,Giresunspor,Adana Demirspor,38,38,1.096188832,1.202234311,0.332164493,0.283294450,0.384541057,0.017472875,2,3,A
8fc1b07201f4126026542614bdd8c0dc201e3a0fb58525a161a8c5282e0178dc,2022-23,2022-08-07T21:45:00+03:00,independent_poisson,1721,1721,2022-08-06T21:45:00+00:00,Antalyaspor,Galatasaray,180,180,1.071474522,1.678438373,0.242246539,0.242184446,0.515569015,0.107308322,0,1,A
1c60360a90a2b674d06a424d2877b9082cb946fdfd965ec9f04cc32b44999854,2022-23,2022-08-08T19:15:00+03:00,independent_poisson,1724,1724,2022-08-07T21:45:00+00:00,Istanbul Basaksehir,Kasimpasa,180,180,1.984336244,0.977163488,0.607844866,0.212554798,0.179600336,0.033426186,4,0,H
5d88574c13ad141d9499db4b772cc65462c5994ea333a5f14d883fe96c843c98,2022-23,2022-08-08T21:45:00+03:00,independent_poisson,1724,1724,2022-08-07T21:45:00+00:00,Fenerbahce,Umraniyespor,180,0,2.070885524,0.912574965,0.641326811,0.202171241,0.156501949,0.009490105,3,3,D
c7dfc29ca41b8f3b60517392b23d47d55a1da1e884d826aeec8308256e58972d,2022-23,2022-08-08T21:45:00+03:00,independent_poisson,1724,1724,2022-08-07T21:45:00+00:00,Ankaragucu,Konyaspor,108,180,1.081208932,1.257129847,0.317144225,0.279535146,0.403320629,0.096487793,0,0,D
fe4143f1271116929fa51fce949829022bca7a2acdf962e36e1aa405bcf8f2bc,2022-23,2022-08-12T21:00:00+03:00,independent_poisson,1727,1727,2022-08-08T21:45:00+00:00,Trabzonspor,Hatayspor,181,78,2.060710966,1.137883147,0.586220807,0.209620724,0.204158469,0.084117297,1,0,H
83843ffc093dd9a26007ee3590176e20bbc22769a89f98817450d89beeee70e4,2022-23,2022-08-13T19:15:00+03:00,independent_poisson,1728,1728,2022-08-12T21:00:00+00:00,Kayserispor,Istanbulspor,181,1,1.579595035,0.670633531,0.593029335,0.250284580,0.156686085,0.166450043,1,0,H
9a90ec7b4d40add08d998ea95414b5dc576e8593efbdaad5c1e7fbcac1e35fbc,2022-23,2022-08-13T21:45:00+03:00,independent_poisson,1728,1728,2022-08-12T21:00:00+00:00,Adana Demirspor,Sivasspor,39,181,1.785641717,1.081383171,0.538663059,0.232545043,0.228791898,0.053963316,3,0,H
fff1f0bb04f61bf1ab74082e3c0173f84ed91d9a6fc83d909c97dc1edddbbb25,2022-23,2022-08-13T21:45:00+03:00,independent_poisson,1728,1728,2022-08-12T21:00:00+00:00,Galatasaray,Giresunspor,181,39,1.818156120,0.777809341,0.621117712,0.223726623,0.155155664,0.058004232,0,1,A
04f0ebf99de807a220b3f76323ee0f23e39464e4b5bcae94e3b71a63982f07d0,2022-23,2022-08-14T19:15:00+03:00,independent_poisson,1731,1731,2022-08-13T21:45:00+00:00,Umraniyespor,Antalyaspor,1,181,3.563329595,1.397736721,0.774452667,0.118588210,0.106959123,0.009791780,0,1,A
c5b09089fbffe25e7869b6def1544ba02c8ac769ee50099f92cc0c2a7d103755,2022-23,2022-08-14T19:15:00+03:00,independent_poisson,1731,1731,2022-08-13T21:45:00+00:00,Gaziantep FK,Ankaragucu,113,109,1.801391350,0.916082771,0.582389782,0.229139087,0.188471131,0.118966328,1,0,H
1ae39f9e857f93ca7b11f321cfa8ae2036a1fc5505ac14c91b809d349c2d1a70,2022-23,2022-08-14T21:45:00+03:00,independent_poisson,1731,1731,2022-08-13T21:45:00+00:00,Alanyaspor,Besiktas,181,181,1.487854935,1.594513025,0.357374963,0.238925471,0.403699566,0.017006231,3,3,D
eff59955a5087b6b9c74ca1fb07c1a4efcda935c25a948192013cadb432a1360,2022-23,2022-08-15T19:15:00+03:00,independent_poisson,1734,1734,2022-08-14T21:45:00+00:00,Konyaspor,Istanbul Basaksehir,181,181,1.024912204,1.166982869,0.318725953,0.290985425,0.390288622,0.111704859,0,0,D
b00c7d28756f5e89cded108491125e25714afcea2879e43a283cf58b070bea53,2022-23,2022-08-15T21:45:00+03:00,independent_poisson,1734,1734,2022-08-14T21:45:00+00:00,Kasimpasa,Fenerbahce,181,181,1.464451788,1.829939505,0.310012238,0.226615065,0.463372697,0.001934425,0,6,A
53bde3494d7355b50a4e757a2c1dfe1ca0cb650bf9d946b29c2fbfb9de104fbf,2022-23,2022-08-19T21:00:00+03:00,independent_poisson,1736,1736,2022-08-15T21:45:00+00:00,Umraniyespor,Galatasaray,2,182,1.319861868,1.951717521,0.258366680,0.219887597,0.521745724,0.074060746,0,1,A
ab5a2001ad628ddf37e2b0b6554396aa4cd427269c9bb987a99abed768e47f70,2022-23,2022-08-20T19:15:00+03:00,independent_poisson,1737,1737,2022-08-19T21:00:00+00:00,Hatayspor,Gaziantep FK,79,114,1.690875482,1.235302928,0.480718649,0.239521754,0.279759597,0.069152110,1,2,A
c6318094438faff11f8c9e93c0053882e445cada8da1d0bd36c5fb5664ee56df,2022-23,2022-08-20T19:15:00+03:00,independent_poisson,1737,1737,2022-08-19T21:00:00+00:00,Giresunspor,Kasimpasa,40,182,1.541611258,1.140652003,0.465478665,0.253133008,0.281388327,0.105458779,1,0,H
14b0f08ce76eb22d6737ffeacda6d33369ac4f63edf8dbca753cca73f8012657,2022-23,2022-08-20T21:45:00+03:00,independent_poisson,1737,1737,2022-08-19T21:00:00+00:00,Antalyaspor,Trabzonspor,182,182,1.144346444,1.615770225,0.269948924,0.246883055,0.483168021,0.001350928,5,2,H
4a308b9322858a1488a0ccf424f6e0caf1ea3ee3f653771cc317de905d7c3826,2022-23,2022-08-21T19:15:00+03:00,independent_poisson,1740,1740,2022-08-20T21:45:00+00:00,Istanbul Basaksehir,Kayserispor,182,182,1.931792174,0.721458776,0.660136693,0.208550485,0.131312822,0.131400967,2,0,H
10dcafb21cfb3e7989ccd074010c67bf3929224b7526fb58da64b23f96b883f2,2022-23,2022-08-21T21:45:00+03:00,independent_poisson,1740,1740,2022-08-20T21:45:00+00:00,Besiktas,Fatih Karagumruk,182,79,2.075013210,1.070269255,0.604841431,0.206848738,0.188309831,0.035594791,4,1,H
6bf2e19b95c625356a42d69e3d00cfa3517169bdcc282ab817f7ee3f18942338,2022-23,2022-08-22T19:15:00+03:00,independent_poisson,1742,1742,2022-08-21T21:45:00+00:00,Sivasspor,Alanyaspor,182,182,1.547605585,1.292602625,0.433084615,0.248456131,0.318459254,0.116852651,1,1,D
9fd57d5b6ac3b56224c055845ebea320340ccaed4840e3a92a3eed90a0413e10,2022-23,2022-08-22T19:15:00+03:00,independent_poisson,1742,1742,2022-08-21T21:45:00+00:00,Istanbulspor,Konyaspor,2,182,0.481079413,1.137683603,0.156060504,0.322363538,0.521575958,0.013831042,0,4,A
829cc2fab38542219ba8b54f1a59dd3a53606b4ed649ffecf46fe6cc12a293a7,2022-23,2022-08-22T21:45:00+03:00,independent_poisson,1742,1742,2022-08-21T21:45:00+00:00,Fenerbahce,Adana Demirspor,182,40,1.772672641,1.231211189,0.500981113,0.233351946,0.265666941,0.015465639,4,2,H
342abb8aacdae9b1e0d74f8faf0badb44ffc95b114f9bc0f0cf1532c15195281,2022-23,2022-08-26T21:00:00+03:00,independent_poisson,1745,1745,2022-08-22T21:45:00+00:00,Gaziantep FK,Antalyaspor,115,183,1.662327797,1.033671915,0.520687024,0.243826969,0.235486007,0.003813113,5,2,H
8e13f538dd63ed1d807110268934a1db1079529f5d8e6ab47dc1b4735f5cff4a,2022-23,2022-08-27T19:15:00+03:00,independent_poisson,1746,1746,2022-08-26T21:00:00+00:00,Fatih Karagumruk,Ankaragucu,80,110,1.841629861,0.901241912,0.595204634,0.224675223,0.180120143,0.027811567,4,1,H
1fe5aa400ff77e5da633586afb05e9016352136e308e7342c2c3949c983028a6,2022-23,2022-08-27T21:45:00+03:00,independent_poisson,1746,1746,2022-08-26T21:00:00+00:00,Adana Demirspor,Umraniyespor,41,3,2.062188113,0.867328692,0.650507020,0.201212185,0.148280795,0.110167957,1,0,H
3251b67b7f7f890f451bfaa8f9c229cd488fd4c4e774449602d1d2d01808f852,2022-23,2022-08-27T21:45:00+03:00,independent_poisson,1746,1746,2022-08-26T21:00:00+00:00,Alanyaspor,Istanbulspor,183,3,2.931573808,0.330244423,0.891558949,0.085421867,0.023019184,0.012654525,0,1,A
3e699e99518bb782aaf72c860bf099b41723b6f3f791daa5ae6bed5c822f0e67,2022-23,2022-08-28T19:15:00+03:00,independent_poisson,1749,1749,2022-08-27T21:45:00+00:00,Kasimpasa,Hatayspor,183,80,1.770311596,1.558255936,0.430499870,0.227853050,0.341647080,0.063455782,1,0,H
74a9597ffc4e9e386bf7a2ca568f2c01f1736f37bf2099f4534f8d01f4d5fc1d,2022-23,2022-08-28T19:15:00+03:00,independent_poisson,1749,1749,2022-08-27T21:45:00+00:00,Kayserispor,Giresunspor,183,41,1.080686365,1.111693877,0.346246111,0.291876319,0.361877570,0.023486004,3,0,H
e171e50a01e13b8e620c955c10c879114cbf256e51e0222c57f1887c15f9f546,2022-23,2022-08-28T21:45:00+03:00,independent_poisson,1749,1749,2022-08-27T21:45:00+00:00,Trabzonspor,Galatasaray,183,183,1.562843523,1.359090010,0.422623287,0.245282192,0.332094521,0.053829505,0,0,D
05304fe3aba87dd2a3bfc0efc448c0eee4f96c7ee363c59b4e6e6addce605626,2022-23,2022-08-29T19:15:00+03:00,independent_poisson,1752,1752,2022-08-28T21:45:00+00:00,Konyaspor,Fenerbahce,183,183,1.196693823,1.395666285,0.321999296,0.262807172,0.415193531,0.089564387,1,0,H
961b705df5a6a385b97f76e59f1365b81114c0144498178aecc32f8db02f5807,2022-23,2022-08-29T21:45:00+03:00,independent_poisson,1752,1752,2022-08-28T21:45:00+00:00,Besiktas,Sivasspor,183,183,2.047493953,1.034152470,0.607585158,0.208313154,0.184101688,0.067882710,3,1,H
59720f55d9f0ac8eb233259fdd6b071f83c9c1bdd7fe456d49db6d60e1cf43c3,2022-23,2022-09-02T21:00:00+03:00,independent_poisson,1754,1754,2022-08-29T21:45:00+00:00,Umraniyespor,Trabzonspor,4,184,0.895175482,1.412912948,0.238320085,0.271065915,0.490614000,0.140515857,0,1,A
5207ecd94668c29b79d5d01e73867942a1bdc84c6af037b6e64c1bb635de2736,2022-23,2022-09-03T19:15:00+03:00,independent_poisson,1755,1755,2022-09-02T21:00:00+00:00,Istanbul Basaksehir,Alanyaspor,183,184,1.662530403,0.960155047,0.538631601,0.243840537,0.217527862,0.100343993,2,0,H
b7f38b86d8106ac5f5cbbe98a5e72613a3cf7e635f1872007bdf90991a4f1462,2022-23,2022-09-03T19:15:00+03:00,independent_poisson,1755,1755,2022-09-02T21:00:00+00:00,Sivasspor,Fatih Karagumruk,184,81,1.560240500,1.216093657,0.453067727,0.249780089,0.297152183,0.062266348,0,0,D
417a0811d8e67569a5ab07f62aaa99e1e740965472ca74ebff5dba079e3fa227,2022-23,2022-09-03T21:45:00+03:00,independent_poisson,1755,1755,2022-09-02T21:00:00+00:00,Fenerbahce,Kayserispor,184,184,2.326527412,0.843484729,0.705826953,0.174856188,0.119316858,0.113675683,2,0,H
420a53ff5844bb52960e412d6a8df08d1e92654c16efebb7f9ac182c5ade2022,2022-23,2022-09-03T21:45:00+03:00,independent_poisson,1755,1755,2022-09-02T21:00:00+00:00,Giresunspor,Konyaspor,42,184,1.090358310,0.945617896,0.385539833,0.304100649,0.310359518,0.123453228,0,1,A
b5352d6424242b41582c3ef4033f9b9c8d6b05d529965d0a59175b05d4025eb6,2022-23,2022-09-04T19:15:00+03:00,independent_poisson,1759,1759,2022-09-03T21:45:00+00:00,Hatayspor,Adana Demirspor,81,42,1.507910090,1.502561760,0.379915657,0.242517358,0.377566985,0.111628854,1,1,D
69ba5b34b24b6ca8088fc0a1c7f8cf1f57b7558cc9fa963af4eb89ac5bcf24f3,2022-23,2022-09-04T21:45:00+03:00,independent_poisson,1759,1759,2022-09-03T21:45:00+00:00,Antalyaspor,Kasimpasa,184,184,1.633693018,1.415867940,0.427853388,0.239223950,0.332922663,0.047490638,0,2,A
a2920012cdb4692b35d294ecd64a956158593965fd63abc2010bb68864a7da19,2022-23,2022-09-04T21:45:00+03:00,independent_poisson,1759,1759,2022-09-03T21:45:00+00:00,Ankaragucu,Besiktas,111,184,1.018683710,1.899046347,0.199135696,0.221497305,0.579367000,0.032014749,2,3,A
9a8b63bb8caf22f6befe7268af30d772d1f7fbc22435fc5555b10a37b6c39e76,2022-23,2022-09-05T21:00:00+03:00,independent_poisson,1762,1762,2022-09-04T21:45:00+00:00,Galatasaray,Gaziantep FK,184,116,2.014822732,0.964483876,0.617318906,0.209308164,0.173372931,0.099504390,2,1,H
6e67ad132c1b4c1715d2da503370c34d344a30cc08517c6a7937cda1d08ef241,2022-23,2022-09-09T20:00:00+03:00,independent_poisson,1763,1763,2022-09-05T21:00:00+00:00,Alanyaspor,Ankaragucu,185,112,2.010998294,0.904453673,0.631018231,0.207697957,0.161283812,0.099086624,2,1,H
3bd5b0d091ee767a40fb71378e7a6a09da63c127e446ff54d8f0c49eb8e94192,2022-23,2022-09-10T17:00:00+03:00,independent_poisson,1764,1764,2022-09-09T20:00:00+00:00,Konyaspor,Hatayspor,185,82,1.448803362,1.122187603,0.445837956,0.261415305,0.292746739,0.110775127,1,0,H
29c0d9ce08a4b2ede21b60a52291a812da0e9ee7e011e1f3eea1c17f8b836c61,2022-23,2022-09-10T20:00:00+03:00,independent_poisson,1764,1764,2022-09-09T20:00:00+00:00,Fatih Karagumruk,Giresunspor,82,43,1.421385576,0.911735046,0.488774162,0.269775171,0.241450667,0.125695330,1,1,D
a4c077996bebca0128b2639ea491d270a3af55f7c7f51d67034f9cde3914654e,2022-23,2022-09-11T17:00:00+03:00,independent_poisson,1766,1766,2022-09-10T20:00:00+00:00,Sivasspor,Istanbulspor,185,4,1.892719592,0.413608612,0.733587902,0.194277081,0.072135018,0.077992032,1,1,D
385be2329d23d15003c9e7250d54e31fe740999de3048fd73ee0a7875b3688ac,2022-23,2022-09-11T20:00:00+03:00,independent_poisson,1766,1766,2022-09-10T20:00:00+00:00,Gaziantep FK,Umraniyespor,117,5,1.423616690,0.655926441,0.556348362,0.271943088,0.171708551,0.116711621,1,1,D
b6c8b962f34547d46981123a5c990c85b899abced99118479cf35d32cffc522b,2022-23,2022-09-11T20:00:00+03:00,independent_poisson,1766,1766,2022-09-10T20:00:00+00:00,Kayserispor,Antalyaspor,185,185,1.399761059,1.188393710,0.418096919,0.262854406,0.319048675,0.105204078,1,0,H
e2ac97c4188792d0ce3a399e95147cb396276f3a9410c623aa86f8d712319286,2022-23,2022-09-11T20:00:00+03:00,independent_poisson,1766,1766,2022-09-10T20:00:00+00:00,Kasimpasa,Galatasaray,185,185,1.347659198,1.843720373,0.281240423,0.227263238,0.491496339,0.039000084,2,3,A
1060f1443dd96d1090b92229aeb72c3aa17d507b4bb65de8c0de5bbe7e65aecf,2022-23,2022-09-12T19:00:00+03:00,independent_poisson,1770,1770,2022-09-11T20:00:00+00:00,Besiktas,Istanbul Basaksehir,185,184,1.542089267,1.122458894,0.469793696,0.253507566,0.276698738,0.078157720,0,1,A
177a3c745c023bbde144a674f70376ae947f7a53e8d7aec5134fbe29335d9c60,2022-23,2022-09-12T21:00:00+03:00,independent_poisson,1770,1770,2022-09-11T20:00:00+00:00,Adana Demirspor,Trabzonspor,43,185,1.639334064,1.356135869,0.441834782,0.240583677,0.317581541,0.033768478,3,2,H
124cae44686062b31f428a41110efdd0368c9d441d633eeedf9b2962f2b84aa3,2022-23,2022-09-16T20:00:00+03:00,independent_poisson,1772,1772,2022-09-12T21:00:00+00:00,Galatasaray,Konyaspor,186,186,1.771538957,0.855825560,0.590617447,0.231068244,0.178314309,0.097052507,2,1,H
ad94687866e8605639132f2778404624f90cb62e94f86cc5a320019e057b9c91,2022-23,2022-09-16T20:00:00+03:00,independent_poisson,1772,1772,2022-09-12T21:00:00+00:00,Hatayspor,Kayserispor,83,186,1.869212528,1.013739870,0.573905595,0.224197295,0.201897110,0.002462887,0,4,A
072aa2a6600c86714601dbdb533e30c65db7dc09ee5f5952d651c70bf67f0267,2022-23,2022-09-17T17:00:00+03:00,independent_poisson,1774,1774,2022-09-16T20:00:00+00:00,Umraniyespor,Kasimpasa,6,186,1.087866177,1.120402290,0.346517149,0.290613542,0.362869309,0.075033403,1,2,A
0103f8a432fdc875513832237ea338e0113e618cfd96904bd5975e8c5925e788,2022-23,2022-09-17T20:00:00+03:00,independent_poisson,1774,1774,2022-09-16T20:00:00+00:00,Antalyaspor,Adana Demirspor,186,44,1.221346650,1.597545002,0.292012632,0.246832268,0.461155100,0.040548889,0,3,A
4254f1b4ed8c83c7102095e9eff79f7144c7388f4466df1f2190bb003133a9e9,2022-23,2022-09-17T20:00:00+03:00,independent_poisson,1774,1774,2022-09-16T20:00:00+00:00,Istanbulspor,Besiktas,5,186,0.574106901,1.813372986,0.110820956,0.215459371,0.673719673,0.024890320,2,2,D
166f31ffd26ee641240e8392f57f3f53714888356d907c25c09d74cbbaa0a2c0,2022-23,2022-09-18T17:00:00+03:00,independent_poisson,1777,1777,2022-09-17T20:00:00+00:00,Trabzonspor,Gaziantep FK,186,118,1.972073426,1.067506722,0.583736213,0.215801214,0.200462573,0.034854299,3,2,H
b13e0c0f9bf589922c4f9acdbde4ba24cb8a62bb39857b1fbdd40428c68cbc5b,2022-23,2022-09-18T17:00:00+03:00,independent_poisson,1777,1777,2022-09-17T20:00:00+00:00,Istanbul Basaksehir,Fatih Karagumruk,185,83,1.658438433,0.888378685,0.555527221,0.243883002,0.200589777,0.078330587,0,0,D
1ef21d6165f0b3fa50e20ff42da0da0a02e04770e48dcd9cfc3f297372a21c74,2022-23,2022-09-18T20:00:00+03:00,independent_poisson,1777,1777,2022-09-17T20:00:00+00:00,Fenerbahce,Alanyaspor,185,186,2.004857717,1.121043057,0.578277977,0.213968556,0.207753467,0.011848819,5,0,H
9cd6b24131a0faaf5c08bbf36209ad9e3c63abdd898cb6f2ff8c18bcca94de39,2022-23,2022-09-18T20:00:00+03:00,independent_poisson,1777,1777,2022-09-17T20:00:00+00:00,Ankaragucu,Sivasspor,113,186,1.143496044,1.389403190,0.309114460,0.265531335,0.425354205,0.072151185,2,1,H
4d1110d04e41576679e8b614cb024e327a2d688e5c9d7c043f1f0120a33ddfba,2022-23,2022-10-01T14:30:00+03:00,independent_poisson,1781,1781,2022-09-18T20:00:00+00:00,Kasimpasa,Gaziantep FK,187,119,1.733745240,1.472235338,0.439689488,0.231971726,0.328338786,0.070249883,1,0,H
5a11a638ddaa575ee5def66aacbb91222e548f1c15c44f58a5af5c7ad781aa5d,2022-23,2022-10-01T17:00:00+03:00,independent_poisson,1781,1781,2022-09-18T20:00:00+00:00,Kayserispor,Trabzonspor,187,187,1.144352736,1.718477623,0.253624753,0.238292741,0.508082506,0.096495320,1,2,A
d7f49db0c70d46cec3325b3df9bf07dada75b21553b7e27b1e7af28ca5ff86d1,2022-23,2022-10-01T17:00:00+03:00,independent_poisson,1781,1781,2022-09-18T20:00:00+00:00,Ankaragucu,Istanbul Basaksehir,114,186,0.849656292,1.496423822,0.213498610,0.262094618,0.524406773,0.091082063,1,2,A
828af25cd24c47ae0f25d101ce559f5a81c2b66fe0e16cab1d004f90f571797f,2022-23,2022-10-01T20:00:00+03:00,independent_poisson,1782,1782,2022-10-01T14:30:00+00:00,Adana Demirspor,Galatasaray,45,187,1.545226622,1.382618084,0.413358377,0.245509245,0.341132378,0.053512249,0,0,D
0bdfae2ac4fbca2236fb61700397eeb1043abe50123404d1e51085be4cd8c865,2022-23,2022-10-02T14:30:00+03:00,independent_poisson,1785,1785,2022-10-01T20:00:00+00:00,Sivasspor,Hatayspor,187,84,1.618886321,1.202013844,0.470760739,0.245605538,0.283633723,0.069647242,1,2,A
f0c70499133418490108698c24740078a4689188f9c2532e20df43d76562ac6d,2022-23,2022-10-02T14:30:00+03:00,independent_poisson,1785,1785,2022-10-01T20:00:00+00:00,Alanyaspor,Giresunspor,187,44,1.494166521,0.930689549,0.503397641,0.261545034,0.235057325,0.123055840,1,1,D
f6ec1739c12b096617e7cad0f3ecb905ce2e21b94964c47ee5a81dd217603979,2022-23,2022-10-02T17:00:00+03:00,independent_poisson,1785,1785,2022-10-01T20:00:00+00:00,Konyaspor,Umraniyespor,187,7,1.299796984,0.609164174,0.534497092,0.290986269,0.174516639,0.192674494,1,0,H
b06aace2ada2cb613e417107a2546605f8d2123d32bc2a99d888a9f70ce3300c,2022-23,2022-10-02T20:00:00+03:00,independent_poisson,1787,1787,2022-10-02T14:30:00+00:00,Besiktas,Fenerbahce,187,186,1.792393456,1.372370157,0.474388067,0.230384065,0.295227868,0.042224122,0,0,D
94ce454ee62a3ac5d00df47ada9ceb6c5dab23aeecd1935c22e84f920bca2b25,2022-23,2022-10-03T20:00:00+03:00,independent_poisson,1789,1789,2022-10-02T20:00:00+00:00,Fatih Karagumruk,Istanbulspor,84,6,1.806851616,0.665718989,0.647825590,0.220767455,0.131406955,0.033779297,1,2,A
9744eb24d3747ee2d536237653c64a72e662fd1da29f19a1ee4cccc242846288,2022-23,2022-10-07T20:00:00+03:00,independent_poisson,1790,1790,2022-10-03T20:00:00+00:00,Gaziantep FK,Adana Demirspor,120,46,1.378844178,1.485380327,0.351527278,0.249131986,0.399340736,0.116798149,1,1,D
1507904e8518ae3cfbcea7aa98d6a49b6ea0ca77d87e88219c9134d9801b5e59,2022-23,2022-10-08T14:30:00+03:00,independent_poisson,1791,1791,2022-10-07T20:00:00+00:00,Istanbulspor,Ankaragucu,7,115,1.266849986,0.974179266,0.430756086,0.284096579,0.285147335,0.063930238,1,2,A
b7d6f0047a1aa5a5a696231614a8fcf8da8450fc7c72cf91c716a10747abfec6,2022-23,2022-10-08T17:00:00+03:00,independent_poisson,1791,1791,2022-10-07T20:00:00+00:00,Antalyaspor,Konyaspor,187,188,1.170163981,1.178042662,0.357962863,0.280216390,0.361820746,0.131702663,1,1,D
56f5c0b453cfd8424ca06a5bc5e5c5e9cc9656ee60b064ee1cca851eaf3d69ed,2022-23,2022-10-08T20:00:00+03:00,independent_poisson,1792,1792,2022-10-08T14:30:00+00:00,Giresunspor,Besiktas,45,188,1.046897961,1.410198644,0.279634761,0.267277422,0.453087817,0.120830562,0,1,A
652047a9cfb4f1d83d7ae0ed5e994de94f69087effc8ac3c080e52913f2f7a59,2022-23,2022-10-09T14:30:00+03:00,independent_poisson,1794,1794,2022-10-08T20:00:00+00:00,Umraniyespor,Kayserispor,8,188,0.935432983,0.907522452,0.345484278,0.324143518,0.330372204,0.028529539,2,2,D
8e7d054a4a9f89bb0bf6b801afc0fbc57e112b5500f4c308e2f58ba4886ed2a6,2022-23,2022-10-09T17:00:00+03:00,independent_poisson,1794,1794,2022-10-08T20:00:00+00:00,Hatayspor,Alanyaspor,85,188,1.629971350,1.380805220,0.434333706,0.240483071,0.325183222,0.080281656,1,0,H
8eb33d4e26bf03ed0d1b3c6624d572b3dea68fdc5a28838bcec3e28506279252,2022-23,2022-10-09T20:00:00+03:00,independent_poisson,1795,1795,2022-10-09T14:30:00+00:00,Fenerbahce,Fatih Karagumruk,187,85,2.003580298,1.024518728,0.600632135,0.212018796,0.187349068,0.000597908,5,4,H
2d561d316edbe41b8787dabc46a83affeca5d19d58bce831f37b2524b3c7c853,2022-23,2022-10-10T20:00:00+03:00,independent_poisson,1797,1797,2022-10-09T20:00:00+00:00,Trabzonspor,Kasimpasa,188,188,2.353080236,1.155469001,0.640129786,0.186569186,0.173301028,0.029940319,0,0,D
3a80bad4a9acf74062a12318e04a61643f9337d9affd7507ce7709b2da26caae,2022-23,2022-10-10T20:00:00+03:00,independent_poisson,1797,1797,2022-10-09T20:00:00+00:00,Istanbul Basaksehir,Sivasspor,187,188,1.621000887,0.844327790,0.557522709,0.247686704,0.194790587,0.030290994,0,2,A
f53f671f6323666939f85bd4e165e5154c12ebd2110844339d92f4a856a6bda6,2022-23,2022-10-14T20:00:00+03:00,independent_poisson,1799,1799,2022-10-10T20:00:00+00:00,Alanyaspor,Antalyaspor,189,188,1.852769318,1.028950707,0.566552091,0.225960156,0.207487753,0.031445379,3,2,H
8148b73ac740a88e73b9a7ac6dfb279e314badcedc1480ce1805a436d81743a6,2022-23,2022-10-15T14:30:00+03:00,independent_poisson,1800,1800,2022-10-14T20:00:00+00:00,Fatih Karagumruk,Hatayspor,86,86,1.684729836,1.260237637,0.473671279,0.239580009,0.286748712,0.041923393,3,0,H
a349998cf4faa281b9682b5186732bb6b53a087e35e8a2577791b66b5a444c3e,2022-23,2022-10-15T17:00:00+03:00,independent_poisson,1800,1800,2022-10-14T20:00:00+00:00,Kasimpasa,Adana Demirspor,189,47,1.471479496,1.734969324,0.327948091,0.231921788,0.440130120,0.022499204,1,4,A
8ca1c7050c8c81b16e369150f06d6c8d2f7032de2aa54513f376ca6b4d35ba59,2022-23,2022-10-15T20:00:00+03:00,independent_poisson,1801,1801,2022-10-15T14:30:00+00:00,Kayserispor,Galatasaray,189,188,1.029967126,1.761961046,0.220149650,0.234446150,0.545404201,0.057292007,2,1,H
cb70f54f9d362bc14c7656e290599f13c7263ed63d613068992b142321b6c07a,2022-23,2022-10-15T20:00:00+03:00,independent_poisson,1801,1801,2022-10-15T14:30:00+00:00,Konyaspor,Gaziantep FK,189,121,1.408275790,1.065022994,0.448333937,0.266853609,0.284812454,0.089788139,0,1,A
48cf67eaa3414e34f76928aaf7fdc318c1645fd489b7764fd6e0d4cfe2b285e6,2022-23,2022-10-16T17:00:00+03:00,independent_poisson,1804,1804,2022-10-15T20:00:00+00:00,Istanbul Basaksehir,Istanbulspor,188,8,1.886904675,0.580212978,0.687595101,0.206432657,0.105972242,0.151013003,2,0,H
83715b31270ea2d08bc90171db8b9e60c49d15b650298e8730194ff0fd3aedac,2022-23,2022-10-16T20:00:00+03:00,independent_poisson,1804,1804,2022-10-15T20:00:00+00:00,Besiktas,Trabzonspor,189,189,1.843122057,1.302147263,0.501359996,0.227657734,0.270982270,0.062000515,2,2,D
5991215963f1c33093044849b01a2d3ef489c2b3a92a882d3ec8797ba3391a5b,2022-23,2022-10-17T20:00:00+03:00,independent_poisson,1806,1806,2022-10-16T20:00:00+00:00,Sivasspor,Giresunspor,189,46,1.320044707,0.878967535,0.468982426,0.282108938,0.248908636,0.042520248,3,0,H
e1f8fe8567884b316ebddab538a6f4a0865f9c41f81b4bd52c9f36e9718dfd8f,2022-23,2022-10-17T20:00:00+03:00,independent_poisson,1806,1806,2022-10-16T20:00:00+00:00,Ankaragucu,Fenerbahce,116,188,1.019708838,1.848817646,0.205923412,0.226199153,0.567877435,0.059806138,0,3,A
48be3e578e53eeb4e5ec1d7f2d7f73253da0ffd63ddfa3b80c3c15deed9e6110,2022-23,2022-10-21T20:00:00+03:00,independent_poisson,1808,1808,2022-10-17T20:00:00+00:00,Antalyaspor,Istanbulspor,189,9,1.530191646,0.825513009,0.539397767,0.258189162,0.202413071,0.091646534,2,1,H
fb26d60dec09ab75e5e69dcf1f4aa99a2aa40dbe407ece6e9f683dbc79e04258,2022-23,2022-10-22T14:30:00+03:00,independent_poisson,1809,1809,2022-10-21T20:00:00+00:00,Umraniyespor,Fatih Karagumruk,9,87,0.944097644,1.239064980,0.281595014,0.288447734,0.429957252,0.033729696,1,3,A
1b748e3a95547dbc0281abcf87d99650277cf0486cc5d05b4eeb838258654923,2022-23,2022-10-22T17:00:00+03:00,independent_poisson,1809,1809,2022-10-21T20:00:00+00:00,Trabzonspor,Sivasspor,190,190,1.882703176,1.046206752,0.569154611,0.223454009,0.207391381,0.100640419,1,0,H
3f85ba3db1d25fc474c31f692fc6f5d5e53a98490bf117e36e7d5626fa7cb6c5,2022-23,2022-10-22T20:00:00+03:00,independent_poisson,1810,1810,2022-10-22T14:30:00+00:00,Fenerbahce,Istanbul Basaksehir,189,189,1.466106596,1.080883573,0.459902809,0.261165262,0.278931930,0.114821118,1,0,H
b8f329e8686f87b48ad4f5e9e89d85b6c4e79118baefedb20715ebde6db50841,2022-23,2022-10-23T14:30:00+03:00,independent_poisson,1812,1812,2022-10-22T20:00:00+00:00,Kasimpasa,Kayserispor,190,190,1.930353076,1.210746665,0.541460609,0.221120282,0.237419109,0.052346904,0,1,A
7ebab085fb458712eb2af0adbd809bdd8c16d3e67f9e11d8720b9dad288f6b1c,2022-23,2022-10-23T17:00:00+03:00,independent_poisson,1812,1812,2022-10-22T20:00:00+00:00,Adana Demirspor,Konyaspor,48,190,1.702400843,0.923672302,0.557306933,0.239513638,0.203179429,0.113786482,1,1,D
ff553405ae298dc989f0403b42ea08d66b7e2250edf9a20e297902bb25867d14,2022-23,2022-10-23T20:00:00+03:00,independent_poisson,1813,1813,2022-10-23T14:30:00+00:00,Galatasaray,Alanyaspor,189,190,2.008386528,1.044325811,0.596967636,0.212069340,0.190963024,0.051943416,2,2,D
50a723f5ffcaadaffe06159ef5903dc7536c843f61d65948ee81271c4e2cc547,2022-23,2022-10-24T20:00:00+03:00,independent_poisson,1815,1815,2022-10-23T20:00:00+00:00,Hatayspor,Besiktas,87,190,1.384434765,1.704325190,0.312942835,0.235787930,0.451269235,0.074410814,2,1,H
be095cd93303bb69f77dc30364a493cfd2dadaaa2d6c621462ed00400aa7e424,2022-23,2022-10-24T20:00:00+03:00,independent_poisson,1815,1815,2022-10-23T20:00:00+00:00,Giresunspor,Ankaragucu,47,117,1.363292961,0.812729218,0.497916889,0.278670398,0.223412713,0.125747871,1,1,D
541611f400beb7c70488285836281245455a1bb7250d88d74d30ae5ef4177b84,2022-23,2022-10-28T20:00:00+03:00,independent_poisson,1817,1817,2022-10-24T20:00:00+00:00,Fatih Karagumruk,Galatasaray,88,190,1.323363558,1.548954165,0.325840074,0.247361513,0.426798413,0.067860241,0,2,A
9b2aed045729f4550dd920be633963a2de8fa7112153b3e101a7351f6fc56aa5,2022-23,2022-10-29T14:30:00+03:00,independent_poisson,1818,1818,2022-10-28T20:00:00+00:00,Konyaspor,Kasimpasa,191,191,1.660422490,1.138445694,0.495475926,0.243221618,0.261302456,0.115079487,1,1,D
0fe6319502b4f2cb643e314323cf450faa92cd633cea30ac206d47e373add337,2022-23,2022-10-29T20:00:00+03:00,independent_poisson,1819,1819,2022-10-29T14:30:00+00:00,Alanyaspor,Gaziantep FK,191,122,1.709316278,1.222286484,0.488056459,0.238296153,0.273647388,0.077881796,2,0,H
a991e8e444f7eef7e4e4c8ee5f8f9e9d7ee37dcb6b03b0827181a32ef181cd9c,2022-23,2022-10-30T14:30:00+03:00,independent_poisson,1820,1820,2022-10-29T20:00:00+00:00,Ankaragucu,Hatayspor,118,88,1.243181438,1.457533036,0.322494823,0.256420281,0.421084896,0.009741814,4,1,H
47950fac17247d32c476a9a33edcc4009a4981470569fffbe9491274b7f6fea4,2022-23,2022-10-30T17:00:00+03:00,independent_poisson,1820,1820,2022-10-29T20:00:00+00:00,Kayserispor,Adana Demirspor,191,49,1.129815820,1.683252973,0.255611897,0.241374647,0.503013456,0.054269252,2,2,D
e042a84a05d9302982e6ccd5290e5115ffed65e3925413bd470c13a8543499ef,2022-23,2022-10-30T17:00:00+03:00,independent_poisson,1820,1820,2022-10-29T20:00:00+00:00,Besiktas,Umraniyespor,191,10,2.304195171,0.636952351,0.750218201,0.163829691,0.085952108,0.005797955,5,2,H
eb5d7a575aaf5d69ccca7008b21a44dd06bbd5b2e6628dd4bdc7c2245c9f1321,2022-23,2022-10-30T20:00:00+03:00,independent_poisson,1821,1821,2022-10-30T14:30:00+00:00,Istanbulspor,Fenerbahce,10,190,0.838866491,1.860120296,0.164043517,0.221034136,0.614922347,0.004392629,2,5,A
11c76d100cb089267751d18d5f49d3535dc244a9dfa10dd04baa1e8121c1d1ff,2022-23,2022-10-31T20:00:00+03:00,independent_poisson,1824,1824,2022-10-30T20:00:00+00:00,Sivasspor,Antalyaspor,191,190,1.686541896,0.989528887,0.537256618,0.241514459,0.221228922,0.033699556,0,2,A
238b0b004371aa9dcafa838d910bca8904e1021903ad954061919b7047ae2812,2022-23,2022-10-31T20:00:00+03:00,independent_poisson,1824,1824,2022-10-30T20:00:00+00:00,Istanbul Basaksehir,Giresunspor,190,48,1.460397490,0.632822399,0.572628271,0.266420777,0.160950952,0.040501395,3,1,H
04c19394f14634fbf17ed9237906bd3f6d2e85e21230e8239d620c45272d5fcc,2022-23,2022-11-04T20:00:00+03:00,independent_poisson,1826,1826,2022-10-31T20:00:00+00:00,Umraniyespor,Alanyaspor,11,192,1.078941294,1.649844090,0.248444640,0.244718039,0.506837321,0.022552187,3,1,H
87a01aba1253b067e00c52bba2244132feab096b2716dd80a8015c35c6b1ceeb,2022-23,2022-11-04T20:00:00+03:00,independent_poisson,1826,1826,2022-10-31T20:00:00+00:00,Kasimpasa,Ankaragucu,192,119,1.969243598,1.122695606,0.570220234,0.217005333,0.212774433,0.100403611,1,1,D
6a41b6c850615f7843620e01fc5edd8b59e698999bbe330425bfd21aac094f43,2022-23,2022-11-05T14:30:00+03:00,independent_poisson,1828,1828,2022-11-04T20:00:00+00:00,Giresunspor,Istanbulspor,49,11,1.578773752,0.780059459,0.563622365,0.252092929,0.184284706,0.018862776,3,2,H
c3ec6728f3c3b86e1e190edfd509bb5d3b8a3287c08831bd0d664383bf2de738,2022-23,2022-11-05T20:00:00+03:00,independent_poisson,1829,1829,2022-11-05T14:30:00+00:00,Galatasaray,Besiktas,191,192,1.744166285,1.292593193,0.480592215,0.234799306,0.284608479,0.094353879,2,1,H
aa5a56549910134851f1eef9785b5d02535234010e70b5330540e212314f9323,2022-23,2022-11-06T14:30:00+03:00,independent_poisson,1830,1830,2022-11-05T20:00:00+00:00,Gaziantep FK,Kayserispor,123,192,1.760878006,1.011390480,0.549632179,0.234421794,0.215946027,0.056306183,1,2,A
aef6df93add8ac45d4f52f0483cf942973ca8ede143f224212eca30799375633,2022-23,2022-11-06T17:00:00+03:00,independent_poisson,1830,1830,2022-11-05T20:00:00+00:00,Antalyaspor,Fatih Karagumruk,191,89,1.345016947,1.373372241,0.364917534,0.257135980,0.377946486,0.008485255,4,2,H
8631a3b66b1635cce71140c1fa3ac0ba62935e99752ced2164ba0b143896a9b0,2022-23,2022-11-06T20:00:00+03:00,independent_poisson,1831,1831,2022-11-06T14:30:00+00:00,Trabzonspor,Konyaspor,191,192,1.696964203,0.928601450,0.554776431,0.240124807,0.205098762,0.044944382,2,2,D
94215587a8ac3d23ce30eb648965ea160aec1b1655d4458a468e6d882b7b8d60,2022-23,2022-11-07T20:00:00+03:00,independent_poisson,1833,1833,2022-11-06T20:00:00+00:00,Fenerbahce,Sivasspor,191,192,1.982722320,0.997523687,0.602623226,0.213249173,0.184127601,0.100683314,1,0,H
b028d6196bbaf8af42195daf15da417270ed434c316d7f27f2862102d89c1c8b,2022-23,2022-11-07T20:00:00+03:00,independent_poisson,1833,1833,2022-11-06T20:00:00+00:00,Hatayspor,Istanbul Basaksehir,89,191,1.139765376,1.359777678,0.313633929,0.268079937,0.418286134,0.008491997,3,3,D
35cd1e6686d95e8b0f7ca640f06b20b835ed19e801e1cb53c8364be69c5078ee,2022-23,2022-11-11T20:00:00+03:00,independent_poisson,1835,1835,2022-11-07T20:00:00+00:00,Ankaragucu,Trabzonspor,120,192,1.061243065,1.752792560,0.228804204,0.235434984,0.535760812,0.111538614,1,1,D
6156a10584e3e16177aa82bf941b399f63a01a7687ac52ee14b9dbb7fc50c5a9,2022-23,2022-11-11T20:00:00+03:00,independent_poisson,1835,1835,2022-11-07T20:00:00+00:00,Alanyaspor,Adana Demirspor,193,50,1.486420189,1.492120272,0.376744274,0.243996342,0.379259384,0.050867022,0,0,D
66fb615d2bf8373f76b415bbd7f48f2b8fcb83ed35b7ea478ccb0f4886410371,2022-23,2022-11-12T14:30:00+03:00,independent_poisson,1837,1837,2022-11-11T20:00:00+00:00,Sivasspor,Umraniyespor,193,12,1.854365768,0.923569408,0.592536740,0.223891224,0.183572037,0.045585631,2,2,D
3ec83ac68a79839f5c29af303ea49c0ce43dc82683e4d430aff5788e63d5ed83,2022-23,2022-11-12T17:00:00+03:00,independent_poisson,1837,1837,2022-11-11T20:00:00+00:00,Fenerbahce,Giresunspor,192,50,1.897318073,0.769998356,0.640461047,0.214530803,0.145008150,0.039056106,1,2,A
0bd4e5be60673800d26ddc7f793d9ce79ed8a65a760457fe4f4fd036b6c9e371,2022-23,2022-11-12T20:00:00+03:00,independent_poisson,1838,1838,2022-11-12T14:30:00+00:00,Istanbul Basaksehir,Galatasaray,192,192,1.314482864,1.113803119,0.411847348,0.272993611,0.315159042,0.000037208,0,7,A
652470590e8124ceaef8c431c4147546aecd498d40e39897c736862602653f1a,2022-23,2022-11-13T14:30:00+03:00,independent_poisson,1840,1840,2022-11-12T20:00:00+00:00,Fatih Karagumruk,Gaziantep FK,90,124,1.644851527,1.226882192,0.471502966,0.243139834,0.285357200,0.012921356,3,3,D
5ea424a71a9f59f6fc26b5a2cc53b49f3887874def65213ead214b87f9839c5c,2022-23,2022-11-13T17:00:00+03:00,independent_poisson,1840,1840,2022-11-12T20:00:00+00:00,Istanbulspor,Hatayspor,12,90,1.314360755,1.807208405,0.279459923,0.230095971,0.490444105,0.079676083,0,1,A
6635801b188b46bc982b466a88817b912a9044ca7b389180330fc628ef8760e5,2022-23,2022-11-13T17:00:00+03:00,independent_poisson,1840,1840,2022-11-12T20:00:00+00:00,Kayserispor,Konyaspor,193,193,1.146237421,1.211387379,0.344396320,0.279366557,0.376237122,0.079598931,1,2,A
b8d140b9ae0c3da6fb8b6e455f3792e268705bf307c9e9150baa6a61bde581d5,2022-23,2022-12-23T20:00:00+03:00,independent_poisson,1843,1843,2022-11-13T17:00:00+00:00,Antalyaspor,Ankaragucu,192,121,1.568806307,1.024316762,0.499716886,0.252788550,0.247494564,0.039233723,0,2,A
f6579940ba695aef87e132e218faa72f2b10631d84e327406dddf1d714b23141,2022-23,2022-12-23T20:00:00+03:00,independent_poisson,1843,1843,2022-11-13T17:00:00+00:00,Umraniyespor,Istanbul Basaksehir,13,193,0.990726486,1.570630718,0.238716520,0.252976400,0.508307080,0.049390280,1,3,A
54a16ef7d4f3ab985d9c3878a8df76712b0ca9b5bfa658a59a7c5663652debd7,2022-23,2022-12-24T13:30:00+03:00,independent_poisson,1845,1845,2022-12-23T20:00:00+00:00,Hatayspor,Giresunspor,91,51,1.461600687,1.002069652,0.477396557,0.263593467,0.259009977,0.124671796,1,1,D
70cfbf455f1dd3251751e5d5f8c06af5fba54d3eda5c5459f9ee3f28b7f1b17a,2022-23,2022-12-24T16:00:00+03:00,independent_poisson,1845,1845,2022-12-23T20:00:00+00:00,Kasimpasa,Sivasspor,193,194,1.604104918,1.405120148,0.422989988,0.241284223,0.335725789,0.078115975,1,2,A
19d7b2933531863c7b3fe54a84f93e118f77e6201dbf12484240e59611169d7a,2022-23,2022-12-24T19:00:00+03:00,independent_poisson,1846,1846,2022-12-24T13:30:00+00:00,Trabzonspor,Fenerbahce,193,193,1.632775169,1.385625482,0.433988115,0.240172991,0.325838893,0.065155042,2,0,H
9b83f26afdfd0d72d680d7202aa73b02dac15358a8913772b48ce351cd139156,2022-23,2022-12-25T13:30:00+03:00,independent_poisson,1848,1848,2022-12-24T19:00:00+00:00,Adana Demirspor,Fatih Karagumruk,51,91,1.946550935,1.093038807,0.572197243,0.218490635,0.209312123,0.099096902,2,1,H
0308cca5748ea93f2f2a850fba1371e52037a8c4889a985ed18aa81bf31ac0d6,2022-23,2022-12-25T16:00:00+03:00,independent_poisson,1848,1848,2022-12-24T19:00:00+00:00,Gaziantep FK,Besiktas,125,193,1.362732874,1.656800355,0.316083223,0.239301957,0.444614821,0.110233677,1,1,D
2edb2206f6b2e21951a34671c6a5fddc500674cbfbb04df7634ae989fb5d0969,2022-23,2022-12-25T16:00:00+03:00,independent_poisson,1848,1848,2022-12-24T19:00:00+00:00,Konyaspor,Alanyaspor,194,194,1.388804317,1.148303032,0.424116918,0.265381755,0.310501328,0.050290207,2,2,D
15a2af5266737fcef6de7b7d281e5f5f0fc2ab2ee6e1970f999d3604e08683b8,2022-23,2022-12-25T19:00:00+03:00,independent_poisson,1849,1849,2022-12-25T13:30:00+00:00,Galatasaray,Istanbulspor,193,13,2.826961037,0.677120376,0.815638003,0.121808732,0.062553265,0.081371498,2,1,H
3ce03b1eee026e4471c2ac1343c4076ee43b76834a0889236313fdc23fccc80b,2022-23,2022-12-27T17:00:00+03:00,independent_poisson,1852,1852,2022-12-25T19:00:00+00:00,Ankaragucu,Umraniyespor,122,14,1.570353763,1.193752377,0.460611439,0.249563266,0.289825295,0.070527739,1,2,A
847c8fe93d8aba07f79bd88934568c8bbac6bc7cf46ee23c28a47abff51cbff6,2022-23,2022-12-27T17:00:00+03:00,independent_poisson,1852,1852,2022-12-25T19:00:00+00:00,Istanbul Basaksehir,Antalyaspor,194,193,1.817240304,0.776127739,0.621344945,0.223775051,0.154880005,0.123455174,2,0,H
3c8f0b196296d103ba1e560641af49480d912ed9913a281e82927201df27c560,2022-23,2022-12-27T20:00:00+03:00,independent_poisson,1852,1852,2022-12-25T19:00:00+00:00,Fenerbahce,Hatayspor,194,92,2.166960997,1.050881663,0.627967704,0.198320896,0.173711401,0.036787631,4,0,H
368363ed5a6fe8652ca519c517cff875ee639bf9a2f24827ffdec74b279f46b5,2022-23,2022-12-28T17:00:00+03:00,independent_poisson,1855,1855,2022-12-27T20:00:00+00:00,Alanyaspor,Kayserispor,195,194,1.918879357,1.022178994,0.582905703,0.219725224,0.197369073,0.063567232,3,1,H
5a6d8f660619afacd057bd6c82f8bcdb5c0a8f2a23e1c82408498b5b82132db4,2022-23,2022-12-28T17:00:00+03:00,independent_poisson,1855,1855,2022-12-27T20:00:00+00:00,Istanbulspor,Kasimpasa,14,194,1.352726799,1.758580575,0.296289249,0.232907150,0.470803602,0.071668587,2,1,H
6c68c7fefaa0a44cd239f99b690508fda23f0fdbeb0303329cbca5c362628e22,2022-23,2022-12-28T20:00:00+03:00,independent_poisson,1855,1855,2022-12-27T20:00:00+00:00,Fatih Karagumruk,Trabzonspor,92,194,1.434726566,1.563204709,0.350478191,0.242554380,0.406967429,0.013768802,4,1,H
30c0bcebd198db6cff83cd15ef5adf8ba602866c87f99da87b44968471bedebb,2022-23,2022-12-29T17:00:00+03:00,independent_poisson,1858,1858,2022-12-28T20:00:00+00:00,Sivasspor,Galatasaray,195,194,1.196408597,1.502865976,0.302292057,0.254710178,0.442997765,0.090867793,1,2,A
4e81883cbcb2bcb70a83aed69eb0e1ae54762efc80631120d4dfc37bb04b1e98,2022-23,2022-12-29T17:00:00+03:00,independent_poisson,1858,1858,2022-12-28T20:00:00+00:00,Giresunspor,Gaziantep FK,52,126,1.220769086,1.091595652,0.390793607,0.282032624,0.327173769,0.080547414,2,1,H
5c18c71178fb213bc18b29a1a9a09522097dac434cc4f0fd84ca78cf73a0b88f,2022-23,2022-12-29T20:00:00+03:00,independent_poisson,1858,1858,2022-12-28T20:00:00+00:00,Besiktas,Adana Demirspor,194,52,1.783327111,1.270229183,0.494703432,0.232228733,0.273067835,0.084156635,1,0,H
2f1f75372efdcbbfde7de7c910a93e4462f98c745d7c5024841cea55587abaf3,2022-23,2023-01-03T17:00:00+03:00,independent_poisson,1861,1861,2022-12-29T20:00:00+00:00,Umraniyespor,Hatayspor,15,93,1.501419974,1.556376545,0.367879160,0.240278906,0.391841935,0.064148955,2,2,D
5dddbeb71c525b03dbacd583cb64f7579332682fe0b68c857fc8cf7502450180,2022-23,2023-01-03T20:00:00+03:00,independent_poisson,1861,1861,2022-12-29T20:00:00+00:00,Antalyaspor,Fenerbahce,194,195,1.125912433,1.733935971,0.246875863,0.237075643,0.516048494,0.096944762,1,2,A
5de513e3f7e2aa31c6bdcf7a3bc83c932d1e05c8265b43fc255a59bbcc89dcb0,2022-23,2023-01-04T17:00:00+03:00,independent_poisson,1863,1863,2023-01-03T20:00:00+00:00,Kayserispor,Fatih Karagumruk,195,93,1.356506678,1.483731123,0.346266153,0.250167056,0.403566791,0.010852352,2,4,A
e8a3b27a56b2d51f5e6484f3686c0e31d18c8b9d98316988a88f483a24e1fd3c,2022-23,2023-01-04T17:00:00+03:00,independent_poisson,1863,1863,2023-01-03T20:00:00+00:00,Kasimpasa,Alanyaspor,195,196,1.666345552,1.576790650,0.402874604,0.232270678,0.364854718,0.019776385,4,1,H
165e209083eaae1706bf5261989c87d574f61e493919938304673357cdcce02b,2022-23,2023-01-04T20:00:00+03:00,independent_poisson,1863,1863,2023-01-03T20:00:00+00:00,Konyaspor,Sivasspor,195,196,1.338909306,1.035156488,0.436532217,0.274364965,0.289102818,0.044710618,2,2,D
a9071e78cec08fa082cb0487750c407524cd8dec27e705fdd6086923d50a7f88,2022-23,2023-01-04T20:00:00+03:00,independent_poisson,1863,1863,2023-01-03T20:00:00+00:00,Galatasaray,Ankaragucu,195,123,2.337248493,0.739157665,0.731799743,0.167596701,0.100603555,0.093121647,2,1,H
79458722a1c5cd515fccab146025abee6e3a3e73b741149093991c8136fec959,2022-23,2023-01-05T17:00:00+03:00,independent_poisson,1867,1867,2023-01-04T20:00:00+00:00,Gaziantep FK,Istanbul Basaksehir,127,195,1.150763029,1.304636285,0.327120023,0.271922724,0.400957253,0.128857286,1,1,D
3039578560e9abab884204f96c062c6d4e9e1f7a41c0666233e6e19a491d8cfa,2022-23,2023-01-05T20:00:00+03:00,independent_poisson,1867,1867,2023-01-04T20:00:00+00:00,Trabzonspor,Giresunspor,195,53,1.746838211,0.834456771,0.590309317,0.233324236,0.176366447,0.067230236,3,0,H
4edf1fd96c3eabd9a921525c0ea1db034ea0d4df457668a639d288305dd598bd,2022-23,2023-01-05T20:00:00+03:00,independent_poisson,1867,1867,2023-01-04T20:00:00+00:00,Adana Demirspor,Istanbulspor,53,15,2.440767267,0.766077735,0.742594129,0.159845853,0.097560018,0.011888050,6,0,H
a0e0492faa271c49cb5bb9077da745d529276b34e25d5dbd0c615344dd9e97b1,2022-23,2023-01-07T16:00:00+03:00,independent_poisson,1870,1870,2023-01-05T20:00:00+00:00,Hatayspor,Antalyaspor,94,195,1.739884650,1.117451296,0.519435558,0.236590634,0.243973808,0.057421531,0,0,D
15179384c7ad0e4bfa376655acd7564d26822a201a0665d28f5a8aef35de313c,2022-23,2023-01-07T19:00:00+03:00,independent_poisson,1870,1870,2023-01-05T20:00:00+00:00,Besiktas,Kasimpasa,195,196,2.500362275,1.122672811,0.673846632,0.173889491,0.152263877,0.093705469,2,1,H
8a0cb34a5195923ff3be03b96a4fb8f673ab3b96595151f3229c8e320ad3d6c7,2022-23,2023-01-08T13:30:00+03:00,independent_poisson,1872,1872,2023-01-07T19:00:00+00:00,Fatih Karagumruk,Konyaspor,94,196,1.508594835,1.122995164,0.461131293,0.256339975,0.282528732,0.009719949,3,3,D
5bd4d66c58ef580570b93737b8672d01eced7d4b386b029b66d4fafdb8214826,2022-23,2023-01-08T16:00:00+03:00,independent_poisson,1872,1872,2023-01-07T19:00:00+00:00,Ankaragucu,Kayserispor,124,196,1.392345766,1.176181505,0.418843388,0.263936352,0.317220260,0.087385893,2,1,H
ce69dda7b5f031b5fb19ba3571ebc3316368b03d0de114ade7c02b2d8af9f501,2022-23,2023-01-08T16:00:00+03:00,independent_poisson,1872,1872,2023-01-07T19:00:00+00:00,Giresunspor,Umraniyespor,54,16,1.546561024,1.014880129,0.496340588,0.255054933,0.248604479,0.078342061,0,1,A
31feefcf5c5385afed9a24a2999c1d4cb4c8aa6d38be03eca8ccd15252665629,2022-23,2023-01-08T19:00:00+03:00,independent_poisson,1873,1873,2023-01-08T13:30:00+00:00,Fenerbahce,Galatasaray,196,196,1.605371902,1.313069646,0.442874792,0.243964886,0.313160322,0.020382102,0,3,A
9c4c72984e6fac1a8eede62ecdc73931f22d69a39dc940cef47957fadc444246,2022-23,2023-01-09T17:00:00+03:00,independent_poisson,1876,1876,2023-01-08T19:00:00+00:00,Istanbul Basaksehir,Adana Demirspor,196,54,1.375662136,1.099754663,0.431590965,0.268448635,0.299960400,0.087544633,2,1,H
cc2fdd035aafc2b309d7f33f4a5116f227eae2eb545d16caa6fc80cb79f356e2,2022-23,2023-01-09T20:00:00+03:00,independent_poisson,1876,1876,2023-01-08T19:00:00+00:00,Alanyaspor,Trabzonspor,197,196,1.483836035,1.521784281,0.370315052,0.242694142,0.386990806,0.002967727,5,0,H
f0f21fa235823630374c95579f3e0206beda9827f3d604dbf3c44f43d390519d,2022-23,2023-01-09T20:00:00+03:00,independent_poisson,1876,1876,2023-01-08T19:00:00+00:00,Istanbulspor,Gaziantep FK,16,128,1.138327774,1.766983043,0.244820330,0.234237035,0.520942635,0.110087817,1,1,D
e13c71cf655de49b00bdc909aedf5543180525af723815210c2f164478778c16,2022-23,2023-01-13T19:00:00+03:00,independent_poisson,1879,1879,2023-01-09T20:00:00+00:00,Kayserispor,Sivasspor,197,197,1.266937955,1.354653713,0.348358472,0.262344063,0.389297464,0.010570503,4,1,H
52cbba45f96f3b70a8aa42f41d0d9d18d6377592e84a1f6cade55e62baa1efb7,2022-23,2023-01-13T20:00:00+03:00,independent_poisson,1879,1879,2023-01-09T20:00:00+00:00,Galatasaray,Hatayspor,197,95,2.172561550,0.946504503,0.653394464,0.193976121,0.152629415,0.041028339,4,0,H
46c436e576c5129791f15ae47f154cf326041b5a664a261af07457553b99e260,2022-23,2023-01-14T13:30:00+03:00,independent_poisson,1881,1881,2023-01-13T20:00:00+00:00,Antalyaspor,Giresunspor,196,55,1.220578420,0.988232696,0.414217239,0.288039078,0.297743682,0.039949867,2,2,D
3f43bdbb55a38cf74253dbb278c77d95957ca01089eb7fa0209686232b5b12fd,2022-23,2023-01-14T16:00:00+03:00,independent_poisson,1881,1881,2023-01-13T20:00:00+00:00,Konyaspor,Besiktas,197,196,1.218852888,1.433044726,0.320779669,0.259133616,0.420086715,0.088254383,1,2,A
5c5261e60edf9c76a9a9e12705203d33083605d7c30e98229a12d448bdcc1d08,2022-23,2023-01-14T16:00:00+03:00,independent_poisson,1881,1881,2023-01-13T20:00:00+00:00,Adana Demirspor,Ankaragucu,55,125,2.210802361,0.789370299,0.697831879,0.182758678,0.119409443,0.070765383,3,1,H
832d7ca410b3f152d838c31ab32c2be388cf1c6f71c102b3637c440d102a6578,2022-23,2023-01-14T19:00:00+03:00,independent_poisson,1882,1882,2023-01-14T13:30:00+00:00,Trabzonspor,Istanbul Basaksehir,197,197,1.430926135,1.139948211,0.437113065,0.262292154,0.300594781,0.109420999,1,0,H
2e8605654a164c1fb88c84fb3dea00dc0ac8ff26f18425fec43f229c9967b438,2022-23,2023-01-15T13:30:00+03:00,independent_poisson,1885,1885,2023-01-14T19:00:00+00:00,Umraniyespor,Istanbulspor,17,17,2.041748891,1.050915023,0.602445485,0.209264383,0.188290132,0.025059842,0,2,A
cbc734f6055978298d2c2dd39352bde88f491bc6f5ea4efb190629b576545ca0,2022-23,2023-01-15T16:00:00+03:00,independent_poisson,1885,1885,2023-01-14T19:00:00+00:00,Kasimpasa,Fatih Karagumruk,197,95,1.762490772,1.590532621,0.422245122,0.227362853,0.350392024,0.068719393,2,2,D
49d7c76a3777f6c1348ff2ffc60543b1406ca0468473bc52237d5948b157c770,2022-23,2023-01-15T19:00:00+03:00,independent_poisson,1886,1886,2023-01-15T13:30:00+00:00,Gaziantep FK,Fenerbahce,129,197,1.309628163,1.587006710,0.315583433,0.245289672,0.439126895,0.091050638,1,2,A
1e7300381bcb67664b7919e5f05de72b445e6d58ccc0cda01ae3dbc0ddbc0fae,2022-23,2023-01-20T20:00:00+03:00,independent_poisson,1888,1888,2023-01-15T19:00:00+00:00,Adana Demirspor,Giresunspor,56,56,1.791040695,0.776826688,0.615262644,0.226796738,0.157940618,0.106713400,1,1,D
568831b2e19baa3098ccc403e0f075a196db848e4a0095f5cdf6033182cf43a1,2022-23,2023-01-21T16:00:00+03:00,independent_poisson,1889,1889,2023-01-20T20:00:00+00:00,Kasimpasa,Istanbul Basaksehir,198,198,1.234704788,1.528126539,0.307483194,0.251637631,0.440879175,0.046345486,1,3,A
80ef209ae48b640fad2041dfa3e4be242f69dd973c3ff2338de69e97fca039ee,2022-23,2023-01-21T19:00:00+03:00,independent_poisson,1889,1889,2023-01-20T20:00:00+00:00,Galatasaray,Antalyaspor,198,197,2.219210116,0.799847793,0.696873181,0.182521800,0.120605019,0.096208626,2,1,H
cbb9f428990541759928de4b1ecdc356a8b19739426e519750bba30b9be2d683,2022-23,2023-01-22T13:30:00+03:00,independent_poisson,1891,1891,2023-01-21T19:00:00+00:00,Gaziantep FK,Sivasspor,130,198,1.502905801,1.192407020,0.443903563,0.254830949,0.301265489,0.072142523,1,2,A
320a2d6db80c1c0acd2e58279273776efed3c93b62cb828fb3958ff47af1fcbc,2022-23,2023-01-22T16:00:00+03:00,independent_poisson,1891,1891,2023-01-21T19:00:00+00:00,Kayserispor,Besiktas,198,197,1.149711592,1.857979904,0.234104527,0.226628764,0.539266708,0.085276273,0,2,A
d9e47692f31a3be7e5f41e263b9fbd79d34069f9d33229004ba9a22d834313c5,2022-23,2023-01-22T16:00:00+03:00,independent_poisson,1891,1891,2023-01-21T19:00:00+00:00,Alanyaspor,Fatih Karagumruk,198,96,1.814468735,1.351876646,0.483901425,0.229192865,0.286905711,0.063414240,2,2,D
3f9fb1da59287eccb1edf953bc3048d38dbf61c62ef33ff75c34604ad4369031,2022-23,2023-01-22T19:00:00+03:00,independent_poisson,1892,1892,2023-01-22T13:30:00+00:00,Trabzonspor,Istanbulspor,198,18,2.633312941,0.800376370,0.764490627,0.145706979,0.089802394,0.064649673,4,0,H
310625f27d558ea349d859c2929ffaa80e7d6a34adb4503eef189ba1b2c2f49d,2022-23,2023-01-23T20:00:00+03:00,independent_poisson,1895,1895,2023-01-22T19:00:00+00:00,Konyaspor,Ankaragucu,198,126,1.625434432,0.840174574,0.559684145,0.247142469,0.193173386,0.071378785,0,1,A
4c55da161f3734ea20e0fa21a92e9e6b048a3f0289a8fa5186698d4c258fea8d,2022-23,2023-01-23T20:00:00+03:00,independent_poisson,1895,1895,2023-01-22T19:00:00+00:00,Umraniyespor,Fenerbahce,18,198,1.100559199,1.976541288,0.207024190,0.216021824,0.576953986,0.099089453,1,2,A
46881d21692d88f6155caa29dd43b42efde09b3cbf74e86dfe3792d1a176764b,2022-23,2023-01-27T20:00:00+03:00,independent_poisson,1897,1897,2023-01-23T20:00:00+00:00,Besiktas,Alanyaspor,198,199,2.114887786,1.147041253,0.595364835,0.205364756,0.199270409,0.060405009,3,0,H
eb41c947bbecb5876fd0e1fd49f57c03a70231da1c7dbd12bb2fc3f57c08c73c,2022-23,2023-01-28T13:30:00+03:00,independent_poisson,1898,1898,2023-01-27T20:00:00+00:00,Sivasspor,Adana Demirspor,199,57,1.287267608,1.440262487,0.337035109,0.255799738,0.407165152,0.087291283,1,2,A
325c74f17a222d52419c59c668232b2d0b527b24633e959cc5b70652c9db42c3,2022-23,2023-01-28T16:00:00+03:00,independent_poisson,1898,1898,2023-01-27T20:00:00+00:00,Hatayspor,Trabzonspor,96,199,1.369673760,1.627294211,0.322982973,0.240967286,0.436049741,0.076226100,2,1,H
f1a83f2e54947076de78603ed65824365e17f351953ab8c69c638d658b96f6e8,2022-23,2023-01-28T16:00:00+03:00,independent_poisson,1898,1898,2023-01-27T20:00:00+00:00,Ankaragucu,Gaziantep FK,127,131,1.242119627,1.369799605,0.338880592,0.262573037,0.398546372,0.068856028,0,2,A
0d45c7918ae21298763fd2f7d2192c89f426ae9fa68e92b9657722a117084ec5,2022-23,2023-01-28T19:00:00+03:00,independent_poisson,1899,1899,2023-01-28T13:30:00+00:00,Antalyaspor,Umraniyespor,198,19,1.671275688,1.094208062,0.508455014,0.242691452,0.248853534,0.029317608,3,2,H
699abc29bdc48b093c9b63a3747af3c106af8319af8e7aa26cff51f75f0b072d,2022-23,2023-01-28T19:00:00+03:00,independent_poisson,1899,1899,2023-01-28T13:30:00+00:00,Giresunspor,Galatasaray,57,199,0.931902004,1.446305871,0.242886998,0.266655635,0.490457366,0.016903895,0,4,A
17b3302a9eb3d3c6c58b9f7acad4cdc546d21450fee04b9d2e7690c50a0dfed8,2022-23,2023-01-29T13:30:00+03:00,independent_poisson,1903,1903,2023-01-28T19:00:00+00:00,Istanbulspor,Kayserispor,19,199,1.284746548,1.444862591,0.335516069,0.255604973,0.408878957,0.009777902,2,4,A
d3762759567e6c53b20485cc4a98746cbce9602faeab611d3c1653f65c80cea3,2022-23,2023-01-29T19:00:00+03:00,independent_poisson,1904,1904,2023-01-29T13:30:00+00:00,Fenerbahce,Kasimpasa,199,199,2.432312144,1.093580380,0.668214797,0.177976704,0.153808499,0.022829181,5,1,H
f5b17f0aa031d2f3db3b57697b9ecb2df18ada7ba8767a8f48a480dc809ec0f8,2022-23,2023-01-29T19:00:00+03:00,independent_poisson,1904,1904,2023-01-29T13:30:00+00:00,Istanbul Basaksehir,Konyaspor,199,199,1.475270287,0.796683495,0.532516914,0.264915997,0.202567089,0.112206032,2,0,H
5a9dad9e4de43b16675b9698f7aaeb7f99ecbdca4bce58cc8bb1a0d36f02f38e,2022-23,2023-01-31T17:00:00+03:00,independent_poisson,1906,1906,2023-01-29T19:00:00+00:00,Alanyaspor,Sivasspor,200,200,1.664996937,1.196212719,0.483320425,0.242096029,0.274583546,0.016317981,0,3,A
533c8951432c8571c898c7be865ce540c79d5ff27e943992b47f5352a41f3efe,2022-23,2023-01-31T20:00:00+03:00,independent_poisson,1906,1906,2023-01-29T19:00:00+00:00,Fatih Karagumruk,Besiktas,97,199,1.489039734,1.719845595,0.334700711,0.232306308,0.432992981,0.103465260,1,1,D
2efb48c9c01c27d32cc86c1fa52dc8f3be24ce51f89fd9e0edcd350820115f85,2022-23,2023-02-01T17:00:00+03:00,independent_poisson,1908,1908,2023-01-31T20:00:00+00:00,Kasimpasa,Giresunspor,200,58,1.580662879,1.102789560,0.484091315,0.250561499,0.265347186,0.006195824,5,1,H
8c53cb96e67b3b0fcc8515c2f9d956e8376be335285f47e672f34350b80ae3ab,2022-23,2023-02-01T17:00:00+03:00,independent_poisson,1908,1908,2023-01-31T20:00:00+00:00,Gaziantep FK,Hatayspor,132,97,1.664499466,1.220424996,0.477719245,0.241757791,0.280522963,0.021803576,4,1,H
6a2ccae2f50fd5ba6344e3eda04056862c92d0a64a505d2a657e87eaf8bb35bd,2022-23,2023-02-01T20:00:00+03:00,independent_poisson,1908,1908,2023-01-31T20:00:00+00:00,Trabzonspor,Antalyaspor,200,199,2.106212579,0.914938593,0.647844105,0.198885443,0.153270453,0.108119773,2,0,H
eb4693365fade74618e5e1b66fab50d3633a76d9b3b938db336f984568c9a34d,2022-23,2023-02-01T20:00:00+03:00,independent_poisson,1908,1908,2023-01-31T20:00:00+00:00,Galatasaray,Umraniyespor,200,20,2.650578465,0.802113599,0.766627749,0.144425570,0.088946681,0.031610211,3,2,H
4dad0b72123303e664db61b2920caa0bae112b23765d2472e528cdf2e3250756,2022-23,2023-02-02T17:00:00+03:00,independent_poisson,1912,1912,2023-02-01T20:00:00+00:00,Kayserispor,Istanbul Basaksehir,200,200,0.978389987,1.480308488,0.249736092,0.262217612,0.488046296,0.083697564,1,0,H
e10010d3cd6d598ce4e8357339256cf7b533928f1c62a0777f9a77bb86fb19d1,2022-23,2023-02-02T17:00:00+03:00,independent_poisson,1912,1912,2023-02-01T20:00:00+00:00,Konyaspor,Istanbulspor,200,20,2.073478123,0.797871255,0.669710393,0.196949023,0.133340585,0.045177441,0,1,A
90b9265b562263cf31536644c90684dd4dc029425bf25633f6b6c6f8b3a9bc2c,2022-23,2023-02-02T20:00:00+03:00,independent_poisson,1912,1912,2023-02-01T20:00:00+00:00,Adana Demirspor,Fenerbahce,58,200,1.611905197,1.328160062,0.441206784,0.243116144,0.315677072,0.113171167,1,1,D
770488d94e3e02772a4bf41f6ad39391e39567bad10658656397767130000ee5,2022-23,2023-02-04T13:30:00+03:00,independent_poisson,1915,1915,2023-02-02T20:00:00+00:00,Ankaragucu,Fatih Karagumruk,128,98,1.275213937,1.544592005,0.314675990,0.249211785,0.436112225,0.071116669,0,2,A
996e8dca2b92bb6191cb2f8f9064ce2579f409bd88f59af657811588183a87b1,2022-23,2023-02-04T16:00:00+03:00,independent_poisson,1915,1915,2023-02-02T20:00:00+00:00,Sivasspor,Besiktas,201,200,1.312762175,1.570826644,0.319254786,0.246271743,0.434473470,0.073427602,1,0,H
957d8ced5f1002cb0f94ce8465958736bdcea257c50d7c19b2fcacd15674b732,2022-23,2023-02-04T19:00:00+03:00,independent_poisson,1916,1916,2023-02-04T13:30:00+00:00,Antalyaspor,Gaziantep FK,200,133,1.342674224,1.319905948,0.375147929,0.260261863,0.364590208,0.093675663,1,0,H
d93e705e7ac5b440b816d0aa5d875e739caa2a540595919b3f732bfe8f5f2ad1,2022-23,2023-02-05T13:30:00+03:00,independent_poisson,1918,1918,2023-02-04T19:00:00+00:00,Istanbulspor,Alanyaspor,21,201,1.191796792,1.884605813,0.239765709,0.224648268,0.535586023,0.061734833,2,1,H
480b2bf6834bf52710b949c8852c0cd4d9d7067184dc3060d79022f457867aaa,2022-23,2023-02-05T16:00:00+03:00,independent_poisson,1918,1918,2023-02-04T19:00:00+00:00,Hatayspor,Kasimpasa,98,201,1.882004604,1.435177011,0.481285916,0.223888828,0.294825256,0.068231829,1,0,H
822a4d15ffda1ff3983e529668b3153922b1346111198b34f6114ca4127775a2,2022-23,2023-02-05T19:00:00+03:00,independent_poisson,1919,1919,2023-02-05T13:30:00+00:00,Galatasaray,Trabzonspor,201,201,1.796772356,1.161968779,0.522403025,0.231725752,0.245871224,0.097316309,2,1,H
967a7abc1d6ea0307bfcf5f3781c78db1fb508c6aed68844ba8c22215143f735,2022-23,2023-02-25T19:00:00+03:00,independent_poisson,1921,1921,2023-02-05T19:00:00+00:00,Giresunspor,Kayserispor,59,201,1.350845910,1.019546782,0.443464917,0.273849487,0.282685596,0.065605714,1,2,A
acb697e8cf53ecf6d7b94c2a8c8cbce37fadf6407728cfca5d57d9f6c1c72fa4,2022-23,2023-02-25T19:00:00+03:00,independent_poisson,1921,1921,2023-02-05T19:00:00+00:00,Fenerbahce,Konyaspor,201,201,1.823347565,0.899241415,0.591577462,0.226521170,0.181901368,0.030259464,4,0,H
e547f0207a33d2e8d04977a3cea8adaa38c9184f16f8be86789e5085b0fdc56b,2022-23,2023-02-26T16:00:00+03:00,independent_poisson,1923,1923,2023-02-25T19:00:00+00:00,Umraniyespor,Adana Demirspor,21,59,1.172659270,1.927587162,0.229388570,0.221058916,0.549552514,0.101804259,1,1,D
b809d84f18c951f34338e0d16f33499149189644b450b574cc80f596b1a53c9e,2022-23,2023-02-26T19:00:00+03:00,independent_poisson,1923,1923,2023-02-25T19:00:00+00:00,Besiktas,Antalyaspor,201,201,2.270320153,0.880569530,0.687204961,0.181975630,0.130819409,0.042814019,0,0,D
8923a432c0af9cd5902a2fce0668782f230579d8f7c7913f29c5f4240075cbb2,2022-23,2023-03-03T20:00:00+03:00,independent_poisson,1925,1925,2023-02-26T19:00:00+00:00,Alanyaspor,Istanbul Basaksehir,202,201,1.249570985,1.311425013,0.352363825,0.266102740,0.381533434,0.096501597,1,0,H
520fe3470c5498c1f342920fe72be318c2aa76db4cfb3347c590885b63f5cfe2,2022-23,2023-03-04T13:30:00+03:00,independent_poisson,1926,1926,2023-03-03T20:00:00+00:00,Fatih Karagumruk,Sivasspor,99,202,1.676550106,1.240154708,0.476191893,0.240521712,0.283286396,0.005662686,4,3,H
54793d916f94ecf8f35d8f6b830a1f4610ae136d8699d4959af72e6fcc289287,2022-23,2023-03-04T16:00:00+03:00,independent_poisson,1926,1926,2023-03-03T20:00:00+00:00,Trabzonspor,Umraniyespor,202,22,2.477658314,0.950787232,0.707498501,0.167541214,0.124960286,0.036326463,1,2,A
05e273ff945d9c61421c3d38e5ca3af4b91f4582b9255fb24d88314be06aa82a,2022-23,2023-03-04T19:00:00+03:00,independent_poisson,1927,1927,2023-03-04T13:30:00+00:00,Kayserispor,Fenerbahce,202,202,1.126421962,1.819831372,0.234280714,0.229741217,0.535978069,0.097992276,1,2,A
5e06fb822f191d98f26bb2f696777c3d3209e62e90bd0ad6be05d21afb49041b,2022-23,2023-03-05T16:00:00+03:00,independent_poisson,1929,1929,2023-03-04T19:00:00+00:00,Konyaspor,Giresunspor,202,60,1.371777152,0.816909103,0.499199275,0.277528181,0.223272544,0.112063875,0,0,D
efae1217331bcf7f447acc8305966ce6ce06855be3d58b7b85d50374e4e18f5e,2022-23,2023-03-05T19:00:00+03:00,independent_poisson,1929,1929,2023-03-04T19:00:00+00:00,Besiktas,Ankaragucu,202,129,2.395614185,0.791897412,0.729406938,0.165541364,0.105051698,0.093789449,2,1,H
94274cdbdd504e6c83a6e1cf06e2989180d596ca2d7703250d65505a3965854d,2022-23,2023-03-06T20:00:00+03:00,independent_poisson,1931,1931,2023-03-05T19:00:00+00:00,Kasimpasa,Antalyaspor,202,202,1.814892762,1.237028972,0.509450880,0.230092320,0.260456800,0.058257086,3,1,H
41b1e57aed6c3503597ed76e1bfb2c6976c935d8de74210f772e641b36fe9cff,2022-23,2023-03-10T20:00:00+03:00,independent_poisson,1932,1932,2023-03-06T20:00:00+00:00,Giresunspor,Fatih Karagumruk,61,100,1.227373743,1.341679500,0.340472089,0.265245627,0.394282284,0.051935652,2,2,D
7eab471cc8b45a35e2fa64f2cb0ec985ce62e085813f072f2686ca8c5c055f58,2022-23,2023-03-11T16:00:00+03:00,independent_poisson,1933,1933,2023-03-10T20:00:00+00:00,Antalyaspor,Kayserispor,203,203,1.516831737,1.123073003,0.463221907,0.255639501,0.281138592,0.015741363,4,0,H
359413cef6e83ea6615e955680095a2f8a0c59e0a1be91c365ae015b8838dafd,2022-23,2023-03-11T19:00:00+03:00,independent_poisson,1933,1933,2023-03-10T20:00:00+00:00,Galatasaray,Kasimpasa,202,203,2.464326409,1.014780562,0.691142650,0.171867598,0.136989751,0.075987345,1,0,H
e8ff21a85890c73eb0c17b0397290ca32b3e2dc262a052256a4acfcb39d49f75,2022-23,2023-03-12T13:30:00+03:00,independent_poisson,1935,1935,2023-03-11T19:00:00+00:00,Ankaragucu,Alanyaspor,130,203,1.225171741,1.512740064,0.307830470,0.253064632,0.439104898,0.048562827,2,0,H
472e734286d36c3a061b19e70f42e4b9f62a816799d5cc8788ec0a8dbbb0ee92,2022-23,2023-03-12T16:00:00+03:00,independent_poisson,1935,1935,2023-03-11T19:00:00+00:00,Trabzonspor,Adana Demirspor,203,60,1.598540002,1.289342548,0.446362653,0.245072322,0.308565025,0.019537080,4,1,H
532710abd9d25ecb846401582a8e6e8de612c825748ff78d20d5216ad20a7feb,2022-23,2023-03-12T19:00:00+03:00,independent_poisson,1936,1936,2023-03-12T13:30:00+00:00,Istanbul Basaksehir,Besiktas,202,203,1.408937080,1.175735329,0.423310991,0.262676772,0.314012238,0.052129094,0,2,A
ad585b328af2e9ff4dc0de89ded8aa613428887a9e023a7c2e7206da5ff4a12d,2022-23,2023-03-13T20:00:00+03:00,independent_poisson,1938,1938,2023-03-12T19:00:00+00:00,Istanbulspor,Sivasspor,22,203,1.180826739,1.672901818,0.269578223,0.241680974,0.488740803,0.015814254,3,0,H
4f3cd811ee9191284cbfaa22c5fb55762c4105202b95698f5d74ccc24fdadeef,2022-23,2023-03-17T20:00:00+03:00,independent_poisson,1939,1939,2023-03-13T20:00:00+00:00,Konyaspor,Galatasaray,203,203,1.059525653,1.409604493,0.283111563,0.266917279,0.449971158,0.066982389,2,1,H
ddf81ea41ecc91c4e06eb40f895d985126ba850c280b1a22260ea2c8304da56e,2022-23,2023-03-18T13:30:00+03:00,independent_poisson,1940,1940,2023-03-17T20:00:00+00:00,Kasimpasa,Umraniyespor,204,23,2.082679510,1.338995877,0.545738150,0.210740205,0.243521645,0.091072434,1,1,D
350ae49933253875f767692d054de1d56c02a6014d27de2e3d96c0233e367e15,2022-23,2023-03-18T16:00:00+03:00,independent_poisson,1940,1940,2023-03-17T20:00:00+00:00,Adana Demirspor,Antalyaspor,61,204,2.041018779,0.887065269,0.641424053,0.204097274,0.154478674,0.111432856,2,0,H
3b06754f9f8c42681ae51b4b15549a32ecce080e527aa0c630d3836115334c4f,2022-23,2023-03-18T19:00:00+03:00,independent_poisson,1941,1941,2023-03-18T13:30:00+00:00,Besiktas,Istanbulspor,204,23,2.813042781,0.851016140,0.779258569,0.135077715,0.085663716,0.080916108,3,1,H
6a6ed75b2df4ad060eaf3d22dbc71e9f3f763cb889872c0a60c92f403483accb,2022-23,2023-03-19T16:00:00+03:00,independent_poisson,1943,1943,2023-03-18T19:00:00+00:00,Fatih Karagumruk,Istanbul Basaksehir,101,203,1.308707551,1.349375516,0.360327328,0.260474394,0.379198278,0.054638664,2,2,D
ba34c8490b071bf2075b2af56208194385e95f0ff49f0662856298db66e6f033,2022-23,2023-03-19T16:00:00+03:00,independent_poisson,1943,1943,2023-03-18T19:00:00+00:00,Sivasspor,Ankaragucu,204,131,1.761941904,0.914488482,0.573666859,0.233192760,0.193140380,0.106805650,2,0,H
85517cc0ddc36791ed9591f254f79a60bf715a80782b97f01c87e75c8b6ec2bc,2022-23,2023-03-19T19:00:00+03:00,independent_poisson,1943,1943,2023-03-18T19:00:00+00:00,Alanyaspor,Fenerbahce,204,203,1.421386473,1.621113921,0.336530713,0.239779277,0.423690010,0.048157108,1,3,A
25caf0547ec22ddcd7f9a02689742a9b04a606f69add3869d69cd0b5084cee7d,2022-23,2023-04-01T16:00:00+03:00,independent_poisson,1946,1946,2023-03-19T19:00:00+00:00,Istanbul Basaksehir,Ankaragucu,204,132,1.891627497,0.686752018,0.660636748,0.211531448,0.127831804,0.143568652,1,0,H
a1df5008541847a3f42ba0af0ccf748c2aec908729bfc4edf31d7361ee6ef7c1,2022-23,2023-04-01T16:00:00+03:00,independent_poisson,1946,1946,2023-03-19T19:00:00+00:00,Trabzonspor,Kayserispor,204,204,2.233081322,0.908177462,0.673900480,0.186740149,0.139359371,0.002274064,3,4,A
259815b8ffc3a7d0af92aff4dcdca41aece2d1ef34335f14620b086fb557ebd4,2022-23,2023-04-01T20:30:00+03:00,independent_poisson,1948,1948,2023-04-01T16:00:00+00:00,Galatasaray,Adana Demirspor,204,62,1.729533633,1.131374118,0.513730061,0.237429023,0.248840916,0.085575920,2,0,H
0b14e5bc73d5db8e51bf004cb85651d5ad05fc0c7e45172f039a34c63b4183d6,2022-23,2023-04-02T13:30:00+03:00,independent_poisson,1949,1949,2023-04-01T20:30:00+00:00,Umraniyespor,Konyaspor,24,204,1.281333474,1.279821735,0.367233326,0.266246364,0.366520310,0.051911998,2,2,D
f2f439c6e7c90308076787a4853b97e661869d7c975c00a6bc3b5b3ce1edc4d5,2022-23,2023-04-02T16:00:00+03:00,independent_poisson,1949,1949,2023-04-01T20:30:00+00:00,Giresunspor,Alanyaspor,62,205,1.203291448,1.289235891,0.344390270,0.270215712,0.385394017,0.049757159,2,2,D
1a0be781b7ac1da48cbc5a9cfbd647dbd7c71bc7749045dc793ecf6d30ba0b17,2022-23,2023-04-02T20:30:00+03:00,independent_poisson,1951,1951,2023-04-02T16:00:00+00:00,Fenerbahce,Besiktas,204,205,1.753152671,1.343420956,0.471557499,0.233418675,0.295023826,0.009428050,2,4,A
d0ad473aa6c63d73d4dd3a66db26be3c1381e9ea6ec4627588f8255c4c59f109,2022-23,2023-04-03T20:30:00+03:00,independent_poisson,1952,1952,2023-04-02T20:30:00+00:00,Istanbulspor,Fatih Karagumruk,24,102,1.394169545,1.862798576,0.288713353,0.225546907,0.485739740,0.071726991,0,1,A
2225a5e499f7a1ec8552042a200ec917e3b7365a03b1f8558badfbe4bb78d39b,2022-23,2023-04-07T20:30:00+03:00,independent_poisson,1953,1953,2023-04-03T20:30:00+00:00,Konyaspor,Antalyaspor,205,205,1.486290124,0.923413437,0.503141289,0.262490736,0.234367976,0.123304470,1,1,D
bd5d419fc1ea9d0b024ba2b539d217b7b89b726e37e5c0a5a888a5ad4fbffc4e,2022-23,2023-04-08T16:00:00+03:00,independent_poisson,1954,1954,2023-04-07T20:30:00+00:00,Ankaragucu,Istanbulspor,133,25,1.596084599,1.096754684,0.489359121,0.249302825,0.261338054,0.027588001,3,2,H
da3f94725b043ed966aab98f1e60a65741b0511b1046a8b8c86a441675149192,2022-23,2023-04-08T20:30:00+03:00,independent_poisson,1955,1955,2023-04-08T16:00:00+00:00,Kasimpasa,Trabzonspor,205,205,1.494976518,1.791413329,0.323516856,0.228234828,0.448248315,0.041780898,2,0,H
06b90b3117b6e0b61d6f30b95f1e80e353290457eb2a8b8862cffa54e697b558,2022-23,2023-04-09T16:00:00+03:00,independent_poisson,1956,1956,2023-04-08T20:30:00+00:00,Sivasspor,Istanbul Basaksehir,205,205,1.132682993,1.236624827,0.335530927,0.278260899,0.386208175,0.131029483,1,1,D
92f203851bd6765425037e5d05d637b2610feeca1ab4dbee81fb1cb03d1929da,2022-23,2023-04-09T20:30:00+03:00,independent_poisson,1957,1957,2023-04-09T16:00:00+00:00,Besiktas,Giresunspor,206,63,2.087443643,0.778324732,0.677240163,0.194543564,0.128216273,0.067184094,3,1,H
10c3e61c9025edb3fda208cb593bb2f2131e17bc66a16a8865feef84c7d365d1,2022-23,2023-04-10T16:00:00+03:00,independent_poisson,1958,1958,2023-04-09T20:30:00+00:00,Kayserispor,Umraniyespor,205,25,1.659343486,1.304050388,0.457912182,0.240526566,0.301561253,0.051282171,3,1,H
4b39dc5fceb42c9556ee104369aff60942a9f77a9b482fcaf5a50b8448f797e4,2022-23,2023-04-10T20:30:00+03:00,independent_poisson,1959,1959,2023-04-10T16:00:00+00:00,Fatih Karagumruk,Fenerbahce,103,205,1.500325057,1.688030891,0.343045812,0.233685368,0.423268819,0.088151712,1,2,A
5c66d27b592194810c793d965145ded730ea4af90244a4b8d437c53169918b8c,2022-23,2023-04-14T20:30:00+03:00,independent_poisson,1960,1960,2023-04-10T20:30:00+00:00,Galatasaray,Kayserispor,205,206,2.354059491,0.809416893,0.718422084,0.170380429,0.111197487,0.009992905,6,0,H
97cb2501de585381d3136f08783978e7680badad3170b392a7074c951ecea8cf,2022-23,2023-04-14T20:30:00+03:00,independent_poisson,1960,1960,2023-04-10T20:30:00+00:00,Antalyaspor,Alanyaspor,206,206,1.370916247,1.406588277,0.364912601,0.253939020,0.381148379,0.037565885,3,1,H
26b64b4c3d05b748b034b95eca57784310abaa12202a7d21c0c62d00153cc41b,2022-23,2023-04-15T16:00:00+03:00,independent_poisson,1962,1962,2023-04-14T20:30:00+00:00,Adana Demirspor,Kasimpasa,63,206,2.215746535,1.097160049,0.626966348,0.195688127,0.177345525,0.016204741,5,0,H
bbe38060c1716fa4d56391d02bbf572b738073c611536ef0c815049d52eb38af,2022-23,2023-04-15T16:00:00+03:00,independent_poisson,1962,1962,2023-04-14T20:30:00+00:00,Istanbulspor,Istanbul Basaksehir,26,206,0.943880801,1.732568497,0.203920687,0.236604842,0.559474471,0.064945639,1,0,H
dff38d8282b32f795bb934e9d65a8f1878691d3f11039954860f45cd4287307d,2022-23,2023-04-15T20:30:00+03:00,independent_poisson,1964,1964,2023-04-15T16:00:00+00:00,Fenerbahce,Ankaragucu,206,134,2.376616172,0.786265170,0.727533718,0.166917686,0.105548597,0.093936684,2,1,H
cd015e3e95c78fc879588b13d934ff09493c555090b4d591e529eafc60c3226c,2022-23,2023-04-16T16:00:00+03:00,independent_poisson,1965,1965,2023-04-15T20:30:00+00:00,Giresunspor,Sivasspor,64,206,1.163768992,1.188982302,0.353897395,0.279869763,0.366232842,0.110682734,1,0,H
45cfc303f92acbf2b33fec37a2d1eedc954e5a80d19b086662856aedd5668791,2022-23,2023-04-16T20:30:00+03:00,independent_poisson,1966,1966,2023-04-16T16:00:00+00:00,Trabzonspor,Besiktas,206,207,1.643864850,1.441018441,0.425046854,0.237875624,0.337077522,0.045735371,0,0,D
a8ff5d6354d9a1254e7f6303fd7213f5da36f73da4fd3f60bec8d804ba8bbd49,2022-23,2023-04-18T20:30:00+03:00,independent_poisson,1967,1967,2023-04-16T20:30:00+00:00,Alanyaspor,Galatasaray,207,206,1.305069689,1.634256393,0.306144777,0.242220905,0.451634318,0.020519659,1,4,A
d6682646624024264dfa7dba4906b2469da299da22a3980f200948bca2976607,2022-23,2023-04-18T20:30:00+03:00,independent_poisson,1967,1967,2023-04-16T20:30:00+00:00,Fatih Karagumruk,Umraniyespor,104,26,2.229749851,1.184977215,0.609905617,0.197119774,0.192974609,0.023779691,4,2,H
2b26ce298dc7f782ea47520860aa90f130225e539d51b235bcebb1831cf1e10b,2022-23,2023-04-19T17:00:00+03:00,independent_poisson,1969,1969,2023-04-18T20:30:00+00:00,Kayserispor,Kasimpasa,207,207,1.626032494,1.499389596,0.408869970,0.236913081,0.354216949,0.043918392,0,0,D
2ec495a25bad08ee9a186cac4dc89d7672b05d270bb890d197b8425751d0d9ad,2022-23,2023-04-19T17:00:00+03:00,independent_poisson,1969,1969,2023-04-18T20:30:00+00:00,Istanbulspor,Antalyaspor,27,207,1.383480411,1.368439686,0.375767594,0.255338782,0.368893624,0.012026792,3,3,D
334753c2267f60d9d494bd34c6ddf56b8810e2ceb6776e1760b3018d04b38ec2,2022-23,2023-04-19T20:30:00+03:00,independent_poisson,1971,1971,2023-04-19T17:00:00+00:00,Istanbul Basaksehir,Fenerbahce,207,207,1.384593155,1.171500117,0.417831303,0.264733750,0.317434947,0.073736013,1,2,A
4d02c78ad9629f8def12a9fe4b605bebcbc2b2da4effd1eea4b06ed50986e7f0,2022-23,2023-04-19T20:30:00+03:00,independent_poisson,1971,1971,2023-04-19T17:00:00+00:00,Konyaspor,Adana Demirspor,206,64,1.151634362,1.315608513,0.325234119,0.271021788,0.403744092,0.084533335,1,2,A
a8cdc9c910243da33160a97209e17907d464861f46222e969419c08f04dd01e4,2022-23,2023-04-20T17:00:00+03:00,independent_poisson,1973,1973,2023-04-19T20:30:00+00:00,Ankaragucu,Giresunspor,135,65,1.202262912,1.046260025,0.395660991,0.286402843,0.317936166,0.031986419,3,1,H
7b17dc12f55c8ee3c52f6b3fe3585af635f172bd201284d51ba045bba6f341a7,2022-23,2023-04-20T20:30:00+03:00,independent_poisson,1974,1974,2023-04-20T17:00:00+00:00,Sivasspor,Trabzonspor,207,207,1.360529946,1.438154746,0.356068574,0.252657988,0.391273438,0.012501827,4,1,H
ad3662653eae5591c864971d862f2033982a5d7395299a218e78c8a77b59a704,2022-23,2023-04-22T19:00:00+03:00,independent_poisson,1975,1975,2023-04-20T20:30:00+00:00,Umraniyespor,Besiktas,27,208,1.254226965,2.086989383,0.225113744,0.209508094,0.565378162,0.077079460,0,2,A
3d18e8e4452334de81254acfc2fdbc5a2f39e34b3daa950844fa5f92e4360cd4,2022-23,2023-04-23T13:30:00+03:00,independent_poisson,1976,1976,2023-04-22T19:00:00+00:00,Kasimpasa,Konyaspor,208,207,1.494643053,1.258190098,0.427272948,0.253255801,0.319471251,0.075415353,1,2,A
1d061f2e451b13b46b90daed15d03698a702bf4544544656de146eef7578c504,2022-23,2023-04-23T16:00:00+03:00,independent_poisson,1976,1976,2023-04-22T19:00:00+00:00,Adana Demirspor,Kayserispor,65,208,2.230291568,0.865176989,0.683463246,0.184908557,0.131628198,0.002246186,5,3,H
8318be4cbc4ca26caa45f15a77639fb1a7ddc109ac3f26df59ebfa3f8d7bf0cf,2022-23,2023-04-23T19:00:00+03:00,independent_poisson,1977,1977,2023-04-23T13:30:00+00:00,Galatasaray,Fatih Karagumruk,207,105,2.205132350,1.054564490,0.634629295,0.195168937,0.170201768,0.013413823,3,3,D
eb1446616a8117d9d22cd1ebddbced3572a6ac1a90b6b8ba762651450ff4e4b2,2022-23,2023-04-24T17:00:00+03:00,independent_poisson,1979,1979,2023-04-23T19:00:00+00:00,Giresunspor,Istanbul Basaksehir,66,208,0.876426071,1.265476852,0.257395900,0.288559520,0.454044580,0.004819362,2,4,A
29bd18e94f82d3290557654d798ec83c8619f02503f12f70c623714d6cabcc4a,2022-23,2023-04-24T20:00:00+03:00,independent_poisson,1979,1979,2023-04-23T19:00:00+00:00,Fenerbahce,Istanbulspor,208,28,2.824705976,0.873787172,0.776276279,0.135691867,0.088031853,0.010341870,3,3,D
30499ba0b8b0c29eab8167ac371e72d95efa1a62200199da6ae185ffdd32db15,2022-23,2023-04-24T20:00:00+03:00,independent_poisson,1979,1979,2023-04-23T19:00:00+00:00,Antalyaspor,Sivasspor,208,208,1.312831911,1.283451532,0.374837131,0.264100489,0.361062380,0.080609551,1,2,A
9a7e2c8381a376a7f95037c6d8d8c990613b96946dc7cfa3b8770e533f80d9db,2022-23,2023-04-28T20:00:00+03:00,independent_poisson,1982,1982,2023-04-24T20:00:00+00:00,Alanyaspor,Umraniyespor,208,28,2.180665410,1.143963705,0.609394520,0.199938019,0.190667461,0.078473126,1,0,H
05112827b1662f69f17ce42f08982e883f1c6c9798d42b0e3a0a7e8aaccf5639,2022-23,2023-04-29T16:00:00+03:00,independent_poisson,1983,1983,2023-04-28T20:00:00+00:00,Fatih Karagumruk,Antalyaspor,106,209,1.951056921,1.109608973,0.569307306,0.218356608,0.212336086,0.051992374,0,1,A
185f6b75b58c932ca6aa537f721a66323ae987548c4ea5c3df284260749d0344,2022-23,2023-04-29T16:00:00+03:00,independent_poisson,1983,1983,2023-04-28T20:00:00+00:00,Konyaspor,Trabzonspor,208,208,1.232182788,1.322254659,0.345576877,0.266329845,0.388093278,0.078029226,2,1,H
8538978f0afd53436aead0b37bcd192ce23ee442d7ec1f3eb3c71962610482c2,2022-23,2023-04-29T19:00:00+03:00,independent_poisson,1983,1983,2023-04-28T20:00:00+00:00,Ankaragucu,Kasimpasa,136,209,1.460569039,1.457950927,0.377156165,0.246853432,0.375990402,0.054013570,0,0,D
e689c2f08e909479dfedb60ee893f1b1c918db69a35b5b123a18ea4fef107cb7,2022-23,2023-04-29T19:00:00+03:00,independent_poisson,1983,1983,2023-04-28T20:00:00+00:00,Sivasspor,Fenerbahce,209,209,1.316007655,1.547140909,0.324350288,0.247724466,0.427925246,0.046371074,1,3,A
e2c8a50fc01fef4e4025e47ac073d440eb33743b60d4c7912d6ec360e202eadc,2022-23,2023-04-30T19:00:00+03:00,independent_poisson,1987,1987,2023-04-29T19:00:00+00:00,Besiktas,Galatasaray,209,208,1.616860062,1.338391833,0.440209180,0.242509494,0.317281326,0.049090758,3,1,H
8f2f203639d2e63445557f64fb7709f5175f26a285e2726e2dab5b93b505b42d,2022-23,2023-05-01T20:00:00+03:00,independent_poisson,1988,1988,2023-04-30T19:00:00+00:00,Istanbulspor,Giresunspor,29,67,1.480906388,1.270777138,0.421059613,0.253745113,0.325195274,0.094511931,1,0,H
c6fe43d86eda0d70fcbafef5fb8eb8642d80e0f08133f103ca0eae3720b92ef2,2022-23,2023-05-06T19:00:00+03:00,independent_poisson,1989,1989,2023-05-01T20:00:00+00:00,Antalyaspor,Besiktas,210,210,1.129105106,1.735256503,0.247432269,0.236951271,0.515616460,0.056065761,1,3,A
9a447be3f652e22930548ba22c02a07e35b4ec3fd237f31bc91a9cab0d0e21f8,2022-23,2023-05-06T21:00:00+03:00,independent_poisson,1989,1989,2023-05-01T20:00:00+00:00,Adana Demirspor,Alanyaspor,66,209,2.032988550,1.112166515,0.586318192,0.211421593,0.202260215,0.018954600,4,2,H
91a6642519f1d3f30f50bd8a0085ae0b0af19ddeac52f37a6920f63395d7cc86,2022-23,2023-05-07T13:30:00+03:00,independent_poisson,1991,1991,2023-05-06T21:00:00+00:00,Umraniyespor,Sivasspor,29,210,1.351543543,1.505661209,0.340870371,0.249050325,0.410079305,0.012021757,4,1,H
9a4256ef851c3287d32a5de55247ea5aec6b8494f31fc463635299a2e15c50be,2022-23,2023-05-07T16:00:00+03:00,independent_poisson,1991,1991,2023-05-06T21:00:00+00:00,Konyaspor,Kayserispor,209,209,1.611291173,0.933378784,0.532631556,0.249103758,0.218264686,0.044388227,2,2,D
87b0446efe7c707dd07ab2efd0fbfb039964d93704c8ba47057853d13dc07526,2022-23,2023-05-07T19:00:00+03:00,independent_poisson,1992,1992,2023-05-07T13:30:00+00:00,Giresunspor,Fenerbahce,68,210,1.008152329,1.650017226,0.231079968,0.245080416,0.523839616,0.116569858,1,1,D
23229602d1c6cee2a557af41bbe40813b52eecf9262980fd9737c0a5c5bac74b,2022-23,2023-05-08T20:00:00+03:00,independent_poisson,1994,1994,2023-05-07T19:00:00+00:00,Galatasaray,Istanbul Basaksehir,209,209,1.536751373,0.986792487,0.500636398,0.256399156,0.242964446,0.123209001,1,0,H
69b42d0ca3e2737f79b854d07372ae99ebbb9670eb32f247acab891f1d14ff0c,2022-23,2023-05-08T20:00:00+03:00,independent_poisson,1994,1994,2023-05-07T19:00:00+00:00,Trabzonspor,Ankaragucu,209,137,2.173797265,0.837872273,0.679376362,0.188920728,0.131702910,0.116267041,2,0,H
fd22744eaad806f1d4bbca1c6d429a930cf7cd9c366c9e10dcf0d934d1b233e4,2022-23,2023-05-16T17:00:00+03:00,independent_poisson,1996,1996,2023-05-08T20:00:00+00:00,Sivasspor,Kasimpasa,211,210,1.833474890,1.248028445,0.511234443,0.228637885,0.260127672,0.065526058,1,2,A
2e39a868054211987980bb6f36a07d1caa569e4dedfcf7bfe4d090b35c97c458,2022-23,2023-05-16T20:00:00+03:00,independent_poisson,1996,1996,2023-05-08T20:00:00+00:00,Alanyaspor,Konyaspor,210,210,1.513932659,1.106087385,0.466410737,0.256305064,0.277284199,0.016419382,0,3,A
7be93218d34d4f4492e6d094535858dcf853ae700f118915df5036fad951b05a,2022-23,2023-05-16T20:00:00+03:00,independent_poisson,1996,1996,2023-05-08T20:00:00+00:00,Istanbulspor,Galatasaray,30,210,1.095948854,2.126781655,0.187392913,0.203101568,0.609505519,0.090115965,0,2,A
dfcac06df8902c809943f461854ed5debbf7520d8f2dd457e0f18d2a98601c3b,2022-23,2023-05-17T17:00:00+03:00,independent_poisson,1999,1999,2023-05-16T20:00:00+00:00,Istanbul Basaksehir,Umraniyespor,210,30,2.057686600,0.847434106,0.654444279,0.200818066,0.144737655,0.095456889,1,1,D
25174cc066ec29df51a6b9174e43bd111a3757507b78571050e0d9f66d784bc6,2022-23,2023-05-17T20:00:00+03:00,independent_poisson,1999,1999,2023-05-16T20:00:00+00:00,Fatih Karagumruk,Adana Demirspor,107,67,1.544649601,1.641838411,0.361934566,0.234542508,0.403522926,0.036357648,2,3,A
3ccfe4f3ee1502fdcdc670690fa3c70c506984e4c976dfe1a88487ee19585598,2022-23,2023-05-17T20:00:00+03:00,independent_poisson,1999,1999,2023-05-16T20:00:00+00:00,Ankaragucu,Antalyaspor,138,211,1.302359287,1.176844773,0.394640404,0.270718739,0.334640857,0.128453325,1,1,D
6e5b22178502d2a04966c2e3527b8f560c64b0d2bd95666d0ed8d70eccb1ec89,2022-23,2023-05-18T20:00:00+03:00,independent_poisson,2002,2002,2023-05-17T20:00:00+00:00,Fenerbahce,Trabzonspor,211,210,1.859556125,1.255819341,0.515420623,0.226652504,0.257926873,0.059705373,3,1,H
2fd888e8ed5876fc3578281b918670a25c6ef5f3036e1b2ae4107fb030acd25a,2022-23,2023-05-20T16:00:00+03:00,independent_poisson,2003,2003,2023-05-18T20:00:00+00:00,Kasimpasa,Istanbulspor,211,31,2.203284915,1.251650713,0.589804539,0.200718750,0.209476711,0.069600311,1,0,H
7c53bac2d374479f9d90c87a4c8c50b0208ed1c3b07b076fcee0156d23b8293c,2022-23,2023-05-20T19:00:00+03:00,independent_poisson,2003,2003,2023-05-18T20:00:00+00:00,Galatasaray,Sivasspor,211,212,2.035952429,0.915936622,0.633392938,0.205670218,0.160936845,0.108271993,2,0,H
d9404cef1cc0a2ac890b8ded6ebf178a03de4df95145385ac7d08108319b25db,2022-23,2023-05-20T19:00:00+03:00,independent_poisson,2003,2003,2023-05-18T20:00:00+00:00,Kayserispor,Alanyaspor,210,211,1.425138603,1.513136528,0.357652693,0.245641506,0.396705801,0.011567101,0,4,A
f5ccf6d541e2f7a119b96a967bb598056d70859bc2e124c9c5a7a1562156056a,2022-23,2023-05-21T16:00:00+03:00,independent_poisson,2006,2006,2023-05-20T19:00:00+00:00,Umraniyespor,Ankaragucu,31,139,1.688492918,1.143655939,0.501061209,0.240811014,0.258127777,0.065023959,1,2,A
065cb83b25c76ed0c93fe3d82a52c62d365890784e4e2e6f571dcb1d770a30fd,2022-23,2023-05-21T19:00:00+03:00,independent_poisson,2006,2006,2023-05-20T19:00:00+00:00,Antalyaspor,Istanbul Basaksehir,212,211,0.996928850,1.360494435,0.274792698,0.273742080,0.451465222,0.094663831,0,0,D
0d698b9f611deec3ac72ca39521fe354606e02b2a5fda89a8bc2140e451719f0,2022-23,2023-05-21T19:00:00+03:00,independent_poisson,2006,2006,2023-05-20T19:00:00+00:00,Adana Demirspor,Besiktas,68,211,1.690028772,1.410892429,0.442285451,0.236033018,0.321681531,0.012558724,1,4,A
6411a69c68ebf0c90ded43fcda474ae40affb06309c4f07786530ddeff104d6b,2022-23,2023-05-22T20:00:00+03:00,independent_poisson,2009,2009,2023-05-21T19:00:00+00:00,Trabzonspor,Fatih Karagumruk,211,108,2.057861866,1.240555189,0.562305921,0.211534993,0.226159086,0.034244072,4,1,H
40b0efe8c6f8cac5ea4c50ddb022da1d5c65cb2ae481f727ca874f7ee9fe350a,2022-23,2023-05-30T20:00:00+03:00,independent_poisson,2010,2010,2023-05-22T20:00:00+00:00,Fatih Karagumruk,Kayserispor,109,211,2.099950714,1.137510445,0.594467995,0.206373317,0.199158688,0.086571849,2,0,H
4a703cb9c3b41d114a520e9fdca68550229d412222cb382bc7a64847429813f4,2022-23,2023-05-30T20:00:00+03:00,independent_poisson,2010,2010,2023-05-22T20:00:00+00:00,Istanbulspor,Adana Demirspor,32,69,1.189702763,2.027253673,0.219472939,0.213231918,0.567295143,0.082353065,0,2,A
9e589eaa05874e85e2ed8bbea60b2dbc930a58cf86a6971abad34a6553554388,2022-23,2023-05-30T20:00:00+03:00,independent_poisson,2010,2010,2023-05-22T20:00:00+00:00,Alanyaspor,Kasimpasa,212,212,1.994109005,1.325225804,0.529822314,0.216898309,0.253279377,0.027983273,1,3,A
af08ab64160206d6c6700c36105b3d800db158830a610edcb47670df7576eede,2022-23,2023-05-30T20:00:00+03:00,independent_poisson,2010,2010,2023-05-22T20:00:00+00:00,Ankaragucu,Galatasaray,140,212,0.930059810,1.800232917,0.191823541,0.229514350,0.578662109,0.026537705,1,4,A
be79f67d7a70c87cbf5bdd71c1ee508cff9ec753a71b70a5503390408d97b531,2022-23,2023-05-30T20:00:00+03:00,independent_poisson,2010,2010,2023-05-22T20:00:00+00:00,Sivasspor,Konyaspor,213,211,1.367707145,1.056832527,0.439333434,0.270839509,0.289827057,0.121067874,1,0,H
e3e7730d4fe1cc17f5428a49054a9b5e4e4a65deebe2b448687f45f0cdf6edcd,2022-23,2023-05-30T20:00:00+03:00,independent_poisson,2010,2010,2023-05-22T20:00:00+00:00,Fenerbahce,Antalyaspor,212,213,2.236594079,0.879204310,0.681335297,0.185019849,0.133644854,0.110909896,2,0,H
e9d10e4ed76c5ae19480c56bcd71cf113dfe0995b0e1c3ffd51f91513bd123d3,2022-23,2023-05-30T20:00:00+03:00,independent_poisson,2010,2010,2023-05-22T20:00:00+00:00,Giresunspor,Trabzonspor,69,212,1.063023562,1.522663328,0.264781437,0.256482399,0.478736163,0.009534777,2,4,A
81b422eed70c050cdf0976cdf7ac6dc22bd3eb6493162a2117acce525afc3d25,2022-23,2023-06-03T16:00:00+03:00,independent_poisson,2017,2017,2023-05-30T20:00:00+00:00,Konyaspor,Fatih Karagumruk,212,110,1.494034881,1.226533013,0.434057974,0.254395459,0.311546567,0.120645841,1,1,D
0ac860de24305d23ebaf671d74322a94a802d21b4221dff189d783616cb02706,2022-23,2023-06-03T19:00:00+03:00,independent_poisson,2017,2017,2023-05-30T20:00:00+00:00,Umraniyespor,Giresunspor,32,70,1.536078043,1.159271666,0.459817581,0.253134641,0.287047777,0.078272592,0,1,A
50b05490b711b0df0680e389cec2c0e2112e4765f051e9e1b4e38d5ae08ad6d9,2022-23,2023-06-03T19:00:00+03:00,independent_poisson,2017,2017,2023-05-30T20:00:00+00:00,Trabzonspor,Alanyaspor,213,213,2.027736141,1.175484943,0.570638865,0.212982279,0.216378856,0.013644317,5,1,H
ab14ba568d7b1b3d7821f45bd5519a0894048b0dc11ee18aa58bdb5898550ac0,2022-23,2023-06-03T19:00:00+03:00,independent_poisson,2017,2017,2023-05-30T20:00:00+00:00,Kasimpasa,Besiktas,213,212,1.378657427,1.919150614,0.276320923,0.221979762,0.501699316,0.007621263,2,5,A
d2fe84fcd70be6ba1a609f56b731d5a877185ef791c7b64970f90df66dbfaccd,2022-23,2023-06-03T19:00:00+03:00,independent_poisson,2017,2017,2023-05-30T20:00:00+00:00,Kayserispor,Ankaragucu,212,141,1.534923933,1.100963919,0.472964935,0.254594812,0.272440252,0.078889924,0,1,A
eafbf9673f0457a05c2dbecc3f680544548506f1ed5e672f44e9be1b0d8f65d0,2022-23,2023-06-03T19:00:00+03:00,independent_poisson,2017,2017,2023-05-30T20:00:00+00:00,Adana Demirspor,Istanbul Basaksehir,70,212,1.476097453,1.113665136,0.454902347,0.259361655,0.285735999,0.018818850,2,3,A
224f2069b0c40e3ffdc2e0f23769538b5ca74ef4b128ad9a25aad47ec3894923,2022-23,2023-06-04T19:00:00+03:00,independent_poisson,2023,2023,2023-06-03T19:00:00+00:00,Galatasaray,Fenerbahce,213,213,1.752415626,1.237468988,0.494827658,0.234840993,0.270331348,0.045109676,3,0,H
1537c41514b5bacdb661d600c6f34190e57dc4628201deb22a2a53516328d1df,2022-23,2023-06-06T17:00:00+03:00,independent_poisson,2024,2024,2023-06-04T19:00:00+00:00,Sivasspor,Kayserispor,214,213,1.796568962,1.015409835,0.556967612,0.231064864,0.211967523,0.109612071,1,1,D
cf2e768bcc3fd3bff6cd24d8f238d58416ff6fe3048ce7db6fb1e5089ce8ecab,2022-23,2023-06-06T17:00:00+03:00,independent_poisson,2024,2024,2023-06-04T19:00:00+00:00,Fatih Karagumruk,Kasimpasa,111,214,2.107791587,1.380872074,0.541903624,0.209324693,0.248771683,0.047667719,3,0,H
634db47b76e3efddcb6439f00f0cc519ad39f4f759ec648fc482621831fd06a9,2022-23,2023-06-06T20:00:00+03:00,independent_poisson,2024,2024,2023-06-04T19:00:00+00:00,Istanbul Basaksehir,Trabzonspor,213,214,1.472186990,1.113913493,0.453830264,0.259688576,0.286481161,0.044612850,3,1,H
6323f9eea40dafb8ea2e7cd574cae0abcf2fdd8521ee9fdfb39a1582112593d7,2022-23,2023-06-07T20:00:00+03:00,independent_poisson,2027,2027,2023-06-06T20:00:00+00:00,Besiktas,Konyaspor,213,213,1.888574323,0.892383514,0.607829909,0.219615887,0.172554204,0.008241376,3,3,D
b98b7ffa41c43df7fb905a2c2611c12b90e276dff40b8fea94181edc3d88ef76,2022-23,2023-06-07T20:00:00+03:00,independent_poisson,2027,2027,2023-06-06T20:00:00+00:00,Giresunspor,Antalyaspor,71,214,1.281401111,1.067633462,0.413157187,0.278128353,0.308714459,0.078373176,2,0,H
c49db42fad57e546a21732052bfc881132268dcf95639b4825c648d7f32a5a04,2022-23,2023-06-07T20:00:00+03:00,independent_poisson,2027,2027,2023-06-06T20:00:00+00:00,Ankaragucu,Adana Demirspor,142,71,1.092935921,1.762833615,0.234793671,0.234601317,0.530605012,0.097665775,1,2,A
cfc1937d05c3e5292dfc86f7cf101438057bef0243c270b56784b76d0f08da13,2022-23,2023-06-07T20:00:00+03:00,independent_poisson,2027,2027,2023-06-06T20:00:00+00:00,Istanbulspor,Umraniyespor,33,33,1.597964699,1.425540062,0.417263554,0.240958280,0.341778167,0.013211923,4,0,H
3d73e5ae9c5ff64fb470eaa8486424070a22be4ce2dba87e44953b3348e4bbeb,2023-24,2023-08-11T21:00:00+03:00,independent_poisson,2031,2031,2023-06-07T20:00:00+00:00,Trabzonspor,Antalyaspor,215,215,2.095926029,0.930923235,0.641972067,0.200486264,0.157541669,0.101585569,1,0,H
60d28821b7ef8572c7678a01ae0493ba912a249ed7fa2c9474cd87fecd782ed3,2023-24,2023-08-12T19:15:00+03:00,independent_poisson,2032,2032,2023-08-11T21:00:00+00:00,Kasimpasa,Ankaragucu,215,143,1.869315741,1.109024500,0.551308453,0.225383689,0.223307858,0.034062168,3,2,H
9164fa6bd2fa4fbd3bfa9280f2fd138cf15ff300633a435ccfadf9fb2e0b38bf,2023-24,2023-08-12T19:15:00+03:00,independent_poisson,2032,2032,2023-08-11T21:00:00+00:00,Konyaspor,Istanbulspor,214,34,1.779230498,0.937146311,0.572066592,0.231767593,0.196165815,0.110238211,1,1,D
e4621bcba05ec08d4d51788f16a891605985386aabb682e08508d890cef1dd56,2023-24,2023-08-12T21:45:00+03:00,independent_poisson,2032,2032,2023-08-11T21:00:00+00:00,Kayserispor,Galatasaray,214,214,1.024106203,1.884988267,0.202159048,0.222896934,0.574944017,0.054525082,0,0,D
fc06eced7da9e48ee5ad746b767cb5b9f57443a662b41685c7ec401287bff998,2023-24,2023-08-12T21:45:00+03:00,independent_poisson,2032,2032,2023-08-11T21:00:00+00:00,Pendikspor,Hatayspor,0,99,1.549400657,1.267309282,0.439036476,0.249119992,0.311843532,0.002524143,1,5,A
70632261c39a80bc5610514e7c8bae986a8e20415cb72af67339f8ad5f78deb4,2023-24,2023-08-13T19:15:00+03:00,independent_poisson,2036,2036,2023-08-12T21:45:00+00:00,Sivasspor,Samsunspor,215,0,1.679844898,1.076622667,0.514688052,0.242032463,0.243279485,0.114871965,1,1,D
97bdfb7f60e04c98a3081e1763a2fabc246cb3c088fa7fd9154bec2b626afcf1,2023-24,2023-08-13T21:45:00+03:00,independent_poisson,2036,2036,2023-08-12T21:45:00+00:00,Adana Demirspor,Rizespor,72,146,2.458315174,0.982230629,0.697287892,0.170761242,0.131950866,0.095114897,2,1,H
b161da6d2d6d49c96807fcd14c2735e6724c21b31e8e5bd0b1f47808496fe53d,2023-24,2023-08-13T21:45:00+03:00,independent_poisson,2036,2036,2023-08-12T21:45:00+00:00,Fenerbahce,Gaziantep FK,214,134,2.075820883,1.014903317,0.617975300,0.205218242,0.176806458,0.099423710,2,1,H
0ca38e8437e08e4a16cffdacfb85ed27a3c65d448ae154921fea3d8fa7cd35e8,2023-24,2023-08-14T21:00:00+03:00,independent_poisson,2039,2039,2023-08-13T21:45:00+00:00,Fatih Karagumruk,Besiktas,112,214,1.506736372,1.758042943,0.332027817,0.229790611,0.438181572,0.067166673,0,1,A
ebff92175d7fb6f45cee2c375229f7a58991c6eabc1ba2d87a7a3ea5099a7493,2023-24,2023-08-14T21:00:00+03:00,independent_poisson,2039,2039,2023-08-13T21:45:00+00:00,Alanyaspor,Istanbul Basaksehir,214,214,1.242541812,1.341222776,0.344579383,0.264495349,0.390925268,0.058274335,2,0,H
2238d228b6da9df284f7fdf81cdef23c95bc1060caef8568311d8b547d3ca272,2023-24,2023-08-18T21:00:00+03:00,independent_poisson,2041,2041,2023-08-14T21:00:00+00:00,Istanbulspor,Kayserispor,35,215,1.587150667,1.302656632,0.440672074,0.245480864,0.313847062,0.114926650,1,1,D
ecdbf4fa269860d27bcfa875530a0f0a2b25f320055e04b9d042d93b9cb6c085,2023-24,2023-08-18T21:00:00+03:00,independent_poisson,2041,2041,2023-08-14T21:00:00+00:00,Antalyaspor,Konyaspor,216,215,1.184673144,1.149036403,0.368150769,0.281193679,0.350655552,0.131951749,1,1,D
6b52491f0a64df09db129f644338eeb70b90c6b72c7de583f5c1060aa6f5b530,2023-24,2023-08-19T19:15:00+03:00,independent_poisson,2043,2043,2023-08-18T21:00:00+00:00,Rizespor,Alanyaspor,147,215,1.482661063,1.584975785,0.357930430,0.239603770,0.402465800,0.046530985,0,0,D
67cfa45775b07711384c02bb31abe00594a5cfd3399be9bad77b56653e7f6f3a,2023-24,2023-08-19T21:45:00+03:00,independent_poisson,2043,2043,2023-08-18T21:00:00+00:00,Hatayspor,Kasimpasa,100,216,1.857914733,1.384388622,0.486744504,0.225964455,0.287291041,0.039073791,0,0,D
cfb64b465ab53685dc55301a00ce01933f12a7ef64dd861380b6dbe8780025ca,2023-24,2023-08-19T21:45:00+03:00,independent_poisson,2043,2043,2023-08-18T21:00:00+00:00,Galatasaray,Trabzonspor,215,216,1.873082056,1.145015533,0.543768061,0.225341564,0.230890375,0.085771002,2,0,H
98b127b8b500b831f0ddb0b97ba13580591364ee9fb3bcb50f7d640fafe84d19,2023-24,2023-08-20T19:15:00+03:00,independent_poisson,2046,2046,2023-08-19T21:45:00+00:00,Istanbul Basaksehir,Fatih Karagumruk,215,113,1.742678717,1.014992724,0.544478541,0.236181768,0.219339691,0.032677918,0,2,A
3444bb97a29aa63890ad6dc540941dc482ccfe1832868ada88c229f9d0a2f0fd,2023-24,2023-08-20T21:45:00+03:00,independent_poisson,2046,2046,2023-08-19T21:45:00+00:00,Besiktas,Pendikspor,215,1,6.992185707,0.737538199,0.989120824,0.007972402,0.002906774,0.002266841,1,1,D
e760683cbdc3bfedcc060751280890eeefeeb9b61715638d4ad4a7d944e1b890,2023-24,2023-08-20T21:45:00+03:00,independent_poisson,2046,2046,2023-08-19T21:45:00+00:00,Gaziantep FK,Sivasspor,135,216,1.519145714,1.181165565,0.450561115,0.253899721,0.295539165,0.028031751,1,3,A
0e400e9862093909f0bd467810b60b956a1e21124afec063ebbebbe9fdb4c727,2023-24,2023-08-21T21:00:00+03:00,independent_poisson,2049,2049,2023-08-20T21:45:00+00:00,Samsunspor,Fenerbahce,1,215,1.163636043,1.320379091,0.327559614,0.270044702,0.402395684,0.072706496,0,2,A
bfaacd4a55c96fc32ad4b4739b9f932ea71ae5cf56584ca7794d90ed637807ee,2023-24,2023-08-21T21:00:00+03:00,independent_poisson,2049,2049,2023-08-20T21:45:00+00:00,Ankaragucu,Adana Demirspor,144,73,1.098635811,1.777972373,0.233918161,0.233278988,0.532802851,0.110023055,1,1,D
400b6e92396df4ee798ed6f324a36ba4d889e8427630a834bbca1c02563dbbe7,2023-24,2023-08-25T21:00:00+03:00,independent_poisson,2051,2051,2023-08-21T21:00:00+00:00,Konyaspor,Gaziantep FK,216,136,1.403098234,1.068619117,0.446114382,0.267198318,0.286687300,0.083117592,2,0,H
2a6234b00b8fed41fa2c8de64514bfe6d73bfa014daf16509021fd31f5059744,2023-24,2023-08-26T19:15:00+03:00,independent_poisson,2052,2052,2023-08-25T21:00:00+00:00,Kasimpasa,Pendikspor,217,2,2.761401874,1.136037865,0.713952093,0.155168413,0.130879494,0.063662817,1,1,D
bfdced9a29a60d370ccf78378253004920624ad12f3e26beca154b8e99c24dbb,2023-24,2023-08-26T19:15:00+03:00,independent_poisson,2052,2052,2023-08-25T21:00:00+00:00,Trabzonspor,Rizespor,217,148,2.343877196,0.977918008,0.678176087,0.180176181,0.141647732,0.015451067,2,3,A
de120e13ae47de6366c2f11a23a9e7fac3ffd09312bc5bc2e010c29b97e060d3,2023-24,2023-08-26T21:45:00+03:00,independent_poisson,2052,2052,2023-08-25T21:00:00+00:00,Sivasspor,Antalyaspor,217,217,1.642363530,1.005687437,0.522558893,0.245830550,0.231610557,0.116922581,1,1,D
27dbf4c3b3c9b0d064a5f6a87e033a2a4b1fda7270d537b1c3055428a16bbd29,2023-24,2023-08-27T19:15:00+03:00,independent_poisson,2055,2055,2023-08-26T21:45:00+00:00,Kayserispor,Samsunspor,216,2,1.308045292,0.811879677,0.482547480,0.285636357,0.231816163,0.083374938,2,1,H
33507953394cb10446cca6222b0f36a8e29acc1e46f882fa270f8d791af3f229,2023-24,2023-08-27T19:15:00+03:00,independent_poisson,2055,2055,2023-08-26T21:45:00+00:00,Fatih Karagumruk,Ankaragucu,114,145,2.021676941,0.990787376,0.612464301,0.209449214,0.178086485,0.098490783,1,1,D
7b80cea0f5e023019e27ee763046ce60da2b884adae90eee1b33573429d208a4,2023-24,2023-08-27T21:45:00+03:00,independent_poisson,2055,2055,2023-08-26T21:45:00+00:00,Alanyaspor,Hatayspor,216,101,1.798780541,1.268246503,0.498726106,0.231109942,0.270163952,0.046559368,0,0,D
e61c20c45e2166eb72ebf85561473cd159532c39b87837971f6656287ed7dd15,2023-24,2023-09-01T21:00:00+03:00,independent_poisson,2058,2058,2023-08-27T21:45:00+00:00,Kasimpasa,Trabzonspor,218,218,1.497844296,1.784681802,0.325336678,0.228545389,0.446117933,0.008482159,1,5,A
ee4299c45a2c31295edc086ffd5615c6f977e9f4046f23acf2082eeef1e454c6,2023-24,2023-09-01T21:00:00+03:00,independent_poisson,2058,2058,2023-08-27T21:45:00+00:00,Rizespor,Fatih Karagumruk,149,115,1.485913102,1.658510226,0.345038058,0.235680700,0.419281242,0.064030621,1,0,H
ce8e203932a6c36e4c6070cccebc9152420c7bd35e301575fe45c4e7d641092c,2023-24,2023-09-02T19:15:00+03:00,independent_poisson,2060,2060,2023-09-01T21:00:00+00:00,Istanbul Basaksehir,Konyaspor,216,217,1.448100453,0.802602016,0.523732209,0.268251150,0.208016641,0.084534227,0,1,A
f4691a452ab71adcacac5aa9d7b32ed2dc25897b000dc180344a8b26ee491df6,2023-24,2023-09-02T19:15:00+03:00,independent_poisson,2060,2060,2023-09-01T21:00:00+00:00,Pendikspor,Alanyaspor,3,217,1.248847709,1.766582774,0.270746160,0.233666008,0.495587832,0.108158001,1,1,D
150340309903aa02c8c76f83cd0414de28816044bfbb7b6d41484d8116e9e3da,2023-24,2023-09-02T21:45:00+03:00,independent_poisson,2060,2060,2023-09-01T21:00:00+00:00,Gaziantep FK,Galatasaray,137,216,1.163470265,1.631262336,0.272120691,0.245300628,0.482578682,0.044226567,0,3,A
b4a71f272142c77009ce7d2e671f3753bef7dd212703e0b9c334d3f5cfb4ed06,2023-24,2023-09-02T21:45:00+03:00,independent_poisson,2060,2060,2023-09-01T21:00:00+00:00,Antalyaspor,Kayserispor,218,217,1.543015498,1.107398426,0.473522966,0.253753441,0.272723593,0.120674094,1,1,D
42e528de163cb2f589c4ede6b781dc53da86e24d5e715dba6f9181ae2cddbf8f,2023-24,2023-09-03T19:15:00+03:00,independent_poisson,2064,2064,2023-09-02T21:45:00+00:00,Besiktas,Sivasspor,216,218,2.075293743,0.996726325,0.622156729,0.204702127,0.173141144,0.099762608,2,0,H
3f85d39f5e9ddde358c1fc4afac27565ae3762f87546db4e3eed0420a3bb3458,2023-24,2023-09-03T21:45:00+03:00,independent_poisson,2064,2064,2023-09-02T21:45:00+00:00,Hatayspor,Adana Demirspor,102,74,1.397701728,1.649114570,0.325806224,0.238841346,0.435352430,0.016161363,3,3,D
c134e783e3bf295eaea9a441de83bc7fec77316dcd02c2d767bcb3102b87df25,2023-24,2023-09-03T21:45:00+03:00,independent_poisson,2064,2064,2023-09-02T21:45:00+00:00,Ankaragucu,Fenerbahce,146,216,1.027933278,1.821450572,0.211463977,0.228861953,0.559674070,0.105425509,0,1,A
5236595e0dd4da4224358c98c1b7c8ae9b724cd1f50466c724179f69d06d6f52,2023-24,2023-09-16T17:00:00+03:00,independent_poisson,2067,2067,2023-09-03T21:45:00+00:00,Kayserispor,Gaziantep FK,218,138,1.361466346,1.379945851,0.367819950,0.255900302,0.376279748,0.059759043,2,0,H
c5a16542825bd2bec18b10f47f487d430c7fcd488be929fa92bbb475f9db6495,2023-24,2023-09-16T17:00:00+03:00,independent_poisson,2067,2067,2023-09-03T21:45:00+00:00,Konyaspor,Rizespor,218,150,1.666344473,0.967684532,0.537708075,0.243472999,0.218818926,0.056009040,1,2,A
705a5ffc4b5566559b10c9d3967ac6153a54d5018eafdbe6181d24e1dd10f213,2023-24,2023-09-16T20:00:00+03:00,independent_poisson,2067,2067,2023-09-03T21:45:00+00:00,Adana Demirspor,Pendikspor,75,4,2.529723211,0.813468070,0.746088736,0.155159205,0.098752059,0.095309950,3,0,H
a2af6c2f4b8e84b984c06007d709bd080a48839f2f6ab0b6f7eb3d72e8b5dfe3,2023-24,2023-09-16T20:00:00+03:00,independent_poisson,2067,2067,2023-09-03T21:45:00+00:00,Galatasaray,Samsunspor,217,3,2.308864780,0.557500289,0.769715712,0.157381626,0.072902663,0.010471199,4,2,H
9740344320b8eed5a2ca9dccd272a8fe6363f47839699021f28d9ee61bd7b432,2023-24,2023-09-17T17:00:00+03:00,independent_poisson,2071,2071,2023-09-16T20:00:00+00:00,Istanbulspor,Istanbul Basaksehir,36,217,0.999034096,1.583973798,0.238765654,0.251581408,0.509652937,0.094771972,0,2,A
f77fcbb4162d359c3fb4a382b09776d03fe60cbdf92b224f28181b43d99c180a,2023-24,2023-09-17T17:00:00+03:00,independent_poisson,2071,2071,2023-09-16T20:00:00+00:00,Fenerbahce,Antalyaspor,217,219,2.209212762,0.864741739,0.679647551,0.186869100,0.133483348,0.031067246,3,2,H
13035543b9a4a0e29fc640503d36b646541d234d1cac2387a04f8503f39c19e9,2023-24,2023-09-17T20:00:00+03:00,independent_poisson,2071,2071,2023-09-16T20:00:00+00:00,Trabzonspor,Besiktas,219,217,1.635163886,1.496225050,0.411671768,0.236556983,0.351771248,0.031811758,3,0,H
9b9b9fdff5477d7fe3e256e9ea5e7f723764f4491582fe74e37e0752f68e5f2a,2023-24,2023-09-17T20:00:00+03:00,independent_poisson,2071,2071,2023-09-16T20:00:00+00:00,Alanyaspor,Kasimpasa,218,219,1.995276430,1.331001270,0.528805736,0.216833276,0.254360987,0.018692099,3,3,D
39ea590a3508ea9010d719a7acc18d28d318397eab057adf9fa578e73abfa14f,2023-24,2023-09-18T20:00:00+03:00,independent_poisson,2075,2075,2023-09-17T20:00:00+00:00,Fatih Karagumruk,Hatayspor,116,103,1.876620676,1.273826198,0.515244818,0.225346094,0.259409088,0.042832982,0,0,D
a519e9a1eedebef123906b9aeb67768d0a6bace32914009261ec2632c6ac7873,2023-24,2023-09-18T20:00:00+03:00,independent_poisson,2075,2075,2023-09-17T20:00:00+00:00,Sivasspor,Ankaragucu,219,147,1.712335641,0.915863478,0.561627485,0.238393177,0.199979338,0.015831333,1,3,A
1cf8557f32446bd2878d7fb13a3d78c32075dd5a0611c7e4558d501bf7103522,2023-24,2023-09-22T20:00:00+03:00,independent_poisson,2077,2077,2023-09-18T20:00:00+00:00,Gaziantep FK,Istanbulspor,139,37,1.917384218,1.044657200,0.577217847,0.220275740,0.202506413,0.095058303,2,0,H
8468aa038bda335eac19127e335c0798a19f32fc53d3d5c0e6aac2e6e07f67ae,2023-24,2023-09-23T17:00:00+03:00,independent_poisson,2078,2078,2023-09-22T20:00:00+00:00,Pendikspor,Fatih Karagumruk,5,117,1.029679427,1.759384928,0.220444697,0.234686152,0.544869151,0.111374981,1,1,D
ee92225d9ce314af63f1d6f325e122dec4fdea9d2e942f7c94170ee388418ba9,2023-24,2023-09-23T17:00:00+03:00,independent_poisson,2078,2078,2023-09-22T20:00:00+00:00,Rizespor,Sivasspor,151,220,1.393099008,1.409346943,0.369982484,0.252668822,0.377348694,0.119100364,1,1,D
7fd35da22b55977068badc3aec71002282d01959d46880a26d95b91584ec64c8,2023-24,2023-09-23T20:00:00+03:00,independent_poisson,2078,2078,2023-09-22T20:00:00+00:00,Antalyaspor,Samsunspor,220,4,1.779086341,1.092456235,0.534519443,0.233165375,0.232315181,0.089591944,2,0,H
99525808bbae480dec6bd540c141279b6e96a273c9af3fac0e8598f73839760f,2023-24,2023-09-23T20:00:00+03:00,independent_poisson,2078,2078,2023-09-22T20:00:00+00:00,Istanbul Basaksehir,Galatasaray,218,218,1.229602752,1.200367170,0.369770344,0.274565519,0.355664136,0.077990287,1,2,A
6ae891c795839b81ff5ce9843182d8fbf1717ffef34ef2eb838b939f6fdd1129,2023-24,2023-09-24T17:00:00+03:00,independent_poisson,2082,2082,2023-09-23T20:00:00+00:00,Ankaragucu,Konyaspor,148,219,1.084800982,1.211156154,0.327159077,0.283259146,0.389581777,0.132260054,1,1,D
6cac1703b67b9c93c71cf335d8e048d03eeb7263b5de92801d805cd1d665cffb,2023-24,2023-09-24T17:00:00+03:00,independent_poisson,2082,2082,2023-09-23T20:00:00+00:00,Besiktas,Kayserispor,218,219,2.446375755,0.871832447,0.719801573,0.165831835,0.114366593,0.094486519,2,1,H
3cbdbb3644d01dae36add5d4ee305cff01382372339be1a98d573094c20e6e33,2023-24,2023-09-24T20:00:00+03:00,independent_poisson,2082,2082,2023-09-23T20:00:00+00:00,Alanyaspor,Fenerbahce,219,218,1.416436058,1.687689277,0.323402484,0.236031924,0.440565591,0.075716057,0,1,A
96aba3a8530140a9b0db3f1c25ca893867ff48f0993ab2094d0431c1ec590be1,2023-24,2023-09-24T20:00:00+03:00,independent_poisson,2082,2082,2023-09-23T20:00:00+00:00,Kasimpasa,Adana Demirspor,220,76,1.508376776,1.894474236,0.309110497,0.222209227,0.468680276,0.071719783,2,1,H
8a96b28894cd15788d8169a7ef0caf4300ca454596ee68c629e3068d420906d1,2023-24,2023-09-25T20:00:00+03:00,independent_poisson,2086,2086,2023-09-24T20:00:00+00:00,Hatayspor,Trabzonspor,104,220,1.403934254,1.612155059,0.333970124,0.240851351,0.425178525,0.029363089,3,2,H
09ad7400f67481451c013053ff03ecb602142ed109a97afffada4a7a2c126dba,2023-24,2023-09-26T20:00:00+03:00,independent_poisson,2087,2087,2023-09-25T20:00:00+00:00,Istanbulspor,Galatasaray,38,219,0.972174160,2.056831957,0.170191585,0.205612891,0.624195525,0.099475967,0,1,A
a1281a210cfb0b6600cac45f085a253bc2e3ab89bf57c8f46aebb2bbd2fa8a98,2023-24,2023-09-27T20:00:00+03:00,independent_poisson,2088,2088,2023-09-26T20:00:00+00:00,Adana Demirspor,Besiktas,77,219,1.698932974,1.503589889,0.425146983,0.233017338,0.341835679,0.015954549,4,2,H
e8f0aaf459de0416adb115320c932fa00359ac5540dd18bd55f243916f556d02,2023-24,2023-09-28T20:00:00+03:00,independent_poisson,2089,2089,2023-09-27T20:00:00+00:00,Fenerbahce,Istanbul Basaksehir,219,219,1.538173245,1.060135952,0.483386719,0.255115649,0.261497632,0.017353154,4,0,H
c1eebd556606205fe59d24f3abda1d4da0176a2880bd88fa5aa0d02cacec68e0,2023-24,2023-09-29T20:00:00+03:00,independent_poisson,2090,2090,2023-09-28T20:00:00+00:00,Samsunspor,Gaziantep FK,5,140,1.107017079,1.606124133,0.262272945,0.248273859,0.489453196,0.094706608,1,2,A
c0d6cda6b9c6f811c9d39b00c31ec2caa823e918d2ab28d969c65f5254f736e8,2023-24,2023-09-30T13:30:00+03:00,independent_poisson,2091,2091,2023-09-29T20:00:00+00:00,Sivasspor,Hatayspor,221,105,1.607439249,1.197406078,0.468985731,0.246589179,0.284425090,0.060516131,0,0,D
91fd7496d9f78b599f85d057325b6977621a32fdad03725cc15b56e5387e6d2c,2023-24,2023-09-30T16:00:00+03:00,independent_poisson,2091,2091,2023-09-29T20:00:00+00:00,Trabzonspor,Pendikspor,221,6,2.410453355,0.693231335,0.754261559,0.157682726,0.088055715,0.090392525,2,1,H
e253818b759c96b799d6d97814ef9d91867c3dcad333ac958d2944bdfbfa7d52,2023-24,2023-09-30T16:00:00+03:00,independent_poisson,2091,2091,2023-09-29T20:00:00+00:00,Istanbulspor,Antalyaspor,39,221,1.340163902,1.285605374,0.381583414,0.262284266,0.356132320,0.080165254,1,2,A
a734604d6fd66408b80601f422c979943296be013489540af9bad7a95a4df8fe,2023-24,2023-09-30T19:00:00+03:00,independent_poisson,2092,2092,2023-09-30T13:30:00+00:00,Galatasaray,Ankaragucu,220,149,2.339994048,0.715217089,0.737812737,0.165772435,0.096414828,0.092252056,2,1,H
abb6706b40f49a80de51c1fcbcca83342227e85e576d4eef3f7b73ff401062a2,2023-24,2023-10-01T13:30:00+03:00,independent_poisson,2095,2095,2023-09-30T19:00:00+00:00,Fatih Karagumruk,Kasimpasa,118,221,2.075397316,1.337130710,0.544609838,0.211236455,0.244153707,0.028281390,2,3,A
60730c15d10dc09df6ac7f436fca2997668b6dca95f41f64229e700052b420e8,2023-24,2023-10-01T16:00:00+03:00,independent_poisson,2095,2095,2023-09-30T19:00:00+00:00,Fenerbahce,Rizespor,220,152,2.480677868,0.919667264,0.714865942,0.165609029,0.119525029,0.026116771,5,0,H
13bc776482be6e4c1b0177292578e5fac5b1746a5b5b7451157abd7eb39d45e4,2023-24,2023-10-01T19:00:00+03:00,independent_poisson,2096,2096,2023-10-01T13:30:00+00:00,Konyaspor,Besiktas,220,220,1.176863395,1.457324670,0.305444914,0.258877271,0.435677815,0.076220062,0,2,A
540000325221dd317c8ef7a1c7e1bb0f24d49d076c144629424b4a96bbb491de,2023-24,2023-10-01T19:00:00+03:00,independent_poisson,2096,2096,2023-10-01T13:30:00+00:00,Adana Demirspor,Alanyaspor,78,220,2.146915996,1.193005567,0.591498044,0.203814057,0.204687899,0.031371802,4,0,H
d2192b70faea31f12595caa3f1c8f31d8f7560f977af28f0a9f5d7b6795ce0f5,2023-24,2023-10-02T20:00:00+03:00,independent_poisson,2099,2099,2023-10-01T19:00:00+00:00,Kayserispor,Istanbul Basaksehir,220,220,1.004038042,1.451643578,0.261178618,0.264527461,0.474293921,0.085804689,0,0,D
43d18f0218abf4c997b91e07fcb30f64c72f6f465a61a6ae7efc699901f92008,2023-24,2023-10-06T20:00:00+03:00,independent_poisson,2100,2100,2023-10-02T20:00:00+00:00,Alanyaspor,Fatih Karagumruk,221,119,1.745845201,1.413499527,0.454813036,0.232596490,0.312590474,0.091451568,2,1,H
68d916891a362e77d8cd280f61aaf16254a87fc0afc8e1a6ba9be9880942f6df,2023-24,2023-10-06T20:00:00+03:00,independent_poisson,2100,2100,2023-10-02T20:00:00+00:00,Adana Demirspor,Trabzonspor,79,222,1.894819172,1.388274847,0.494199828,0.223520039,0.282280134,0.071078484,1,0,H
cc7c09f6e2684f203a13b5fab3dc9a36e14d6e77aa8cc0a2baa10f36e7116d46,2023-24,2023-10-07T13:30:00+03:00,independent_poisson,2102,2102,2023-10-06T20:00:00+00:00,Pendikspor,Sivasspor,7,222,1.008143519,1.395180275,0.271827423,0.269950620,0.458221957,0.020797168,2,3,A
4ce60b2afa1d11d028de15aa924945021f9571a8132e070d23f8de45820714a8,2023-24,2023-10-07T16:00:00+03:00,independent_poisson,2102,2102,2023-10-06T20:00:00+00:00,Ankaragucu,Kayserispor,150,221,1.411736669,1.156713968,0.428292703,0.263213391,0.308493906,0.035945613,3,0,H
8f5b970a126772130f200088553c991cd0ed46fc0004c9ab6987d3ea93a8b1e0,2023-24,2023-10-07T19:00:00+03:00,independent_poisson,2103,2103,2023-10-07T13:30:00+00:00,Antalyaspor,Galatasaray,222,221,1.007470847,1.724241026,0.220161005,0.237909712,0.541929283,0.096782884,0,2,A
b4fe4de97099ae519ff4ba718083a4cc0ecbd477e6a241e2600b6db363da5f49,2023-24,2023-10-07T19:00:00+03:00,independent_poisson,2103,2103,2023-10-07T13:30:00+00:00,Istanbul Basaksehir,Gaziantep FK,221,141,1.641092537,0.882159617,0.552851379,0.245730758,0.201417863,0.107994505,2,0,H
69e402f011f8de85f906131e18f7390f4b0c0d73cf6fab035090d0b10c932d0a,2023-24,2023-10-08T13:30:00+03:00,independent_poisson,2106,2106,2023-10-07T19:00:00+00:00,Rizespor,Samsunspor,153,6,1.979893109,0.998350172,0.601821913,0.213533452,0.184644635,0.100741200,1,0,H
cdc59cf27c07a7e831cab7ffb43c5bf2cb1ea445ef7194ca280a9f28b2de02c6,2023-24,2023-10-08T16:00:00+03:00,independent_poisson,2106,2106,2023-10-07T19:00:00+00:00,Besiktas,Istanbulspor,221,40,2.669667016,0.816400892,0.766373465,0.143842186,0.089784349,0.109119945,2,0,H
7da1b208b7a5151c9f163c2d0eb201d532631f86ff999899e81fad430fa9316f,2023-24,2023-10-08T19:00:00+03:00,independent_poisson,2107,2107,2023-10-08T13:30:00+00:00,Hatayspor,Konyaspor,106,221,1.385729228,1.122884321,0.429024736,0.266668975,0.304306288,0.040526759,3,1,H
bc66dab9e714db92b0f90567ef7eafd6a556523162cbec04bc2403a3f9fc80e4,2023-24,2023-10-08T19:00:00+03:00,independent_poisson,2107,2107,2023-10-08T13:30:00+00:00,Kasimpasa,Fenerbahce,222,221,1.393633525,1.943155676,0.275907691,0.220322106,0.503770203,0.067117544,0,2,A
f051a3b95c75092d3d0d6fa38acf8eeb3625cb5abc9793d5e87fec592cfa1cdf,2023-24,2023-10-21T13:30:00+03:00,independent_poisson,2110,2110,2023-10-08T19:00:00+00:00,Kayserispor,Rizespor,222,154,1.593612529,1.257102651,0.452231784,0.246260389,0.301507827,0.049013738,3,1,H
5cad180929ae8fb1831c893b61da8a548584ac02922bee65240db2ff2764b167,2023-24,2023-10-21T16:00:00+03:00,independent_poisson,2110,2110,2023-10-08T19:00:00+00:00,Gaziantep FK,Antalyaspor,142,223,1.621093826,1.050658297,0.506484518,0.247582563,0.245932919,0.112067826,1,0,H
aa2527ab096c30ad6cfa206c98eba7e2ade6d4f4108fa67909198bb871b6d5cc,2023-24,2023-10-21T16:00:00+03:00,independent_poisson,2110,2110,2023-10-08T19:00:00+00:00,Konyaspor,Pendikspor,222,8,1.813388528,0.798685327,0.614697256,0.224933377,0.160369367,0.042442701,1,2,A
30187d18c595e36e4c51bea2c2dc957cd03b7507c41db2527126f0fcbe20864b,2023-24,2023-10-21T19:00:00+03:00,independent_poisson,2111,2111,2023-10-21T13:30:00+00:00,Galatasaray,Besiktas,222,222,1.757745362,1.232180070,0.497270623,0.234484466,0.268244911,0.095729985,2,1,H
5532dd4564015a37c6970bb7706199ac1e16d1a37e0a6cb29ff99ea892a69b1e,2023-24,2023-10-22T13:30:00+03:00,independent_poisson,2114,2114,2023-10-21T19:00:00+00:00,Sivasspor,Kasimpasa,223,223,1.818784250,1.263040700,0.504498851,0.229666524,0.265834625,0.057942573,0,1,A
de40b5c3b6f2db5d96d2ac4fcd023000ee41a5ef20b8f00535ef5290685ea569,2023-24,2023-10-22T16:00:00+03:00,independent_poisson,2114,2114,2023-10-21T19:00:00+00:00,Istanbulspor,Ankaragucu,41,151,1.369108992,1.195706953,0.408403534,0.264822222,0.326774244,0.086215508,2,1,H
40d31ec0ad30d49f6b78c2b55d9abf6c7112996e2fa4b2fbc9ce10de92251b2e,2023-24,2023-10-22T19:00:00+03:00,independent_poisson,2115,2115,2023-10-22T13:30:00+00:00,Fenerbahce,Hatayspor,222,107,2.195018556,1.015397580,0.641688359,0.194647120,0.163664521,0.020114896,4,2,H
89f673232d372d7c9633fa36caa3e86ed412e83f7a015fff6ecc305e0540d4da,2023-24,2023-10-22T19:00:00+03:00,independent_poisson,2115,2115,2023-10-22T13:30:00+00:00,Samsunspor,Istanbul Basaksehir,7,222,0.690612109,1.649084597,0.153688577,0.241588718,0.604722705,0.096356858,0,0,D
53e1adbe289f7a3d5b88085966eca88b663c30941ee50630a05ef2ce53680301,2023-24,2023-10-23T20:00:00+03:00,independent_poisson,2118,2118,2023-10-22T19:00:00+00:00,Fatih Karagumruk,Adana Demirspor,120,80,1.554633933,1.680609483,0.357059315,0.232355988,0.410584697,0.047553001,2,0,H
a0c61d594fab5ec2a9fe9cf114fde355416de33792ddc9511ff4ae5494e9948e,2023-24,2023-10-23T20:00:00+03:00,independent_poisson,2118,2118,2023-10-22T19:00:00+00:00,Trabzonspor,Alanyaspor,223,222,2.056849815,1.168600184,0.578375455,0.210517870,0.211106675,0.081734883,1,0,H
c64a7ad91d66b2b41233dd8b88c0f0cf3a1779d97a930b833c105be719574cba,2023-24,2023-10-27T20:00:00+03:00,independent_poisson,2120,2120,2023-10-23T20:00:00+00:00,Kasimpasa,Istanbulspor,224,42,2.068302827,1.145482766,0.586066353,0.209147432,0.204786215,0.067912597,3,1,H
fb5c8494d4a61002a4df5c8d8d5d23a3c9999f8a109d036983811b8fca71fdcd,2023-24,2023-10-27T20:00:00+03:00,independent_poisson,2120,2120,2023-10-23T20:00:00+00:00,Hatayspor,Kayserispor,108,223,1.839108447,1.094595486,0.547851769,0.227894126,0.224254105,0.058612901,1,2,A
45316407f8858f383d8a2ce773abe5e56170a2cc9addb37e06b49b4f385e4294,2023-24,2023-10-28T16:00:00+03:00,independent_poisson,2122,2122,2023-10-27T20:00:00+00:00,Alanyaspor,Sivasspor,223,224,1.631211455,1.223485833,0.468941628,0.244238087,0.286820285,0.070290863,1,2,A
5b05cc37a4b44b43c01bcf6507d4cacb89ee34748eecb72130ca6a31afabdb57,2023-24,2023-10-28T19:00:00+03:00,independent_poisson,2122,2122,2023-10-27T20:00:00+00:00,Rizespor,Galatasaray,155,223,1.055986894,1.952076856,0.200520249,0.217356835,0.582122916,0.096407634,0,1,A
80ec5af64482d7140fd92a12ad1307a0eda282788e0103c957e91947bb3190a6,2023-24,2023-10-28T19:00:00+03:00,independent_poisson,2122,2122,2023-10-27T20:00:00+00:00,Adana Demirspor,Konyaspor,81,223,1.839762673,0.962905268,0.579595771,0.226149760,0.194254469,0.062943507,3,0,H
454f2d5d3daadeb58945e0b66de02bf7d5beefa2211ba4f3c6f224b2c31124c2,2023-24,2023-10-29T16:00:00+03:00,independent_poisson,2125,2125,2023-10-28T19:00:00+00:00,Fatih Karagumruk,Trabzonspor,121,224,1.569271881,1.573126396,0.380827633,0.236684353,0.382488014,0.043179118,0,0,D
4aeaee6d7a4891a4871a9c1406bd39ccc8141b489cfb0a110c16838855d2c71f,2023-24,2023-10-29T19:00:00+03:00,independent_poisson,2125,2125,2023-10-28T19:00:00+00:00,Pendikspor,Fenerbahce,9,223,1.081814269,2.048265107,0.193964750,0.209450545,0.596584704,0.013133286,0,5,A
b066c1df2e56e3307ee8d8e8412933d4834630b217732cb9a7fc1620da48b853,2023-24,2023-10-29T19:00:00+03:00,independent_poisson,2125,2125,2023-10-28T19:00:00+00:00,Antalyaspor,Istanbul Basaksehir,224,223,0.986378270,1.326698278,0.277826309,0.277510259,0.444663432,0.097608382,1,0,H
d1fbd57ffb751f83270d7f6cd4b8edfab668603a1f0d8ab99e6b90ac702b51e3,2023-24,2023-10-29T19:00:00+03:00,independent_poisson,2125,2125,2023-10-28T19:00:00+00:00,Ankaragucu,Samsunspor,152,8,1.467507689,0.724756701,0.549470588,0.265997186,0.184532226,0.120238195,2,0,H
1d9ed9e1e8832e43fcdcc9623f8e4a1f29f33c95b4bde2e78a4104cb0ed7dea8,2023-24,2023-10-30T20:00:00+03:00,independent_poisson,2129,2129,2023-10-29T19:00:00+00:00,Besiktas,Gaziantep FK,223,143,2.151355518,0.987177792,0.639699406,0.197484118,0.162816476,0.100310565,2,0,H
7f85d499c6fecfa7df8507a12e9a4a1fd3ec489421b1ac3e33529e467a968343,2023-24,2023-11-03T20:00:00+03:00,independent_poisson,2130,2130,2023-10-30T20:00:00+00:00,Galatasaray,Kasimpasa,224,225,2.488982452,0.963647598,0.706564668,0.167282478,0.126152853,0.094509124,2,1,H
2bb2e7b11027ff7924d8b6f9265fed2217101ef0ccb3065bf2ac19426154db14,2023-24,2023-11-04T13:30:00+03:00,independent_poisson,2131,2131,2023-11-03T20:00:00+00:00,Istanbulspor,Pendikspor,43,10,1.783974326,1.150850962,0.522002639,0.232795972,0.245201389,0.006180646,2,4,A
4318ca8f949322a4539d7fac660b6e4bf1320b0a20eb0de7cba8500f88f53176,2023-24,2023-11-04T16:00:00+03:00,independent_poisson,2131,2131,2023-11-03T20:00:00+00:00,Samsunspor,Hatayspor,9,109,0.804077850,1.495030568,0.201742547,0.262456437,0.535801016,0.048498262,2,1,H
f3499895c157cff921a5602b2f3d4134c032d2bfa02fac9f304d99846007bc1e,2023-24,2023-11-04T19:00:00+03:00,independent_poisson,2132,2132,2023-11-04T13:30:00+00:00,Fenerbahce,Trabzonspor,224,225,1.905579655,1.254731363,0.526016771,0.223193337,0.250789892,0.025352430,2,3,A
7cdd08240b2fbe8d63d2ee27feafdff0aa955b0999a112400283bf13777db860,2023-24,2023-11-05T13:30:00+03:00,independent_poisson,2134,2134,2023-11-04T19:00:00+00:00,Sivasspor,Adana Demirspor,225,82,1.353623164,1.560365230,0.331208003,0.245620620,0.423171377,0.114602730,1,1,D
82d583b5c984e3e235c514e1771cc61b7de4493fd90aa3693e87ae4f1c0f9985,2023-24,2023-11-05T16:00:00+03:00,independent_poisson,2134,2134,2023-11-04T19:00:00+00:00,Istanbul Basaksehir,Ankaragucu,224,153,1.787694258,0.713393371,0.631000285,0.225029166,0.143970549,0.004724500,3,3,D
fcf63018dc5346fbd3022838a5b21e3a55f0fa6220ef2b34efc1d729197ed1c0,2023-24,2023-11-05T16:00:00+03:00,independent_poisson,2134,2134,2023-11-04T19:00:00+00:00,Konyaspor,Fatih Karagumruk,224,122,1.418689933,1.200169850,0.420458257,0.260945381,0.318596361,0.124100590,1,1,D
9dea7c9716026cde64b9340ec49516b7a6debd2525b6f317ba0ac798bc8850f2,2023-24,2023-11-05T19:00:00+03:00,independent_poisson,2135,2135,2023-11-05T13:30:00+00:00,Antalyaspor,Besiktas,225,224,1.113279543,1.738654448,0.243171395,0.236706801,0.520121803,0.020066831,3,2,H
20efe45facfa7b506b0dc1aaae96219e34ac6a1e0a701213adc2725341adaf7e,2023-24,2023-11-06T20:00:00+03:00,independent_poisson,2138,2138,2023-11-05T19:00:00+00:00,Kayserispor,Alanyaspor,224,224,1.405689333,1.480717718,0.359102300,0.248230180,0.392667519,0.078404086,1,0,H
c348342fd5243b4fe241e4baee5f2f8aa86069077a8e2a3c54851417c20267d1,2023-24,2023-11-06T20:00:00+03:00,independent_poisson,2138,2138,2023-11-05T19:00:00+00:00,Gaziantep FK,Rizespor,144,156,1.810054263,1.096178020,0.540820539,0.230454044,0.228725417,0.089576182,2,0,H
cf2e875767d031a04e295862f00dceafd2d5584adbfdf800596c56dadf5b1fd4,2023-24,2023-11-08T20:00:00+03:00,independent_poisson,2140,2140,2023-11-06T20:00:00+00:00,Samsunspor,Istanbulspor,10,44,1.142682245,1.148032281,0.356488554,0.284375338,0.359136108,0.075845599,2,1,H
5f026399d1037d46dffa9fce735b02b509784641f6603ea62aad1194d64f3d68,2023-24,2023-11-10T20:00:00+03:00,independent_poisson,2141,2141,2023-11-08T20:00:00+00:00,Trabzonspor,Konyaspor,226,225,1.762116977,0.954509148,0.563801958,0.233736771,0.202461271,0.097949863,2,1,H
d51c4f0829574195ecf35658574c00d26f55afe85ed58ffafb2754884f09fc44,2023-24,2023-11-10T20:00:00+03:00,independent_poisson,2141,2141,2023-11-08T20:00:00+00:00,Ankaragucu,Antalyaspor,154,226,1.337816106,1.158183352,0.408295286,0.268967020,0.322737694,0.006178730,0,4,A
fd33ae98228c79a72b121aee2980ccf6ff4b1dfdff28aa7392f15e87766dd57a,2023-24,2023-11-11T13:30:00+03:00,independent_poisson,2143,2143,2023-11-10T20:00:00+00:00,Kasimpasa,Kayserispor,226,225,1.911448299,1.231785289,0.532495923,0.222691425,0.244812651,0.004816995,3,4,A
03ca957c1a04701985ce28db3b9a06b0e2905d90f9581529a7d2c93ca452ef67,2023-24,2023-11-11T16:00:00+03:00,independent_poisson,2143,2143,2023-11-10T20:00:00+00:00,Fatih Karagumruk,Sivasspor,123,226,1.678702951,1.204252183,0.484804496,0.240905215,0.274290289,0.044128463,3,0,H
b85a535c27835eaaadfd571ae07ebb0b9f884777b46a87f5a0cc253d0b3fd555,2023-24,2023-11-11T16:00:00+03:00,independent_poisson,2143,2143,2023-11-10T20:00:00+00:00,Alanyaspor,Gaziantep FK,225,145,1.663828203,1.220535775,0.477531978,0.241807321,0.280660701,0.016937017,0,3,A
f5f5d8b674734d2a7755e801cc5fa9b6883e05d70a3c1fd744475d7df0c830fa,2023-24,2023-11-11T19:00:00+03:00,independent_poisson,2144,2144,2023-11-11T13:30:00+00:00,Hatayspor,Galatasaray,110,225,1.177119718,1.726116688,0.260230873,0.237430756,0.502338371,0.065587620,2,1,H
fa1c3ab9940c532b70390ac85acd8f35accaa7ea17ef779ed406aeef196c1f45,2023-24,2023-11-12T13:30:00+03:00,independent_poisson,2147,2147,2023-11-11T19:00:00+00:00,Pendikspor,Samsunspor,11,11,1.711338863,1.072307995,0.523290009,0.239204649,0.237505341,0.105782431,1,0,H
4c73d489a876721be4f9b684cebc463a71a3037b9655cfb6c27c21425bbff8fc,2023-24,2023-11-12T16:00:00+03:00,independent_poisson,2147,2147,2023-11-11T19:00:00+00:00,Besiktas,Istanbul Basaksehir,225,225,1.585556819,1.051122504,0.497516882,0.250876883,0.251606235,0.113523698,1,0,H
fe4beb29ee43e7167130a4ebce97ea1381bef47274d5a4e606f677699806ef9e,2023-24,2023-11-12T16:00:00+03:00,independent_poisson,2147,2147,2023-11-11T19:00:00+00:00,Rizespor,Istanbulspor,157,45,1.821594095,1.156258002,0.529449517,0.229672861,0.240877623,0.092722872,1,0,H
660c8e110f3399a2b32371195af302411a10a2e1ef452eecd34218da9f9d733d,2023-24,2023-11-12T19:00:00+03:00,independent_poisson,2148,2148,2023-11-12T13:30:00+00:00,Adana Demirspor,Fenerbahce,83,225,1.716985905,1.460645601,0.438196538,0.233204387,0.328599075,0.041684267,0,0,D
23e5348be336a291cab1c534addd776078fc708454628119bddc241374f14ffc,2023-24,2023-11-25T13:30:00+03:00,independent_poisson,2151,2151,2023-11-12T19:00:00+00:00,Istanbulspor,Hatayspor,46,111,1.298903497,1.597363574,0.311114893,0.244893873,0.443991234,0.074420871,2,1,H
2e4db42e6fbcc6c3e020ed8bb006fbd51001b95ba3daf2897562fc165e7f319a,2023-24,2023-11-25T16:00:00+03:00,independent_poisson,2151,2151,2023-11-12T19:00:00+00:00,Gaziantep FK,Ankaragucu,146,155,1.725622180,0.967648519,0.551972924,0.237525918,0.210501157,0.065470406,0,1,A
f27627f8bb238ccf64913b39a45a242ffd6440ec45ca9c92e975de0317ad107f,2023-24,2023-11-25T16:00:00+03:00,independent_poisson,2151,2151,2023-11-12T19:00:00+00:00,Konyaspor,Kasimpasa,226,227,1.646960772,1.164633253,0.486152332,0.244001875,0.269845793,0.081522360,2,0,H
5fcc767052f050389c3b624616037fc4fcfb391322550d5aee6404becc942f67,2023-24,2023-11-25T19:00:00+03:00,independent_poisson,2152,2152,2023-11-25T13:30:00+00:00,Galatasaray,Alanyaspor,226,226,2.191285695,0.954454114,0.655149446,0.192597234,0.152253320,0.041343509,4,0,H
ebc1256dad4fb11aef1af3b6686f48324958438564840d6f78bab0568b508cd5,2023-24,2023-11-26T13:30:00+03:00,independent_poisson,2155,2155,2023-11-25T19:00:00+00:00,Kayserispor,Adana Demirspor,226,84,1.188774163,1.811082217,0.249922199,0.230532838,0.519544964,0.107205348,1,1,D
3dc1d0c369d15398ffca0ae1dbde6b178523dd01dd11dc68a779d803195ee1f0,2023-24,2023-11-26T16:00:00+03:00,independent_poisson,2155,2155,2023-11-25T19:00:00+00:00,Antalyaspor,Rizespor,227,158,1.617571310,1.134003462,0.486004988,0.246893200,0.267101812,0.063827269,0,0,D
4f15e5e567c87644ff84648e78dc0b366a3681311d4ad21657a28a3559a416ad,2023-24,2023-11-26T16:00:00+03:00,independent_poisson,2155,2155,2023-11-25T19:00:00+00:00,Samsunspor,Besiktas,12,226,0.733604388,1.869138396,0.140050341,0.216237701,0.643711958,0.094920062,1,2,A
b7a5b53371358e3f0127e4879278e2c50d24fac863b7ae74e045269ef9dba9af,2023-24,2023-11-26T19:00:00+03:00,independent_poisson,2156,2156,2023-11-26T13:30:00+00:00,Fenerbahce,Fatih Karagumruk,226,124,2.165021972,1.113887058,0.613106428,0.200397281,0.186496292,0.098338523,2,1,H
7c6affc0416c9d10cb570f507bf171f972b2a4f5e6383a602710bd7125f6d46a,2023-24,2023-11-27T20:00:00+03:00,independent_poisson,2159,2159,2023-11-26T19:00:00+00:00,Istanbul Basaksehir,Pendikspor,226,12,2.244759351,0.806774511,0.699869114,0.180446983,0.119683903,0.040360428,4,1,H
ed4767072f8830745f9608de5719e6ca7fa9a0330466ef1efe034b0c2af83261,2023-24,2023-11-27T20:00:00+03:00,independent_poisson,2159,2159,2023-11-26T19:00:00+00:00,Sivasspor,Trabzonspor,227,227,1.358165569,1.486865585,0.346083512,0.249911951,0.404004537,0.013298095,3,3,D
518fa0de0325de58061b7e74a954b0567d3834d1fdedb9c6c1d105a3546c8ff7,2023-24,2023-12-01T20:00:00+03:00,independent_poisson,2161,2161,2023-11-27T20:00:00+00:00,Hatayspor,Antalyaspor,112,228,1.667589464,1.110788464,0.503664802,0.242884191,0.253451006,0.010970459,3,3,D
7c1a51392da46161cb7144d840702e029df528449dc9678ed68c4f1ef528543f,2023-24,2023-12-01T20:00:00+03:00,independent_poisson,2161,2161,2023-11-27T20:00:00+00:00,Fatih Karagumruk,Istanbulspor,125,47,2.238294223,0.972919530,0.659825888,0.189154962,0.151019151,0.075333450,3,0,H
5e9d34b96dffdefc4240677b5be8a5505170b583cabbf4da6843a0920d7d0285,2023-24,2023-12-02T13:30:00+03:00,independent_poisson,2163,2163,2023-12-01T20:00:00+00:00,Alanyaspor,Konyaspor,227,227,1.472216635,1.124348005,0.451439745,0.259376174,0.289184081,0.051051824,2,2,D
377dffa4ee6e2f7f09f57f5c7bd657c02b95de1aee5c1f2de4908818f9d66980,2023-24,2023-12-02T16:00:00+03:00,independent_poisson,2163,2163,2023-12-01T20:00:00+00:00,Rizespor,Istanbul Basaksehir,159,227,1.030996838,1.481723366,0.263267817,0.260986777,0.475745406,0.016250416,3,2,H
8e6fb642fb38df47e3bf28f665941a7ae9f5e9e6db63988f89eb759d887d501c,2023-24,2023-12-02T19:00:00+03:00,independent_poisson,2164,2164,2023-12-02T13:30:00+00:00,Pendikspor,Galatasaray,13,227,1.053988644,2.401652871,0.149754208,0.178757160,0.671488632,0.091038362,0,2,A
a04bd70325a6e11af256fc33aa4825f04cb5bd22aaeb84bee66f19a6e4b848cf,2023-24,2023-12-02T19:00:00+03:00,independent_poisson,2164,2164,2023-12-02T13:30:00+00:00,Adana Demirspor,Samsunspor,85,13,2.319232373,0.599685988,0.761420803,0.159600684,0.078978513,0.005219259,2,3,A
9489d43b98bdae75012920bc66cec75bd074e0837c93ab3c71de449ffc687f10,2023-24,2023-12-03T13:30:00+03:00,independent_poisson,2167,2167,2023-12-02T19:00:00+00:00,Kasimpasa,Gaziantep FK,228,147,1.662415799,1.396972482,0.438678014,0.238058630,0.323263356,0.014568594,4,2,H
2b8144736d3447090697665cd1f6e67979d7430974a62b4669b3c04ece44932f,2023-24,2023-12-03T16:00:00+03:00,independent_poisson,2167,2167,2023-12-02T19:00:00+00:00,Trabzonspor,Kayserispor,228,227,2.260097448,0.944672540,0.670450143,0.185979333,0.143570524,0.038323695,0,1,A
29500601844c37b1f885e35564b0f7deaa26a7062968cf6d268baacd10683d6b,2023-24,2023-12-03T19:00:00+03:00,independent_poisson,2168,2168,2023-12-03T13:30:00+00:00,Ankaragucu,Besiktas,156,227,1.050808903,1.836815611,0.214596359,0.227697132,0.557706509,0.107525114,1,1,D
2ca0bd982e8eefb938bb0a56516b881d437d43c7300fff0691a9f604c58ad22d,2023-24,2023-12-04T20:00:00+03:00,independent_poisson,2170,2170,2023-12-03T19:00:00+00:00,Fenerbahce,Sivasspor,227,228,2.086480819,0.974686332,0.629655183,0.202950783,0.167394034,0.036046510,4,1,H
7c0be37900b02821f8e6201685415f8e4bef27b4b30c8f4a3b682c3183090a75,2023-24,2023-12-08T20:00:00+03:00,independent_poisson,2171,2171,2023-12-04T20:00:00+00:00,Galatasaray,Adana Demirspor,228,86,1.868813879,1.157213042,0.539981555,0.225768901,0.234249545,0.061062338,3,1,H
4285db35da12066a39e6e0c9ca9fa10ebb20c7b652c45f6ae08b07809d096829,2023-24,2023-12-09T13:30:00+03:00,independent_poisson,2172,2172,2023-12-08T20:00:00+00:00,Antalyaspor,Fatih Karagumruk,229,126,1.373091270,1.417413222,0.363319384,0.253230699,0.383449917,0.082028467,2,1,H
ece6b80f2aef7febb79631061fb8e724c13a602bd802abebe3cf7c486ff9e050,2023-24,2023-12-09T16:00:00+03:00,independent_poisson,2172,2172,2023-12-08T20:00:00+00:00,Samsunspor,Kasimpasa,14,229,1.278556078,1.472423466,0.328749227,0.254022264,0.417228509,0.007708469,4,2,H
60ce8b33bf1b9145bc51579c51b912625caf8a3ee86f70e5f0054a9534895230,2023-24,2023-12-09T19:00:00+03:00,independent_poisson,2173,2173,2023-12-09T13:30:00+00:00,Besiktas,Fenerbahce,228,228,1.755007199,1.379128264,0.464276876,0.232688269,0.303034856,0.033404417,1,3,A
a0a7f3818ec8fcdecee89b60508832d001b0d41b6f348b15b1689892c405fcec,2023-24,2023-12-10T13:30:00+03:00,independent_poisson,2175,2175,2023-12-09T19:00:00+00:00,Istanbulspor,Alanyaspor,48,228,1.282773770,1.644699884,0.298941802,0.242013655,0.459044543,0.088044252,0,1,A
848c43eb28d7e4d3ff813d685e8892278a8b5ceb7e8270c6e4e7ebbd43aad8d2,2023-24,2023-12-10T16:00:00+03:00,independent_poisson,2175,2175,2023-12-09T19:00:00+00:00,Kayserispor,Pendikspor,228,14,1.959707644,1.167613067,0.557769445,0.218392963,0.223837592,0.084173319,2,0,H
cfab5e87c9acfcea6f61a9e03fe4be68db7b2e8fe2db303e2c2ba3622d0432cd,2023-24,2023-12-10T16:00:00+03:00,independent_poisson,2175,2175,2023-12-09T19:00:00+00:00,Istanbul Basaksehir,Hatayspor,228,113,1.745156247,0.925967589,0.566882005,0.235099285,0.198018710,0.120720208,1,0,H
3105a881a2078a3a01855a9a946b199ffe3584c65d089f446e36cdf92e31963d,2023-24,2023-12-10T19:00:00+03:00,independent_poisson,2176,2176,2023-12-10T13:30:00+00:00,Gaziantep FK,Trabzonspor,148,229,1.367473400,1.523089558,0.341545894,0.247386799,0.411067307,0.044728920,1,3,A
0800d3986383515f5798921d4ea6c78e470835d7993a61769a3ab8b87febb396,2023-24,2023-12-11T20:00:00+03:00,independent_poisson,2179,2179,2023-12-10T19:00:00+00:00,Ankaragucu,Rizespor,157,160,1.485597914,1.201959811,0.437350989,0.255847790,0.306801221,0.121506563,1,1,D
1c677b446cd81cd46682f4a0a9180b2ac1ca6b97b9d09ac08a1e1b39a114db28,2023-24,2023-12-11T20:00:00+03:00,independent_poisson,2179,2179,2023-12-10T19:00:00+00:00,Konyaspor,Sivasspor,228,229,1.370208845,1.054719722,0.440502103,0.270691557,0.288806341,0.093326283,0,1,A
c1051af7a4be774af94e831bbf9e9a032c0d3ac7b927a6f90b7e29c16f6de374,2023-24,2023-12-19T17:00:00+03:00,independent_poisson,2181,2181,2023-12-11T20:00:00+00:00,Istanbul Basaksehir,Sivasspor,229,230,1.593010612,0.880859336,0.541237953,0.251034246,0.207727801,0.050006131,3,1,H
6c7847b7e113003e601ad69409a8780115e147cc358cac77cf88d3a89d3a7694,2023-24,2023-12-19T20:00:00+03:00,independent_poisson,2181,2181,2023-12-11T20:00:00+00:00,Gaziantep FK,Adana Demirspor,149,87,1.365643161,1.580332205,0.330493406,0.243989997,0.425516597,0.061191403,2,2,D
8341a09e0b6a0d33f3ec2f54141840b09bf0d37ef16c588d7aa3fd463fc9c285,2023-24,2023-12-20T17:00:00+03:00,independent_poisson,2183,2183,2023-12-19T20:00:00+00:00,Kayserispor,Fenerbahce,229,229,1.121257482,1.875861146,0.225150641,0.224927969,0.549921390,0.006052353,3,4,A
2fb7a736b9b56e04ed99d518a8247446c6f0c880870554a3e8a2b662855a56a7,2023-24,2023-12-20T20:00:00+03:00,independent_poisson,2183,2183,2023-12-19T20:00:00+00:00,Galatasaray,Fatih Karagumruk,229,127,2.136791970,0.993637372,0.635298153,0.199028023,0.165673824,0.093375739,1,0,H
94473dca42e15158e9349fe47a474a3439c8d394918bc7986a761f3298c1ef4f,2023-24,2023-12-20T20:00:00+03:00,independent_poisson,2183,2183,2023-12-19T20:00:00+00:00,Antalyaspor,Kasimpasa,230,230,1.637476465,1.370268134,0.438373664,0.240316994,0.321309342,0.049402977,0,0,D
0fe5dba0246f6199367cb0145f2e7fab72110e0c9c2f4481ffa42263352e62b4,2023-24,2023-12-21T17:00:00+03:00,independent_poisson,2186,2186,2023-12-20T20:00:00+00:00,Rizespor,Pendikspor,161,15,2.015325087,1.136358077,0.576973379,0.213359883,0.209666738,0.013467932,5,1,H
23f6eac498ca346ddc74497efbd8a956e0f876a172b47e420fdf72937c3593f2,2023-24,2023-12-21T17:00:00+03:00,independent_poisson,2186,2186,2023-12-20T20:00:00+00:00,Samsunspor,Konyaspor,15,229,1.127277145,1.239666499,0.333420304,0.278344590,0.388235106,0.131034303,1,1,D
041472d17241360d5112cfcb05b3e2da373fa8de2e1f64d01f6d3b25dffa4e0c,2023-24,2023-12-21T20:00:00+03:00,independent_poisson,2186,2186,2023-12-20T20:00:00+00:00,Ankaragucu,Hatayspor,158,114,1.340001349,1.367268505,0.364849231,0.257749917,0.377400852,0.066718710,0,0,D
0600fa752d7c5ec400cd6f085851a48f8d06f3a9989946fc5d922bf29761dfe6,2023-24,2023-12-21T20:00:00+03:00,independent_poisson,2186,2186,2023-12-20T20:00:00+00:00,Besiktas,Alanyaspor,229,229,2.225661995,1.069893225,0.635113787,0.193955887,0.170930326,0.016830144,1,3,A
a127d24240340beaa5af9e8ed98fbda240ab4381ab2cbc62320dd1291e94fed9,2023-24,2023-12-23T13:30:00+03:00,independent_poisson,2190,2190,2023-12-21T20:00:00+00:00,Sivasspor,Istanbulspor,231,49,1.961387488,0.903937925,0.620718772,0.212596160,0.166685068,0.111729636,1,0,H
85f2998d905472dff105f72e12c52e0b0f67b104f8f3dabb1d8a75820d450b24,2023-24,2023-12-23T16:00:00+03:00,independent_poisson,2190,2190,2023-12-21T20:00:00+00:00,Fatih Karagumruk,Gaziantep FK,128,150,1.754248017,1.187885252,0.506516859,0.235090775,0.258392366,0.014737370,0,3,A
2f96b991ba26aaf00386fdc7c330e8966ab504aa250250644526e36baddaffb5,2023-24,2023-12-23T19:00:00+03:00,independent_poisson,2191,2191,2023-12-23T13:30:00+00:00,Trabzonspor,Istanbul Basaksehir,230,230,1.474359250,1.128508578,0.451041628,0.259071214,0.289887158,0.123224495,1,1,D
46dfcc87b15fd8c69b82de881e763ae182edaeae079d037174c502919cd3a36a,2023-24,2023-12-24T13:30:00+03:00,independent_poisson,2193,2193,2023-12-23T19:00:00+00:00,Konyaspor,Kayserispor,230,230,1.574449910,0.946833956,0.520046204,0.252917923,0.227035873,0.099597407,2,0,H
edb69171afa5d3989970384e3721c7296d58e1ca95bc584c66be82b5892b31be,2023-24,2023-12-24T16:00:00+03:00,independent_poisson,2193,2193,2023-12-23T19:00:00+00:00,Adana Demirspor,Antalyaspor,88,231,2.121255050,0.946729803,0.643267684,0.198718310,0.158014006,0.099077021,2,1,H
6f30dceb05b041d78f8d48badd2e186623084474a20a6d0a004165538fa84506,2023-24,2023-12-24T19:00:00+03:00,independent_poisson,2194,2194,2023-12-24T13:30:00+00:00,Fenerbahce,Galatasaray,230,230,1.586873702,1.348960131,0.430652748,0.244115007,0.325232245,0.053086436,0,0,D
2eedf1829d96ec7b0e4a81fcbf5e3cb77963eac2f1886f1ceec881593832db1f,2023-24,2023-12-25T17:00:00+03:00,independent_poisson,2196,2196,2023-12-24T19:00:00+00:00,Alanyaspor,Samsunspor,230,16,1.909377857,1.008636249,0.584059567,0.220343682,0.195596751,0.063238497,3,1,H
9c89decc6401d9dc7711d0fbc12ea9c61dc172996c92aa5007ef8a256df1c4ef,2023-24,2023-12-25T17:00:00+03:00,independent_poisson,2196,2196,2023-12-24T19:00:00+00:00,Kasimpasa,Rizespor,231,162,1.985413386,1.310518908,0.531176361,0.217468533,0.251355106,0.062679175,2,2,D
9fa3449549231201636e8a3c65fc9f41f5aa9f4ccffa235de3e4c35dabbe2db5,2023-24,2023-12-25T20:00:00+03:00,independent_poisson,2196,2196,2023-12-24T19:00:00+00:00,Hatayspor,Besiktas,115,230,1.335948657,1.736178378,0.296109284,0.234681146,0.469209570,0.093269713,1,2,A
a45b95f4310081bc3877a2131dffcb5ae0a6b0a591804fd86931bbe061d32a01,2023-24,2023-12-25T20:00:00+03:00,independent_poisson,2196,2196,2023-12-24T19:00:00+00:00,Pendikspor,Ankaragucu,16,159,1.371244831,1.506757008,0.345561624,0.248205357,0.406233020,0.116213855,1,1,D
3623c6d52daabd9d10cfee3c5ec949f8b6e659dd154c077e18c801ea5ddd9551,2023-24,2024-01-05T17:00:00+03:00,independent_poisson,2200,2200,2023-12-25T20:00:00+00:00,Gaziantep FK,Pendikspor,151,17,2.382053904,0.941935884,0.693092969,0.175158657,0.131748374,0.045320578,2,2,D
92e25de2c87206f5f868b19700a05fa9079205c657a1ef1cde3c895e379eb67a,2023-24,2024-01-05T20:00:00+03:00,independent_poisson,2200,2200,2023-12-25T20:00:00+00:00,Antalyaspor,Alanyaspor,232,231,1.419084050,1.344702320,0.389705630,0.254511064,0.355783306,0.063052575,0,0,D
fde989269db31422a68b409592a70ba38f56fabcfcc2fbdee479f99e258323ff,2023-24,2024-01-05T20:00:00+03:00,independent_poisson,2200,2200,2023-12-25T20:00:00+00:00,Besiktas,Kasimpasa,231,232,2.537008795,1.099670227,0.685108413,0.170069543,0.144822044,0.014810458,1,3,A
b857bcf7cb13a247f861b54341a6a98fd7f299f456d897ceb05d66ad0da33728,2023-24,2024-01-06T13:30:00+03:00,independent_poisson,2203,2203,2024-01-05T20:00:00+00:00,Rizespor,Hatayspor,163,116,1.511012462,1.437639645,0.393643929,0.245226552,0.361129519,0.059830517,2,0,H
6db873dafaa1edaef27a5d809317cde59d374ee3ef256883d1724bb12d854b98,2023-24,2024-01-06T16:00:00+03:00,independent_poisson,2203,2203,2024-01-05T20:00:00+00:00,Istanbul Basaksehir,Adana Demirspor,231,89,1.471578766,1.169547996,0.441004206,0.258005456,0.300990338,0.071280908,0,0,D
08f312efb9b9ba3f5888204296285fd892979526155e00d014396bd544b2a65e,2023-24,2024-01-06T19:00:00+03:00,independent_poisson,2204,2204,2024-01-06T13:30:00+00:00,Ankaragucu,Trabzonspor,160,231,1.112447873,1.684183100,0.251274540,0.241431104,0.507294356,0.102760901,0,1,A
f22bac9d85a5b3c83b4ff2668cae8ca39348fa975f77f88eea642190a867acbe,2023-24,2024-01-06T19:00:00+03:00,independent_poisson,2204,2204,2024-01-06T13:30:00+00:00,Samsunspor,Fatih Karagumruk,17,129,1.270194861,1.587122754,0.305868470,0.246381886,0.447749644,0.072937870,1,0,H
246687eb4cbe843d01f0e99642c2e79046f92f1bd6949a34b2e919856b5312f3,2023-24,2024-01-07T13:30:00+03:00,independent_poisson,2207,2207,2024-01-06T19:00:00+00:00,Kayserispor,Sivasspor,231,232,1.345570354,1.345838466,0.370609081,0.258658097,0.370732822,0.037056976,1,3,A
c2ce145671f7ed16783763636a5e54104374fe369c5c509e5660ef965ad6ba1a,2023-24,2024-01-07T16:00:00+03:00,independent_poisson,2207,2207,2024-01-06T19:00:00+00:00,Istanbulspor,Fenerbahce,50,231,0.965833040,2.114828847,0.162509696,0.200026915,0.637463389,0.015638046,1,5,A
2ec17c7773cc7eaec75a793008ded414aad727a1e1b89d9f25d2475706fbd3a6,2023-24,2024-01-07T19:00:00+03:00,independent_poisson,2208,2208,2024-01-07T13:30:00+00:00,Galatasaray,Konyaspor,231,231,1.869049969,0.783395271,0.630933295,0.218190870,0.150875836,0.076695372,3,0,H
2ee7cdaf02f4ea7eb897cf851637306b0e1dea83d3146e45dc5226ce0f96b414,2023-24,2024-01-09T17:00:00+03:00,independent_poisson,2210,2210,2024-01-07T19:00:00+00:00,Pendikspor,Antalyaspor,18,233,1.332900345,1.602536431,0.318499032,0.243593817,0.437907151,0.085106733,0,1,A
6e6912a01d7feca4cef03a7e82bfbd535f38a43c13d1ca0de4e4d34a40e8ccd2,2023-24,2024-01-09T17:00:00+03:00,independent_poisson,2210,2210,2024-01-07T19:00:00+00:00,Alanyaspor,Ankaragucu,232,161,1.823764438,0.993961843,0.568401810,0.228207920,0.203390270,0.108296764,1,1,D
1d4dac358519dc2d0d89b43f0e65c8130c09b51bf6d526b86838e8a72cef5398,2023-24,2024-01-09T20:00:00+03:00,independent_poisson,2210,2210,2024-01-07T19:00:00+00:00,Rizespor,Besiktas,164,232,1.214092324,1.918341673,0.239880228,0.222081185,0.538038587,0.024608991,0,4,A
8a1f57b7785b92e3a1d6dd5376d4dead1697bb18ac25eff7dd5033c335130534,2023-24,2024-01-09T20:00:00+03:00,independent_poisson,2210,2210,2024-01-07T19:00:00+00:00,Kasimpasa,Istanbul Basaksehir,233,232,1.255107126,1.498740505,0.317940766,0.253076864,0.428982370,0.035731171,0,3,A
01392559725dc0a8666ecc80138a0007d80477bc06c391260e5c56d4443d33eb,2023-24,2024-01-10T17:00:00+03:00,independent_poisson,2214,2214,2024-01-09T20:00:00+00:00,Hatayspor,Gaziantep FK,117,152,1.576107820,1.271505008,0.444744229,0.247122130,0.308133641,0.057982570,0,0,D
c8abcc7db2459455ccc83bf7b2ad70ee85d0df1690804232b17e3e4c2d6b5672,2023-24,2024-01-10T17:00:00+03:00,independent_poisson,2214,2214,2024-01-09T20:00:00+00:00,Fatih Karagumruk,Kayserispor,130,232,1.951535511,1.075616782,0.577375364,0.217763931,0.204860705,0.031497539,4,1,H
640910f0c4e2ad103efef4c2e39aa539c6482feb3f19ea5311c8366e4554684e,2023-24,2024-01-10T20:00:00+03:00,independent_poisson,2214,2214,2024-01-09T20:00:00+00:00,Adana Demirspor,Istanbulspor,90,51,2.635111384,0.810065158,0.762698418,0.146201648,0.091099934,0.036337639,2,2,D
a0bc834b364bcd5c63c0a96601a054360b47aae830662f060b38c5dd4b420a41,2023-24,2024-01-10T20:00:00+03:00,independent_poisson,2214,2214,2024-01-09T20:00:00+00:00,Fenerbahce,Konyaspor,232,232,1.932301511,0.884480857,0.619283863,0.214906512,0.165809625,0.001055526,7,1,H
ecfdb7feabb07073d55c9ae8b5042380f89c884315a5ba02effc6c61687ba6c8,2023-24,2024-01-11T17:00:00+03:00,independent_poisson,2218,2218,2024-01-10T20:00:00+00:00,Sivasspor,Galatasaray,233,232,1.114587658,1.598026464,0.265465592,0.248861555,0.485672853,0.118202007,1,1,D
e14bbb94cec3179e9d4af57918a47035fd78427c5eeb9bbc2a7ae20fd9af1dc3,2023-24,2024-01-11T20:00:00+03:00,independent_poisson,2218,2218,2024-01-10T20:00:00+00:00,Trabzonspor,Samsunspor,232,18,2.234759623,0.851469836,0.687511798,0.183791083,0.128697119,0.097111012,2,1,H
0cdbd3d6698358f8c4f89e2d0055b85207038b58191ca9217e029d962386aa0e,2023-24,2024-01-13T13:30:00+03:00,independent_poisson,2220,2220,2024-01-11T20:00:00+00:00,Ankaragucu,Kasimpasa,162,234,1.475968689,1.432201315,0.386113239,0.247291148,0.366595614,0.041887271,3,1,H
6e0b58accb35d37b5dbbb02df142f7e6bcb008ccce61eb3680f728180448b586,2023-24,2024-01-13T13:30:00+03:00,independent_poisson,2220,2220,2024-01-11T20:00:00+00:00,Hatayspor,Pendikspor,118,19,2.334925652,0.986241632,0.674671917,0.181324297,0.144003786,0.083155650,1,1,D
43f15f16bc411a08b27638862d9278f96ad44f3306dc9106eeee8252306a5173,2023-24,2024-01-13T16:00:00+03:00,independent_poisson,2220,2220,2024-01-11T20:00:00+00:00,Istanbul Basaksehir,Alanyaspor,233,233,1.694454731,0.944484932,0.550232836,0.240507460,0.209259704,0.025835793,3,2,H
01fae7aaca2c27365c27802aeaa1c05f2ccd1fa8c4cacabc7e2e881c376a01ed,2023-24,2024-01-13T19:00:00+03:00,independent_poisson,2222,2222,2024-01-13T13:30:00+00:00,Besiktas,Fatih Karagumruk,233,131,2.152463828,1.130624772,0.606760841,0.201886320,0.191352839,0.062348940,3,0,H
52ebbc63393ea36e842aaf66e628c292f4a3c721708c83e2e2f40f71a8a58d4a,2023-24,2024-01-13T19:00:00+03:00,independent_poisson,2222,2222,2024-01-13T13:30:00+00:00,Rizespor,Adana Demirspor,165,91,1.277977758,1.836836140,0.266451513,0.228253316,0.505295171,0.056725301,1,0,H
84746c85e012526c16b703bc0e12d9ae5f4bb1438140f5b8cd2da85fa807e24a,2023-24,2024-01-14T13:30:00+03:00,independent_poisson,2225,2225,2024-01-13T19:00:00+00:00,Istanbulspor,Konyaspor,52,233,1.087591583,1.393831485,0.293411126,0.267341118,0.439247756,0.083624138,0,0,D
1247fe5a2c9be4e6250963a569054cccc85e9d9b99e419b2433ffd83daa3bb98,2023-24,2024-01-14T16:00:00+03:00,independent_poisson,2225,2225,2024-01-13T19:00:00+00:00,Antalyaspor,Trabzonspor,234,233,1.202405742,1.578854066,0.290522936,0.248698892,0.460778172,0.117627060,1,1,D
afaba198b005dad10ffb390af3ba49a484ab9ac8cdfe2b97a3c62da4714a039f,2023-24,2024-01-14T16:00:00+03:00,independent_poisson,2225,2225,2024-01-13T19:00:00+00:00,Samsunspor,Sivasspor,19,234,1.217699346,1.337190597,0.338780787,0.266054564,0.395164648,0.057607038,2,0,H
8d1e098b70c47c7d40e7d06db9c9594cd4a19492efc5f92c20233e6353588574,2023-24,2024-01-14T19:00:00+03:00,independent_poisson,2226,2226,2024-01-14T13:30:00+00:00,Gaziantep FK,Fenerbahce,153,233,1.265271207,1.697540416,0.285824072,0.238561822,0.475614106,0.087717730,0,1,A
ebe16ce493e1cd068aa0b569beb0ddf1cfba95a21cfe426b23674786026b003a,2023-24,2024-01-15T20:00:00+03:00,independent_poisson,2229,2229,2024-01-14T19:00:00+00:00,Galatasaray,Kayserispor,233,233,2.420525656,0.769524571,0.738560550,0.161882752,0.099556698,0.092809122,2,1,H
a0dedd3b3d774671da2e528b1b67fbd50952e3e642cbbf38d38fdb778e047e12,2023-24,2024-01-20T13:30:00+03:00,independent_poisson,2230,2230,2024-01-15T20:00:00+00:00,Kasimpasa,Hatayspor,235,119,1.784326204,1.428422659,0.460552316,0.229966814,0.309480870,0.038105916,3,0,H
8f1fe30cf998c4324bd8947bba05446ecb5b3e30a04278bfcaa29b5ef31574ad,2023-24,2024-01-20T16:00:00+03:00,independent_poisson,2230,2230,2024-01-15T20:00:00+00:00,Fatih Karagumruk,Istanbul Basaksehir,132,234,1.272633041,1.291287744,0.362570654,0.266064420,0.371364926,0.126540508,1,1,D
ee7a7159eff1a498b2c51bb8d1260ee95c0bd521d34f3642fa8e998d01a1f703,2023-24,2024-01-20T16:00:00+03:00,independent_poisson,2230,2230,2024-01-15T20:00:00+00:00,Alanyaspor,Rizespor,234,166,1.950269809,1.146011177,0.560682894,0.218916201,0.220400905,0.098548611,2,1,H
07ad09c3c6379faa99c9d1fad99581a7a5fb2f84fffa691759fab69bf677f3c7,2023-24,2024-01-20T19:00:00+03:00,independent_poisson,2231,2231,2024-01-20T13:30:00+00:00,Pendikspor,Besiktas,20,234,1.021206090,2.412106816,0.142930675,0.176441773,0.680627553,0.001462761,4,0,H
50568608f97a89c4fec19041af4eabcb2eeab7cc1271bd3a4aa57273d63a1848,2023-24,2024-01-20T19:00:00+03:00,independent_poisson,2231,2231,2024-01-20T13:30:00+00:00,Adana Demirspor,Ankaragucu,92,163,2.177953927,0.865466465,0.673587651,0.189870816,0.136541533,0.089858311,1,1,D
7cc4baa3de298bf004a5bd47d322f810d888e48043cdb062d2bf649ebc72b575,2023-24,2024-01-21T13:30:00+03:00,independent_poisson,2235,2235,2024-01-20T19:00:00+00:00,Sivasspor,Gaziantep FK,235,154,1.528311073,1.154637198,0.458905353,0.253884432,0.287210215,0.053218789,2,2,D
d3a242c1343bb167ff9cb505c50ab5ed51aa2184ae8fdd76b26b0a73c5c1ac2d,2023-24,2024-01-21T16:00:00+03:00,independent_poisson,2235,2235,2024-01-20T19:00:00+00:00,Fenerbahce,Samsunspor,234,20,2.361518845,0.819909772,0.717285627,0.170320683,0.112393690,0.080404543,1,1,D
de336e7da414f8b573302d6286a35499c14de3bb904f0c3cf44746c281a26635,2023-24,2024-01-21T16:00:00+03:00,independent_poisson,2235,2235,2024-01-20T19:00:00+00:00,Konyaspor,Antalyaspor,234,235,1.428911145,0.942227776,0.483259138,0.268296811,0.248444050,0.125715428,1,1,D
46e9a631ff71c766bfdf3bd844df1b472c1961eab310b05db586d48daddc0bcd,2023-24,2024-01-21T19:00:00+03:00,independent_poisson,2236,2236,2024-01-21T13:30:00+00:00,Trabzonspor,Galatasaray,234,234,1.433875452,1.446990961,0.372716961,0.248692336,0.378590703,0.004251233,1,5,A
3877ce4cdb19010227fac899cd09a9727243617c0b1977ba39df74384ad7b5c3,2023-24,2024-01-22T20:00:00+03:00,independent_poisson,2239,2239,2024-01-21T19:00:00+00:00,Kayserispor,Istanbulspor,234,53,1.755412843,1.047135512,0.539746782,0.235144514,0.225108705,0.063514313,0,1,A
8fb914960b11c54916e454b6c14c1f643fd81506528aed12f8b2a745e70adeb6,2023-24,2024-01-23T17:00:00+03:00,independent_poisson,2240,2240,2024-01-22T20:00:00+00:00,Hatayspor,Alanyaspor,120,235,1.593328223,1.365113371,0.428794519,0.243207316,0.327998166,0.112885747,1,1,D
33ae9f28cbc0f09d379826fd5efcebcd487732d2b806af0e0309afe86446172a,2023-24,2024-01-23T20:00:00+03:00,independent_poisson,2240,2240,2024-01-22T20:00:00+00:00,Besiktas,Adana Demirspor,235,93,1.904171553,1.303129705,0.514907547,0.223286610,0.261805843,0.040465672,0,0,D
8de04307883810a15ff128a7a87cf2434b7a2f53a31e39f7e70c3227c6e405f6,2023-24,2024-01-23T20:00:00+03:00,independent_poisson,2240,2240,2024-01-22T20:00:00+00:00,Pendikspor,Kasimpasa,21,236,1.640057418,1.820139765,0.351241660,0.223345076,0.425413265,0.038270210,3,2,H
7f58113c6cc0a476df0bb9be169b81f52ea04ba73dfdb47c0f8fafe6183617da,2023-24,2024-01-24T17:00:00+03:00,independent_poisson,2243,2243,2024-01-23T20:00:00+00:00,Ankaragucu,Fatih Karagumruk,164,133,1.269875459,1.446003297,0.331495014,0.256149571,0.412355415,0.053333626,2,0,H
cd54d33e70cbcdab6cebc8ffed3c49d8e16baec405d0c828e1932dd70e64f2a8,2023-24,2024-01-24T17:00:00+03:00,independent_poisson,2243,2243,2024-01-23T20:00:00+00:00,Gaziantep FK,Konyaspor,155,235,1.385731991,1.066084887,0.442048488,0.268855399,0.289096112,0.127250791,1,1,D
02976daa6420742f1e9988a4efca1993259710d0b4b0ffefa1b63951233a8c86,2023-24,2024-01-24T20:00:00+03:00,independent_poisson,2243,2243,2024-01-23T20:00:00+00:00,Antalyaspor,Sivasspor,236,236,1.327027525,1.224201742,0.391065700,0.266426597,0.342507702,0.084061680,2,1,H
59e2973bfbefe6da61fdb88f6a6eac3411628ecb5c3a99042df398ffb9876f6c,2023-24,2024-01-24T20:00:00+03:00,independent_poisson,2243,2243,2024-01-23T20:00:00+00:00,Istanbul Basaksehir,Fenerbahce,235,235,1.347106379,1.248907376,0.391127090,0.263770488,0.345102422,0.093131325,0,1,A
9cdfd069e98f8c4aacc4f7787996669749f6082e03ebd7b5851ab56f10c33e54,2023-24,2024-01-25T17:00:00+03:00,independent_poisson,2247,2247,2024-01-24T20:00:00+00:00,Samsunspor,Kayserispor,21,235,1.497344303,1.088633689,0.466206089,0.258185412,0.275608499,0.084437892,2,0,H
7ce8496a20644561b1d2a4560740cd5323eadda72aa223610b5ec430c06d1946,2023-24,2024-01-25T20:00:00+03:00,independent_poisson,2247,2247,2024-01-24T20:00:00+00:00,Rizespor,Trabzonspor,167,235,1.281932858,1.786239066,0.275320284,0.231906597,0.492773119,0.059617690,1,0,H
b3d26e8c5310095a6028c4353601d347fc4bb39efd6c251592d4637fd99b5d58,2023-24,2024-01-25T20:00:00+03:00,independent_poisson,2247,2247,2024-01-24T20:00:00+00:00,Galatasaray,Istanbulspor,235,54,2.669685305,0.662471045,0.798587087,0.132952154,0.068460759,0.075034112,3,1,H
6e73719d5526a0bc65453438b4d88a8b6c5c6872068711f8061ec806bd4c6640,2023-24,2024-01-27T16:00:00+03:00,independent_poisson,2250,2250,2024-01-25T20:00:00+00:00,Alanyaspor,Pendikspor,236,22,2.321093335,1.160497235,0.633006126,0.189239184,0.177754689,0.082851646,1,1,D
3fea76dd6fb4549a7498b9e960d46981b4aba82b1bc2ea751aa9b6d46e0652b8,2023-24,2024-01-27T19:00:00+03:00,independent_poisson,2250,2250,2024-01-25T20:00:00+00:00,Adana Demirspor,Hatayspor,94,121,2.083379268,1.040166270,0.613594366,0.205290748,0.181114886,0.045768236,0,1,A
68fe3235ce516ff68d4e8da0d3c105673600711a0e5629133f21e89753241fd2,2023-24,2024-01-28T13:30:00+03:00,independent_poisson,2252,2252,2024-01-27T19:00:00+00:00,Konyaspor,Istanbul Basaksehir,236,236,1.019618413,1.141135324,0.322328564,0.293748933,0.383922503,0.014835498,2,3,A
5986b51293481bc265ba9143519840e6cf61af1a38310ae7c261035d811a703e,2023-24,2024-01-28T16:00:00+03:00,independent_poisson,2252,2252,2024-01-27T19:00:00+00:00,Fatih Karagumruk,Rizespor,134,168,1.992906828,1.120019833,0.575952192,0.214960395,0.209087413,0.029228725,4,0,H
5eadde2b1d72000f5e3a47445e82b2dc35a819893c91bcdf1b005e16cfde2315,2023-24,2024-01-28T16:00:00+03:00,independent_poisson,2252,2252,2024-01-27T19:00:00+00:00,Sivasspor,Besiktas,237,236,1.300204904,1.609840245,0.309232994,0.244009000,0.446758007,0.070826413,1,0,H
64af52ce7d9c93bc750f0fba3561141e08955e3846006ff9776356a7b1deda82,2023-24,2024-01-28T19:00:00+03:00,independent_poisson,2253,2253,2024-01-28T13:30:00+00:00,Fenerbahce,Ankaragucu,236,165,2.364744342,0.792945660,0.724013026,0.168412563,0.107574411,0.094278894,2,1,H
239c9671c41bea17abac323ee5ff8050518f4c763c4d0f7c450a7cdc5d47c34c,2023-24,2024-01-29T17:00:00+03:00,independent_poisson,2256,2256,2024-01-28T19:00:00+00:00,Istanbulspor,Samsunspor,55,22,1.190226413,1.297771784,0.339164311,0.270330872,0.390504817,0.128322858,1,1,D
98f7bc6fd4f1f653f662513c5fd4c8fe2a821e299a1bc2e41ec6cabf7d48c96b,2023-24,2024-01-29T17:00:00+03:00,independent_poisson,2256,2256,2024-01-28T19:00:00+00:00,Kayserispor,Antalyaspor,236,237,1.404756586,1.202129767,0.416384775,0.261899594,0.321715631,0.124565011,1,1,D
624e064aefff8ab0117d081b550fba5e6bac511e71597670a4da07427e78d6be,2023-24,2024-01-29T20:00:00+03:00,independent_poisson,2256,2256,2024-01-28T19:00:00+00:00,Galatasaray,Gaziantep FK,236,156,2.124961321,0.860542821,0.664574279,0.194748814,0.140676907,0.098142377,2,1,H
7767598bc2941cede51cdbcd584eaa8fe16c5c83fea71d2cce577ad7cc5b8c5f,2023-24,2024-01-29T20:00:00+03:00,independent_poisson,2256,2256,2024-01-28T19:00:00+00:00,Trabzonspor,Kasimpasa,236,237,2.358264839,1.181927979,0.635266435,0.187056523,0.177677041,0.022196819,2,3,A
81056cdf2902f2369d1912f18a630e930a76e676907b835a3ef702348659414f,2023-24,2024-02-02T17:00:00+03:00,independent_poisson,2260,2260,2024-01-29T20:00:00+00:00,Hatayspor,Fatih Karagumruk,122,135,1.547587760,1.395966354,0.411158349,0.244877978,0.343963673,0.045427648,3,1,H
8f8f23c9045e2dbf1d8009f871e4aee8cb3adcb137aa16465aa989fcbc8a7798,2023-24,2024-02-02T17:00:00+03:00,independent_poisson,2260,2260,2024-01-29T20:00:00+00:00,Ankaragucu,Sivasspor,166,238,1.231801427,1.279366815,0.354063688,0.269247481,0.376688831,0.081173354,0,0,D
af67a735ea5de793803e6ece266d1b2ba2c2fb3de910c8fccb5ff2c8b478b0ec,2023-24,2024-02-02T20:00:00+03:00,independent_poisson,2260,2260,2024-01-29T20:00:00+00:00,Samsunspor,Galatasaray,23,237,0.959494436,1.632491033,0.221678718,0.246897571,0.531423711,0.099766934,0,2,A
bec9efd8afb499d394bf4ab9aecfc908b5e03a2c912466dd6132607ca405b01b,2023-24,2024-02-03T13:30:00+03:00,independent_poisson,2263,2263,2024-02-02T20:00:00+00:00,Rizespor,Konyaspor,169,237,1.285209371,1.255904831,0.373214502,0.267439375,0.359346123,0.078778576,0,0,D
78a3757bd38614b77be77d3f145b7f96d34ef18c8d22b4b804610bb2908efc2b,2023-24,2024-02-03T16:00:00+03:00,independent_poisson,2263,2263,2024-02-02T20:00:00+00:00,Istanbul Basaksehir,Istanbulspor,237,56,2.071462981,0.679408511,0.698662965,0.190797931,0.110539104,0.137036434,2,0,H
ac9d1191f653a07f943d226f4497e90871caaec8a1a14b1ddf79ae62bbb5cb1f,2023-24,2024-02-03T19:00:00+03:00,independent_poisson,2264,2264,2024-02-03T13:30:00+00:00,Gaziantep FK,Kayserispor,157,237,1.762672872,1.048972580,0.541011976,0.234482945,0.224505080,0.111135742,1,1,D
c519c1571b3feac6b4d6d64086c4af370f9f4071e20f5d2160b0d7f2e773ddde,2023-24,2024-02-03T19:00:00+03:00,independent_poisson,2264,2264,2024-02-03T13:30:00+00:00,Antalyaspor,Fenerbahce,238,237,1.108733576,1.740520280,0.241816109,0.236554037,0.521629854,0.087682506,0,2,A
6f477711b4a7fc1ff9b2ecbc5b7a00a5cccaf6b2263db94e3c07cc308a462640,2023-24,2024-02-04T13:30:00+03:00,independent_poisson,2267,2267,2024-02-03T19:00:00+00:00,Pendikspor,Adana Demirspor,23,95,1.270073278,2.041105703,0.234722320,0.213131235,0.552146445,0.060043541,2,1,H
d6a39729a3395d07d040138fa42ebf9fff8cb66e69c369390c5e9e0056a9e1fc,2023-24,2024-02-04T16:00:00+03:00,independent_poisson,2267,2267,2024-02-03T19:00:00+00:00,Kasimpasa,Alanyaspor,238,237,1.779092573,1.538260878,0.436554107,0.227908241,0.335537652,0.088244733,2,1,H
44009ca3393c9fb3d2e54dc5c83d3c2327788635bb57c2301c19e945de70c109,2023-24,2024-02-04T19:00:00+03:00,independent_poisson,2268,2268,2024-02-04T13:30:00+00:00,Besiktas,Trabzonspor,237,237,1.912653773,1.283719670,0.521110057,0.222689214,0.256200730,0.074829937,2,0,H
b89759531a0ca464db1f61545e82393fc19260a021eb0ba1649199ebc3b5a9ea,2023-24,2024-02-09T20:00:00+03:00,independent_poisson,2270,2270,2024-02-04T19:00:00+00:00,Adana Demirspor,Kasimpasa,96,239,2.319774275,1.172857481,0.630016653,0.189739519,0.180243828,0.018975774,1,3,A
7a67f5ed1a1b8f320ff696f9676b0d47a2d3b119c8a72ca2cd282a929c1160ef,2023-24,2024-02-10T16:00:00+03:00,independent_poisson,2271,2271,2024-02-09T20:00:00+00:00,Fatih Karagumruk,Pendikspor,136,24,2.294843863,1.161768827,0.627728551,0.191339932,0.180931518,0.083040216,2,0,H
c6e2b522a2552c62f2144e2a56ee4d17c022ba39cd0927a570196fcac7f9d7f6,2023-24,2024-02-10T19:00:00+03:00,independent_poisson,2271,2271,2024-02-09T20:00:00+00:00,Galatasaray,Istanbul Basaksehir,238,238,1.574669337,0.921571882,0.526379383,0.253007575,0.220613043,0.102151549,2,0,H
1456cb4735e72480b22a5acf4449f26989dbea132c4bacc51bcd4c6327dedca6,2023-24,2024-02-11T13:30:00+03:00,independent_poisson,2273,2273,2024-02-10T19:00:00+00:00,Sivasspor,Rizespor,239,170,1.786620289,1.060528671,0.543843112,0.232351993,0.223804895,0.103640901,1,0,H
861ac86f4b0a7af932d29fc031de738e5b27a687125477ed6b1177580365df84,2023-24,2024-02-11T16:00:00+03:00,independent_poisson,2273,2273,2024-02-10T19:00:00+00:00,Konyaspor,Ankaragucu,238,167,1.485888521,0.873575812,0.515548804,0.263120721,0.221330475,0.140373099,1,0,H
da3badad5a8bccdce202512042688b62ae853130be8abaf4246ac3f8ccd3c40e,2023-24,2024-02-11T16:00:00+03:00,independent_poisson,2273,2273,2024-02-10T19:00:00+00:00,Istanbulspor,Gaziantep FK,57,158,1.173113809,1.487715111,0.299031091,0.256615695,0.444353214,0.044995067,1,3,A
7e3417d7fdc210f4edb0eaf70a0ce987d0e9d74ed2943775fa8c9d34798f49c8,2023-24,2024-02-11T19:00:00+03:00,independent_poisson,2274,2274,2024-02-11T13:30:00+00:00,Fenerbahce,Alanyaspor,238,238,2.280471250,1.043817668,0.651532461,0.188379950,0.160087589,0.050993893,2,2,D
f2ef3d97314d36bab70d3e53997e3f2670affae8b86975c1dd0601170810e7a6,2023-24,2024-02-12T17:00:00+03:00,independent_poisson,2277,2277,2024-02-11T19:00:00+00:00,Trabzonspor,Hatayspor,238,123,2.050346098,1.078233039,0.597854780,0.209185641,0.192959579,0.092023702,2,0,H
893b3520beaea155684143af1362487c92d5714d80f50d986d23ade30a9b235e,2023-24,2024-02-12T20:00:00+03:00,independent_poisson,2277,2277,2024-02-11T19:00:00+00:00,Kayserispor,Besiktas,238,238,1.145952361,1.869457092,0.231616156,0.225650425,0.542733419,0.049025758,0,0,D
8ce6c76639e16b22acf2f3e6ae42309bad9cd3285165dbc6145bee8be62c01d5,2023-24,2024-02-12T20:00:00+03:00,independent_poisson,2277,2277,2024-02-11T19:00:00+00:00,Samsunspor,Antalyaspor,24,239,1.317255429,1.050471077,0.427020141,0.275716540,0.297263319,0.081286691,2,0,H
858ee48dd4de34f73a7e16dc7e66c4a0124a99a42ba7663f7ae04cc9a1e37a11,2023-24,2024-02-16T20:00:00+03:00,independent_poisson,2280,2280,2024-02-12T20:00:00+00:00,Kasimpasa,Fatih Karagumruk,240,137,1.752091784,1.589789840,0.420026066,0.227876533,0.352097401,0.098522590,1,1,D
f52c0226f06e77b9ecf67fdfe3c2cd1abd31f67701e8680aed960aab9c6901be,2023-24,2024-02-17T13:30:00+03:00,independent_poisson,2281,2281,2024-02-16T20:00:00+00:00,Antalyaspor,Istanbulspor,240,58,1.721816081,0.935718696,0.558945505,0.237620803,0.203433692,0.045504197,2,2,D
248be2b6e14226eff559c020abd4119582e0608367e41a1b347c17c5e80a6d1f,2023-24,2024-02-17T16:00:00+03:00,independent_poisson,2281,2281,2024-02-16T20:00:00+00:00,Hatayspor,Sivasspor,124,240,1.492312573,1.231345851,0.432559212,0.254357555,0.313083233,0.120606309,1,1,D
d380b1fd3df84460fc6168e04bbe64c33b66a11ecbf2fabae7f89bf9ebc9f9e7,2023-24,2024-02-17T19:00:00+03:00,independent_poisson,2282,2282,2024-02-17T13:30:00+00:00,Rizespor,Fenerbahce,171,239,1.146674488,1.968842930,0.218036044,0.217382557,0.564581398,0.064694906,1,3,A
6fcc7e95861c010ff03b89daeb0df1df810478cadcc52eef39c6c7ae0191bbe5,2023-24,2024-02-18T13:30:00+03:00,independent_poisson,2284,2284,2024-02-17T19:00:00+00:00,Alanyaspor,Adana Demirspor,239,97,1.500898951,1.544879752,0.369968149,0.240851994,0.389179858,0.016469144,3,3,D
0b03de83f0c180e0265161787d5246bae939a10924aa4c2d508ddc3f0e834e29,2023-24,2024-02-18T16:00:00+03:00,independent_poisson,2284,2284,2024-02-17T19:00:00+00:00,Gaziantep FK,Samsunspor,159,25,1.507825001,1.007536068,0.488156298,0.258942664,0.252901039,0.122801624,1,1,D
a895d54e088ffae796fe75498e3e493f3625954948c54047f45ddead3706984f,2023-24,2024-02-18T16:00:00+03:00,independent_poisson,2284,2284,2024-02-17T19:00:00+00:00,Pendikspor,Trabzonspor,25,239,1.285339366,2.001712041,0.243543516,0.216165098,0.540291387,0.074855708,0,2,A
3d16fd38b41c453da9f41e8386373cdfda7b26d23247632e9f30c0c63294c103,2023-24,2024-02-18T19:00:00+03:00,independent_poisson,2285,2285,2024-02-18T13:30:00+00:00,Ankaragucu,Galatasaray,168,239,0.899437634,1.765987208,0.189116785,0.232519688,0.578363528,0.063860470,0,3,A
2c86317c12ddb960c9c0072a024b9d274a4308a56733ecace4d917761c976f39,2023-24,2024-02-19T20:00:00+03:00,independent_poisson,2288,2288,2024-02-18T19:00:00+00:00,Besiktas,Konyaspor,239,239,1.897382497,0.893878651,0.609390543,0.218755950,0.171853507,0.110420693,2,0,H
cf0dcc3748228551ce958f8712748df91af82fa678de10e8eb7b3a7c6021995a,2023-24,2024-02-19T20:00:00+03:00,independent_poisson,2288,2288,2024-02-18T19:00:00+00:00,Istanbul Basaksehir,Kayserispor,239,239,1.873179094,0.775728207,0.633787371,0.217445411,0.148767219,0.009653844,2,3,A
71409d1985065761a1c5d69425f4adaa0cfc408e16f741f2265d7906f6e3a8a6,2023-24,2024-02-23T20:00:00+03:00,independent_poisson,2290,2290,2024-02-19T20:00:00+00:00,Samsunspor,Rizespor,26,172,1.525898408,1.043978094,0.484083357,0.256551074,0.259365569,0.045325481,3,0,H
2db499512b8356721683d423da6f7ae3185d9fce4d9f4487e198a96e87d74e90,2023-24,2024-02-24T13:30:00+03:00,independent_poisson,2291,2291,2024-02-23T20:00:00+00:00,Kayserispor,Ankaragucu,240,169,1.471917714,1.092296435,0.458761049,0.260331818,0.280907132,0.024407670,3,2,H
549ac4211ce080cc2b2c18afe14a3a9e354b143ea4a097ef0ba1ff7f398e345f,2023-24,2024-02-24T16:00:00+03:00,independent_poisson,2291,2291,2024-02-23T20:00:00+00:00,Gaziantep FK,Istanbul Basaksehir,160,240,1.149440593,1.267077625,0.334114549,0.274907817,0.390977634,0.071630160,0,2,A
7d65a078a114f7e85a33f611ca362fc67edb965c9de7fe1809e0c94683a5c91b,2023-24,2024-02-24T19:00:00+03:00,independent_poisson,2292,2292,2024-02-24T13:30:00+00:00,Fenerbahce,Kasimpasa,240,241,2.615326019,1.083450521,0.701624127,0.163338163,0.135037710,0.091721789,2,1,H
95045f1d7b4f84ad2339fe9528b116f0668a7a07ef394cf6dd9f5106e688d94d,2023-24,2024-02-24T19:00:00+03:00,independent_poisson,2292,2292,2024-02-24T13:30:00+00:00,Konyaspor,Hatayspor,240,125,1.434554184,1.063931321,0.455570467,0.264502462,0.279927071,0.084591251,2,0,H
821f2e5511a4c521b77ef1ca651ec9cb819fecc85efac806fab25ae1f1f44df0,2023-24,2024-02-25T13:30:00+03:00,independent_poisson,2295,2295,2024-02-24T19:00:00+00:00,Sivasspor,Pendikspor,241,26,2.011886330,1.026609341,0.601895004,0.211318503,0.186786493,0.033574212,4,1,H
5d345aa167b0319234afc12587d3c56f8a2a454368865d27938cb8d2a9dd67c2,2023-24,2024-02-25T16:00:00+03:00,independent_poisson,2295,2295,2024-02-24T19:00:00+00:00,Trabzonspor,Adana Demirspor,240,98,1.788716731,1.347408576,0.478948328,0.230976981,0.290074691,0.077721228,1,0,H
9003e43a32cd335ab6bc66b4504defb9c2d5bb481b7274d7fd4ebdb9b76e08ab,2023-24,2024-02-25T16:00:00+03:00,independent_poisson,2295,2295,2024-02-24T19:00:00+00:00,Fatih Karagumruk,Alanyaspor,138,240,1.795124865,1.307887692,0.489084272,0.231010372,0.279905356,0.105449345,1,1,D
2f7d6452c7abdc2661b93534ad453c367874f51cbc246469c515411c25fef7ec,2023-24,2024-02-25T19:00:00+03:00,independent_poisson,2296,2296,2024-02-25T13:30:00+00:00,Istanbulspor,Besiktas,59,240,0.996771244,2.075561686,0.173119915,0.204679130,0.622200955,0.099757155,0,2,A
425448e403d470e199893dbb4cd144a35516585643d0b217b783e6e38b2d84d9,2023-24,2024-02-26T20:00:00+03:00,independent_poisson,2299,2299,2024-02-25T19:00:00+00:00,Galatasaray,Antalyaspor,240,241,2.216005982,0.749685026,0.708254542,0.179966034,0.111779424,0.094843475,2,1,H
398c1ee2229fa788cb05408aff6b9b7ba5a7502077c102d86cadcee7a0d48187,2023-24,2024-03-01T20:00:00+03:00,independent_poisson,2300,2300,2024-02-26T20:00:00+00:00,Kasimpasa,Sivasspor,242,242,1.668051985,1.411128922,0.437034026,0.237339245,0.325626728,0.045996917,0,0,D
fa606a57de0312d2f96407b3a60ac7f947ac4cd60e65864a8f4674bf83950a54,2023-24,2024-03-02T13:30:00+03:00,independent_poisson,2301,2301,2024-03-01T20:00:00+00:00,Ankaragucu,Istanbulspor,170,60,1.593100766,0.984120545,0.515577989,0.250790118,0.233631892,0.119129289,1,1,D
97dee533a9c13475a960932442fd7473a837f282ba1c707497712842e5d7a042,2023-24,2024-03-02T16:00:00+03:00,independent_poisson,2301,2301,2024-03-01T20:00:00+00:00,Rizespor,Kayserispor,173,241,1.595454375,1.246514828,0.455029166,0.246391143,0.298579691,0.039468478,3,0,H
f7e5b18947575c41078990cd6038565004f4f0acc0f07e43bc5fc064cab418bc,2023-24,2024-03-02T19:00:00+03:00,independent_poisson,2302,2302,2024-03-02T13:30:00+00:00,Hatayspor,Fenerbahce,126,241,1.240411166,1.773848407,0.267628252,0.233191049,0.499180698,0.077219451,0,2,A
d7e7b6d4d5bef22da09db4220c96ec64329cd276ea75501aa70f2cc33c368f5b,2023-24,2024-03-03T13:30:00+03:00,independent_poisson,2304,2304,2024-03-02T19:00:00+00:00,Istanbul Basaksehir,Samsunspor,241,27,1.549087229,0.784022563,0.555045572,0.255773646,0.189180781,0.150251621,1,0,H
f7cfd73984ac10757a604144f101d57d4970b9ef922b22df4e6b861d13ccdf59,2023-24,2024-03-03T13:30:00+03:00,independent_poisson,2304,2304,2024-03-02T19:00:00+00:00,Pendikspor,Konyaspor,27,241,1.232053885,1.459651914,0.319247417,0.256694525,0.424058058,0.072189766,0,2,A
a5beac356d2afad6093325d8e7a11f409c6822f8eaba2dbc971a61b12e5f517e,2023-24,2024-03-03T19:00:00+03:00,independent_poisson,2306,2306,2024-03-03T13:30:00+00:00,Besiktas,Galatasaray,241,241,1.516070408,1.376551416,0.407436442,0.247449221,0.345114338,0.076303198,0,1,A
7403dee20eb69c980b05d642fdcfefc95850216b4d7b2c8f749044396a8eb9ae,2023-24,2024-03-04T17:00:00+03:00,independent_poisson,2307,2307,2024-03-03T19:00:00+00:00,Adana Demirspor,Fatih Karagumruk,99,139,1.948837586,1.201787204,0.547572422,0.219598449,0.232829128,0.083459674,1,0,H
226aa3ca64e1e9b426491f258ce02d0111baa7167bbb63e129196fa12c4a22ec,2023-24,2024-03-04T20:00:00+03:00,independent_poisson,2307,2307,2024-03-03T19:00:00+00:00,Alanyaspor,Trabzonspor,241,241,1.496758307,1.578340030,0.362563833,0.239395095,0.398041072,0.040738601,3,1,H
39739e7c2ce904e89493fe374095bf7cc1838f25698079b35de9ac8a6125bf6e,2023-24,2024-03-04T20:00:00+03:00,independent_poisson,2307,2307,2024-03-03T19:00:00+00:00,Antalyaspor,Gaziantep FK,242,161,1.354012279,1.226389953,0.397759507,0.264436538,0.337803956,0.102557672,1,0,H
b4f45c36021cf2358c4f50bc6b634d1a580e27c2ce88b1234e360847b85375a7,2023-24,2024-03-08T20:00:00+03:00,independent_poisson,2310,2310,2024-03-04T20:00:00+00:00,Galatasaray,Rizespor,242,174,2.502863034,0.776533896,0.750040628,0.155071224,0.094888148,0.003875760,6,2,H
e3c01687474987f95d70ccb726fd56e9560c4b10c3f13a8048149857c5cbee23,2023-24,2024-03-09T13:30:00+03:00,independent_poisson,2311,2311,2024-03-08T20:00:00+00:00,Sivasspor,Alanyaspor,243,242,1.592833251,1.252237726,0.453115358,0.246439615,0.300445027,0.072596429,1,2,A
c27451e6a64b39e75b3b05d60156e46c3e225081ca22970afc727fff1828697d,2023-24,2024-03-09T16:00:00+03:00,independent_poisson,2311,2311,2024-03-08T20:00:00+00:00,Konyaspor,Adana Demirspor,242,100,1.243319691,1.323412679,0.348309386,0.265651321,0.386039293,0.051973087,2,2,D
1773efcdccbffcf6447c950e93237206e9f3f138dc2bbd07a47b27759940450d,2023-24,2024-03-09T19:00:00+03:00,independent_poisson,2312,2312,2024-03-09T13:30:00+00:00,Trabzonspor,Fatih Karagumruk,242,140,1.971423079,1.182873431,0.556826130,0.217614807,0.225559063,0.012524565,5,1,H
7b835e2177d6e30461eabac70eeca0d72072dc9d9be7bd08f2ef921a82e0f39c,2023-24,2024-03-09T19:00:00+03:00,independent_poisson,2312,2312,2024-03-09T13:30:00+00:00,Istanbul Basaksehir,Antalyaspor,242,243,1.699806240,0.772830957,0.595128385,0.237353979,0.167517636,0.143399200,1,0,H
303a137b7264b6c5ab1d545722cf5ee1f672573525999782882f5040b65db04e,2023-24,2024-03-10T13:30:00+03:00,independent_poisson,2315,2315,2024-03-09T19:00:00+00:00,Kayserispor,Hatayspor,242,127,1.436952173,1.334435748,0.396379966,0.253927233,0.349692801,0.119989018,1,1,D
16175dd742d725fba7e62a5d9394c31e2915fa3059ec1a38803fb202e362a2ba,2023-24,2024-03-10T16:00:00+03:00,independent_poisson,2315,2315,2024-03-09T19:00:00+00:00,Istanbulspor,Kasimpasa,61,243,1.396135697,1.679310766,0.320077825,0.237053660,0.442868515,0.090888796,1,2,A
4ba27050b4ed48acf5e38ecd7eff4a81d9140d19f137d932ded7b162791c059f,2023-24,2024-03-10T16:00:00+03:00,independent_poisson,2315,2315,2024-03-09T19:00:00+00:00,Samsunspor,Ankaragucu,28,171,1.445874230,0.889232249,0.500980130,0.267460935,0.231558935,0.089975110,2,1,H
d4906b8878821f4aebe89f8d87f826dca7722ed15a73ad97cd1b166d9ac07bf7,2023-24,2024-03-10T19:00:00+03:00,independent_poisson,2316,2316,2024-03-10T13:30:00+00:00,Fenerbahce,Pendikspor,242,28,3.040304452,0.828670255,0.812239700,0.117511294,0.070249006,0.061597693,4,1,H
7c6c4394fe203076b02dd72b712184bd74911c9904cc298764767779e689d2f7,2023-24,2024-03-11T20:30:00+03:00,independent_poisson,2319,2319,2024-03-10T19:00:00+00:00,Gaziantep FK,Besiktas,162,242,1.267014448,1.617285981,0.299830618,0.244318976,0.455850406,0.044863937,2,0,H
c4f60f8086b8a8b497760aafe1b9f9b868acab22eefa92f6b1776f0d1ebe0990,2023-24,2024-03-15T20:30:00+03:00,independent_poisson,2320,2320,2024-03-11T20:30:00+00:00,Pendikspor,Istanbulspor,29,62,1.695578950,1.267119733,0.474735162,0.238674268,0.286590570,0.087626270,1,0,H
c64b32f0bb8f38dc053c847d2cd5e187d9cce13e93c47db949282c355eca1018,2023-24,2024-03-15T20:30:00+03:00,independent_poisson,2320,2320,2024-03-11T20:30:00+00:00,Fatih Karagumruk,Konyaspor,141,243,1.529477604,1.091719020,0.473734849,0.255271909,0.270993242,0.121417914,1,1,D
fd4b1f1e4c7a544c7a08606587a98ea75125861824cf5a3a1552e99861c0b653,2023-24,2024-03-16T13:30:00+03:00,independent_poisson,2322,2322,2024-03-15T20:30:00+00:00,Alanyaspor,Kayserispor,243,243,1.930517625,1.096455334,0.567881855,0.219935117,0.212183028,0.093556964,1,0,H
5a8e9e01564b9e08c2d5bf793e324685e5fb58026bc8acaa5821cb9c00eae223,2023-24,2024-03-16T16:00:00+03:00,independent_poisson,2322,2322,2024-03-15T20:30:00+00:00,Ankaragucu,Istanbul Basaksehir,172,243,0.920790635,1.376841163,0.251142247,0.274448374,0.474409378,0.058657942,2,1,H
068b221b0cc86593d36aabe071a4c43f4b097d49f660eeeb91dfc03addf968a5,2023-24,2024-03-16T20:30:00+03:00,independent_poisson,2324,2324,2024-03-16T16:00:00+00:00,Adana Demirspor,Sivasspor,101,244,1.864250087,1.065355799,0.560461440,0.225377726,0.214160834,0.028641018,4,1,H
c5762569f3cc27c202af447d957c58854c866c8c8d05f174aa7db1479366d4e6,2023-24,2024-03-16T20:30:00+03:00,independent_poisson,2324,2324,2024-03-16T16:00:00+00:00,Besiktas,Antalyaspor,243,244,2.156667337,0.865296631,0.669564829,0.191901081,0.138534091,0.039324292,1,2,A
59d7eeaebb3f55d0850e4bfd6fe7aa243d545df5bc29fd36f131b8cee851032f,2023-24,2024-03-17T13:30:00+03:00,independent_poisson,2326,2326,2024-03-16T20:30:00+00:00,Rizespor,Gaziantep FK,175,163,1.404517864,1.394297716,0.375886322,0.252863481,0.371250197,0.039199083,3,1,H
5ed4d9fd2535e7258cedf96511cfa184b825f9b3ca0d3632f6d06475978e8bfa,2023-24,2024-03-17T16:00:00+03:00,independent_poisson,2326,2326,2024-03-16T20:30:00+00:00,Hatayspor,Samsunspor,128,29,1.402101080,1.092376096,0.440353516,0.266442587,0.293203897,0.037918317,3,0,H
fab2734f194f73312aa55b5b4968abf7927e5d68b2dcd183f24abc53e3848172,2023-24,2024-03-17T16:00:00+03:00,independent_poisson,2326,2326,2024-03-16T20:30:00+00:00,Kasimpasa,Galatasaray,244,243,1.233417110,1.968249371,0.237019148,0.218328393,0.544652459,0.007958328,3,4,A
e014439e089e004c143f0037521d3e80b76672a0ece39592599df8640e8694c0,2023-24,2024-03-17T20:30:00+03:00,independent_poisson,2329,2329,2024-03-17T16:00:00+00:00,Trabzonspor,Fenerbahce,243,243,1.604847102,1.522162283,0.399278134,0.237130856,0.363591009,0.033191435,2,3,A
73295397e291be2388f52a57b8f61c54cba6a3e50b53053fc2388943e88e093f,2023-24,2024-04-02T17:00:00+03:00,independent_poisson,2330,2330,2024-03-17T20:30:00+00:00,Istanbulspor,Rizespor,63,176,1.355203115,1.389859633,0.364236304,0.255671733,0.380091963,0.009988653,0,4,A
138a82e8cfcbd0427e4508dbef9657b0eec04f0796359d72a21a79aff7becddb,2023-24,2024-04-02T20:30:00+03:00,independent_poisson,2331,2331,2024-04-02T17:00:00+00:00,Antalyaspor,Ankaragucu,245,173,1.466069421,0.988775047,0.481783197,0.263443728,0.254773075,0.124487753,1,1,D
2ad239d29eddea922487342d58e7a9f055a611c126dca0212009ee16c0d557f4,2023-24,2024-04-02T20:30:00+03:00,independent_poisson,2331,2331,2024-04-02T17:00:00+00:00,Gaziantep FK,Alanyaspor,164,244,1.580154198,1.290978939,0.441488875,0.246290685,0.312220440,0.020309019,0,3,A
74ae73da56e6e212adaac02e12149faec69d12d9fd105a067fef57818fe1bc64,2023-24,2024-04-02T20:30:00+03:00,independent_poisson,2331,2331,2024-04-02T17:00:00+00:00,Galatasaray,Hatayspor,244,129,2.250836280,0.847570337,0.691369142,0.182078112,0.126552746,0.101560074,1,0,H
77460db2f3d66220b9ad1f3424878caafe311a91c56e3aaeecbb0465cdd6426e,2023-24,2024-04-03T17:00:00+03:00,independent_poisson,2334,2334,2024-04-02T20:30:00+00:00,Sivasspor,Fatih Karagumruk,245,142,1.559068975,1.276217371,0.439493691,0.248176721,0.312329587,0.091520022,1,0,H
31299050d44b6dac4fb13c92c8442637ef3f09d06af037d968c0b05ed9d8c34d,2023-24,2024-04-03T20:30:00+03:00,independent_poisson,2335,2335,2024-04-03T17:00:00+00:00,Fenerbahce,Adana Demirspor,244,102,1.997580132,1.221684834,0.553671824,0.215958467,0.230369709,0.019796342,4,2,H
e8c92156617c636335239df986b633797dff5cd114fce41605628050e89632e2,2023-24,2024-04-03T20:30:00+03:00,independent_poisson,2335,2335,2024-04-03T17:00:00+00:00,Kayserispor,Kasimpasa,244,245,1.623108660,1.517248145,0.404584561,0.236425666,0.358989774,0.049801635,0,2,A
ea9cf81fb00a6961ae164c52af0ad2731fa6c50ecee2984750665989eeb9fb97,2023-24,2024-04-03T20:30:00+03:00,independent_poisson,2335,2335,2024-04-03T17:00:00+00:00,Konyaspor,Trabzonspor,244,244,1.251115373,1.363401920,0.342488430,0.262565383,0.394946187,0.038685426,1,3,A
7bfb23deed0bac9c73d944012f67e82afeace9252b88ee1c64d1a71f25c790ed,2023-24,2024-04-04T20:30:00+03:00,independent_poisson,2338,2338,2024-04-03T20:30:00+00:00,Samsunspor,Pendikspor,30,30,1.809658956,0.968957545,0.571262786,0.229210594,0.199526621,0.062124397,0,0,D
bcd962c30f8ea9758ad70c9bbc8925906b840e3480636b700c3d01a59418e472,2023-24,2024-04-04T20:30:00+03:00,independent_poisson,2338,2338,2024-04-03T20:30:00+00:00,Istanbul Basaksehir,Besiktas,244,244,1.372034854,1.193809210,0.409593245,0.264692796,0.325713958,0.125883309,1,1,D
d658814ece153c2eabc80fa3c3541fe20468c7c0aafb7d9f7a35448ed25af2c4,2023-24,2024-04-12T20:00:00+03:00,independent_poisson,2340,2340,2024-04-04T20:30:00+00:00,Trabzonspor,Sivasspor,245,246,1.922238155,1.061473957,0.574298080,0.220123937,0.205577984,0.053715502,0,1,A
d428a133955fcc16edae4faff57b6a59618426c8cbee1d85450873c767afb490,2023-24,2024-04-13T13:30:00+03:00,independent_poisson,2341,2341,2024-04-12T20:00:00+00:00,Kasimpasa,Konyaspor,246,245,1.551086301,1.268012738,0.439302387,0.248980443,0.311717171,0.047962088,0,2,A
bf0664961c150fc17d626779ad4e832fdd4d8e5944d0fdb6ec2bf24c82d397e3,2023-24,2024-04-13T16:00:00+03:00,independent_poisson,2341,2341,2024-04-12T20:00:00+00:00,Ankaragucu,Gaziantep FK,174,165,1.258690104,1.267965882,0.363616155,0.268366881,0.368016964,0.033682167,3,1,H
5e2429acc7cd3303e45e99960eb5249d2ac006822ec0f431188b09a708bb3694,2023-24,2024-04-13T19:00:00+03:00,independent_poisson,2342,2342,2024-04-13T13:30:00+00:00,Besiktas,Samsunspor,245,31,1.972590667,0.808247882,0.646721817,0.207925363,0.145352821,0.098827705,1,1,D
f63d2313d6bf5ee41f0a7476d0f15c2d8f165d68a0fae63674fd530abc3a5c20,2023-24,2024-04-13T19:00:00+03:00,independent_poisson,2342,2342,2024-04-13T13:30:00+00:00,Adana Demirspor,Kayserispor,103,245,2.236029490,0.961987254,0.661929411,0.188891101,0.149179488,0.040843126,0,0,D
f36fae49d2b0ff47825a7576c4085b3af43531c9f4fb67d57f6685153b1ca5af,2023-24,2024-04-14T13:30:00+03:00,independent_poisson,2345,2345,2024-04-13T19:00:00+00:00,Pendikspor,Istanbul Basaksehir,31,245,0.938850751,1.701606944,0.206924465,0.239729880,0.553345655,0.025813887,2,3,A
99a3c50a622efc0d177c89a0445c9936f3a5b0ed554d7861fb625ef797f44f11,2023-24,2024-04-14T16:00:00+03:00,independent_poisson,2345,2345,2024-04-13T19:00:00+00:00,Rizespor,Antalyaspor,177,246,1.477797513,1.227130435,0.429786163,0.255561259,0.314652578,0.035971476,3,0,H
f135d11e4666457e05ec062c072f3fed353b9f72863d5f4549c58b86e5c19378,2023-24,2024-04-14T16:00:00+03:00,independent_poisson,2345,2345,2024-04-13T19:00:00+00:00,Hatayspor,Istanbulspor,130,64,1.962721678,0.898787009,0.622263642,0.212295684,0.165440675,0.006919611,0,3,A
eca0e98b8179bd2fd8a0d8fcf56ae40bcc7cd222022bfe16ad34242851524409,2023-24,2024-04-14T19:00:00+03:00,independent_poisson,2346,2346,2024-04-14T13:30:00+00:00,Fatih Karagumruk,Fenerbahce,143,245,1.379335219,1.744080178,0.304931547,0.233382371,0.461686082,0.092318906,1,2,A
0deffa4554534d562071909683019e11cb8352e92992a485ee08b373cec14f62,2023-24,2024-04-15T20:00:00+03:00,independent_poisson,2349,2349,2024-04-14T19:00:00+00:00,Alanyaspor,Galatasaray,245,245,1.215873516,1.720009066,0.270401971,0.237546914,0.492051115,0.019358607,0,4,A
b27a23accc234a4d3a10c275fab54296cf102e70ea6d9a0c080fc9a0b549ee08,2023-24,2024-04-19T20:00:00+03:00,independent_poisson,2350,2350,2024-04-15T20:00:00+00:00,Besiktas,Ankaragucu,246,175,2.249091102,0.815639885,0.698560161,0.180524680,0.120915159,0.118028895,2,0,H
55bcebe41128bca2af434a4b7f82a8ae41086cbc2b6302e9f5c037eda78e2ace,2023-24,2024-04-20T13:30:00+03:00,independent_poisson,2351,2351,2024-04-19T20:00:00+00:00,Istanbulspor,Fatih Karagumruk,65,144,1.181071872,1.665542982,0.270827837,0.242268055,0.486904108,0.095079940,1,2,A
14efd8545e5387d0ef10aeeebe261a02cfd4e7ccba47972745eb9ca8d19e80eb,2023-24,2024-04-20T16:00:00+03:00,independent_poisson,2351,2351,2024-04-19T20:00:00+00:00,Konyaspor,Alanyaspor,246,246,1.437710656,1.164078115,0.433447075,0.260874801,0.305678125,0.050233304,0,2,A
1caf42f099bddd88619c3c3565c3f6e7b87ba9cc97aa8cab4771d867115b7946,2023-24,2024-04-20T19:00:00+03:00,independent_poisson,2352,2352,2024-04-20T13:30:00+00:00,Samsunspor,Adana Demirspor,32,104,1.145991041,1.378259465,0.311844875,0.266323772,0.421831353,0.126544752,1,1,D
ccea99b46115517b87424702eac30d013d5c56b27fcd6cce83412e3b9c8e4f15,2023-24,2024-04-20T19:00:00+03:00,independent_poisson,2352,2352,2024-04-20T13:30:00+00:00,Kayserispor,Trabzonspor,246,246,1.216757016,1.735026885,0.268215802,0.236374608,0.495409590,0.095684771,1,2,A
4e83e9e8a4347ea3b38c926c4c0fc0a53e20cdde33127d640a88e69b8299bdaa,2023-24,2024-04-21T13:30:00+03:00,independent_poisson,2355,2355,2024-04-20T19:00:00+00:00,Istanbul Basaksehir,Rizespor,246,178,1.927591337,0.835000425,0.630557688,0.213716839,0.155725473,0.117279357,2,0,H
143556dd21db028e826f07a7466d849c69341d2799cfbd63a0f12ce089acdff4,2023-24,2024-04-21T19:00:00+03:00,independent_poisson,2356,2356,2024-04-21T13:30:00+00:00,Gaziantep FK,Kasimpasa,166,247,1.797628176,1.345968251,0.481317580,0.230396683,0.288285737,0.069682409,2,0,H
476c614e398333188917f3f20725fda88ff063db16c8affc2f654ecfb84c87ec,2023-24,2024-04-21T19:00:00+03:00,independent_poisson,2356,2356,2024-04-21T13:30:00+00:00,Galatasaray,Pendikspor,246,32,2.966511751,0.726011891,0.822779289,0.115369531,0.061851180,0.058354472,4,1,H
9e3b6d7d46a12b06b04295a417e9ded4c2707024291c29ca59c372e4087fc76f,2023-24,2024-04-21T19:00:00+03:00,independent_poisson,2356,2356,2024-04-21T13:30:00+00:00,Antalyaspor,Hatayspor,247,131,1.402833128,1.191400678,0.418240708,0.262496075,0.319263217,0.087574657,2,1,H
154297f59387d541af90aab0251cc0d1a9b044a87564225c2b9b8e20b1a7e9d7,2023-24,2024-04-22T20:00:00+03:00,independent_poisson,2359,2359,2024-04-21T19:00:00+00:00,Sivasspor,Fenerbahce,247,246,1.242555674,1.654826865,0.287487800,0.242099546,0.470412654,0.058312223,2,2,D
7c84499cade08bb705e2e69240bd91d044b28f1c1cb6f662976ce3aa03dfe344,2023-24,2024-04-26T20:00:00+03:00,independent_poisson,2360,2360,2024-04-22T20:00:00+00:00,Adana Demirspor,Galatasaray,105,247,1.384432035,1.530065576,0.344420720,0.246327239,0.409252041,0.032376407,0,3,A
886afc8cba30123bbdde74cebb82c52421fe66e51c933e84cc98d0ddd35bafee,2023-24,2024-04-27T16:00:00+03:00,independent_poisson,2361,2361,2024-04-26T20:00:00+00:00,Kasimpasa,Samsunspor,248,33,1.563321984,1.150389249,0.468717464,0.251116202,0.280166334,0.103633131,1,0,H
afd019dba25e9acb5b5c1a72119367fe6ed24440fcdd54e539ecc9200009ce95,2023-24,2024-04-27T16:00:00+03:00,independent_poisson,2361,2361,2024-04-26T20:00:00+00:00,Sivasspor,Konyaspor,248,247,1.369774309,1.032050166,0.445685174,0.271577661,0.282737165,0.124036614,1,0,H
56418063de6f42839fe2b292f72c2d302a362f2d22d4dd0848201cb9ec95cf0d,2023-24,2024-04-27T19:00:00+03:00,independent_poisson,2361,2361,2024-04-26T20:00:00+00:00,Hatayspor,Istanbul Basaksehir,132,247,1.106101925,1.334807918,0.309228261,0.271655830,0.419115909,0.085808246,1,2,A
ea3620f901dec871c32658824cf2ae162559a8b2381ae3fc5d846651bdfaf5f8,2023-24,2024-04-27T19:00:00+03:00,independent_poisson,2361,2361,2024-04-26T20:00:00+00:00,Fenerbahce,Besiktas,247,247,1.846160156,1.316799581,0.498816071,0.227344407,0.273839522,0.094923222,2,1,H
593ff772ff11c42829bb859569b622203b9d00ccf20d6b3de9e2b6d3480b2340,2023-24,2024-04-28T16:00:00+03:00,independent_poisson,2365,2365,2024-04-27T19:00:00+00:00,Alanyaspor,Istanbulspor,247,66,2.157468917,0.924280873,0.655702831,0.194446504,0.149850665,0.006426106,6,0,H
7c8c4822ed752bfb79f76911c11ca70175063c34c7f05a97ba6d45febc297006,2023-24,2024-04-28T16:00:00+03:00,independent_poisson,2365,2365,2024-04-27T19:00:00+00:00,Pendikspor,Kayserispor,33,247,1.496049370,1.454625284,0.386550139,0.245253416,0.368196445,0.082785919,1,2,A
01f8dbbf9df433632f09cbb1a50fdda3a62c05df2c992dfeb552a3b650f02a4e,2023-24,2024-04-28T19:00:00+03:00,independent_poisson,2365,2365,2024-04-27T19:00:00+00:00,Trabzonspor,Gaziantep FK,247,167,1.987836330,1.057026526,0.589593380,0.214188976,0.196217644,0.017301585,4,2,H
ccbe849177d43e5adfdf5c4e9b5376d89e361642c4235c9619dab4f52976b5ec,2023-24,2024-04-28T19:00:00+03:00,independent_poisson,2365,2365,2024-04-27T19:00:00+00:00,Rizespor,Ankaragucu,179,176,1.560553831,1.140844854,0.470214343,0.251551733,0.278233924,0.053179978,2,2,D
a12ef49b2a055ad22966be6e867acd5ee38b656eef8b2b8fc691cf37a686ea38,2023-24,2024-04-29T20:00:00+03:00,independent_poisson,2369,2369,2024-04-28T19:00:00+00:00,Fatih Karagumruk,Antalyaspor,145,248,1.733629704,1.060465583,0.531417807,0.237181819,0.231400374,0.024414652,4,1,H
b80359275d61717dcc8fba89843f7e0cf02a5f7283718e2ac2bd47970c976008,2023-24,2024-05-03T20:00:00+03:00,independent_poisson,2370,2370,2024-04-29T20:00:00+00:00,Besiktas,Rizespor,248,180,2.440505089,0.931047489,0.705609314,0.169608149,0.124782537,0.036054119,3,2,H
d533e5fa6f718f2c6682e00648008a65b3bd5c4859d2c7b11f15f0ca618c0333,2023-24,2024-05-03T20:00:00+03:00,independent_poisson,2370,2370,2024-04-29T20:00:00+00:00,Ankaragucu,Alanyaspor,177,248,1.300278791,1.421540931,0.343956150,0.256432037,0.399611814,0.121541492,1,1,D
ceb5b9baf6cc2cdb39844f88ce45745600a2666c36dd2754d28a48de21c10089,2023-24,2024-05-04T16:00:00+03:00,independent_poisson,2372,2372,2024-05-03T20:00:00+00:00,Istanbulspor,Adana Demirspor,67,106,1.048656921,1.949051317,0.199312854,0.217487282,0.583199864,0.097260193,0,1,A
6eaa25e3602d32117db0b487fef04f2d80b00bfa3e961c43a3d433787ac8239d,2023-24,2024-05-04T19:00:00+03:00,independent_poisson,2372,2372,2024-05-03T20:00:00+00:00,Samsunspor,Trabzonspor,34,248,1.093606165,1.385107479,0.296594289,0.267874772,0.435530939,0.025317651,3,1,H
8b22b9435c8f82cafed1879eeb2e3c194233c2385bb9838f8b2e3ea21ef64d93,2023-24,2024-05-04T19:00:00+03:00,independent_poisson,2372,2372,2024-05-03T20:00:00+00:00,Kayserispor,Fatih Karagumruk,248,146,1.375927323,1.494837068,0.348991757,0.248709735,0.402298508,0.059918590,2,2,D
0bddbac45aeba08e2a215365541164efcdad61d82fb7fa3b9a62e6c26d58ecb8,2023-24,2024-05-05T16:00:00+03:00,independent_poisson,2375,2375,2024-05-04T19:00:00+00:00,Istanbul Basaksehir,Kasimpasa,248,249,1.951593029,0.976489372,0.600996924,0.215636973,0.183366103,0.031576449,4,1,H
532cbf8814991f4c64ea82bec11bce37c8274b12e9e8e19a7d8345dda60f621b,2023-24,2024-05-05T19:00:00+03:00,independent_poisson,2375,2375,2024-05-04T19:00:00+00:00,Gaziantep FK,Hatayspor,168,133,1.598484989,1.169701099,0.473069813,0.247851494,0.279078693,0.117374976,1,1,D
cebef277e4c37604be5a2a6fa93913e8e61a2c88ac0b827164ad99ccbeb6a1b9,2023-24,2024-05-05T19:00:00+03:00,independent_poisson,2375,2375,2024-05-04T19:00:00+00:00,Galatasaray,Sivasspor,248,249,2.095316241,0.842053412,0.663234377,0.196821090,0.139944533,0.005245914,6,1,H
572518e3f937762f132b3873cf6669bbc62afa76bf27dc5c84cb0afa07feaec1,2023-24,2024-05-06T20:00:00+03:00,independent_poisson,2378,2378,2024-05-05T19:00:00+00:00,Antalyaspor,Pendikspor,249,34,1.886062359,1.035546940,0.572446926,0.222983737,0.204569338,0.054453630,1,2,A
d76b0aa941931fc791ee2c581ab8b93926f9cb80443f6a6f63911e381799beef,2023-24,2024-05-06T20:00:00+03:00,independent_poisson,2378,2378,2024-05-05T19:00:00+00:00,Konyaspor,Fenerbahce,248,248,1.122926421,1.533575670,0.278254559,0.254221148,0.467524293,0.070193323,0,0,D
068feb5e519360882862f6b14a2c97dfbb2e133be0693fe8edf92fb70084c1a2,2023-24,2024-05-12T19:00:00+03:00,independent_poisson,2380,2380,2024-05-06T20:00:00+00:00,Pendikspor,Rizespor,35,181,1.563581788,1.552651718,0.383461017,0.237803971,0.378735012,0.084124451,2,1,H
0b757bfca811d8e6b5fc3e53fd44a30277eabf730d65aa41f6e7be10d023b333,2023-24,2024-05-12T19:00:00+03:00,independent_poisson,2380,2380,2024-05-06T20:00:00+00:00,Alanyaspor,Besiktas,249,249,1.418878036,1.652748894,0.330204233,0.238024551,0.431771216,0.108682924,1,1,D
1bee6fd580dfcb9431ea6b54de0ba1dac4383efdf774bb047c1a5ce53fa63051,2023-24,2024-05-12T19:00:00+03:00,independent_poisson,2380,2380,2024-05-06T20:00:00+00:00,Adana Demirspor,Gaziantep FK,107,169,1.927884016,1.068451972,0.573890387,0.219735218,0.206374394,0.000199061,1,6,A
38f6089c971d22e0a7fe26a33508aa3a9661725cf5c4842be62257c3eb481f67,2023-24,2024-05-12T19:00:00+03:00,independent_poisson,2380,2380,2024-05-06T20:00:00+00:00,Sivasspor,Istanbul Basaksehir,250,249,1.131165664,1.245094862,0.333422344,0.277683786,0.388893870,0.115665971,0,1,A
65f6e4748f09eafefe2dc65773e66dcd46e9f4097ef7f6b897656560a734f5ba,2023-24,2024-05-12T19:00:00+03:00,independent_poisson,2380,2380,2024-05-06T20:00:00+00:00,Hatayspor,Ankaragucu,134,178,1.609043095,1.018326321,0.511255535,0.248985819,0.239758646,0.095266517,2,1,H
6e54e5b8c5c216a11b8e92ba3a5bd43c6328977fd7bde49147985cfbaf99fb23,2023-24,2024-05-12T19:00:00+03:00,independent_poisson,2380,2380,2024-05-06T20:00:00+00:00,Trabzonspor,Istanbulspor,249,68,2.593744802,0.788334725,0.761247072,0.148153034,0.090599894,0.098812527,3,0,H
7e38000e66e829d83414fc1c45aa9bcd00bcf887d0435f3405896caec7e2f930,2023-24,2024-05-12T19:00:00+03:00,independent_poisson,2380,2380,2024-05-06T20:00:00+00:00,Konyaspor,Samsunspor,249,35,1.228421081,0.874963746,0.443631415,0.292969017,0.263399568,0.037705275,3,0,H
b04559533d188a8ad4f53538f0e969728803d84fa4a76d769ca70be8fcba5028,2023-24,2024-05-12T19:00:00+03:00,independent_poisson,2380,2380,2024-05-06T20:00:00+00:00,Fatih Karagumruk,Galatasaray,147,249,1.222348329,1.730592131,0.270244761,0.236660201,0.493095038,0.033678066,2,3,A
d089debc377d47ba18604bc02f0b0e23ea0c40849332cfe3c63057b3c642cecb,2023-24,2024-05-12T19:00:00+03:00,independent_poisson,2380,2380,2024-05-06T20:00:00+00:00,Fenerbahce,Kayserispor,249,249,2.515766462,0.849857099,0.735923761,0.158606602,0.105469637,0.091661715,3,0,H
ff37c3297f2ca21b39f183719753ca003507b981ea593f829b0c78ceba23dff2,2023-24,2024-05-12T19:00:00+03:00,independent_poisson,2380,2380,2024-05-06T20:00:00+00:00,Kasimpasa,Antalyaspor,250,250,1.770940903,1.232628324,0.500256937,0.233473487,0.266269576,0.056605621,3,1,H
9d4cc26bdd873d289f0c95d2d4ceda78a4254746bbf231227c48feb8662c7789,2023-24,2024-05-17T17:00:00+03:00,independent_poisson,2390,2390,2024-05-12T19:00:00+00:00,Istanbulspor,Sivasspor,69,251,1.077709777,1.540884383,0.265531553,0.254539702,0.479928745,0.047909290,1,3,A
383b5a62c10ba6cc6174d1ac4e2bbdaf0cc645534f810a47a38236af08d9785f,2023-24,2024-05-17T20:00:00+03:00,independent_poisson,2390,2390,2024-05-12T19:00:00+00:00,Antalyaspor,Adana Demirspor,251,108,1.266283745,1.517363509,0.317365483,0.251391666,0.431242851,0.075196748,2,1,H
0f9f58a13c673fec5dcd16240adf500ebab0b813dc6168c95debe41e47be54d7,2023-24,2024-05-18T19:00:00+03:00,independent_poisson,2392,2392,2024-05-17T20:00:00+00:00,Gaziantep FK,Fatih Karagumruk,170,148,1.591367621,1.335906655,0.434538114,0.244227793,0.321234092,0.048043800,3,1,H
60bdf76f5947c88fcbe6372167a8356c2dd94891f70543530aecb43997476314,2023-24,2024-05-18T19:00:00+03:00,independent_poisson,2392,2392,2024-05-17T20:00:00+00:00,Samsunspor,Alanyaspor,36,250,1.276396952,1.216289525,0.379159483,0.270361972,0.350478544,0.128369764,1,1,D
74b09b474e7831ec8e3c5c6747e02d5a631574e5340014a91640b14a46aab183,2023-24,2024-05-18T19:00:00+03:00,independent_poisson,2392,2392,2024-05-17T20:00:00+00:00,Rizespor,Kasimpasa,182,251,1.723006155,1.555391065,0.420240428,0.230279213,0.349480358,0.037688615,0,0,D
983aecac5276cbdc3e5ab3fff80c2ca9741ba065c505fd820d4a6c69cf27f6fa,2023-24,2024-05-18T19:00:00+03:00,independent_poisson,2392,2392,2024-05-17T20:00:00+00:00,Besiktas,Hatayspor,250,135,2.172699479,0.959422440,0.650388423,0.194487280,0.155124298,0.047390993,2,2,D
aef49050b680c053fa24924eadef3e5e8cf8c708ed84994cdb1a6b1b04bab5e8,2023-24,2024-05-18T19:00:00+03:00,independent_poisson,2392,2392,2024-05-17T20:00:00+00:00,Ankaragucu,Pendikspor,179,36,1.731697894,1.114947409,0.518082168,0.237304311,0.244613522,0.058038697,0,0,D
d767adc35514984753618b1dfd28fbbeece323242389a3317c35bf0e78ab4636,2023-24,2024-05-18T19:00:00+03:00,independent_poisson,2392,2392,2024-05-17T20:00:00+00:00,Kayserispor,Konyaspor,250,250,1.199920767,1.209491107,0.359693006,0.275979208,0.364327786,0.047321252,2,2,D
db7aeee41d28f6dc2f04c5f2dc97f44cc9d4069096100a6b55dc272488ca524b,2023-24,2024-05-18T19:00:00+03:00,independent_poisson,2392,2392,2024-05-17T20:00:00+00:00,Istanbul Basaksehir,Trabzonspor,250,250,1.500249625,1.127719016,0.457902407,0.256919792,0.285177801,0.081449538,0,1,A
d89251ff2a786195dc7f11a7043c1a4dc9f2667a37c8e81d638800af5d0fa663,2023-24,2024-05-19T19:00:00+03:00,independent_poisson,2399,2399,2024-05-18T19:00:00+00:00,Galatasaray,Fenerbahce,250,250,1.783785605,1.227141895,0.504489559,0.232527707,0.262982734,0.060431808,0,1,A
4b39e5ed41ae1efaa616f67d40ef0ab726dcb57d99abcf8ed415c1da97a157b9,2023-24,2024-05-24T20:00:00+03:00,independent_poisson,2400,2400,2024-05-19T19:00:00+00:00,Alanyaspor,Antalyaspor,251,252,1.761639923,1.066396837,0.536613090,0.234646773,0.228740137,0.111079837,1,1,D
ca96fe905f1579fa6e3b49edc4751c68bd5fd339a259f594bd83d9add6057f81,2023-24,2024-05-25T16:00:00+03:00,independent_poisson,2401,2401,2024-05-24T20:00:00+00:00,Fatih Karagumruk,Samsunspor,149,37,1.585302357,0.988554702,0.512537255,0.251536037,0.235926708,0.050046517,3,1,H
f7a33a0edf06cc6fd58f0f71f1d88b3cbb356f2ac0c51c67f10f29ce9391a014,2023-24,2024-05-25T19:00:00+03:00,independent_poisson,2401,2401,2024-05-24T20:00:00+00:00,Sivasspor,Kayserispor,252,251,1.742670379,1.016837944,0.544030523,0.236192794,0.219776683,0.097771665,2,1,H
471f5867f60c05a11e6aac8ef52a7287501569550ea298ec0d08733cdd46fcf8,2023-24,2024-05-26T19:00:00+03:00,independent_poisson,2403,2403,2024-05-25T19:00:00+00:00,Kasimpasa,Besiktas,252,251,1.427184864,1.897949477,0.290468499,0.222981117,0.486550384,0.069522858,2,1,H
4cb98370b0c1f0f25d0686c9686f881ae3578dbf7b765b815c04dcc25c18f621,2023-24,2024-05-26T19:00:00+03:00,independent_poisson,2403,2403,2024-05-25T19:00:00+00:00,Pendikspor,Gaziantep FK,37,171,1.315062893,1.616685766,0.311647109,0.243154198,0.445198693,0.086175408,0,1,A
5bc1f89731bfe794e08c25d072c338d3c75ee815615f2eca360668dbe2756d04,2023-24,2024-05-26T19:00:00+03:00,independent_poisson,2403,2403,2024-05-25T19:00:00+00:00,Trabzonspor,Ankaragucu,251,180,2.133510242,0.869627018,0.664056961,0.194332569,0.141610469,0.016201596,4,2,H
b4b1d5934752ae49b33a668b8f89f93a042d5133b94c65ee4c636566dd0f49fb,2023-24,2024-05-26T19:00:00+03:00,independent_poisson,2403,2403,2024-05-25T19:00:00+00:00,Hatayspor,Rizespor,136,183,1.757782222,1.162356822,0.513215825,0.234935117,0.251849057,0.083310524,2,0,H
c7a8659048e1663bc6b22d16b97b2853039d0e1bd8e90c3c04dce48f0510d628,2023-24,2024-05-26T19:00:00+03:00,independent_poisson,2403,2403,2024-05-25T19:00:00+00:00,Fenerbahce,Istanbulspor,251,70,2.939130246,0.688966914,0.826605971,0.114566835,0.058827194,0.023785809,6,0,H
cc16eecb83db4d3d393cfb4444d16dcc5ba64d2292b352fdf71050f5b0a7a437,2023-24,2024-05-26T19:00:00+03:00,independent_poisson,2403,2403,2024-05-25T19:00:00+00:00,Adana Demirspor,Istanbul Basaksehir,109,251,1.389380968,1.208338147,0.410992355,0.262760014,0.326247631,0.000310625,2,6,A
ccf93d2f6a691299e31b5c63b2acffa60ec7ea5bbbe9f52cb9b9137fd219bbbb,2023-24,2024-05-26T19:00:00+03:00,independent_poisson,2403,2403,2024-05-25T19:00:00+00:00,Konyaspor,Galatasaray,251,251,0.990970060,1.509572593,0.248330450,0.259053374,0.492616176,0.046612180,1,3,A
aa34667d83fc6a19e0f19609f3205d197b4bfbe7c82bce83c7fd8b57600695e2,2024-25,2024-08-09T21:00:00+03:00,independent_poisson,2410,2410,2024-05-26T19:00:00+00:00,Galatasaray,Hatayspor,252,137,2.285188822,0.830391235,0.701571951,0.177940809,0.120487240,0.096165151,2,1,H
6b3b99a48a5295c0766f6489e0cd73fa81406aea198bdb145db5721e95c23da7,2024-25,2024-08-10T19:15:00+03:00,independent_poisson,2411,2411,2024-08-09T21:00:00+00:00,Kasimpasa,Konyaspor,253,252,1.526790581,1.258439513,0.435323653,0.250988456,0.313687890,0.023892669,2,3,A
1d6aa76fb4728455aea10d292dbb0ab3eb7b8821ea3099fbcdd443ddc3af2018,2024-25,2024-08-10T21:45:00+03:00,independent_poisson,2411,2411,2024-08-09T21:00:00+00:00,Fenerbahce,Adana Demirspor,252,110,2.176891189,1.172125334,0.602271016,0.200962822,0.196766161,0.076449971,1,0,H
96602af39abf0187d9269cb26d30311f400374ce784165a9569312f8223cff1c,2024-25,2024-08-10T21:45:00+03:00,independent_poisson,2411,2411,2024-08-09T21:00:00+00:00,Antalyaspor,Goztepe,253,180,1.473243799,1.149984136,0.445856513,0.258502091,0.295641396,0.072568239,0,0,D
cd01c700b83cef32d5e2f628da4179748d01a4118c656e0f7d7b6ed0f1095ed4,2024-25,2024-08-11T19:15:00+03:00,independent_poisson,2414,2414,2024-08-10T21:45:00+00:00,Sivasspor,Trabzonspor,253,252,1.382335930,1.492439769,0.351043411,0.248580696,0.400375893,0.056428795,0,0,D
0677dd5c0596aaf1b2308771baad16a6e31d1073b10a9e2b926437198de8375a,2024-25,2024-08-11T21:45:00+03:00,independent_poisson,2414,2414,2024-08-10T21:45:00+00:00,Samsunspor,Besiktas,38,252,1.035410512,1.525003407,0.257311980,0.256791288,0.485896732,0.089854120,0,2,A
96059012116b0dbff84cbc9abf7c8d993614f0c4ea37ba088a077ed42222a8b2,2024-25,2024-08-11T21:45:00+03:00,independent_poisson,2414,2414,2024-08-10T21:45:00+00:00,Alanyaspor,Eyupspor,252,0,1.779268119,1.128910506,0.526007974,0.233202624,0.240789402,0.109621309,1,1,D
bd64b05f1aa57c1419687ed1d1e3b33b10a678805012bb1fe09c2c28abf84baa,2024-25,2024-08-12T21:00:00+03:00,independent_poisson,2417,2417,2024-08-11T21:45:00+00:00,Bodrumspor,Gaziantep FK,0,172,1.428105721,1.251574978,0.411693932,0.258135791,0.330170277,0.085839332,0,1,A
f988b82bd5cb0050238608d43ef180c82608ba4a5ac47907eb5f1967a225ac60,2024-25,2024-08-12T21:00:00+03:00,independent_poisson,2417,2417,2024-08-11T21:45:00+00:00,Rizespor,Istanbul Basaksehir,184,252,1.058598187,1.513137779,0.265217957,0.257447484,0.477334559,0.122382376,1,1,D
b76dfb28a6fe815a0744105261bc681c848c4c7baad83fa383f4af24def3a5d7,2024-25,2024-08-16T21:00:00+03:00,independent_poisson,2419,2419,2024-08-12T21:00:00+00:00,Konyaspor,Galatasaray,253,253,0.996970594,1.523304499,0.247697718,0.257594054,0.494708228,0.093043114,1,2,A
f02b0fa17355f9f36c6204a28bae29319795c1bc81829da87fd9aed088d0ff63,2024-25,2024-08-17T19:15:00+03:00,independent_poisson,2420,2420,2024-08-16T21:00:00+00:00,Kayserispor,Sivasspor,252,254,1.309360565,1.341869334,0.362004452,0.260888755,0.377106793,0.083183119,1,2,A
240dd45ab0a8743b2074810457e056b1eddd0bfb957be1fd6a05a52ef5a96ea2,2024-25,2024-08-17T21:45:00+03:00,independent_poisson,2420,2420,2024-08-16T21:00:00+00:00,Goztepe,Fenerbahce,181,253,1.143821967,1.870061305,0.231049695,0.225586475,0.543363830,0.056163697,2,2,D
aac17ab58198470d4aeebb95f46cafb3fca551dbaa97a4b1afe3c53194435140,2024-25,2024-08-17T21:45:00+03:00,independent_poisson,2420,2420,2024-08-16T21:00:00+00:00,Adana Demirspor,Rizespor,111,185,2.197457925,1.075209825,0.628391533,0.196511997,0.175096470,0.048147692,1,2,A
96b93843ad064e3a54a1d673be23d193dd9d88aedeb121d09e1cc923ced51040,2024-25,2024-08-18T19:15:00+03:00,independent_poisson,2423,2423,2024-08-17T21:45:00+00:00,Istanbul Basaksehir,Alanyaspor,253,253,1.709987028,0.965107746,0.548871168,0.239072664,0.212056168,0.011431487,4,2,H
5e848aed90f5d7ab11518626776281bf70b68a64f9ab0dabe1a4aa1e01638695,2024-25,2024-08-18T21:45:00+03:00,independent_poisson,2423,2423,2024-08-17T21:45:00+00:00,Besiktas,Antalyaspor,253,254,2.142092708,0.863939623,0.667082656,0.193242676,0.139674668,0.016202251,4,2,H
a6fc212637c360187d2aae5d5801c807956a8369d9cffcb0f08327e884ac7de3,2024-25,2024-08-18T21:45:00+03:00,independent_poisson,2423,2423,2024-08-17T21:45:00+00:00,Gaziantep FK,Samsunspor,173,39,1.491611232,0.934058186,0.501893835,0.261771736,0.236334429,0.082588407,0,1,A
1bdc9851c6682ee627b387fa2c165f3f54f136e39e708876a09c401cedb314fa,2024-25,2024-08-19T21:00:00+03:00,independent_poisson,2426,2426,2024-08-18T21:45:00+00:00,Hatayspor,Kasimpasa,138,254,1.778480778,1.371631164,0.471335844,0.231300626,0.297363530,0.104522620,1,1,D
d10efd784cf98d50c5897b4837f9a5b1f06ab197503fd71b746b471ba4ab9db5,2024-25,2024-08-19T21:00:00+03:00,independent_poisson,2426,2426,2024-08-18T21:45:00+00:00,Eyupspor,Bodrumspor,1,1,1.227545103,0.412452099,0.570289916,0.305346975,0.124363109,0.007569555,4,1,H
37b3734801da3fc68806c975f65cc6750f387e94353b734cef96852840ab7b3f,2024-25,2024-08-23T21:00:00+03:00,independent_poisson,2428,2428,2024-08-19T21:00:00+00:00,Alanyaspor,Goztepe,254,182,1.845768251,1.142312211,0.538209472,0.227613701,0.234176827,0.106231945,1,1,D
bb7c39c66991024ad06274cc2966bc7c03b7d4f7944294bcbffdd309defea621,2024-25,2024-08-24T19:15:00+03:00,independent_poisson,2429,2429,2024-08-23T21:00:00+00:00,Sivasspor,Eyupspor,255,2,1.386277984,1.544770196,0.342116015,0.245400911,0.412483074,0.082399738,0,1,A
96ea06e6da354cf6149e24c2fd60f1b1d035186c342a5919bb59b3d15e4b5f97,2024-25,2024-08-24T21:45:00+03:00,independent_poisson,2429,2429,2024-08-23T21:00:00+00:00,Bodrumspor,Konyaspor,2,254,0.783079819,1.546370874,0.189299795,0.256102851,0.554597353,0.012047944,3,1,H
6d9bfe382182d809b36b29a03aee770a8b8b6e826633e25206e7f7244d7f15af,2024-25,2024-08-25T19:15:00+03:00,independent_poisson,2431,2431,2024-08-24T21:45:00+00:00,Kasimpasa,Adana Demirspor,255,112,1.667907001,1.706542424,0.378270136,0.227346131,0.394383734,0.069344670,2,2,D
93ea3f19824b2df7a24b4c903e98c27353da140d95373a0e16f2909b55330fe4,2024-25,2024-08-25T21:45:00+03:00,independent_poisson,2431,2431,2024-08-24T21:45:00+00:00,Rizespor,Fenerbahce,186,254,1.152588374,1.999394034,0.215235085,0.214942394,0.569822521,0.011387336,0,5,A
bd43b6092178c6401222f996328980d7540c76244fe361ac9d7b6f88e9d4f433,2024-25,2024-08-25T21:45:00+03:00,independent_poisson,2431,2431,2024-08-24T21:45:00+00:00,Antalyaspor,Hatayspor,255,139,1.392078616,1.200321819,0.413454512,0.262915740,0.323629748,0.024240425,3,2,H
df55a203be07fef1238db1fa38c277bc29a9757a426b56023ae40da3d8b5948d,2024-25,2024-08-30T21:00:00+03:00,independent_poisson,2434,2434,2024-08-25T21:45:00+00:00,Fenerbahce,Alanyaspor,255,255,2.295592705,1.045068172,0.654088003,0.187156016,0.158755981,0.071400733,3,0,H
62cb23a0d0f01f89338e1b49cd37051120d8aac3dc778b5f21644f4f05696e53,2024-25,2024-08-31T19:15:00+03:00,independent_poisson,2435,2435,2024-08-30T21:00:00+00:00,Konyaspor,Kayserispor,255,253,1.583258958,0.942521295,0.523338037,0.252019943,0.224642020,0.079995871,0,0,D
75d9d645003f4faad27f38d0d52fe7c41567bbab03f5e144339ff1efb5b1cad6,2024-25,2024-08-31T19:15:00+03:00,independent_poisson,2435,2435,2024-08-30T21:00:00+00:00,Rizespor,Kasimpasa,187,256,1.691953648,1.553040831,0.413536017,0.231862506,0.354601477,0.060520106,0,1,A
f28a5b9b73f34dfc40240e8d875f507f16564ba2c526ef94d45ba1b9bf11d320,2024-25,2024-08-31T21:45:00+03:00,independent_poisson,2435,2435,2024-08-30T21:00:00+00:00,Adana Demirspor,Galatasaray,113,254,1.339583742,1.664027213,0.309278889,0.239403189,0.451317922,0.007065438,1,5,A
f51bdfbb33a685f471a1d0826fb145b19d4b5ad855f18e2882867bb0773233c6,2024-25,2024-08-31T21:45:00+03:00,independent_poisson,2435,2435,2024-08-30T21:00:00+00:00,Goztepe,Bodrumspor,183,3,1.945381598,1.385655643,0.505983996,0.220209271,0.273806733,0.067659459,2,0,H
52ed165a5c5673547acce78eadaff4ef51b1d5ff1f3b9189c50a1e7d93c96bec,2024-25,2024-09-01T19:15:00+03:00,independent_poisson,2439,2439,2024-08-31T21:45:00+00:00,Istanbul Basaksehir,Antalyaspor,254,256,1.744670367,0.774653355,0.605185261,0.232110258,0.162704481,0.003254184,5,2,H
787b5a9df423f10e4df5275e68009eccad175ec84d1afd746d4a6deb0d3502b7,2024-25,2024-09-01T19:15:00+03:00,independent_poisson,2439,2439,2024-08-31T21:45:00+00:00,Eyupspor,Trabzonspor,3,253,1.757505861,0.929135528,0.568991605,0.233870056,0.197138338,0.068109308,0,0,D
663b585207e654fa0db578d52eb428ef5fc258fe7203cbe1b1eb41a76c77c3a2,2024-25,2024-09-01T21:45:00+03:00,independent_poisson,2439,2439,2024-08-31T21:45:00+00:00,Hatayspor,Samsunspor,140,40,1.404271820,0.975254844,0.468572575,0.270026373,0.261401052,0.014314883,0,3,A
772a10d8b072b3318ea257f4efd1f54b3b3799254fbdad735fe2da2ea7b0de14,2024-25,2024-09-01T21:45:00+03:00,independent_poisson,2439,2439,2024-08-31T21:45:00+00:00,Besiktas,Sivasspor,254,256,2.006632504,0.986008000,0.610444541,0.210710887,0.178844572,0.100976063,2,0,H
01bef4cfa8493d91a13d400f72f188a61b28dbac4c5d5f4027195cfa7799701d,2024-25,2024-09-14T17:00:00+03:00,independent_poisson,2443,2443,2024-09-01T21:45:00+00:00,Sivasspor,Gaziantep FK,257,174,1.512525918,1.148266723,0.456340072,0.255343543,0.288316385,0.026573284,3,2,H
7b1cfa2af7326f47347d5833eef6388a83b65d15cb07599753f5e678ac8ee842,2024-25,2024-09-14T17:00:00+03:00,independent_poisson,2443,2443,2024-09-01T21:45:00+00:00,Samsunspor,Konyaspor,41,256,1.132369116,0.974389313,0.391583369,0.297720959,0.310695672,0.118516537,0,1,A
29c853ea0f55da368e0fa78838154239281ab1c1c68cb1348fbaaa083796b003,2024-25,2024-09-14T20:00:00+03:00,independent_poisson,2443,2443,2024-09-01T21:45:00+00:00,Galatasaray,Rizespor,255,188,2.594117971,0.787164341,0.761553646,0.148044127,0.090402227,0.033288568,5,0,H
e217836fb16c1e8050285dd1b22bdb1173b519ca658170da5ebc8972e409fa2d,2024-25,2024-09-14T20:00:00+03:00,independent_poisson,2443,2443,2024-09-01T21:45:00+00:00,Bodrumspor,Istanbul Basaksehir,4,255,0.978098860,1.924791876,0.186976343,0.218229154,0.594794504,0.105602536,0,1,A
04acb93da04df77c1b95b38d8df4f1ab6fc3a129ca010e7840381b4a2025d4ab,2024-25,2024-09-15T17:00:00+03:00,independent_poisson,2447,2447,2024-09-14T20:00:00+00:00,Kasimpasa,Fenerbahce,257,256,1.355371453,2.035782770,0.253702839,0.214098491,0.532198670,0.069770736,0,2,A
f6c1196ddb04fdd1bc39d1af57758685d44871ff467fa8c9ad336ae5d8d8ed7a,2024-25,2024-09-15T17:00:00+03:00,independent_poisson,2447,2447,2024-09-14T20:00:00+00:00,Kayserispor,Eyupspor,254,4,0.661338910,1.375604566,0.179407062,0.278956239,0.541636700,0.026986221,2,2,D
56a821f152021860e2d4fb986566042c1273ee758a838c222b332622bf08458b,2024-25,2024-09-15T20:00:00+03:00,independent_poisson,2447,2447,2024-09-14T20:00:00+00:00,Trabzonspor,Besiktas,254,255,1.650222601,1.441986423,0.426357337,0.237488428,0.336154235,0.108037465,1,1,D
661f685d6b38d8efa7ec734a426d1f0af800c1b364394651c8d4a6bf056c5465,2024-25,2024-09-15T20:00:00+03:00,independent_poisson,2447,2447,2024-09-14T20:00:00+00:00,Alanyaspor,Hatayspor,256,141,1.777076987,1.189371858,0.511522459,0.233255283,0.255222258,0.051485820,0,0,D
962f69f4f853235b9c8808d7d8dc8f13ec29c5de91cf91b4ce00fd9fd36bde7e,2024-25,2024-09-16T20:00:00+03:00,independent_poisson,2451,2451,2024-09-15T20:00:00+00:00,Antalyaspor,Adana Demirspor,257,114,1.353954148,1.515461455,0.339626986,0.248362518,0.412010496,0.078804579,2,1,H
a583db97770ef38b240547925d6cf8223ce67c383fb189cc937b378ddfc3cd83,2024-25,2024-09-17T20:00:00+03:00,independent_poisson,2452,2452,2024-09-16T20:00:00+00:00,Galatasaray,Gaziantep FK,256,175,2.235303410,0.854063451,0.687001471,0.183873441,0.129125088,0.072385795,3,1,H
6cb7226f29039d77c2a41cd939e718e9a6b516036ea93e39056736c0362e764c,2024-25,2024-09-18T20:00:00+03:00,independent_poisson,2453,2453,2024-09-17T20:00:00+00:00,Samsunspor,Istanbul Basaksehir,42,256,0.913608538,1.193481101,0.281036865,0.295002223,0.423960912,0.050744958,2,0,H
a473e37db6241418459fc02e24a60ec42efeee0368212c67adbe2949c7d2f91d,2024-25,2024-09-19T20:00:00+03:00,independent_poisson,2454,2454,2024-09-18T20:00:00+00:00,Trabzonspor,Kayserispor,255,255,2.247595933,0.935418315,0.670265269,0.186680236,0.143054496,0.045816583,2,2,D
2877ba5756d5b42f59d8fa74208c2709e7a2e8d8d9d433962454ba4e6100276c,2024-25,2024-09-20T20:00:00+03:00,independent_poisson,2455,2455,2024-09-19T20:00:00+00:00,Hatayspor,Bodrumspor,142,5,1.941568047,0.867103592,0.625562506,0.213384601,0.161052893,0.052273357,0,1,A
5df8a39689d7b94e2f83ba1a64aa758417ab62395fa291a7e1cfd4e0f59025b0,2024-25,2024-09-21T17:00:00+03:00,independent_poisson,2456,2456,2024-09-20T20:00:00+00:00,Konyaspor,Sivasspor,257,258,1.334776252,1.056070555,0.430541091,0.273872155,0.295586753,0.091552124,0,0,D
71bcde2ce03e8947fd7dfe7ea32fc8b82bb8c7d67f609b00c8bf11bc014f1f66,2024-25,2024-09-21T20:00:00+03:00,independent_poisson,2456,2456,2024-09-20T20:00:00+00:00,Fenerbahce,Galatasaray,257,257,1.596028597,1.364286717,0.429626250,0.243066271,0.327307478,0.034991114,1,3,A
9baed7e1e38cda15ae2c335155e99a24ccd850f1be0e980e073a05239921279e,2024-25,2024-09-22T17:00:00+03:00,independent_poisson,2458,2458,2024-09-21T20:00:00+00:00,Rizespor,Samsunspor,189,43,1.265751039,1.151249246,0.390218908,0.274906806,0.334874286,0.102678490,0,1,A
c49b551195b4be2c279c880a8b2bf49014b7b28a93eb15009a18602b350e73d9,2024-25,2024-09-22T17:00:00+03:00,independent_poisson,2458,2458,2024-09-21T20:00:00+00:00,Kasimpasa,Antalyaspor,258,258,1.779308653,1.239103414,0.500747444,0.232787265,0.266465291,0.048878773,0,0,D
3a860dbc9201cbe80d95a50576a07c795356495c8461c6521caf3ffd8cc2754d,2024-25,2024-09-22T20:00:00+03:00,independent_poisson,2458,2458,2024-09-21T20:00:00+00:00,Besiktas,Eyupspor,256,5,1.342162078,1.139852683,0.413531800,0.269492417,0.316975782,0.085803172,2,1,H
68ecbb13e31bd3bfab1793f8fbba757fa6a05de5b5736186cab2f15fcccd747c,2024-25,2024-09-22T20:00:00+03:00,independent_poisson,2458,2458,2024-09-21T20:00:00+00:00,Adana Demirspor,Alanyaspor,115,257,1.912083151,1.303178678,0.516661010,0.222718899,0.260620092,0.034088467,0,2,A
52935908f4d490be1a31b54e9e05a2a76ec3005a18eb7da695b9dc5bbc83d82e,2024-25,2024-09-23T20:00:00+03:00,independent_poisson,2462,2462,2024-09-22T20:00:00+00:00,Goztepe,Kayserispor,184,256,1.634067867,1.139209396,0.488859826,0.245428421,0.265711753,0.045419255,3,0,H
74674999ca7abcc350b5fc117cad6664486af65f0144901f604157f8eaa3e12e,2024-25,2024-09-23T20:00:00+03:00,independent_poisson,2462,2462,2024-09-22T20:00:00+00:00,Gaziantep FK,Trabzonspor,176,256,1.388552985,1.542836666,0.343036206,0.245429010,0.411534783,0.053322886,0,0,D
de4f7ed90a454f7cc4040ddeefb8bff080ca1edb57c6d3bf53b709ef09cee0c8,2024-25,2024-09-27T20:00:00+03:00,independent_poisson,2464,2464,2024-09-23T20:00:00+00:00,Sivasspor,Istanbul Basaksehir,259,257,1.131735817,1.258401024,0.330946263,0.276597056,0.392456682,0.082097503,1,2,A
6578e141e6ac9cc2336d1cf398df201cf7d63459fc0027327671dc3e35936f49,2024-25,2024-09-28T16:00:00+03:00,independent_poisson,2465,2465,2024-09-27T20:00:00+00:00,Samsunspor,Goztepe,44,185,1.352997270,0.979953018,0.453465307,0.275094993,0.271439700,0.002124484,4,3,H
7630044dd5e7f8d965f9b4cafb8c8a4b25fb2bc71d08c01e39d0c7eb9745921f,2024-25,2024-09-28T19:00:00+03:00,independent_poisson,2465,2465,2024-09-27T20:00:00+00:00,Alanyaspor,Rizespor,258,190,1.986498626,1.116420960,0.575408645,0.215442323,0.209149032,0.089229285,1,0,H
b0a45f4536cbadde5905e690d772caf148c75d5ebaabf0c193bf81ffc253d50e,2024-25,2024-09-28T19:00:00+03:00,independent_poisson,2465,2465,2024-09-27T20:00:00+00:00,Galatasaray,Kasimpasa,258,259,2.624012168,0.935257506,0.734444461,0.154819758,0.110735781,0.011684697,3,3,D
85d5600fa4bc434ba67f90de054c26415d0e1a34830d3b36904e7c730e4ec985,2024-25,2024-09-29T16:00:00+03:00,independent_poisson,2468,2468,2024-09-28T19:00:00+00:00,Eyupspor,Gaziantep FK,6,177,1.746078968,0.846371824,0.587098636,0.233659819,0.179241545,0.023781855,3,2,H
dd6870daffa4f0adf27a647a49e7c44696fe1a904442ebf022824ba5a8ae2f97,2024-25,2024-09-29T16:00:00+03:00,independent_poisson,2468,2468,2024-09-28T19:00:00+00:00,Trabzonspor,Konyaspor,257,258,1.755735699,0.951570175,0.563032107,0.234343149,0.202624744,0.027246443,3,2,H
40fe4bf3e5a25b1c1ef219ae9a5a12a2b68b84b3544b5a509eb1daa5da3ee8aa,2024-25,2024-09-29T19:00:00+03:00,independent_poisson,2468,2468,2024-09-28T19:00:00+00:00,Antalyaspor,Fenerbahce,259,258,1.076991681,1.803270585,0.225263040,0.230948316,0.543788644,0.091245151,0,2,A
5b55b4b80af0e3a159611b50e3a0a0395a87678ee2ee619c76c57e155857af29,2024-25,2024-09-29T19:00:00+03:00,independent_poisson,2468,2468,2024-09-28T19:00:00+00:00,Bodrumspor,Adana Demirspor,6,116,1.094425917,1.553678449,0.267666621,0.253080556,0.479252823,0.024027682,3,1,H
31fde70f72989875540788445a7e0ffba0c9784cd56b29fe9acd96949c37318e,2024-25,2024-09-30T20:00:00+03:00,independent_poisson,2472,2472,2024-09-29T19:00:00+00:00,Kayserispor,Besiktas,257,257,1.124422359,1.839274284,0.231030855,0.228073627,0.540895518,0.053539110,0,3,A
c2ee12e99602bf38614e3b502132a05ac1aed21926357545a45fca5ec59ccbb8,2024-25,2024-10-04T20:00:00+03:00,independent_poisson,2473,2473,2024-09-30T20:00:00+00:00,Rizespor,Antalyaspor,191,260,1.460166851,1.229676203,0.424710989,0.256747077,0.318541934,0.088998307,2,1,H
3fd2753d4c9f914fe93e21eb9532eaf84906d168b14419da272c4af1947e9c91,2024-25,2024-10-05T13:30:00+03:00,independent_poisson,2474,2474,2024-10-04T20:00:00+00:00,Kasimpasa,Bodrumspor,260,7,1.723746230,1.238066028,0.487929529,0.237003705,0.275066766,0.051725093,0,0,D
7bec5bbadfdef4ce0ae74574fce7625915fef6a052b903b779e05a111132736d,2024-25,2024-10-05T16:00:00+03:00,independent_poisson,2474,2474,2024-10-04T20:00:00+00:00,Goztepe,Sivasspor,186,260,1.404985264,1.278233846,0.400014607,0.258508890,0.341476503,0.025807589,3,2,H
7c97431e5e56bcb8e2b90990e397e2956a3fa241650919857c24f093fea783da,2024-25,2024-10-05T19:00:00+03:00,independent_poisson,2475,2475,2024-10-05T13:30:00+00:00,Istanbul Basaksehir,Kayserispor,258,258,1.931401830,0.777621981,0.645780835,0.211082443,0.143136722,0.100029264,1,1,D
9e2a8c09c3a83cf18286c3c51eac3bcc212ea6d1ddc838995bed8c68c5b5fc21,2024-25,2024-10-05T19:00:00+03:00,independent_poisson,2475,2475,2024-10-05T13:30:00+00:00,Hatayspor,Trabzonspor,143,258,1.315816693,1.594951988,0.315682323,0.244582250,0.439735427,0.114238431,1,1,D
e004474b205b360d8cd9488fccbcd03c6de8cb34db41dccfbe59ccf63530bc42,2024-25,2024-10-06T13:30:00+03:00,independent_poisson,2478,2478,2024-10-05T19:00:00+00:00,Konyaspor,Eyupspor,259,7,1.108934612,1.388478693,0.300081519,0.266990712,0.432927769,0.070260022,2,1,H
30a9b5b6835d722bfac6cbd7bc4c4da05e19c0cff374ff22235d6267e8cc9f3d,2024-25,2024-10-06T16:00:00+03:00,independent_poisson,2478,2478,2024-10-05T19:00:00+00:00,Adana Demirspor,Samsunspor,117,45,1.668455095,1.039823928,0.520701459,0.243230575,0.236067965,0.020837809,1,3,A
908ff9a62b4c0e217dd67e591582757ffec6ec90adb9353ed2df0bb21225ef37,2024-25,2024-10-06T19:00:00+03:00,independent_poisson,2479,2479,2024-10-06T13:30:00+00:00,Gaziantep FK,Besiktas,178,258,1.281610171,1.625160835,0.302027484,0.243414624,0.454557892,0.113830249,1,1,D
b27d948c4f367c248122e2fb006ecfc0810c5c16f76a9d73885722cf73b7cde0,2024-25,2024-10-06T19:00:00+03:00,independent_poisson,2479,2479,2024-10-06T13:30:00+00:00,Galatasaray,Alanyaspor,259,259,2.275901532,0.933299984,0.676002497,0.184043300,0.139954203,0.091921046,1,0,H
4089784f8775c4eb473937a7bb8054e23a57edc3cf64628184ec51b222decce1,2024-25,2024-10-19T13:30:00+03:00,independent_poisson,2482,2482,2024-10-06T19:00:00+00:00,Kayserispor,Gaziantep FK,259,179,1.350850993,1.366740188,0.367748854,0.257200267,0.375050879,0.056271952,2,2,D
8a28b48a5320a4b0b2958d7e14bef638e427c4e18075b466027c92661cdb7e2a,2024-25,2024-10-19T16:00:00+03:00,independent_poisson,2482,2482,2024-10-06T19:00:00+00:00,Trabzonspor,Istanbul Basaksehir,259,259,1.465734829,1.169108160,0.439594022,0.258482182,0.301923796,0.105137498,1,0,H
5b8d88dcd6de33052023ce9a9a0110655fdb8ef2c80734626a8e62070cb5a7e7,2024-25,2024-10-19T19:00:00+03:00,independent_poisson,2483,2483,2024-10-19T13:30:00+00:00,Eyupspor,Goztepe,8,187,2.118748715,0.995038367,0.631363002,0.200703493,0.167933505,0.094141021,1,0,H
919753059cf922a564716d9b5a91c281f92d9e39be8fa85121d4b255bd761c76,2024-25,2024-10-19T19:00:00+03:00,independent_poisson,2483,2483,2024-10-19T13:30:00+00:00,Antalyaspor,Galatasaray,261,260,0.964327047,1.805377025,0.199024539,0.229562324,0.571413137,0.061473125,0,3,A
b843fbfcf83c6d884287818807360b63b87a96a264f42324faafe1cf7bb66a5e,2024-25,2024-10-20T13:30:00+03:00,independent_poisson,2486,2486,2024-10-19T19:00:00+00:00,Sivasspor,Hatayspor,261,144,1.580517356,1.103457337,0.483898733,0.250563016,0.265538250,0.027358498,3,2,H
41d07830e8996f99b96d434740ee4a8ad4a5f980f42051b66cc60a4ec32ec731,2024-25,2024-10-20T16:00:00+03:00,independent_poisson,2486,2486,2024-10-19T19:00:00+00:00,Besiktas,Konyaspor,259,260,1.865031910,0.889881224,0.603252568,0.221973111,0.174774321,0.110636637,2,0,H
0cc7de9a7afdc2f0ba298c32844c5e2e1d575b1a4c5a344ef4350d2641cc9f6f,2024-25,2024-10-20T19:00:00+03:00,independent_poisson,2487,2487,2024-10-20T13:30:00+00:00,Samsunspor,Fenerbahce,46,259,1.081880833,1.551848873,0.264790011,0.253477354,0.481732635,0.050603835,2,2,D
28e01048a07b55166b4956c72bef89f3348f7b837a0eee8391884472209553eb,2024-25,2024-10-20T19:00:00+03:00,independent_poisson,2487,2487,2024-10-20T13:30:00+00:00,Alanyaspor,Kasimpasa,260,261,1.957300483,1.332831634,0.520118555,0.219498998,0.260382447,0.064757768,1,2,A
4bdd7af60b8f6d421926506de3c5964d98f8c7ff429637a47aa959ca55a4432d,2024-25,2024-10-21T20:00:00+03:00,independent_poisson,2490,2490,2024-10-20T19:00:00+00:00,Bodrumspor,Rizespor,8,192,1.401677904,0.967363676,0.469783055,0.270513624,0.259703321,0.090516570,0,1,A
75ffb34bbc4e79bd191e34b8c17dcec59c70f32aadedda8d68a8cbadfd4f1810,2024-25,2024-10-25T20:00:00+03:00,independent_poisson,2491,2491,2024-10-21T20:00:00+00:00,Adana Demirspor,Sivasspor,118,262,1.781536080,1.217164167,0.506226886,0.232762227,0.261010887,0.007234786,2,4,A
0c7be22ef40904a50e40234e3880aaf243cf6ec057dd988b334c5e57724df5bb,2024-25,2024-10-26T13:30:00+03:00,independent_poisson,2492,2492,2024-10-25T20:00:00+00:00,Hatayspor,Kayserispor,145,260,1.683227634,1.098260975,0.510394763,0.241609853,0.247995384,0.068033121,0,1,A
69815a2e7fa742f64bc23107a3856a9c679b58943d3e39faef108b9e7c570d76,2024-25,2024-10-26T16:00:00+03:00,independent_poisson,2492,2492,2024-10-25T20:00:00+00:00,Kasimpasa,Samsunspor,262,47,1.528953028,1.257792078,0.436007993,0.250856384,0.313135623,0.009825401,1,4,A
e9e780fc064598c534c38abc16b726602c0e97bcb742add0fa5d6bb6ea2bc099,2024-25,2024-10-26T19:00:00+03:00,independent_poisson,2493,2493,2024-10-26T13:30:00+00:00,Goztepe,Trabzonspor,188,260,1.302076415,1.660028785,0.300968812,0.240522537,0.458508651,0.072766691,2,1,H
f954b4ae09c8c46160b1443df57ee1d6c74a0cd38fbbc0a32f01d043f30dba63,2024-25,2024-10-27T13:30:00+03:00,independent_poisson,2495,2495,2024-10-26T19:00:00+00:00,Gaziantep FK,Konyaspor,180,261,1.385154789,1.078640138,0.438987152,0.268440366,0.292572483,0.040663776,3,1,H
ddcaadb460995a7b11da981e66aebbeff7f2777eba61f96fb6734da05c57f2a6,2024-25,2024-10-27T16:00:00+03:00,independent_poisson,2495,2495,2024-10-26T19:00:00+00:00,Alanyaspor,Antalyaspor,261,262,1.741998909,1.060012329,0.533507698,0.236416698,0.230075604,0.059393880,1,2,A
11a87053b5b4edf1837cf9919817b002f8e403345c94e79f97b41b0f1a8af2c6,2024-25,2024-10-27T19:00:00+03:00,independent_poisson,2496,2496,2024-10-27T13:30:00+00:00,Fenerbahce,Bodrumspor,260,9,1.986804008,0.637978870,0.692710276,0.197838914,0.109450810,0.143005038,2,0,H
6b9fb466e5ea8fdf6a675476b21db5900d59d4a71ae0ecfe5c5cf3ad843f3cd2,2024-25,2024-10-28T17:00:00+03:00,independent_poisson,2498,2498,2024-10-27T19:00:00+00:00,Istanbul Basaksehir,Eyupspor,260,9,1.361669838,1.040512907,0.441498714,0.272022499,0.286478788,0.128252128,1,1,D
6c3634a1593efabaf10bacd2ef45ffb2e065af0e1541c130ff43b8ec68bb9216,2024-25,2024-10-28T20:00:00+03:00,independent_poisson,2498,2498,2024-10-27T19:00:00+00:00,Galatasaray,Besiktas,261,260,1.840597448,1.153379247,0.534465255,0.228089632,0.237445113,0.097857071,2,1,H
6890bc697499bfbeff698456a5f4cdda990bcb795b3aa91a3fdd11d9755afd49,2024-25,2024-11-01T20:00:00+03:00,independent_poisson,2500,2500,2024-10-28T20:00:00+00:00,Gaziantep FK,Goztepe,181,189,1.689558862,1.146117130,0.500747534,0.240699570,0.258552896,0.095990273,2,1,H
29678ffee320cc4a96e48ab5a93a96e6f5556e5c59ca552292eb72cef44037e5,2024-25,2024-11-02T13:30:00+03:00,independent_poisson,2501,2501,2024-11-01T20:00:00+00:00,Sivasspor,Rizespor,263,193,1.796136404,1.059300619,0.546342617,0.231478695,0.222178688,0.098303124,2,1,H
dd763da0c4957bb8ea94863691660a40a1b1ab38391931817cfcbb924555ae80,2024-25,2024-11-02T16:00:00+03:00,independent_poisson,2501,2501,2024-11-01T20:00:00+00:00,Kayserispor,Adana Demirspor,261,119,1.407452501,1.624021071,0.332658881,0.240045677,0.427295442,0.048244494,0,0,D
4722e840f1724a43ec210c93f921f6abaa40dc06a29d4f3f5af610091b60fbb8,2024-25,2024-11-02T19:00:00+03:00,independent_poisson,2502,2502,2024-11-02T13:30:00+00:00,Besiktas,Kasimpasa,261,263,2.446612127,1.085623433,0.672495687,0.176507939,0.150996373,0.015255312,1,3,A
efe22c854d1a9f3cb9ea0cf123d3654e685f4b5d64dcb2d56a7154dcb1f3907b,2024-25,2024-11-03T13:30:00+03:00,independent_poisson,2504,2504,2024-11-02T19:00:00+00:00,Konyaspor,Istanbul Basaksehir,262,261,1.025108492,1.174452111,0.317306792,0.290278096,0.392415112,0.013725932,3,2,H
88abfeea0f8c807ac6897f18f35a2d8e9cfab26da2643a88f9f23695e04957d2,2024-25,2024-11-03T16:00:00+03:00,independent_poisson,2504,2504,2024-11-02T19:00:00+00:00,Bodrumspor,Alanyaspor,10,262,0.986211818,1.153214016,0.310102586,0.294846206,0.395051207,0.117722416,0,0,D
9963b6e3efbaa46b455cd68864f315af22433e75a2accbe2793c5b8bafa404ca,2024-25,2024-11-03T16:00:00+03:00,independent_poisson,2504,2504,2024-11-02T19:00:00+00:00,Eyupspor,Hatayspor,10,146,1.877312022,0.895700073,0.604528036,0.220862819,0.174609145,0.110087770,2,0,H
2c1a457a94cfc5032e29ed7c9af8186b9c115abea54f9097458567f526e8e917,2024-25,2024-11-03T19:00:00+03:00,independent_poisson,2505,2505,2024-11-03T13:30:00+00:00,Trabzonspor,Fenerbahce,261,261,1.554424248,1.547931014,0.382202304,0.238408625,0.379389071,0.033564247,2,3,A
f550bb7782a7199bc0e90340249c52719fe8e76e5528a7a04387111439ec2e95,2024-25,2024-11-04T20:00:00+03:00,independent_poisson,2508,2508,2024-11-03T19:00:00+00:00,Samsunspor,Antalyaspor,48,263,1.510403475,0.936581242,0.506168886,0.259740085,0.234091029,0.098728831,2,0,H
4be556f1c396c1519b1bb60a291b06d2f2d7b89016d4ca875100a246dea4a15e,2024-25,2024-11-08T20:00:00+03:00,independent_poisson,2509,2509,2024-11-04T20:00:00+00:00,Kasimpasa,Kayserispor,264,262,1.925772535,1.223654782,0.537517624,0.221550028,0.240932349,0.061817852,1,2,A
2be3af5f2cab1a7b9d1f5d72a213754c4d6e157528c0d431a2be9f4a6d9f2aa5,2024-25,2024-11-09T13:30:00+03:00,independent_poisson,2510,2510,2024-11-08T20:00:00+00:00,Antalyaspor,Bodrumspor,264,11,1.103730779,0.714949905,0.446074478,0.317848746,0.236076776,0.009292155,3,2,H
90642659963cb33324223146c04d0d576e9348a2559f83ef5e51d9c851b8f749,2024-25,2024-11-09T16:00:00+03:00,independent_poisson,2510,2510,2024-11-08T20:00:00+00:00,Hatayspor,Gaziantep FK,147,182,1.462168914,1.269938458,0.416473820,0.255053024,0.328473156,0.043061079,3,1,H
1989e17d6682f26b718572c89330b2f7e5f5977c52b39aeaf36857ef9077cd0f,2024-25,2024-11-09T19:00:00+03:00,independent_poisson,2511,2511,2024-11-09T13:30:00+00:00,Rizespor,Trabzonspor,194,262,1.255687595,1.786521414,0.269186213,0.232116850,0.498696937,0.028137610,3,1,H
a012e4574509f0e9e5b17adedf1f0e602b0adf9ade61b0b772a0aadbb1f9ca57,2024-25,2024-11-09T19:00:00+03:00,independent_poisson,2511,2511,2024-11-09T13:30:00+00:00,Adana Demirspor,Eyupspor,120,11,1.335381323,1.449422184,0.347524503,0.253131421,0.399344076,0.089489093,0,1,A
eaf3462862a8cb496d5ce020c50cecb95174e1c0b5ba6eacdd8ccf0541585d44,2024-25,2024-11-10T13:30:00+03:00,independent_poisson,2514,2514,2024-11-09T19:00:00+00:00,Goztepe,Konyaspor,190,263,1.321534674,1.171429562,0.401000442,0.269560940,0.329438618,0.072184926,2,0,H
cf4e212f1b52bb57a8c7d02ae5f89311ca00058dac30519a4086b88272682ba0,2024-25,2024-11-10T16:00:00+03:00,independent_poisson,2514,2514,2024-11-09T19:00:00+00:00,Galatasaray,Samsunspor,262,49,1.968806556,0.807059899,0.646230726,0.208276757,0.145492517,0.025804530,3,2,H
417c732d3f2264300bb868b1dd72a08a5381ef05aa0d02dcff3f49a332fef36a,2024-25,2024-11-10T19:00:00+03:00,independent_poisson,2515,2515,2024-11-10T13:30:00+00:00,Fenerbahce,Sivasspor,262,264,2.173310057,0.948319949,0.653113072,0.193982041,0.152904888,0.040979705,4,0,H
fe5a1e069a47f368121e8085e22b34ab877ba574aed25d1d72080f8c7743bfe0,2024-25,2024-11-10T19:00:00+03:00,independent_poisson,2515,2515,2024-11-10T13:30:00+00:00,Istanbul Basaksehir,Besiktas,262,262,1.396723682,1.206713295,0.413275027,0.262294534,0.324430439,0.074018740,0,0,D
aa2a620fe5c951cabfec0496c90ea98a635b02bd9be9bead8c9511abd4c11197,2024-25,2024-11-23T13:30:00+03:00,independent_poisson,2518,2518,2024-11-10T19:00:00+00:00,Eyupspor,Rizespor,12,195,2.054029013,0.726573338,0.683523351,0.195347044,0.121129605,0.033615164,1,2,A
29af19f6312c661b622471cd8e1ee602f268bdeb90ad4f9fe82eece7bdcfceab,2024-25,2024-11-23T16:00:00+03:00,independent_poisson,2518,2518,2024-11-10T19:00:00+00:00,Kayserispor,Fenerbahce,263,263,1.066019033,1.970302645,0.200367048,0.215928740,0.583704212,0.002216702,2,6,A
a3dd58ca48ff25c14e5e69ec0f5966f0a9e1aa87e8824e7250e5eae6e72e7c63,2024-25,2024-11-23T16:00:00+03:00,independent_poisson,2518,2518,2024-11-10T19:00:00+00:00,Gaziantep FK,Istanbul Basaksehir,183,263,1.161562102,1.314965120,0.328046882,0.270565910,0.401387209,0.021949971,3,0,H
3b9003381a7220dcfa6777c923371d8e1423b2bc677f87026580594fc2c47df2,2024-25,2024-11-23T19:00:00+03:00,independent_poisson,2519,2519,2024-11-23T13:30:00+00:00,Bodrumspor,Galatasaray,12,263,0.710770531,1.620123256,0.161926568,0.245807924,0.592265508,0.157490277,0,1,A
3bcd45253858609b9e2176b7bbd068167f9878f1c68bfab78ff49f9645d240a0,2024-25,2024-11-24T13:30:00+03:00,independent_poisson,2522,2522,2024-11-23T19:00:00+00:00,Sivasspor,Kasimpasa,265,265,1.798965627,1.285067378,0.495021932,0.230957165,0.274020903,0.045774276,0,0,D
38636e65278f684c0fedb2d7869990644fe2ede983dcc4e477a11a7dcd49eaac,2024-25,2024-11-24T16:00:00+03:00,independent_poisson,2522,2522,2024-11-23T19:00:00+00:00,Konyaspor,Hatayspor,264,148,1.445641411,1.028497074,0.466860565,0.264484750,0.268654685,0.125244582,1,1,D
a0c59379fcc09bfa29ea9812764919592ca1000b41bb8d6985e29a99c061903f,2024-25,2024-11-24T16:00:00+03:00,independent_poisson,2522,2522,2024-11-23T19:00:00+00:00,Samsunspor,Alanyaspor,50,263,1.507222731,1.153008474,0.453904002,0.255646662,0.290449336,0.121530757,1,1,D
699c89b302f585f877b125a8aed3081f8ec538b845f272500f918a8c025b4c7d,2024-25,2024-11-24T19:00:00+03:00,independent_poisson,2523,2523,2024-11-24T13:30:00+00:00,Besiktas,Goztepe,263,191,2.238547071,0.942604717,0.666901804,0.187818244,0.145279953,0.003423363,2,4,A
f45d4cf417fd80156f0b9fa5462f009d5de956e3cd6e435c01e1b8000b75f0af,2024-25,2024-11-25T20:00:00+03:00,independent_poisson,2526,2526,2024-11-24T19:00:00+00:00,Trabzonspor,Adana Demirspor,263,121,2.023007129,1.265249770,0.549353573,0.214435985,0.236210442,0.010537413,5,0,H
791301f3061039057188d481402668683d97c8323bce3d22106c523846a37513,2024-25,2024-11-29T20:00:00+03:00,independent_poisson,2527,2527,2024-11-25T20:00:00+00:00,Antalyaspor,Sivasspor,265,266,1.311021795,1.241612835,0.383102614,0.266572420,0.350324965,0.083096147,2,1,H
2f435e7455aae0cd86a68142651671d6ba7ebacb08e05bd1549878309a775b8e,2024-25,2024-11-30T13:30:00+03:00,independent_poisson,2528,2528,2024-11-29T20:00:00+00:00,Samsunspor,Bodrumspor,51,13,1.326174007,0.648644285,0.531154139,0.286437817,0.182408044,0.017887025,4,0,H
cab8be4736f78560080062e034c3f8c46a7c6632cc96e7bdcb209228b61a5941,2024-25,2024-11-30T16:00:00+03:00,independent_poisson,2528,2528,2024-11-29T20:00:00+00:00,Adana Demirspor,Konyaspor,122,265,1.622758939,1.125724743,0.489206696,0.246573922,0.264219382,0.072074380,0,1,A
08d090521d451276dc7cb85a69826113c3668bbf6ce9a8c0dee6d1f5f30f065f,2024-25,2024-11-30T19:00:00+03:00,independent_poisson,2529,2529,2024-11-30T13:30:00+00:00,Alanyaspor,Trabzonspor,264,264,1.486231127,1.551971020,0.365068887,0.241116268,0.393814845,0.082139469,2,1,H
0bb11ac7087204ab4a83574d0061ff95de817df8495b4082b0b82c347f5d2736,2024-25,2024-11-30T19:00:00+03:00,independent_poisson,2529,2529,2024-11-30T13:30:00+00:00,Istanbul Basaksehir,Goztepe,264,192,1.805630376,0.864618461,0.596217257,0.227588232,0.176194510,0.026512723,4,1,H
82965a6b6210a5f19f4e000676d4247c648339b8244caa59e82408d8f84b1779,2024-25,2024-12-01T16:00:00+03:00,independent_poisson,2532,2532,2024-11-30T19:00:00+00:00,Rizespor,Kayserispor,196,264,1.618484678,1.219226539,0.466783162,0.245290570,0.287926268,0.041378258,3,0,H
f1ef3fe46df095dbf83efeffc4fb199b6029d635c63bbb5f82a45d413ad85eb7,2024-25,2024-12-01T19:00:00+03:00,independent_poisson,2532,2532,2024-11-30T19:00:00+00:00,Galatasaray,Eyupspor,264,13,1.632917936,0.915761757,0.542387668,0.246790231,0.210822100,0.043707524,2,2,D
94d355b71392e7fbcd759fda05fcd381640b6aff4b61adae0788d38069b107a5,2024-25,2024-12-02T20:00:00+03:00,independent_poisson,2534,2534,2024-12-01T19:00:00+00:00,Hatayspor,Besiktas,149,264,1.221351117,1.674089143,0.279165422,0.241009317,0.479825261,0.113017419,1,1,D
a80b6b444fb77c93c81d7d7b90ae1582350f18df78b8af996f9f64e33cabec16,2024-25,2024-12-02T20:00:00+03:00,independent_poisson,2534,2534,2024-12-01T19:00:00+00:00,Fenerbahce,Gaziantep FK,264,184,2.274452721,0.966393729,0.668107916,0.185680476,0.146211608,0.074156951,3,1,H
1f94edcd8a8c00b838b71464b2c77f7011f78f566d55f335c23d2b9841748530,2024-25,2024-12-06T20:00:00+03:00,independent_poisson,2536,2536,2024-12-02T20:00:00+00:00,Trabzonspor,Kasimpasa,265,266,2.304001876,1.177009775,0.626093072,0.191095965,0.182810963,0.056582438,2,2,D
a3c1008c9559117921fc4b50630a0609421730043a4327466545eeda4c0946ae,2024-25,2024-12-07T13:30:00+03:00,independent_poisson,2537,2537,2024-12-06T20:00:00+00:00,Konyaspor,Antalyaspor,266,266,1.446024842,0.942410563,0.487790145,0.266476697,0.245733158,0.125063789,1,1,D
58f64b76c868be6aa4c061eae3d5b573951f9aa1cbe60d0f90e7de3c0e24fc51,2024-25,2024-12-07T16:00:00+03:00,independent_poisson,2537,2537,2024-12-06T20:00:00+00:00,Goztepe,Adana Demirspor,193,123,1.558784314,1.503771470,0.391951987,0.240066597,0.367981416,0.044395361,3,1,H
725021c24231af418269a9844f8af034540db345bb12853540cc7ce6bd1176ed,2024-25,2024-12-07T19:00:00+03:00,independent_poisson,2538,2538,2024-12-07T13:30:00+00:00,Besiktas,Fenerbahce,265,265,1.642369133,1.463386842,0.420076809,0.237258896,0.342664295,0.073562773,1,0,H
75d35e118eba87d743bb04b6ee46e3d55996dc03baea6d3ab90249edd7c6eb62,2024-25,2024-12-08T13:30:00+03:00,independent_poisson,2540,2540,2024-12-07T19:00:00+00:00,Eyupspor,Samsunspor,14,52,1.545180491,0.885201816,0.528005058,0.256354847,0.215640094,0.054110902,3,0,H
2ae04254cb7f16442a972e674a46106911621a9d77dc22abbe1b283f4adfca34,2024-25,2024-12-08T16:00:00+03:00,independent_poisson,2540,2540,2024-12-07T19:00:00+00:00,Sivasspor,Galatasaray,267,265,1.092829118,1.687786235,0.245985931,0.241239028,0.512775041,0.029666731,2,3,A
ebc884d254ec279a68a9703b2d6cb12146910362b417b9bf7a8a1d48f43600b6,2024-25,2024-12-08T16:00:00+03:00,independent_poisson,2540,2540,2024-12-07T19:00:00+00:00,Kayserispor,Alanyaspor,265,265,1.362387143,1.471223094,0.350133146,0.250655685,0.399211169,0.054569476,2,0,H
22e5cc41a9ca06474112ce1d08612aefb81fa4b773242917d44425decce401d4,2024-25,2024-12-08T19:00:00+03:00,independent_poisson,2541,2541,2024-12-08T13:30:00+00:00,Istanbul Basaksehir,Hatayspor,265,150,1.747701527,0.849955845,0.586567277,0.233554039,0.179878684,0.066237249,3,0,H
f9184ffa45dfca5cd6a7326cf6ba299a735d4a2cdc2442a3c0a600c5c693c3fe,2024-25,2024-12-09T20:00:00+03:00,independent_poisson,2544,2544,2024-12-08T19:00:00+00:00,Gaziantep FK,Rizespor,185,197,1.820488232,1.113413111,0.539171398,0.229630373,0.231198229,0.096830174,1,0,H
0f825a631790bdca9fa05e9f1eff62216b11def99529c430cd03426e472bea82,2024-25,2024-12-13T20:00:00+03:00,independent_poisson,2545,2545,2024-12-09T20:00:00+00:00,Bodrumspor,Sivasspor,14,268,0.865906411,1.202240959,0.265346349,0.296508542,0.438145110,0.047394388,2,0,H
97fdf528d3de7c334fb92a0ab880188d52dcc989383614f66d787a14b9f4453b,2024-25,2024-12-13T20:00:00+03:00,independent_poisson,2545,2545,2024-12-09T20:00:00+00:00,Kasimpasa,Eyupspor,267,15,1.203142955,1.672796411,0.274985470,0.241382677,0.483631852,0.040794336,2,0,H
559616cf98fd9be0d81d9416f91190f10337ca5e0e15a38b645c57cffb6453d7,2024-25,2024-12-14T16:00:00+03:00,independent_poisson,2547,2547,2024-12-13T20:00:00+00:00,Rizespor,Konyaspor,198,267,1.278829648,1.233648739,0.376156059,0.269174158,0.354669783,0.127893572,1,1,D
e9037d4de6728d065b84280ab96d571b923a177f79073f1415825d3343e7d814,2024-25,2024-12-14T19:00:00+03:00,independent_poisson,2547,2547,2024-12-13T20:00:00+00:00,Alanyaspor,Gaziantep FK,266,186,1.662522963,1.226530946,0.475866748,0.241806715,0.282326538,0.042604114,3,0,H
44128532888ba1f9a297377d8d3a729db1c2c82cd6f949426c1fadcfc7f7d0e4,2024-25,2024-12-15T13:30:00+03:00,independent_poisson,2549,2549,2024-12-14T19:00:00+00:00,Hatayspor,Goztepe,151,194,1.586714096,1.210857643,0.460828851,0.247897323,0.291273825,0.117117501,1,1,D
7b4e27c0d5763588a92e5831336b82e10258ae5fc32184b2fbf2ea9bd232597f,2024-25,2024-12-15T16:00:00+03:00,independent_poisson,2549,2549,2024-12-14T19:00:00+00:00,Antalyaspor,Kayserispor,267,266,1.545885008,1.091133610,0.478048395,0.253832757,0.268118848,0.085522766,2,0,H
0c375159720bc66f6f91380477758f0741f4af180559220424b154dfc8001fb2,2024-25,2024-12-15T19:00:00+03:00,independent_poisson,2550,2550,2024-12-15T13:30:00+00:00,Fenerbahce,Istanbul Basaksehir,266,266,1.693337971,1.033291264,0.528294379,0.240905699,0.230799922,0.054719537,3,1,H
c98ff3bd0f9ba0ad24a0ca2734daf6a69609165cea4152369c9ce9769b4d91a1,2024-25,2024-12-16T19:00:00+03:00,independent_poisson,2552,2552,2024-12-15T19:00:00+00:00,Adana Demirspor,Besiktas,124,266,1.477389833,1.685272837,0.338175243,0.234505526,0.427319232,0.077822198,2,1,H
ee1867e90a9e9881a0b6744c8b04f2897d8d8614af5e28c942e1ab0af9a2e6cd,2024-25,2024-12-16T21:00:00+03:00,independent_poisson,2552,2552,2024-12-15T19:00:00+00:00,Galatasaray,Trabzonspor,266,266,2.024683847,1.095231157,0.588493716,0.211780473,0.199725811,0.006770518,4,3,H
cc4f06d953edd3cd788a08bd5dd7351e3ae408e5a0b9220184ac672c812dd6f3,2024-25,2024-12-20T20:00:00+03:00,independent_poisson,2554,2554,2024-12-16T21:00:00+00:00,Eyupspor,Fenerbahce,16,267,1.380299797,1.294863101,0.390115992,0.259292171,0.350591836,0.123137064,1,1,D
81235c0e91f1f30204d476a4be8b084b96d933dc50b4035e29d8815d8eddb53e,2024-25,2024-12-21T16:00:00+03:00,independent_poisson,2555,2555,2024-12-20T20:00:00+00:00,Sivasspor,Samsunspor,269,53,1.383084512,1.144083738,0.423542979,0.266016389,0.310440632,0.079884914,0,0,D
43fd808437702b480b664c2466d6f440479f33aead66936535a88764dec9b94c,2024-25,2024-12-21T19:00:00+03:00,independent_poisson,2555,2555,2024-12-20T20:00:00+00:00,Besiktas,Alanyaspor,267,267,2.086994743,1.064371470,0.608685972,0.205651574,0.185662454,0.095059084,1,1,D
9084ad4efe3b0ddf7c38a7afe7abac2252d8c5eb4edc552a74bac9ba1737d09b,2024-25,2024-12-22T13:30:00+03:00,independent_poisson,2557,2557,2024-12-21T19:00:00+00:00,Gaziantep FK,Antalyaspor,187,268,1.629077485,1.056651037,0.507028268,0.246792425,0.246179308,0.090459964,2,0,H
55bca32bbcd2ee77273aa12753c2e6c0f6abb23343c94b35d5abf4759e3514db,2024-25,2024-12-22T16:00:00+03:00,independent_poisson,2557,2557,2024-12-21T19:00:00+00:00,Kayserispor,Galatasaray,267,267,0.975636521,1.987088998,0.178950982,0.212252799,0.608796220,0.013016615,1,5,A
d1b1d918ff22fe1a805616188ec2e3bde95b7aab953f4daa812c38bdece2cc8b,2024-25,2024-12-22T16:00:00+03:00,independent_poisson,2557,2557,2024-12-21T19:00:00+00:00,Goztepe,Rizespor,195,199,1.732238324,1.189878090,0.500867463,0.236835985,0.262296551,0.046624334,3,0,H
51092dcee3a72b287279fafa6f56ea2433d845309f411a3367e409dc6f0af271,2024-25,2024-12-22T19:00:00+03:00,independent_poisson,2558,2558,2024-12-22T13:30:00+00:00,Trabzonspor,Bodrumspor,267,15,1.923182888,0.677546866,0.669628817,0.207388490,0.122982693,0.142737473,1,0,H
41d695d4d07debf36c41ec101b1112b971c7574d6c7673db722186ac01df18dd,2024-25,2024-12-23T20:00:00+03:00,independent_poisson,2561,2561,2024-12-22T19:00:00+00:00,Hatayspor,Adana Demirspor,152,125,1.533095390,1.439771077,0.398612719,0.243974166,0.357413115,0.039012049,1,3,A
b0cdb30358df9d4d414cb6708b1f12406f33a2a6398c3d3eb47ce25d26f13434,2024-25,2024-12-23T20:00:00+03:00,independent_poisson,2561,2561,2024-12-22T19:00:00+00:00,Istanbul Basaksehir,Kasimpasa,267,268,1.966454099,0.985580977,0.602005551,0.214463599,0.183530850,0.049050080,2,2,D
3f8b607eb7eca1e08dcb86cda4685fe996024f1c56307fe37dfd33c49fec0d1d,2024-25,2025-01-03T20:00:00+03:00,independent_poisson,2563,2563,2024-12-23T20:00:00+00:00,Alanyaspor,Konyaspor,268,268,1.491626283,1.073392384,0.468293706,0.259071803,0.272634491,0.091849144,2,1,H
769f97587158a35512867eff6ed24843354f32d3a96951fc7683c93a8d61f52a,2024-25,2025-01-03T20:00:00+03:00,independent_poisson,2563,2563,2024-12-23T20:00:00+00:00,Rizespor,Besiktas,200,268,1.174317292,1.844389408,0.241665485,0.227836836,0.530497680,0.105835268,1,1,D
481bab5d92535d5722d92070544a4662a3d2cc7acccd0e08607b717f9ea981f2,2024-25,2025-01-04T13:30:00+03:00,independent_poisson,2565,2565,2025-01-03T20:00:00+00:00,Adana Demirspor,Istanbul Basaksehir,126,268,1.357283391,1.368398849,0.369068025,0.256762396,0.374169579,0.089632177,0,1,A
718300688d736b37c238672f3de2a2c1902a32a688b985c12c704b8dca73830e,2024-25,2025-01-04T16:00:00+03:00,independent_poisson,2565,2565,2025-01-03T20:00:00+00:00,Antalyaspor,Eyupspor,269,17,0.987019697,1.387271525,0.267466374,0.271399018,0.461134607,0.014178128,1,4,A
ec6e7c4397d3d077b78f6105e35b14c1f5711d5d4f03d34c3b126c253a0278b9,2024-25,2025-01-04T19:00:00+03:00,independent_poisson,2566,2566,2025-01-04T13:30:00+00:00,Galatasaray,Goztepe,268,196,2.451772022,0.842291756,0.727289131,0.163632583,0.109078286,0.093928849,2,1,H
3f125fea9933145de4645095b8fef2d617b1e25f881364c9e2f88746ac73f48b,2024-25,2025-01-04T20:00:00+03:00,independent_poisson,2567,2567,2025-01-04T16:00:00+00:00,Samsunspor,Trabzonspor,54,268,1.347420302,1.354017068,0.369430812,0.258098781,0.372470407,0.082486139,2,1,H
7cde52d2b61919fa4f42b357e1d160d960f1463732465928a28fb9f9772bcee8,2024-25,2025-01-05T13:30:00+03:00,independent_poisson,2569,2569,2025-01-04T20:00:00+00:00,Kasimpasa,Gaziantep FK,269,188,1.711769081,1.404061206,0.448848593,0.234881564,0.316269843,0.064034577,2,2,D
c21c9816ad145c7edc5fcad8a1c1281dd4e1995c46bdf3263b5aa90e7bf15270,2024-25,2025-01-05T16:00:00+03:00,independent_poisson,2569,2569,2025-01-04T20:00:00+00:00,Bodrumspor,Kayserispor,16,268,1.060230009,0.961814772,0.372667014,0.305957346,0.321375640,0.134998407,1,1,D
e9fc55b4403dc2ce7514f4e0223cbd450cc300ef0abbd99410efee6c470efa0d,2024-25,2025-01-05T19:00:00+03:00,independent_poisson,2570,2570,2025-01-05T13:30:00+00:00,Fenerbahce,Hatayspor,268,153,2.382574708,0.887394258,0.705515121,0.172257019,0.122227860,0.095730471,2,1,H
0038afba08c82ec86406e8652b2d82359025e58a8520a299e8120bb24100a2ad,2024-25,2025-01-11T13:30:00+03:00,independent_poisson,2572,2572,2025-01-05T19:00:00+00:00,Kayserispor,Samsunspor,269,55,1.187248131,1.334421039,0.331191689,0.267797123,0.401011188,0.107187928,0,1,A
682cb84269812218f6f0a34fb6533d3690ea78b03a39a9da102f8d870f40bec9,2024-25,2025-01-11T16:00:00+03:00,independent_poisson,2572,2572,2025-01-05T19:00:00+00:00,Hatayspor,Rizespor,154,201,1.679282193,1.145531104,0.498405227,0.241564122,0.260030650,0.065359185,1,2,A
df767bd2c01a884db8fb03bea89883ee43a11cff47a9972b85f2920afdc5cf02,2024-25,2025-01-11T19:00:00+03:00,independent_poisson,2573,2573,2025-01-11T13:30:00+00:00,Besiktas,Bodrumspor,269,17,1.905274071,0.589195938,0.688995519,0.204683725,0.106320756,0.088269385,2,1,H
65d9e2b72f3c5196451b05c226c47f901188716a1ded507535535981abd34983,2024-25,2025-01-12T13:30:00+03:00,independent_poisson,2575,2575,2025-01-11T19:00:00+00:00,Sivasspor,Alanyaspor,270,269,1.531341945,1.254687856,0.437287483,0.250785319,0.311927198,0.118481489,1,1,D
f1f64dff50e29994990ac00ba29ff1fa99d1902892ef01e4ac894281401f7371,2024-25,2025-01-12T16:00:00+03:00,independent_poisson,2575,2575,2025-01-11T19:00:00+00:00,Trabzonspor,Antalyaspor,269,270,2.076512451,0.946827460,0.634259806,0.202905011,0.162835183,0.015648460,5,0,H
b1159f77638ef1a3a729debbac0047e7086eae3582bb99e49a1cb388353b261b,2024-25,2025-01-12T19:00:00+03:00,independent_poisson,2576,2576,2025-01-12T13:30:00+00:00,Gaziantep FK,Adana Demirspor,189,127,1.638639267,1.389603491,0.434554751,0.239702816,0.325742433,0.079311148,1,0,H
ef738bf51d0c34a55d4a16ededa2edfe3f9e5349d950d01ec0d0438f0a50147d,2024-25,2025-01-12T19:00:00+03:00,independent_poisson,2576,2576,2025-01-12T13:30:00+00:00,Istanbul Basaksehir,Galatasaray,269,269,1.222338688,1.314068200,0.344572274,0.267423611,0.388004116,0.083531419,1,2,A
67cac8681b38e0e6e9e5ba4b6196023bc3f16df8a638a6aee38b7cb6c4285fe1,2024-25,2025-01-13T20:00:00+03:00,independent_poisson,2579,2579,2025-01-12T19:00:00+00:00,Goztepe,Kasimpasa,197,270,1.755291340,1.420448475,0.455535046,0.231880053,0.312584901,0.005799072,5,0,H
b3e248f855c705a84bf0c057fffe7ffee32232e4a0d77dc7e640f3dbef17fb8e,2024-25,2025-01-13T20:00:00+03:00,independent_poisson,2579,2579,2025-01-12T19:00:00+00:00,Konyaspor,Fenerbahce,269,269,1.092505678,1.573791386,0.263886464,0.251338039,0.484775497,0.026949428,2,3,A
5aa8984e8bc07a1156cfce19e7058f27327cd17ebb710b643159b0c35841af67,2024-25,2025-01-17T20:00:00+03:00,independent_poisson,2581,2581,2025-01-13T20:00:00+00:00,Hatayspor,Galatasaray,155,270,1.049029248,1.843437342,0.213290582,0.227072770,0.559636648,0.107209606,1,1,D
56ec3521bfeb4f28a53ecc2ebeb2f6eaa361c5ab5337fc46c38dbb40ea6fd6f4,2024-25,2025-01-18T13:30:00+03:00,independent_poisson,2582,2582,2025-01-17T20:00:00+00:00,Istanbul Basaksehir,Rizespor,270,202,1.945563476,0.822922441,0.637393534,0.211369156,0.151237309,0.118774348,2,0,H
b039c56973a14a1afdd27f45b265780b94fa2e82b47f26347dd3bb19062f00ef,2024-25,2025-01-18T16:00:00+03:00,independent_poisson,2582,2582,2025-01-17T20:00:00+00:00,Gaziantep FK,Bodrumspor,190,18,1.452261704,0.729611862,0.544100044,0.268038553,0.187861403,0.112829938,0,0,D
4a93ac4b26f3565ba263fa07b314bd47bb904db4cc3c49062c7d71fdd4a34117,2024-25,2025-01-18T19:00:00+03:00,independent_poisson,2583,2583,2025-01-18T13:30:00+00:00,Besiktas,Samsunspor,270,56,1.785598807,0.959029080,0.568152788,0.231447303,0.200399909,0.064272213,0,0,D
89c141ce22bb4dece78d52793e5a96737faf2d89675b9ebd72555442e1952a23,2024-25,2025-01-19T13:30:00+03:00,independent_poisson,2585,2585,2025-01-18T19:00:00+00:00,Goztepe,Antalyaspor,198,271,1.614328275,1.118951946,0.488700760,0.247392024,0.263907215,0.104940550,1,0,H
196d322cde710dc9c153c6b1d94506797561b5afa389e63920df3239600a1ea2,2024-25,2025-01-19T16:00:00+03:00,independent_poisson,2585,2585,2025-01-18T19:00:00+00:00,Konyaspor,Kasimpasa,270,271,1.626153970,1.185346064,0.476325720,0.245345004,0.278329276,0.011959115,3,3,D
99725747f95812ebf6599cde944da026f41aa1327816f082bba245c089e6dd48,2024-25,2025-01-19T19:00:00+03:00,independent_poisson,2586,2586,2025-01-19T13:30:00+00:00,Adana Demirspor,Fenerbahce,128,270,1.411900457,1.831037866,0.297900560,0.227352866,0.474746574,0.018288911,0,4,A
eb36793f4fbf710f31985799d71dc777945aa85cedecb247a08f61372a074b34,2024-25,2025-01-19T19:00:00+03:00,independent_poisson,2586,2586,2025-01-19T13:30:00+00:00,Eyupspor,Alanyaspor,18,270,1.911430129,0.937972536,0.601624423,0.218541218,0.179834359,0.067366530,3,0,H
363a18a9d6c4ae71bca4ed0e62086e1955cc6a516fea15e9516391d36dc22edd,2024-25,2025-01-20T20:00:00+03:00,independent_poisson,2589,2589,2025-01-19T19:00:00+00:00,Trabzonspor,Sivasspor,270,271,1.941210906,1.059435011,0.578940279,0.218392353,0.202667368,0.029438501,4,0,H
200b2efecf5a5d62a5cabd887e4d85597c8f26d568693d97250caaee7d99f0f1,2024-25,2025-01-24T20:00:00+03:00,independent_poisson,2590,2590,2025-01-20T20:00:00+00:00,Samsunspor,Gaziantep FK,57,191,1.476835594,1.014221333,0.478479134,0.261830352,0.259690514,0.091604070,2,1,H
d19ccb2d45a42f9ca2307b5d181d037e5912bacc96f9c97322b228caf0d7ad69,2024-25,2025-01-25T13:30:00+03:00,independent_poisson,2591,2591,2025-01-24T20:00:00+00:00,Sivasspor,Kayserispor,272,270,1.739881119,1.015117162,0.543787335,0.236449229,0.219763436,0.004354501,5,2,H
404e0bc2e56931bd648fb01283f5103ab42bd63ee7e913cc4bd920dae4abb9e3,2024-25,2025-01-25T16:00:00+03:00,independent_poisson,2591,2591,2025-01-24T20:00:00+00:00,Alanyaspor,Istanbul Basaksehir,271,271,1.244259858,1.311255437,0.350983654,0.266409813,0.382606534,0.000237720,5,4,H
6c66d1078531e22c570c56aeccdc7fdeac9b303f9e4430014dd0c131c90dc82e,2024-25,2025-01-25T19:00:00+03:00,independent_poisson,2592,2592,2025-01-25T13:30:00+00:00,Galatasaray,Konyaspor,271,271,2.057168149,0.775825998,0.671919960,0.197558377,0.130521663,0.121036419,1,0,H
ca6758c64515fcec3465c93f7e994794e404cba90d761f603287f57aebe0129a,2024-25,2025-01-26T13:30:00+03:00,independent_poisson,2594,2594,2025-01-25T19:00:00+00:00,Rizespor,Adana Demirspor,203,129,1.490932050,1.567478819,0.363234593,0.240160698,0.396604710,0.031867259,3,2,H
0cd9a46c670db8af3a4eb5f6986b76f342f96a7830a4175a878a3398a5d382b0,2024-25,2025-01-26T16:00:00+03:00,independent_poisson,2594,2594,2025-01-25T19:00:00+00:00,Antalyaspor,Besiktas,272,271,1.112603061,1.667853869,0.253850434,0.242845485,0.503304081,0.115069744,1,1,D
7905996dab50c1588db62901050083b5939244ccdd8c3933ea99a25f9a2fcf28,2024-25,2025-01-26T16:00:00+03:00,independent_poisson,2594,2594,2025-01-25T19:00:00+00:00,Bodrumspor,Eyupspor,19,19,0.631028708,1.329407544,0.176934295,0.286116181,0.536949524,0.187176574,0,1,A
d4bde93f36ef41470f2ff32f23846815d760c3d0f4cac5058bfc8d9465e5ea5a,2024-25,2025-01-26T19:00:00+03:00,independent_poisson,2595,2595,2025-01-26T13:30:00+00:00,Fenerbahce,Goztepe,271,199,2.437471498,0.925494711,0.706332283,0.169569573,0.124098143,0.035798729,3,2,H
91a3cc284627f9bf0d8811067dd1ddc0249bdc269c6474f0bac4271ce23d1c5c,2024-25,2025-01-27T20:00:00+03:00,independent_poisson,2598,2598,2025-01-26T19:00:00+00:00,Kasimpasa,Hatayspor,272,156,1.791592863,1.313070715,0.487126337,0.231201964,0.281671699,0.000854316,5,4,H
5ef3a26a28c7cb2ee2588cafbc25d6f1852f1925ffa52adaaef068c3f4b79e96,2024-25,2025-01-31T20:00:00+03:00,independent_poisson,2599,2599,2025-01-27T20:00:00+00:00,Eyupspor,Sivasspor,20,273,1.910020572,0.798308055,0.636009454,0.214239225,0.149751321,0.127299256,1,0,H
f1aa9880ee977e2d75fecc6f29ed02941f4feb4a930f5cbd7da3db721b8cc753,2024-25,2025-01-31T20:00:00+03:00,independent_poisson,2599,2599,2025-01-27T20:00:00+00:00,Konyaspor,Bodrumspor,272,20,1.203655061,0.605332932,0.506837870,0.306765636,0.186396494,0.028821441,3,1,H
b8cf3a836e83524e304332e8e9cbfabb04dbb7700d4a48cf93afff3b8398d772,2024-25,2025-02-01T13:30:00+03:00,independent_poisson,2601,2601,2025-01-31T20:00:00+00:00,Hatayspor,Antalyaspor,157,273,1.545991153,1.100385221,0.475912286,0.253638986,0.270448728,0.018817432,2,3,A
261fb6716eb5b4a0390e862b80790677ca721493bf2db0897dcda89b57c6994b,2024-25,2025-02-01T16:00:00+03:00,independent_poisson,2601,2601,2025-01-31T20:00:00+00:00,Kayserispor,Trabzonspor,271,271,1.211003463,1.775599038,0.260495885,0.233261323,0.506242792,0.050458579,0,0,D
dc2c9620bd4bc41980feace26180ad6d2678e60a228f84e99ebaaaa59b1da88e,2024-25,2025-02-01T19:00:00+03:00,independent_poisson,2602,2602,2025-02-01T13:30:00+00:00,Istanbul Basaksehir,Samsunspor,272,58,1.434878135,0.869582784,0.502988305,0.269029713,0.227981983,0.017629263,4,0,H
ff3196813bb79e05ce2c1b1f280f893f9c77b9f749d82df58f33aaa528b34c43,2024-25,2025-02-02T13:30:00+03:00,independent_poisson,2604,2604,2025-02-01T19:00:00+00:00,Adana Demirspor,Kasimpasa,130,273,2.091055683,1.407404969,0.532668147,0.210592621,0.256739232,0.002120789,3,5,A
90a2facfe23e88adc391317a3e77b5c11a84e435dac55ff803bd3f65e0317f64,2024-25,2025-02-02T16:00:00+03:00,independent_poisson,2604,2604,2025-02-01T19:00:00+00:00,Goztepe,Alanyaspor,200,272,1.549471446,1.379855248,0.414977387,0.245359917,0.339662696,0.073729809,0,1,A
7b45fb7e9f27ccb3a3e34cf591d6f1e430aa9e73e1ec56c89767b37014c3ba57,2024-25,2025-02-02T19:00:00+03:00,independent_poisson,2605,2605,2025-02-02T13:30:00+00:00,Fenerbahce,Rizespor,272,204,2.631917193,0.867202525,0.750103727,0.150114176,0.099782097,0.034532506,3,2,H
edeadb66ee8aae1ac496980cdfb168f0cfcb0dab351cdf59a357f4f382d07f53,2024-25,2025-02-03T20:00:00+03:00,independent_poisson,2607,2607,2025-02-02T19:00:00+00:00,Gaziantep FK,Galatasaray,192,272,1.117357779,1.738073190,0.244224196,0.236747067,0.519028737,0.099993126,0,1,A
19e50ef8c8242f44da1c220784d3503484d52bcc2558097c18dfb55a9f9b27ed,2024-25,2025-02-07T20:00:00+03:00,independent_poisson,2608,2608,2025-02-03T20:00:00+00:00,Samsunspor,Hatayspor,59,158,1.574618636,0.991036718,0.509239593,0.252577300,0.238183107,0.095295154,2,0,H
40eccf1598ae303d8b61232473445417f480cd579ff581c07bdda1ad6b2743b7,2024-25,2025-02-08T16:00:00+03:00,independent_poisson,2609,2609,2025-02-07T20:00:00+00:00,Kayserispor,Konyaspor,272,273,1.212871461,1.234253509,0.358134247,0.273445706,0.368420046,0.019601935,3,2,H
868f88166ad8fb33b285418c074367017a08f4bd174dcf0d6870283696848682,2024-25,2025-02-08T19:00:00+03:00,independent_poisson,2609,2609,2025-02-07T20:00:00+00:00,Sivasspor,Besiktas,274,272,1.259476718,1.545177380,0.310645585,0.249655385,0.439699030,0.072257160,0,2,A
b7da0d906dd22bd3b1fdea4908c763db4485c1f3a3e99bba480465a490e76b13,2024-25,2025-02-09T13:30:00+03:00,independent_poisson,2611,2611,2025-02-08T19:00:00+00:00,Kasimpasa,Rizespor,274,205,2.004886090,1.304790524,0.536663586,0.216044439,0.247291975,0.041763334,3,2,H
735c46afcb12e63df5d1145ed71e77d3662197c644f86babfc1cb6fb6b4e09ca,2024-25,2025-02-09T16:00:00+03:00,independent_poisson,2611,2611,2025-02-08T19:00:00+00:00,Alanyaspor,Fenerbahce,273,273,1.329207134,1.777426711,0.287709829,0.231984944,0.480305227,0.070690243,0,2,A
f8811401c06495c1b5fa2422aea9561d1509860109cb0a91a10d2f38717f8337,2024-25,2025-02-09T19:00:00+03:00,independent_poisson,2612,2612,2025-02-09T13:30:00+00:00,Antalyaspor,Istanbul Basaksehir,274,273,1.022268412,1.386917903,0.277074590,0.270288998,0.452636413,0.089888406,0,0,D
3d5a5363771ccebaede57bf4c7a1daca87600d08cf0e8428e9707b2e39121098,2024-25,2025-02-10T20:00:00+03:00,independent_poisson,2614,2614,2025-02-09T19:00:00+00:00,Bodrumspor,Goztepe,21,201,0.952274701,1.083858637,0.313682802,0.304277841,0.382039358,0.130532461,0,0,D
7cba9c46b3522396de9b3365182547fc009d1e40b141e4ea392375912376d922,2024-25,2025-02-10T20:00:00+03:00,independent_poisson,2614,2614,2025-02-09T19:00:00+00:00,Trabzonspor,Eyupspor,272,21,1.295721002,1.298943077,0.367129260,0.264230370,0.368640370,0.096752725,1,0,H
d4015080bbdd4e36ba3d0266015c9fd2f4ad37521208141f93d639044ff32d15,2024-25,2025-02-14T20:00:00+03:00,independent_poisson,2616,2616,2025-02-10T20:00:00+00:00,Adana Demirspor,Antalyaspor,131,275,1.866267513,1.122657847,0.547432649,0.225758324,0.226809026,0.105474511,1,1,D
cdc8437717940e2fdef278cba69c3bd2241223bf92a88689bb2b274a6724b6e6,2024-25,2025-02-15T13:30:00+03:00,independent_poisson,2617,2617,2025-02-14T20:00:00+00:00,Gaziantep FK,Sivasspor,193,275,1.516686387,1.166948115,0.453150629,0.254494144,0.292355227,0.091690739,2,1,H
73b5b5b215bde4f65b22b292a3b554a5a200e5873edb2edb207722d44360c452,2024-25,2025-02-15T16:00:00+03:00,independent_poisson,2617,2617,2025-02-14T20:00:00+00:00,Istanbul Basaksehir,Bodrumspor,274,22,1.527319397,0.490089460,0.630481598,0.252806538,0.116711864,0.065181722,0,1,A
cff96e6fba11368998c63e2bc3e0a6cfe971023e8fea5fcafeef029490281282,2024-25,2025-02-15T19:00:00+03:00,independent_poisson,2618,2618,2025-02-15T13:30:00+00:00,Besiktas,Trabzonspor,273,273,1.828874583,1.260152110,0.507459579,0.228931565,0.263608856,0.095987256,2,1,H
2c79f281fc3630b271205a2399a3a328ff7698b16dd2ce3f7f4de8667ae11d89,2024-25,2025-02-16T13:30:00+03:00,independent_poisson,2620,2620,2025-02-15T19:00:00+00:00,Hatayspor,Alanyaspor,159,274,1.480364132,1.379020948,0.398053828,0.249411329,0.352534843,0.084830767,1,0,H
08ae778603d80e1bc67aaec7dc12a8412460ab17c213f32277bf149278c5493e,2024-25,2025-02-16T16:00:00+03:00,independent_poisson,2620,2620,2025-02-15T19:00:00+00:00,Eyupspor,Kayserispor,22,273,2.103245244,0.669051347,0.707243607,0.186731042,0.106025351,0.087974388,1,1,D
a5761acd0254f6d6df60e003f1d342174165d7f4b70daddcf616ed88619994b1,2024-25,2025-02-16T16:00:00+03:00,independent_poisson,2620,2620,2025-02-15T19:00:00+00:00,Konyaspor,Samsunspor,274,60,1.207913932,1.038090540,0.399125303,0.286382455,0.314492242,0.109851979,0,1,A
e681864086969df9d2eea25ac367346304fcd83f770a6c30cead93d46c32f4a7,2024-25,2025-02-16T19:00:00+03:00,independent_poisson,2621,2621,2025-02-16T13:30:00+00:00,Fenerbahce,Kasimpasa,274,275,2.716401963,1.062880523,0.722001894,0.154746473,0.123251634,0.081094944,3,1,H
aad0d7c599b98378fc924bc8bf492b864032e6d74163acb52f22a3ac42dafb4e,2024-25,2025-02-17T20:00:00+03:00,independent_poisson,2624,2624,2025-02-16T19:00:00+00:00,Rizespor,Galatasaray,206,273,1.028719285,2.018044364,0.186488746,0.210815704,0.602695550,0.099525797,1,2,A
38b72200beee8d8d7b9b4fcdb54cebc87bcbf247940cd1ce11cf892e87dece9e,2024-25,2025-02-21T20:00:00+03:00,independent_poisson,2625,2625,2025-02-17T20:00:00+00:00,Eyupspor,Besiktas,23,274,1.457440069,1.032540132,0.469012864,0.263256646,0.267730490,0.022170507,1,3,A
462ee65ff8fee05b12825a4e757bbc2c9b263042e0c46ca1a49c89c3932e5b77,2024-25,2025-02-21T20:00:00+03:00,independent_poisson,2625,2625,2025-02-17T20:00:00+00:00,Bodrumspor,Hatayspor,23,160,0.926713776,0.964451979,0.330357989,0.319062898,0.350579113,0.139837215,1,0,H
5c6d2978750d38987d19683b29227312365d338f10091ffc36eb837e45592a9a,2024-25,2025-02-22T13:30:00+03:00,independent_poisson,2627,2627,2025-02-21T20:00:00+00:00,Sivasspor,Konyaspor,276,275,1.381982942,1.055847259,0.443420108,0.269571427,0.287008465,0.127458140,1,1,D
723d993a8fa9bab2e24e4908fa1da238afe2dc229028c1bab81f12d8f7adb99d,2024-25,2025-02-22T16:00:00+03:00,independent_poisson,2627,2627,2025-02-21T20:00:00+00:00,Antalyaspor,Kasimpasa,276,276,1.601913749,1.408468833,0.421762422,0.241302462,0.336935115,0.089043651,2,1,H
6696e314789248bf6bd01bd7bae3660c9de04485e0966f32a00a30e8e8dd8dc3,2024-25,2025-02-22T19:00:00+03:00,independent_poisson,2628,2628,2025-02-22T13:30:00+00:00,Samsunspor,Rizespor,61,207,1.714962642,0.940921609,0.556025354,0.238375498,0.205599148,0.014340112,2,3,A
d1064eb93f64686cabe983dd1229b24f0d07311f3ef7d028b72b8edac7121a3a,2024-25,2025-02-23T13:30:00+03:00,independent_poisson,2630,2630,2025-02-22T19:00:00+00:00,Kayserispor,Goztepe,274,202,1.437239956,1.341832561,0.394912976,0.253573069,0.351513955,0.089246958,1,0,H
d8b0537fa5248c73a4fbb798406fe11445920e171eca836d856800e6b33d16c3,2024-25,2025-02-23T16:00:00+03:00,independent_poisson,2630,2630,2025-02-22T19:00:00+00:00,Alanyaspor,Adana Demirspor,275,132,1.794243750,1.377005153,0.473814677,0.230195918,0.295989405,0.038289378,3,2,H
d2ed12d8e308ae2f624606e6178b2498db18e0507e64c9ed5b4fd38618795556,2024-25,2025-02-23T19:00:00+03:00,independent_poisson,2631,2631,2025-02-23T13:30:00+00:00,Trabzonspor,Gaziantep FK,274,194,1.977242565,1.067442265,0.584865704,0.215343196,0.199791100,0.034946008,3,2,H
5ad9b11df614ad04f972311cb68c90521914dcfacb82af569400732f189c6006,2024-25,2025-02-24T20:00:00+03:00,independent_poisson,2633,2633,2025-02-23T19:00:00+00:00,Galatasaray,Fenerbahce,274,275,1.786358664,1.265135006,0.496544616,0.232050874,0.271404511,0.047288239,0,0,D
c89dbdbe835cd540a31396792492ec42b74e0e213372f91b01312d175d01b299,2024-25,2025-03-01T16:00:00+03:00,independent_poisson,2634,2634,2025-02-24T20:00:00+00:00,Adana Demirspor,Bodrumspor,133,24,1.472777963,0.726768058,0.550331986,0.265298224,0.184369790,0.110853472,0,0,D
d82f25968897754e3b68a2b543073228e518184e64374c89b85f500706a3a7c4,2024-25,2025-03-01T20:30:00+03:00,independent_poisson,2635,2635,2025-03-01T16:00:00+00:00,Besiktas,Kayserispor,275,275,2.357268490,0.853706432,0.708820550,0.172644878,0.118534572,0.112015834,2,0,H
9dd4734e87a1821e48598d6f61ea1953c885677149b179aef435207c106a5ad2,2024-25,2025-03-02T13:30:00+03:00,independent_poisson,2636,2636,2025-03-01T20:30:00+00:00,Rizespor,Alanyaspor,208,276,1.460930130,1.492160819,0.370501904,0.245163519,0.384334577,0.040461466,3,1,H
174b5b7dc2c36bd3399e7b7c97bbaf54ae4029840737248d5c42747da2a41f05,2024-25,2025-03-02T16:00:00+03:00,independent_poisson,2636,2636,2025-03-01T20:30:00+00:00,Kasimpasa,Galatasaray,277,275,1.242795687,2.065562112,0.225592489,0.210977276,0.563430235,0.017187391,3,3,D
e7e448852afa75937bb84629ba94dcd525be3be71155950025c17cfc4dce5de3,2024-25,2025-03-02T20:30:00+03:00,independent_poisson,2638,2638,2025-03-02T16:00:00+00:00,Fenerbahce,Antalyaspor,276,277,2.390160437,0.818290593,0.722495011,0.167638942,0.109866047,0.091985068,3,0,H
318d95ef02002d9dce8a3d9c8ca0743c1823d8c7dcdaacb23fb765e23d0fafab,2024-25,2025-03-03T16:00:00+03:00,independent_poisson,2639,2639,2025-03-02T20:30:00+00:00,Gaziantep FK,Eyupspor,195,24,1.103211893,1.354219190,0.304832327,0.270138556,0.425029117,0.025957673,3,1,H
320f07000c3623272d88f0f5982927924755e522f811613d5c7e4c88de843e31,2024-25,2025-03-03T16:00:00+03:00,independent_poisson,2639,2639,2025-03-02T20:30:00+00:00,Konyaspor,Trabzonspor,276,275,1.248203119,1.394030561,0.335792067,0.260626764,0.403581169,0.088874620,1,0,H
021170ca61cc5081b58af2240434622a5524d73ca4cf40d8aff557bde438155c,2024-25,2025-03-03T20:30:00+03:00,independent_poisson,2641,2641,2025-03-03T16:00:00+00:00,Istanbul Basaksehir,Sivasspor,275,277,1.668348458,0.883105111,0.559269472,0.242755730,0.197974799,0.130078212,1,0,H
e53524c7f73c62cf0d4d587e054428d70ac13e8aec0d874def4b4edbb2e08e61,2024-25,2025-03-03T20:30:00+03:00,independent_poisson,2641,2641,2025-03-03T16:00:00+00:00,Goztepe,Samsunspor,203,62,1.317512102,1.217077658,0.390048433,0.267467935,0.342483632,0.050971506,2,2,D
c6f7521bcf66730581c86afbcb10d88f7c5cd68d99a0efe36c0ff82a896b3f7f,2024-25,2025-03-07T20:30:00+03:00,independent_poisson,2643,2643,2025-03-03T20:30:00+00:00,Bodrumspor,Kasimpasa,25,278,0.991873756,1.065824102,0.329378226,0.302972005,0.367649769,0.126709616,1,0,H
9ec0a1bcbbfaabe4b37d03e2ae048ceb7913061faa47bba1ef42f8062e0aae78,2024-25,2025-03-08T13:30:00+03:00,independent_poisson,2644,2644,2025-03-07T20:30:00+00:00,Kayserispor,Istanbul Basaksehir,276,276,1.012628984,1.494298744,0.256414243,0.260166395,0.483419363,0.021081056,3,1,H
6d2cb37ec1df87334a9ca89c7652075cefe6337e6dd9735aa6854a8f8c32c440,2024-25,2025-03-08T16:00:00+03:00,independent_poisson,2644,2644,2025-03-07T20:30:00+00:00,Antalyaspor,Rizespor,278,209,1.561089539,1.173656787,0.462845307,0.250770338,0.286384355,0.092828537,2,1,H
b06322195170a71d03108ff15c2ce27b5c5e53cea0a098264bfd3b31f2beda73,2024-25,2025-03-08T20:30:00+03:00,independent_poisson,2646,2646,2025-03-08T16:00:00+00:00,Trabzonspor,Hatayspor,276,161,2.120523406,1.002055575,0.630071055,0.200783151,0.169145794,0.046889745,1,2,A
9851d0a83e81d3cb6628e1d31a44bc87b4e509f8654d06872bf797c772f4a641,2024-25,2025-03-09T13:30:00+03:00,independent_poisson,2647,2647,2025-03-08T20:30:00+00:00,Sivasspor,Goztepe,278,204,1.616444082,1.140614923,0.484196406,0.246885972,0.268917622,0.050967619,3,1,H
11fc834f402e01064ab190d9b0b38970db0cce760a1eb171fc400545d1727b36,2024-25,2025-03-09T16:00:00+03:00,independent_poisson,2647,2647,2025-03-08T20:30:00+00:00,Samsunspor,Adana Demirspor,63,134,1.625372352,1.195967886,0.473721235,0.245214136,0.281064629,0.030466593,3,2,H
73b94b3a52ff89924cfed93e145d123cf097630fe23694034ac8f1d8c3429b75,2024-25,2025-03-09T16:00:00+03:00,independent_poisson,2647,2647,2025-03-08T20:30:00+00:00,Eyupspor,Konyaspor,25,277,1.581183004,0.814372569,0.555289546,0.252092118,0.192618336,0.092764295,2,1,H
a9bce1fbe82cbfb07ed5a77b6a5b5b0c1a034e401020a1c1f33c6afccfccdf03,2024-25,2025-03-09T20:30:00+03:00,independent_poisson,2650,2650,2025-03-09T16:00:00+00:00,Alanyaspor,Galatasaray,277,276,1.197208992,1.760851976,0.259557257,0.234506609,0.505936134,0.096364288,1,2,A
658f5192dcecfe6b6cad5639f78d088d8012e75b4386ed816e751a7915f2929f,2024-25,2025-03-10T20:30:00+03:00,independent_poisson,2651,2651,2025-03-09T20:30:00+00:00,Besiktas,Gaziantep FK,276,196,2.051631653,0.986530904,0.619707968,0.206551868,0.173740164,0.047844669,1,2,A
aff24afc9ce25af462249aaf942c5b6216a7b26e366258554b91f959d3207db3,2024-25,2025-03-14T20:30:00+03:00,independent_poisson,2652,2652,2025-03-10T20:30:00+00:00,Galatasaray,Antalyaspor,277,279,2.365694855,0.745029326,0.735178398,0.165314389,0.099507213,0.058163872,4,0,H
206efda4e13106a011a0989a899d4e1102458868df5ec0c1391496450bc1f9b7,2024-25,2025-03-15T13:30:00+03:00,independent_poisson,2653,2653,2025-03-14T20:30:00+00:00,Gaziantep FK,Kayserispor,197,277,1.798406461,1.034058431,0.552903914,0.231071549,0.216024537,0.105867823,1,0,H
f63a7ecdb9e1a25b82b5ef47dd7101b7801c8d5c83aea997e2e333578cc0702d,2024-25,2025-03-15T16:00:00+03:00,independent_poisson,2653,2653,2025-03-14T20:30:00+00:00,Kasimpasa,Alanyaspor,279,278,1.771158526,1.526405879,0.437160020,0.228612035,0.334227944,0.088519892,2,1,H
663c015e0266f7b4e7e63448b496336e451355a316316cfb26c538c8ab3f7ac1,2024-25,2025-03-15T20:30:00+03:00,independent_poisson,2655,2655,2025-03-15T16:00:00+00:00,Istanbul Basaksehir,Trabzonspor,277,277,1.520251532,1.155083742,0.456754747,0.254529254,0.288716000,0.017693177,0,3,A
b15fb81d5e036d2110bb365f430999f1bef4be18845946b828e90cd3b502c5d0,2024-25,2025-03-15T20:30:00+03:00,independent_poisson,2655,2655,2025-03-15T16:00:00+00:00,Konyaspor,Besiktas,278,277,1.144762865,1.429518883,0.302111795,0.262233532,0.435654672,0.087240707,1,0,H
04e7af5dab91b8d6dad53af3e73fd0b5945a8c707e2d9e2918cd71ab81e5384f,2024-25,2025-03-16T13:30:00+03:00,independent_poisson,2657,2657,2025-03-15T20:30:00+00:00,Rizespor,Bodrumspor,210,26,1.109137672,0.742060454,0.440791423,0.315465602,0.243742974,0.043239777,0,2,A
4d198c9cfdbf33c6b6cc077f01908d23fae4cf827dc33f41e4d312b59a0522c5,2024-25,2025-03-16T16:00:00+03:00,independent_poisson,2657,2657,2025-03-15T20:30:00+00:00,Hatayspor,Sivasspor,162,279,1.433798837,1.242479236,0.415131400,0.258119613,0.326748987,0.026095697,3,2,H
ed1c22a83a1f30193e25c8a5504154a0e123aa777ce12395635f47c10181d53a,2024-25,2025-03-16T16:00:00+03:00,independent_poisson,2657,2657,2025-03-15T20:30:00+00:00,Goztepe,Eyupspor,205,26,1.155355048,1.455898318,0.300124523,0.259729742,0.440145736,0.123536014,1,1,D
83d867c27e6da1de728bff3099d3acf96daef56d340bf542c02f98d41711cded,2024-25,2025-03-16T20:30:00+03:00,independent_poisson,2660,2660,2025-03-16T16:00:00+00:00,Fenerbahce,Samsunspor,277,64,2.032024561,0.921207365,0.631310772,0.206238352,0.162450876,0.052170821,0,0,D
71ba165680940fa40ab730c537d0e40f775a6657668ce17303ef89a7b80485d5,2024-25,2025-03-28T16:00:00+03:00,independent_poisson,2661,2661,2025-03-16T20:30:00+00:00,Antalyaspor,Alanyaspor,280,279,1.367551807,1.347292442,0.375984639,0.257345183,0.366670178,0.083421420,2,1,H
875b1ce0e45d2330dd954e9675f9e7d644fcad9db189da09e862a8b022b65fe2,2024-25,2025-03-28T16:00:00+03:00,independent_poisson,2661,2661,2025-03-16T20:30:00+00:00,Kayserispor,Hatayspor,278,163,1.436232162,1.295382915,0.404409488,0.255710739,0.339879773,0.003316016,5,0,H
bf4c42c79a435821c7f2499ca70caf955f891629a3cbf0f279422102607d03c2,2024-25,2025-03-28T20:30:00+03:00,independent_poisson,2663,2663,2025-03-28T16:00:00+00:00,Konyaspor,Gaziantep FK,279,198,1.380021918,1.087290543,0.435616705,0.268562200,0.295821096,0.117043095,1,0,H
ce980558a4b247aa6a92c80175d59483537fc032b1ada1ab63eeaa5dce0fe9f3,2024-25,2025-03-28T20:30:00+03:00,independent_poisson,2663,2663,2025-03-28T16:00:00+00:00,Bodrumspor,Fenerbahce,27,278,0.691012009,1.290699081,0.199596647,0.291048702,0.509354651,0.003805255,2,4,A
75ecf3353842efa275c4273b9883394812cfaac2b00579b54d61ffe3a1750423,2024-25,2025-03-29T13:30:00+03:00,independent_poisson,2665,2665,2025-03-28T20:30:00+00:00,Sivasspor,Adana Demirspor,280,135,1.659908841,1.339433296,0.450363874,0.239676953,0.309959173,0.007007503,5,1,H
4c715b12a76d11a05c2551733f00c42f8b9a78e0c458abe555765c5145f5ec58,2024-25,2025-03-29T16:00:00+03:00,independent_poisson,2665,2665,2025-03-28T20:30:00+00:00,Trabzonspor,Goztepe,278,206,2.127136314,1.037381052,0.623141444,0.201352076,0.175506479,0.093196843,1,1,D
c2e919e9ecfe84cb78439208517913d30cc5966ec21d48e013cc7736143162a8,2024-25,2025-03-29T16:00:00+03:00,independent_poisson,2665,2665,2025-03-28T20:30:00+00:00,Samsunspor,Kasimpasa,65,280,1.794818134,1.164517583,0.521361602,0.231884107,0.246754291,0.035159196,0,2,A
e0b8a9483d1294e7beb1c17c0b5ea3ac5898fd0ada03015c028cd43df7cd6dfd,2024-25,2025-03-29T20:30:00+03:00,independent_poisson,2668,2668,2025-03-29T16:00:00+00:00,Besiktas,Galatasaray,278,278,1.466283866,1.427869504,0.384587897,0.247991891,0.367420212,0.084953210,2,1,H
01faf5419045f543d6da11feb004a2c8e290aaabfc0f64523a8469206141cc8d,2024-25,2025-03-31T20:00:00+03:00,independent_poisson,2669,2669,2025-03-29T20:30:00+00:00,Eyupspor,Istanbul Basaksehir,27,278,1.328043338,0.982936853,0.445856839,0.277509665,0.276633496,0.020844520,1,3,A
5d2575ee918d2be0f43c5a0f2e11b61b377993893a38639bb5d66ee30a10d7f0,2024-25,2025-04-04T20:00:00+03:00,independent_poisson,2670,2670,2025-03-31T20:00:00+00:00,Adana Demirspor,Kayserispor,136,279,2.011758492,1.158968654,0.571008459,0.214025238,0.214966303,0.028189286,0,2,A
fb8e2a0606813a96fdc5db21ef15d7ad96adeebfef73365713f8e9750e24cd45,2024-25,2025-04-05T13:30:00+03:00,independent_poisson,2671,2671,2025-04-04T20:00:00+00:00,Rizespor,Sivasspor,211,281,1.422044289,1.376334840,0.383959859,0.252815030,0.363225111,0.119211077,1,1,D
72edfa60d03836ddb8d2788dad720927f3ccfa0aeb148828463c9ac28d3a4172,2024-25,2025-04-05T16:00:00+03:00,independent_poisson,2671,2671,2025-04-04T20:00:00+00:00,Istanbul Basaksehir,Konyaspor,279,280,1.524101195,0.814696662,0.540621367,0.258915998,0.200462635,0.146989665,1,0,H
2098b0713811edbbb21bdccd03a82f4cd86438ca603ef061dec090b04db2751b,2024-25,2025-04-05T19:00:00+03:00,independent_poisson,2672,2672,2025-04-05T13:30:00+00:00,Antalyaspor,Samsunspor,281,66,1.182090356,1.193541584,0.358064391,0.278291831,0.363643778,0.077514877,2,1,H
21d40c27f834b2d7f7b4b23482e15aa5af3cd6c9ba7fe9b9ed13e41fc288104d,2024-25,2025-04-06T13:30:00+03:00,independent_poisson,2674,2674,2025-04-05T19:00:00+00:00,Alanyaspor,Bodrumspor,280,28,1.333578331,0.729265958,0.511427556,0.284197325,0.204375119,0.092683847,0,1,A
f4104543e2785748a10277f70e394f6c566d9f179c52e2656d24dc9f4d963fbd,2024-25,2025-04-06T16:00:00+03:00,independent_poisson,2674,2674,2025-04-05T19:00:00+00:00,Hatayspor,Eyupspor,164,28,1.180943038,1.436970820,0.310207984,0.260309303,0.429482713,0.104834060,0,1,A
a9275cd09c7c559841677657d8042d60867f25bb391b2feea16c0020c048cb70,2024-25,2025-04-06T19:00:00+03:00,independent_poisson,2675,2675,2025-04-06T13:30:00+00:00,Fenerbahce,Trabzonspor,279,279,2.042987000,1.199890021,0.568327158,0.212131533,0.219541309,0.034011753,4,1,H
b77415c80e550f3203a6cb9cceea160b21e9c7fc824dbc8914c5fa88baf17fe4,2024-25,2025-04-07T20:00:00+03:00,independent_poisson,2677,2677,2025-04-06T19:00:00+00:00,Goztepe,Gaziantep FK,207,199,1.493302721,1.278645950,0.422498209,0.252609777,0.324892014,0.119414249,1,1,D
cdbd3c7dff06783ff2c1b2395ff09b59ff0ba110bdff3a5494d9e75fe7888a38,2024-25,2025-04-07T20:00:00+03:00,independent_poisson,2677,2677,2025-04-06T19:00:00+00:00,Kasimpasa,Besiktas,281,279,1.432302821,1.869470317,0.296217505,0.224696862,0.479085633,0.098585165,1,1,D
28271cafa67301c0fe69895b40d4b74ef2148e75de9f555e0284776b9416d066,2024-25,2025-04-11T20:00:00+03:00,independent_poisson,2679,2679,2025-04-07T20:00:00+00:00,Samsunspor,Galatasaray,67,279,1.057415407,1.541071199,0.260331570,0.254897955,0.484770475,0.088329753,0,2,A
24c38153b8104c506772b0a95d78e0edf15ab36067831669af7e9f68659b590a,2024-25,2025-04-12T16:00:00+03:00,independent_poisson,2680,2680,2025-04-11T20:00:00+00:00,Konyaspor,Goztepe,281,208,1.476851887,1.041640653,0.471942121,0.261199387,0.266858492,0.119006184,1,0,H
15958149f6f634951107dcd7e91ac9eac1652d7b72c5cf18433556c8e6f84798,2024-25,2025-04-12T19:00:00+03:00,independent_poisson,2680,2680,2025-04-11T20:00:00+00:00,Besiktas,Istanbul Basaksehir,280,280,1.553225113,1.067103952,0.485566261,0.253614986,0.260818752,0.041437067,0,2,A
7e7a5856df876315bcd092b6af87c6d60ed6a65e0d34a721e1f62e9441dc07d7,2024-25,2025-04-12T19:00:00+03:00,independent_poisson,2680,2680,2025-04-11T20:00:00+00:00,Bodrumspor,Antalyaspor,29,282,0.992392507,0.804431972,0.387767458,0.327088828,0.285143714,0.165824633,0,0,D
26ba9cddcc2f2369b2a2a3db0bf099696f08131c2904e67adf85deec21e72225,2024-25,2025-04-13T16:00:00+03:00,independent_poisson,2683,2683,2025-04-12T19:00:00+00:00,Gaziantep FK,Hatayspor,200,165,1.682246957,1.107772099,0.507922836,0.241632630,0.250444534,0.096274229,2,1,H
6d78d7cae0ed440af277e68af134039f54139fac51bc1cf095df076e42b384e3,2024-25,2025-04-13T16:00:00+03:00,independent_poisson,2683,2683,2025-04-12T19:00:00+00:00,Kayserispor,Kasimpasa,280,282,1.617713685,1.524862875,0.401785750,0.236411113,0.361803137,0.069838998,1,0,H
78cfa6f8fb369658a6b62560a031cf5fc725fa5292743e8b1371a9dbddac3cc2,2024-25,2025-04-13T19:00:00+03:00,independent_poisson,2683,2683,2025-04-12T19:00:00+00:00,Trabzonspor,Rizespor,280,212,2.308220467,0.999167319,0.666855794,0.184184665,0.148959542,0.097531368,2,0,H
c9e04ef890458ad86182d625708d8d37e7a585d6f97f9140ae82c147a2ba3760,2024-25,2025-04-13T19:00:00+03:00,independent_poisson,2683,2683,2025-04-12T19:00:00+00:00,Sivasspor,Fenerbahce,282,280,1.207033414,1.737484837,0.265528465,0.236274059,0.498197476,0.055531970,1,3,A
f2be6f7c411bcb1862826df1cb743d1afa2615a1d2eff0eb0ea9c012fb8a4aef,2024-25,2025-04-14T20:00:00+03:00,independent_poisson,2687,2687,2025-04-13T19:00:00+00:00,Eyupspor,Adana Demirspor,29,137,1.908145309,1.052537127,0.573306203,0.221244527,0.205449270,0.003471588,6,0,H
49aa57112ac69a9e30c9f58a860be0589f57fefc52a5a4f5cf9b39195ef6e6c2,2024-25,2025-04-18T20:00:00+03:00,independent_poisson,2688,2688,2025-04-14T20:00:00+00:00,Galatasaray,Bodrumspor,280,30,1.702256270,0.499473247,0.669700170,0.226639662,0.103660168,0.160258440,2,0,H
76754db1e031cc12020e6bc7768def2c8d97818a3de7c60a9c646a34e56e877f,2024-25,2025-04-18T20:00:00+03:00,independent_poisson,2688,2688,2025-04-14T20:00:00+00:00,Hatayspor,Konyaspor,166,282,1.304433417,1.151060647,0.400836647,0.271923046,0.327240306,0.018558791,2,3,A
fef629c2338d7db4d1107f77e925663b61716f2a51fcf23167c66530f3e28e3c,2024-25,2025-04-19T13:30:00+03:00,independent_poisson,2690,2690,2025-04-18T20:00:00+00:00,Kasimpasa,Sivasspor,283,283,1.715423354,1.396780669,0.451252068,0.234821794,0.313926138,0.052297134,3,1,H
c60c5ed53be3cfb96559189cc6e5b811b7d4e97c66c89d08bc82efdf3e2c3cd9,2024-25,2025-04-19T16:00:00+03:00,independent_poisson,2690,2690,2025-04-18T20:00:00+00:00,Adana Demirspor,Trabzonspor,138,281,1.562262221,1.724759879,0.350743630,0.229990301,0.419266069,0.064445572,0,1,A
3239eaf6a8e7b4d75f9142cfe6f44da3c9ae526147c19a31744ea2251a17dd7f,2024-25,2025-04-19T19:00:00+03:00,independent_poisson,2691,2691,2025-04-19T13:30:00+00:00,Goztepe,Besiktas,209,281,1.233551553,1.665709525,0.283493864,0.241446328,0.475059808,0.113141905,1,1,D
54b0d504cd0db27f4ee971f6ce0e3310cf392f24f09103e80849f035e935f4c5,2024-25,2025-04-20T13:30:00+03:00,independent_poisson,2693,2693,2025-04-19T19:00:00+00:00,Istanbul Basaksehir,Gaziantep FK,281,201,1.676753526,0.907009458,0.555293766,0.242068157,0.202638077,0.096251226,2,1,H
5c9dd134199d7ac3606a721bf9ad76a60f54d157dcf99bf6d09ca2230e7342de,2024-25,2025-04-20T16:00:00+03:00,independent_poisson,2693,2693,2025-04-19T19:00:00+00:00,Rizespor,Eyupspor,213,30,1.091020875,1.672779610,0.247848529,0.242580195,0.509571277,0.068790705,1,0,H
3c0e56ab55215476df5f7f4ef833e9b28ebe09b64808e0b053a6aea2ff39b0e6,2024-25,2025-04-20T19:00:00+03:00,independent_poisson,2694,2694,2025-04-20T13:30:00+00:00,Fenerbahce,Kayserispor,281,281,2.602015121,0.823418643,0.754954965,0.149768992,0.095276043,0.008888778,3,3,D
97c05bc58343fa8c222d34db498ecfdbda8c89d73a24bdc361ebdcd5e43ad32b,2024-25,2025-04-21T20:00:00+03:00,independent_poisson,2696,2696,2025-04-20T19:00:00+00:00,Alanyaspor,Samsunspor,281,68,1.475739843,1.139602034,0.448863872,0.258620036,0.292516092,0.107939713,1,0,H
c9b3c71876333d001957b9b24be4294a75c294b4fa9ed04431d2a6d08cabb45f,2024-25,2025-04-25T20:00:00+03:00,independent_poisson,2697,2697,2025-04-21T20:00:00+00:00,Besiktas,Hatayspor,282,167,2.218198070,0.921639459,0.667958570,0.188724154,0.143317275,0.017855307,5,1,H
ac61204910ac9ac706ebf69d470e8a1621b53c29102a9836c169aa57802df14b,2024-25,2025-04-26T16:00:00+03:00,independent_poisson,2698,2698,2025-04-25T20:00:00+00:00,Sivasspor,Antalyaspor,284,283,1.611155521,1.024779944,0.510224883,0.248733641,0.241041477,0.092997807,2,0,H
50e5c95a78278658f91e6acb64f4dc75f42b074d9b617b95163e2d8c7c9ce3b9,2024-25,2025-04-26T19:00:00+03:00,independent_poisson,2698,2698,2025-04-25T20:00:00+00:00,Bodrumspor,Samsunspor,31,69,0.787818685,0.838547013,0.310752866,0.349646263,0.339600871,0.054466500,1,2,A
b1b2dc438859ba715dd5724652f91b6a87264d2d13eb6adb39e59b33b98b0e9b,2024-25,2025-04-26T19:00:00+03:00,independent_poisson,2698,2698,2025-04-25T20:00:00+00:00,Gaziantep FK,Fenerbahce,202,282,1.235673878,1.749142894,0.270430232,0.235106754,0.494463014,0.055710753,1,3,A
5bcbcf616aa83442e30c4ac0c1d54a07cf5dfa4d4d7ef8a419ce9f67d1b63c17,2024-25,2025-04-27T16:00:00+03:00,independent_poisson,2701,2701,2025-04-26T19:00:00+00:00,Trabzonspor,Alanyaspor,282,282,2.011178518,1.133858250,0.576665016,0.213662383,0.209672601,0.007132539,4,3,H
a65c07e7e82975abded280fe760278c98072e0770bc03e68bea1f4539011ef90,2024-25,2025-04-27T16:00:00+03:00,independent_poisson,2701,2701,2025-04-26T19:00:00+00:00,Konyaspor,Adana Demirspor,283,139,1.571438757,1.192986045,0.461055196,0.249496825,0.289447979,0.048618556,3,1,H
6657e8353df26d07c005dcab0c833caed277834a9956a0ee69386afb4386be35,2024-25,2025-04-27T19:00:00+03:00,independent_poisson,2701,2701,2025-04-26T19:00:00+00:00,Kayserispor,Rizespor,282,214,1.587433394,1.250410029,0.452187882,0.246877589,0.300934528,0.092947085,1,0,H
98b99dc907c40e7175b9ae38146b2f71a5e9015f5e19d7b91cd55520447f9bec,2024-25,2025-04-27T19:00:00+03:00,independent_poisson,2701,2701,2025-04-26T19:00:00+00:00,Eyupspor,Galatasaray,31,281,1.290265679,1.314391920,0.362544410,0.263615553,0.373840037,0.003118415,1,5,A
84409731317c615322ac0bee56288a451cf75093cf10fb10134f4f03853d00aa,2024-25,2025-04-28T20:00:00+03:00,independent_poisson,2705,2705,2025-04-27T19:00:00+00:00,Goztepe,Istanbul Basaksehir,210,282,1.133648015,1.383098411,0.307659729,0.266447989,0.425892282,0.007683263,4,1,H
29912beeb83506a21effdccd6638ed9d349701f9bd460d8ec5e6a996482811ca,2024-25,2025-05-02T20:00:00+03:00,independent_poisson,2706,2706,2025-04-28T20:00:00+00:00,Antalyaspor,Konyaspor,284,284,1.204730338,1.127456499,0.378423692,0.281091316,0.340484993,0.116959088,1,0,H
97c404e58fc266c503949593e446d8e9b50da2f274fc87f97aeb03be17437290,2024-25,2025-05-03T16:00:00+03:00,independent_poisson,2707,2707,2025-05-02T20:00:00+00:00,Alanyaspor,Kayserispor,283,283,1.874907297,1.072565554,0.561150674,0.224510275,0.214339051,0.105519433,1,1,D
c0a662bfd533e7c61515996fc4a2f3e1fa2b61d2534982c17b972483c67a7781,2024-25,2025-05-03T16:00:00+03:00,independent_poisson,2707,2707,2025-05-02T20:00:00+00:00,Rizespor,Gaziantep FK,215,203,1.419289924,1.381502440,0.382210990,0.252713125,0.365075885,0.061198894,2,0,H
6c0ebad4f0ac0e40e8b84ed01b2e33a7f1377818575c6a145d528c4c6223456a,2024-25,2025-05-03T19:00:00+03:00,independent_poisson,2707,2707,2025-05-02T20:00:00+00:00,Hatayspor,Istanbul Basaksehir,168,283,1.114318661,1.433169404,0.293461015,0.262998861,0.443540124,0.008542946,2,4,A
8235b15312e0525d0d6c8c9c81b6810216d024d048b08010a4106cc6487ae90b,2024-25,2025-05-03T19:00:00+03:00,independent_poisson,2707,2707,2025-05-02T20:00:00+00:00,Galatasaray,Sivasspor,282,285,2.247032017,0.840975488,0.692225085,0.182087612,0.125687303,0.040729072,4,1,H
878d3760faf886290eac6da107f9b8befe026a78724ae9abbbf7b1fb47133627,2024-25,2025-05-04T16:00:00+03:00,independent_poisson,2711,2711,2025-05-03T19:00:00+00:00,Samsunspor,Eyupspor,70,32,1.209712125,1.222883055,0.359614000,0.274419773,0.365966227,0.025907899,3,0,H
3c82149fe6ee571bb6abf2c3ccef6ddaaf3618b49054f8d49fda2c19dea01665,2024-25,2025-05-04T19:00:00+03:00,independent_poisson,2711,2711,2025-05-03T19:00:00+00:00,Adana Demirspor,Goztepe,140,211,1.827706551,1.320087973,0.493885230,0.228610166,0.277504604,0.068393122,1,2,A
70dd380fef6e31b0cfcbeb01e3f1b3b2848bdb3c34d92cd9988ca54e7030a607,2024-25,2025-05-04T19:00:00+03:00,independent_poisson,2711,2711,2025-05-03T19:00:00+00:00,Fenerbahce,Besiktas,283,283,1.892263481,1.241904720,0.525924558,0.224184797,0.249890645,0.054067504,0,1,A
a0752203b2e739070ea74e11b229fe56633018bdf2a268c0f208ed931860fb0a,2024-25,2025-05-05T20:00:00+03:00,independent_poisson,2714,2714,2025-05-04T19:00:00+00:00,Kasimpasa,Trabzonspor,284,283,1.563402156,1.802309725,0.337164774,0.226112333,0.436722893,0.097317296,1,1,D
299b45e439ce454e84f4b5a9e61dbc9ef3939f2972b90df723ffcd072c1aae60,2024-25,2025-05-09T20:00:00+03:00,independent_poisson,2715,2715,2025-05-05T20:00:00+00:00,Istanbul Basaksehir,Fenerbahce,284,284,1.348503319,1.351747586,0.370169519,0.258165809,0.371664672,0.012604311,1,4,A
90cc14b0fce171f28ba0d0198a0b5d7942f2bbb8819fe7f11dea419228fa87a0,2024-25,2025-05-09T20:00:00+03:00,independent_poisson,2715,2715,2025-05-05T20:00:00+00:00,Gaziantep FK,Alanyaspor,204,284,1.581928278,1.265727395,0.447450191,0.246869778,0.305680031,0.073386983,0,1,A
38ae81c7602c4fcfb4ce2535cc33f7a6b39a63452a687ae5288fe9f905c4e6dc,2024-25,2025-05-10T16:00:00+03:00,independent_poisson,2717,2717,2025-05-09T20:00:00+00:00,Konyaspor,Rizespor,285,216,1.602102770,0.986333978,0.517291021,0.249878544,0.232830435,0.095111043,2,1,H
6c842c80c33ef594b9bd600e7290d47ab58d04fbcb4388c8bd2e4c5be73fe9d6,2024-25,2025-05-10T16:00:00+03:00,independent_poisson,2717,2717,2025-05-09T20:00:00+00:00,Eyupspor,Kasimpasa,33,285,2.066023216,1.164063370,0.581338432,0.209692840,0.208968729,0.010398479,0,3,A
067f8306360628489133a99f2e5dfb2948fd80febe9640f82c2c23743902630c,2024-25,2025-05-10T19:00:00+03:00,independent_poisson,2717,2717,2025-05-09T20:00:00+00:00,Trabzonspor,Galatasaray,284,283,1.415922631,1.570844735,0.344483724,0.242822747,0.412693528,0.062244351,0,2,A
cb09686eff0a2591ad08995f21e29ff10b0b3b4a2ff5840649bb662ec2ac30fc,2024-25,2025-05-11T16:00:00+03:00,independent_poisson,2720,2720,2025-05-10T19:00:00+00:00,Sivasspor,Bodrumspor,286,32,1.206160374,0.676869200,0.488017863,0.304098525,0.207883613,0.152128522,0,0,D
233bcd688e557e4f8a22da26a9965adb849fbbc617bca02ec2a0ea9a700e5e31,2024-25,2025-05-11T19:00:00+03:00,independent_poisson,2720,2720,2025-05-10T19:00:00+00:00,Goztepe,Hatayspor,212,169,1.685714705,1.191234931,0.489453264,0.240525508,0.270021229,0.113067592,1,1,D
2d86f8e409044353def1ab13ded8a3252b171adc7e7fd57235bb45a0d219c308,2024-25,2025-05-11T19:00:00+03:00,independent_poisson,2720,2720,2025-05-10T19:00:00+00:00,Besiktas,Adana Demirspor,284,141,2.326677035,1.078314877,0.652389444,0.185873176,0.161737380,0.043722961,4,1,H
c844011a40c67be7875152910e82f6655e6f3f53591714f85278eaf523af1174,2024-25,2025-05-12T20:00:00+03:00,independent_poisson,2723,2723,2025-05-11T19:00:00+00:00,Kayserispor,Antalyaspor,284,285,1.431313416,1.162967972,0.432025544,0.261421969,0.306552487,0.042455957,3,1,H
312dc67404d9f901b0931e9bf61303cd2233e1cea6a51440614604d3c2650ab3,2024-25,2025-05-17T19:00:00+03:00,independent_poisson,2724,2724,2025-05-12T20:00:00+00:00,Adana Demirspor,Hatayspor,142,170,1.903927725,1.291204843,0.517498711,0.223321472,0.259179817,0.001225084,0,5,A
1b5641adb776dc2acd0fe930914c769d2ef423eb63635a2ef7112baac56dc961,2024-25,2025-05-18T19:00:00+03:00,independent_poisson,2725,2725,2025-05-17T19:00:00+00:00,Rizespor,Goztepe,217,213,1.510227127,1.342209393,0.413180533,0.249132213,0.337687254,0.000383207,6,3,H
43f69c154724663a6ac95dac8ef9bf9315a88d0cd90f51c0efb906bf1a2d4cac,2024-25,2025-05-18T19:00:00+03:00,independent_poisson,2725,2725,2025-05-17T19:00:00+00:00,Fenerbahce,Eyupspor,285,34,2.093271694,1.021873182,0.619906018,0.203866326,0.176227657,0.099340874,2,1,H
445bc8d261f91ed32c3c83f2f9eea82e18d4669bef0c3823cb381e5364ce2079,2024-25,2025-05-18T19:00:00+03:00,independent_poisson,2725,2725,2025-05-17T19:00:00+00:00,Antalyaspor,Gaziantep FK,286,205,1.331246425,1.245801297,0.387592516,0.264994340,0.347413144,0.075998041,0,0,D
521e831a0e56e554b3968fd383e24e9792fa6aedc2c39b94e834b6f749e77065,2024-25,2025-05-18T19:00:00+03:00,independent_poisson,2725,2725,2025-05-17T19:00:00+00:00,Kasimpasa,Istanbul Basaksehir,286,285,1.347735572,1.542006868,0.333141323,0.246962666,0.419896011,0.030852323,2,3,A
62595484e5c8501aeb03134fa952d3aa550cf84617f9b095a5daeaaef4d3ee5d,2024-25,2025-05-18T19:00:00+03:00,independent_poisson,2725,2725,2025-05-17T19:00:00+00:00,Bodrumspor,Trabzonspor,33,285,0.773319759,1.159462660,0.244865751,0.306687118,0.448447131,0.129783396,1,1,D
8a47534bdbfa91ef7dd3394bb17be8ac87a47d7b2af7ad2f7109cec4f72a671a,2024-25,2025-05-18T19:00:00+03:00,independent_poisson,2725,2725,2025-05-17T19:00:00+00:00,Galatasaray,Kayserispor,284,285,2.570120153,0.750979531,0.765804250,0.147602300,0.086593450,0.102181851,3,0,H
a02c97efcdd971719d72eefec721b136f7d7af477d04b2520fe132109c12dd1a,2024-25,2025-05-18T19:00:00+03:00,independent_poisson,2725,2725,2025-05-17T19:00:00+00:00,Alanyaspor,Besiktas,285,285,1.349048336,1.603805667,0.322200802,0.243040994,0.434758203,0.112920048,1,1,D
f8f84912a55e7e3525083a89dfa88f09a0f514d46a10cc7ab4fa7312c414064f,2024-25,2025-05-18T19:00:00+03:00,independent_poisson,2725,2725,2025-05-17T19:00:00+00:00,Samsunspor,Sivasspor,71,287,1.458931444,1.033776102,0.469111668,0.263083649,0.267804682,0.120632896,1,0,H
6b3e9dadc64e0a20b2cf919ba2df5f8b946ed9e57a7bf876f081c37877441509,2024-25,2025-05-24T16:00:00+03:00,independent_poisson,2733,2733,2025-05-18T19:00:00+00:00,Eyupspor,Antalyaspor,35,287,1.761072431,0.929933663,0.569627217,0.233515103,0.196857680,0.097788394,2,1,H
1af9f2602def691d035831c646394b943eb519a013365e2794ac1c4f63f1325a,2024-25,2025-05-24T19:00:00+03:00,independent_poisson,2733,2733,2025-05-18T19:00:00+00:00,Gaziantep FK,Kasimpasa,206,287,1.805343583,1.330098457,0.486559587,0.230059841,0.283380572,0.062679012,2,2,D
b95be3b5aa706655cb509c476177859a13df729f220d8df5667fdacc6a116117,2024-25,2025-05-24T19:00:00+03:00,independent_poisson,2733,2733,2025-05-18T19:00:00+00:00,Goztepe,Galatasaray,214,285,1.079269717,1.882001167,0.214882047,0.223961101,0.561156852,0.091652893,0,2,A
56f700ca3ea7b504c4224ba583dcca1cc6b65d6600830f1bc8b218cb0e8cb878,2024-25,2025-05-25T19:00:00+03:00,independent_poisson,2736,2736,2025-05-24T19:00:00+00:00,Trabzonspor,Samsunspor,286,72,1.713037352,1.012761840,0.537975759,0.239006153,0.223018088,0.049282052,2,2,D
91de8ed9f104d0590daf4cdcb7f03c7dee6e93fa855e05c2a2bfbff5f77bdbc5,2024-25,2025-05-25T19:00:00+03:00,independent_poisson,2736,2736,2025-05-24T19:00:00+00:00,Kayserispor,Bodrumspor,286,34,1.038620668,0.755409569,0.414837987,0.324690489,0.260471524,0.130467401,1,1,D
b4d31cfb8b9a8856be3a322d6c33f7e18d71a9477888cff889a7b5de93ec0942,2024-25,2025-05-25T19:00:00+03:00,independent_poisson,2736,2736,2025-05-24T19:00:00+00:00,Istanbul Basaksehir,Adana Demirspor,286,143,1.990792315,1.014328162,0.600335188,0.212930788,0.186734024,0.017072569,2,3,A
cc7153b5e81f1b088e09d13a34adc786b6a40dcf5e176a564bda68f878e00d76,2024-25,2025-05-25T19:00:00+03:00,independent_poisson,2736,2736,2025-05-24T19:00:00+00:00,Konyaspor,Alanyaspor,286,286,1.413247589,1.139993340,0.432453154,0.263734822,0.303812024,0.071471754,1,2,A
e56f1e42bcb1f1b3efeccf80dd72423ca603816f321e5e0358d68a2cf8c6fc3d,2024-25,2025-05-25T19:00:00+03:00,independent_poisson,2736,2736,2025-05-24T19:00:00+00:00,Besiktas,Rizespor,286,218,2.368270009,0.912033782,0.697445055,0.174822336,0.127732609,0.037051452,1,2,A
bab7744a0d21da08c1acfb21c3b71404d7fd832b2db8813f4e7a343df4070f5a,2024-25,2025-05-26T20:00:00+03:00,independent_poisson,2741,2741,2025-05-25T19:00:00+00:00,Hatayspor,Fenerbahce,171,286,1.171234466,1.955363127,0.225225131,0.218786613,0.555988256,0.006575441,4,2,H
5036c4504461b5cb9bb191c1084fb00b57f3297c9e1af53493a0e2e2ef484ec6,2024-25,2025-05-30T20:00:00+03:00,independent_poisson,2742,2742,2025-05-26T20:00:00+00:00,Antalyaspor,Trabzonspor,288,287,1.198104538,1.593553379,0.286946871,0.247656816,0.465396313,0.077857707,0,2,A
83894d6f64b874bbf213afd8c6708bfd63d2d1943d5bfeeddb6104e60e817b8a,2024-25,2025-05-30T20:00:00+03:00,independent_poisson,2742,2742,2025-05-26T20:00:00+00:00,Galatasaray,Istanbul Basaksehir,286,287,1.775680728,0.929319719,0.573179586,0.232008434,0.194811980,0.105422424,2,0,H
a44a84bf4b678605301cd5d3350ce498c913ed186630efd98af819514af03349,2024-25,2025-05-30T20:00:00+03:00,independent_poisson,2742,2742,2025-05-26T20:00:00+00:00,Kasimpasa,Goztepe,288,215,1.872918720,1.376158518,0.491906735,0.225057495,0.283035771,0.068828696,1,2,A
06bfb0d391a316ff9f75b7e3522b6822e4afb55c8a7a1e6ffb1a4c26a64c4c55,2024-25,2025-05-31T16:00:00+03:00,independent_poisson,2745,2745,2025-05-30T20:00:00+00:00,Fenerbahce,Konyaspor,287,287,2.069735144,0.852865503,0.655535192,0.199847895,0.144616914,0.098267694,2,1,H
efeb880a02ad1480380f2aa9cae0942bceb3c0421e3c57f66a78992161dd4356,2024-25,2025-05-31T16:00:00+03:00,independent_poisson,2745,2745,2025-05-30T20:00:00+00:00,Rizespor,Hatayspor,219,172,1.605356203,1.336914435,0.437731961,0.243295552,0.318972487,0.004188332,5,2,H
3982c19278516bdb8b05562da059d6308586bf01bfa4383dd10c84e770c98120,2024-25,2025-05-31T19:00:00+03:00,independent_poisson,2745,2745,2025-05-30T20:00:00+00:00,Adana Demirspor,Gaziantep FK,144,207,1.699606136,1.374594547,0.452257085,0.236305854,0.311437061,0.063077930,2,2,D
604c7a5f5ac5264ccbbd72e9b10de4d5c63f746c106309d04ad639e5b2c3292b,2024-25,2025-05-31T19:00:00+03:00,independent_poisson,2745,2745,2025-05-30T20:00:00+00:00,Alanyaspor,Sivasspor,287,288,1.633121230,1.189707502,0.477040766,0.244716213,0.278243021,0.079262527,2,0,H
412c3343039deb89e95f8356493e7111d156296ade3a4d2d122d0140f633bd9a,2024-25,2025-06-01T19:00:00+03:00,independent_poisson,2749,2749,2025-05-31T19:00:00+00:00,Samsunspor,Kayserispor,73,287,1.669158838,0.915834693,0.551243538,0.242942800,0.205813662,0.096190903,2,1,H
97ea251b86c8db4da122e1ddd9c08934bd32b128b5c653f9a72003595c5f515d,2024-25,2025-06-01T19:00:00+03:00,independent_poisson,2749,2749,2025-05-31T19:00:00+00:00,Bodrumspor,Besiktas,35,287,0.716640999,1.188664302,0.222714253,0.305197446,0.472088301,0.012375480,0,4,A
